loss,grad_norm,learning_rate,epoch,step,eval_loss,eval_runtime,eval_samples_per_second,eval_steps_per_second,train_runtime,train_samples_per_second,train_steps_per_second,total_flos,train_loss
3.7006,12.781014442443848,2.9985810673848202e-05,0.001447890423652738,50,,,,,,,,,
2.2153,15.595450401306152,2.9971331769611676e-05,0.002895780847305476,100,,,,,,,,,
1.6859,24.430822372436523,2.9956852865375147e-05,0.004343671270958214,150,,,,,,,,,
1.5363,16.205259323120117,2.9942373961138622e-05,0.005791561694610952,200,,,,,,,,,
1.3181,19.642972946166992,2.9927895056902093e-05,0.00723945211826369,250,,,,,,,,,
1.1488,13.648212432861328,2.9913416152665567e-05,0.008687342541916427,300,,,,,,,,,
1.2576,15.448871612548828,2.9898937248429038e-05,0.010135232965569166,350,,,,,,,,,
1.1033,19.618772506713867,2.9884458344192512e-05,0.011583123389221904,400,,,,,,,,,
1.069,12.734884262084961,2.9869979439955983e-05,0.013031013812874642,450,,,,,,,,,
1.0333,17.710037231445312,2.9855500535719458e-05,0.01447890423652738,500,,,,,,,,,
0.9479,15.710588455200195,2.984102163148293e-05,0.015926794660180116,550,,,,,,,,,
0.9444,13.411725044250488,2.9826542727246403e-05,0.017374685083832855,600,,,,,,,,,
1.012,20.184152603149414,2.9812063823009874e-05,0.018822575507485593,650,,,,,,,,,
0.8929,11.262039184570312,2.979758491877335e-05,0.02027046593113833,700,,,,,,,,,
0.9558,17.6600399017334,2.978310601453682e-05,0.02171835635479107,750,,,,,,,,,
0.9438,13.889976501464844,2.976862711030029e-05,0.023166246778443807,800,,,,,,,,,
0.8322,14.57780933380127,2.9754148206063765e-05,0.024614137202096546,850,,,,,,,,,
0.8521,16.711355209350586,2.9739669301827236e-05,0.026062027625749284,900,,,,,,,,,
0.856,12.512574195861816,2.972519039759071e-05,0.027509918049402022,950,,,,,,,,,
0.8234,20.070871353149414,2.971071149335418e-05,0.02895780847305476,1000,,,,,,,,,
0.8337,14.125847816467285,2.9696232589117655e-05,0.0304056988967075,1050,,,,,,,,,
0.7653,11.338809967041016,2.9681753684881126e-05,0.03185358932036023,1100,,,,,,,,,
0.8199,10.3704195022583,2.96672747806446e-05,0.03330147974401297,1150,,,,,,,,,
0.7653,16.840559005737305,2.965279587640807e-05,0.03474937016766571,1200,,,,,,,,,
0.8025,12.773686408996582,2.9638316972171546e-05,0.03619726059131845,1250,,,,,,,,,
0.8634,11.65282917022705,2.9623838067935017e-05,0.037645151014971186,1300,,,,,,,,,
0.7756,17.10601043701172,2.960935916369849e-05,0.039093041438623924,1350,,,,,,,,,
0.8385,19.287261962890625,2.9594880259461962e-05,0.04054093186227666,1400,,,,,,,,,
0.8335,14.913742065429688,2.9580401355225437e-05,0.0419888222859294,1450,,,,,,,,,
0.8801,22.38160514831543,2.9565922450988908e-05,0.04343671270958214,1500,,,,,,,,,
0.8052,12.734455108642578,2.9551443546752382e-05,0.04488460313323488,1550,,,,,,,,,
0.7438,5.228954315185547,2.9536964642515853e-05,0.046332493556887615,1600,,,,,,,,,
0.8227,14.079697608947754,2.9522485738279327e-05,0.04778038398054035,1650,,,,,,,,,
0.8427,11.625651359558105,2.95080068340428e-05,0.04922827440419309,1700,,,,,,,,,
0.7514,13.183466911315918,2.9493527929806276e-05,0.05067616482784583,1750,,,,,,,,,
0.7693,16.145973205566406,2.9479049025569747e-05,0.05212405525149857,1800,,,,,,,,,
0.7661,15.115656852722168,2.946457012133322e-05,0.053571945675151306,1850,,,,,,,,,
0.7901,24.875356674194336,2.9450091217096692e-05,0.055019836098804044,1900,,,,,,,,,
0.754,12.98084831237793,2.9435612312860167e-05,0.05646772652245678,1950,,,,,,,,,
0.7599,12.6378173828125,2.9421133408623638e-05,0.05791561694610952,2000,,,,,,,,,
0.7274,25.21874237060547,2.940665450438711e-05,0.05936350736976226,2050,,,,,,,,,
0.7958,10.709366798400879,2.9392175600150583e-05,0.060811397793415,2100,,,,,,,,,
0.7131,13.579853057861328,2.9377696695914054e-05,0.062259288217067735,2150,,,,,,,,,
0.6985,8.259880065917969,2.9363217791677528e-05,0.06370717864072047,2200,,,,,,,,,
0.7057,10.577427864074707,2.9348738887441e-05,0.06515506906437321,2250,,,,,,,,,
0.7637,13.37992000579834,2.9334259983204474e-05,0.06660295948802594,2300,,,,,,,,,
0.7279,15.45533275604248,2.9319781078967945e-05,0.06805084991167869,2350,,,,,,,,,
0.712,9.948997497558594,2.930530217473142e-05,0.06949874033533142,2400,,,,,,,,,
0.7177,7.207827091217041,2.929082327049489e-05,0.07094663075898416,2450,,,,,,,,,
0.7794,14.925448417663574,2.9276344366258364e-05,0.0723945211826369,2500,,,,,,,,,
0.6614,14.637907028198242,2.9261865462021835e-05,0.07384241160628964,2550,,,,,,,,,
0.6513,12.270391464233398,2.924738655778531e-05,0.07529030202994237,2600,,,,,,,,,
0.6598,18.677885055541992,2.923290765354878e-05,0.07673819245359512,2650,,,,,,,,,
0.8197,8.0498628616333,2.9218428749312255e-05,0.07818608287724785,2700,,,,,,,,,
0.6586,15.959107398986816,2.9203949845075726e-05,0.07963397330090059,2750,,,,,,,,,
0.7071,9.060750007629395,2.91894709408392e-05,0.08108186372455332,2800,,,,,,,,,
0.6774,7.948895454406738,2.917499203660267e-05,0.08252975414820607,2850,,,,,,,,,
0.6293,13.90735149383545,2.9160513132366146e-05,0.0839776445718588,2900,,,,,,,,,
0.7499,12.025023460388184,2.9146034228129617e-05,0.08542553499551155,2950,,,,,,,,,
0.6992,9.8612642288208,2.913155532389309e-05,0.08687342541916428,3000,,,,,,,,,
0.6674,18.766437530517578,2.9117076419656562e-05,0.08832131584281702,3050,,,,,,,,,
0.7233,16.508113861083984,2.9102597515420036e-05,0.08976920626646975,3100,,,,,,,,,
0.6474,15.589742660522461,2.9088118611183507e-05,0.0912170966901225,3150,,,,,,,,,
0.6642,9.695789337158203,2.907363970694698e-05,0.09266498711377523,3200,,,,,,,,,
0.7182,11.703805923461914,2.9059160802710453e-05,0.09411287753742796,3250,,,,,,,,,
0.6828,11.801484107971191,2.9044681898473924e-05,0.0955607679610807,3300,,,,,,,,,
0.6282,18.16751480102539,2.9030202994237398e-05,0.09700865838473344,3350,,,,,,,,,
0.6582,8.20076847076416,2.901572409000087e-05,0.09845654880838618,3400,,,,,,,,,
0.6126,11.020630836486816,2.9001245185764343e-05,0.09990443923203891,3450,,,,,,,,,
0.669,8.207908630371094,2.8986766281527814e-05,0.10135232965569166,3500,,,,,,,,,
0.6208,16.422901153564453,2.897228737729129e-05,0.10280022007934439,3550,,,,,,,,,
0.6195,12.448485374450684,2.895780847305476e-05,0.10424811050299713,3600,,,,,,,,,
0.6293,10.840936660766602,2.8943329568818234e-05,0.10569600092664987,3650,,,,,,,,,
0.646,19.776283264160156,2.8928850664581705e-05,0.10714389135030261,3700,,,,,,,,,
0.6613,14.916548728942871,2.891437176034518e-05,0.10859178177395534,3750,,,,,,,,,
0.6191,19.680749893188477,2.889989285610865e-05,0.11003967219760809,3800,,,,,,,,,
0.6614,13.70682430267334,2.8885413951872125e-05,0.11148756262126082,3850,,,,,,,,,
0.6979,19.870758056640625,2.8870935047635595e-05,0.11293545304491356,3900,,,,,,,,,
0.6142,14.847267150878906,2.885645614339907e-05,0.1143833434685663,3950,,,,,,,,,
0.7084,15.422342300415039,2.884197723916254e-05,0.11583123389221904,4000,,,,,,,,,
0.659,11.811788558959961,2.8827498334926015e-05,0.11727912431587177,4050,,,,,,,,,
0.7274,11.226576805114746,2.8813019430689486e-05,0.11872701473952452,4100,,,,,,,,,
0.6391,6.060329914093018,2.879854052645296e-05,0.12017490516317725,4150,,,,,,,,,
0.6272,9.006011962890625,2.878406162221643e-05,0.12162279558683,4200,,,,,,,,,
0.6595,15.443588256835938,2.8769582717979906e-05,0.12307068601048272,4250,,,,,,,,,
0.7374,14.87208366394043,2.8755103813743377e-05,0.12451857643413547,4300,,,,,,,,,
0.6659,12.24726390838623,2.874062490950685e-05,0.1259664668577882,4350,,,,,,,,,
0.6278,11.398626327514648,2.8726146005270322e-05,0.12741435728144093,4400,,,,,,,,,
0.6584,15.634220123291016,2.8711667101033796e-05,0.1288622477050937,4450,,,,,,,,,
0.6232,22.244489669799805,2.8697188196797267e-05,0.13031013812874642,4500,,,,,,,,,
0.6234,14.296133995056152,2.868270929256074e-05,0.13175802855239915,4550,,,,,,,,,
0.6797,15.764162063598633,2.8668230388324213e-05,0.13320591897605188,4600,,,,,,,,,
0.6629,6.406783103942871,2.8653751484087684e-05,0.13465380939970464,4650,,,,,,,,,
0.6398,12.660257339477539,2.8639272579851158e-05,0.13610169982335737,4700,,,,,,,,,
0.6309,8.27894401550293,2.862479367561463e-05,0.1375495902470101,4750,,,,,,,,,
0.6473,18.229061126708984,2.8610314771378103e-05,0.13899748067066284,4800,,,,,,,,,
0.6393,9.700163841247559,2.8595835867141574e-05,0.14044537109431557,4850,,,,,,,,,
0.5891,11.019610404968262,2.858135696290505e-05,0.14189326151796833,4900,,,,,,,,,
0.6834,9.760310173034668,2.856687805866852e-05,0.14334115194162106,4950,,,,,,,,,
0.6056,7.970327854156494,2.8552399154431994e-05,0.1447890423652738,5000,,,,,,,,,
,,,0.1447890423652738,5000,0.6056073904037476,350.0909,395.529,24.722,,,,,
0.64,11.463181495666504,2.8537920250195465e-05,0.14623693278892652,5050,,,,,,,,,
0.6494,11.402047157287598,2.852344134595894e-05,0.14768482321257928,5100,,,,,,,,,
0.5757,11.103940963745117,2.850896244172241e-05,0.149132713636232,5150,,,,,,,,,
0.6986,7.59091329574585,2.8494483537485885e-05,0.15058060405988474,5200,,,,,,,,,
0.6669,10.046441078186035,2.8480004633249356e-05,0.15202849448353747,5250,,,,,,,,,
0.5667,9.238397598266602,2.846552572901283e-05,0.15347638490719023,5300,,,,,,,,,
0.6044,13.997355461120605,2.84510468247763e-05,0.15492427533084296,5350,,,,,,,,,
0.6761,10.021220207214355,2.8436567920539775e-05,0.1563721657544957,5400,,,,,,,,,
0.5815,13.390488624572754,2.8422089016303246e-05,0.15782005617814843,5450,,,,,,,,,
0.6098,15.282352447509766,2.840761011206672e-05,0.15926794660180119,5500,,,,,,,,,
0.6402,13.527021408081055,2.8393131207830192e-05,0.16071583702545392,5550,,,,,,,,,
0.6255,10.36483097076416,2.8378652303593666e-05,0.16216372744910665,5600,,,,,,,,,
0.6165,8.4815034866333,2.8364173399357137e-05,0.16361161787275938,5650,,,,,,,,,
0.6681,13.56001091003418,2.834969449512061e-05,0.16505950829641214,5700,,,,,,,,,
0.6258,14.406587600708008,2.8335215590884082e-05,0.16650739872006487,5750,,,,,,,,,
0.6403,13.551918983459473,2.8320736686647553e-05,0.1679552891437176,5800,,,,,,,,,
0.5706,8.619929313659668,2.8306257782411028e-05,0.16940317956737033,5850,,,,,,,,,
0.6016,12.395269393920898,2.82917788781745e-05,0.1708510699910231,5900,,,,,,,,,
0.5919,10.550230026245117,2.8277299973937973e-05,0.17229896041467582,5950,,,,,,,,,
0.5314,6.347489833831787,2.8262821069701444e-05,0.17374685083832855,6000,,,,,,,,,
0.5961,12.053832054138184,2.824834216546492e-05,0.17519474126198128,6050,,,,,,,,,
0.613,27.81615447998047,2.823386326122839e-05,0.17664263168563404,6100,,,,,,,,,
0.6269,21.486101150512695,2.8219384356991864e-05,0.17809052210928678,6150,,,,,,,,,
0.6645,16.17850685119629,2.8204905452755335e-05,0.1795384125329395,6200,,,,,,,,,
0.5352,7.612037181854248,2.819042654851881e-05,0.18098630295659224,6250,,,,,,,,,
0.6492,6.321934700012207,2.817594764428228e-05,0.182434193380245,6300,,,,,,,,,
0.603,15.337589263916016,2.8161468740045754e-05,0.18388208380389773,6350,,,,,,,,,
0.5629,8.55628776550293,2.8146989835809225e-05,0.18532997422755046,6400,,,,,,,,,
0.5743,22.68124771118164,2.81325109315727e-05,0.1867778646512032,6450,,,,,,,,,
0.6324,6.90869665145874,2.811803202733617e-05,0.18822575507485592,6500,,,,,,,,,
0.5263,21.306049346923828,2.8103553123099645e-05,0.18967364549850868,6550,,,,,,,,,
0.6025,12.203848838806152,2.8089074218863116e-05,0.1911215359221614,6600,,,,,,,,,
0.5826,16.195171356201172,2.807459531462659e-05,0.19256942634581414,6650,,,,,,,,,
0.6176,13.74416446685791,2.806011641039006e-05,0.19401731676946687,6700,,,,,,,,,
0.5711,7.532365322113037,2.8045637506153536e-05,0.19546520719311963,6750,,,,,,,,,
0.6184,13.522745132446289,2.8031158601917007e-05,0.19691309761677236,6800,,,,,,,,,
0.5299,14.452593803405762,2.801667969768048e-05,0.1983609880404251,6850,,,,,,,,,
0.6543,7.029848098754883,2.8002200793443952e-05,0.19980887846407783,6900,,,,,,,,,
0.6214,14.836743354797363,2.7987721889207426e-05,0.20125676888773059,6950,,,,,,,,,
0.6124,12.522359848022461,2.7973242984970897e-05,0.20270465931138332,7000,,,,,,,,,
0.6477,21.78009605407715,2.7958764080734368e-05,0.20415254973503605,7050,,,,,,,,,
0.6055,8.074078559875488,2.7944285176497843e-05,0.20560044015868878,7100,,,,,,,,,
0.5948,14.331494331359863,2.7929806272261314e-05,0.20704833058234154,7150,,,,,,,,,
0.6206,14.99189281463623,2.7915327368024788e-05,0.20849622100599427,7200,,,,,,,,,
0.6116,8.601788520812988,2.790084846378826e-05,0.209944111429647,7250,,,,,,,,,
0.5686,12.454642295837402,2.7886369559551733e-05,0.21139200185329973,7300,,,,,,,,,
0.5523,11.73101806640625,2.7871890655315204e-05,0.2128398922769525,7350,,,,,,,,,
0.5579,14.49947738647461,2.785741175107868e-05,0.21428778270060522,7400,,,,,,,,,
0.5613,4.836469650268555,2.784293284684215e-05,0.21573567312425795,7450,,,,,,,,,
0.6603,6.63307523727417,2.7828453942605624e-05,0.21718356354791069,7500,,,,,,,,,
0.5453,12.310193061828613,2.7813975038369095e-05,0.21863145397156344,7550,,,,,,,,,
0.5091,9.499229431152344,2.779949613413257e-05,0.22007934439521618,7600,,,,,,,,,
0.5804,16.52181053161621,2.778501722989604e-05,0.2215272348188689,7650,,,,,,,,,
0.6518,26.640344619750977,2.7770538325659515e-05,0.22297512524252164,7700,,,,,,,,,
0.5756,7.874988555908203,2.7756059421422986e-05,0.2244230156661744,7750,,,,,,,,,
0.605,7.809656143188477,2.774158051718646e-05,0.22587090608982713,7800,,,,,,,,,
0.6191,11.081521034240723,2.772710161294993e-05,0.22731879651347986,7850,,,,,,,,,
0.5854,22.105018615722656,2.7712622708713405e-05,0.2287666869371326,7900,,,,,,,,,
0.5386,11.11223316192627,2.7698143804476876e-05,0.23021457736078535,7950,,,,,,,,,
0.4966,15.103401184082031,2.768366490024035e-05,0.23166246778443808,8000,,,,,,,,,
0.5609,17.5343074798584,2.766918599600382e-05,0.2331103582080908,8050,,,,,,,,,
0.5442,3.592904567718506,2.7654707091767296e-05,0.23455824863174354,8100,,,,,,,,,
0.6155,17.48402976989746,2.7640228187530767e-05,0.23600613905539627,8150,,,,,,,,,
0.5976,14.568053245544434,2.762574928329424e-05,0.23745402947904903,8200,,,,,,,,,
0.5705,12.743175506591797,2.7611270379057712e-05,0.23890191990270176,8250,,,,,,,,,
0.5857,7.377608299255371,2.7596791474821183e-05,0.2403498103263545,8300,,,,,,,,,
0.5723,14.345433235168457,2.7582312570584658e-05,0.24179770075000723,8350,,,,,,,,,
0.576,19.943723678588867,2.756783366634813e-05,0.24324559117366,8400,,,,,,,,,
0.5478,9.758506774902344,2.7553354762111603e-05,0.24469348159731272,8450,,,,,,,,,
0.5045,3.8882052898406982,2.7538875857875074e-05,0.24614137202096545,8500,,,,,,,,,
0.5996,10.737984657287598,2.7524396953638548e-05,0.24758926244461818,8550,,,,,,,,,
0.6058,16.539323806762695,2.750991804940202e-05,0.24903715286827094,8600,,,,,,,,,
0.6129,11.599932670593262,2.7495439145165494e-05,0.25048504329192367,8650,,,,,,,,,
0.558,9.700751304626465,2.7480960240928968e-05,0.2519329337155764,8700,,,,,,,,,
0.5156,7.908198356628418,2.7466481336692442e-05,0.25338082413922913,8750,,,,,,,,,
0.549,18.979034423828125,2.7452002432455913e-05,0.25482871456288186,8800,,,,,,,,,
0.5571,9.85105037689209,2.7437523528219388e-05,0.2562766049865346,8850,,,,,,,,,
0.5499,15.173309326171875,2.742304462398286e-05,0.2577244954101874,8900,,,,,,,,,
0.5072,9.515365600585938,2.7408565719746333e-05,0.2591723858338401,8950,,,,,,,,,
0.596,10.02437973022461,2.7394086815509804e-05,0.26062027625749284,9000,,,,,,,,,
0.5323,11.21200180053711,2.7379607911273278e-05,0.2620681666811456,9050,,,,,,,,,
0.5165,11.394076347351074,2.736512900703675e-05,0.2635160571047983,9100,,,,,,,,,
0.651,11.11513900756836,2.7350650102800224e-05,0.26496394752845104,9150,,,,,,,,,
0.5551,8.322534561157227,2.7336171198563695e-05,0.26641183795210377,9200,,,,,,,,,
0.5026,14.71792984008789,2.732169229432717e-05,0.2678597283757565,9250,,,,,,,,,
0.5386,9.714611053466797,2.730721339009064e-05,0.2693076187994093,9300,,,,,,,,,
0.6116,8.672557830810547,2.7292734485854114e-05,0.270755509223062,9350,,,,,,,,,
0.5265,16.85138702392578,2.7278255581617585e-05,0.27220339964671475,9400,,,,,,,,,
0.5992,15.61218547821045,2.7263776677381056e-05,0.2736512900703675,9450,,,,,,,,,
0.6059,8.207493782043457,2.724929777314453e-05,0.2750991804940202,9500,,,,,,,,,
0.5402,10.064864158630371,2.7234818868908e-05,0.27654707091767294,9550,,,,,,,,,
0.5223,11.164443016052246,2.7220339964671476e-05,0.2779949613413257,9600,,,,,,,,,
0.4952,7.979193210601807,2.7205861060434947e-05,0.2794428517649784,9650,,,,,,,,,
0.4858,16.33878517150879,2.719138215619842e-05,0.28089074218863114,9700,,,,,,,,,
0.6117,12.969261169433594,2.7176903251961892e-05,0.2823386326122839,9750,,,,,,,,,
0.5792,12.551891326904297,2.7162424347725366e-05,0.28378652303593666,9800,,,,,,,,,
0.5363,8.308154106140137,2.7147945443488837e-05,0.2852344134595894,9850,,,,,,,,,
0.5735,9.796516418457031,2.7133466539252312e-05,0.2866823038832421,9900,,,,,,,,,
0.5502,9.566705703735352,2.7118987635015783e-05,0.28813019430689485,9950,,,,,,,,,
0.5894,4.645926475524902,2.7104508730779257e-05,0.2895780847305476,10000,,,,,,,,,
,,,0.2895780847305476,10000,0.5547178387641907,350.0963,395.523,24.722,,,,,
0.5312,11.267133712768555,2.7090029826542728e-05,0.2910259751542003,10050,,,,,,,,,
0.5216,7.737914562225342,2.7075550922306202e-05,0.29247386557785304,10100,,,,,,,,,
0.5612,15.763418197631836,2.7061072018069673e-05,0.29392175600150583,10150,,,,,,,,,
0.5231,18.585067749023438,2.7046593113833148e-05,0.29536964642515856,10200,,,,,,,,,
0.5654,14.838245391845703,2.703211420959662e-05,0.2968175368488113,10250,,,,,,,,,
0.5708,16.662996292114258,2.7017635305360093e-05,0.298265427272464,10300,,,,,,,,,
0.529,13.149955749511719,2.7003156401123564e-05,0.29971331769611675,10350,,,,,,,,,
0.5983,12.231682777404785,2.698867749688704e-05,0.3011612081197695,10400,,,,,,,,,
0.5468,11.66417407989502,2.697419859265051e-05,0.3026090985434222,10450,,,,,,,,,
0.5337,9.707918167114258,2.6959719688413984e-05,0.30405698896707495,10500,,,,,,,,,
0.5889,21.748899459838867,2.6945240784177455e-05,0.30550487939072773,10550,,,,,,,,,
0.5777,15.442035675048828,2.693076187994093e-05,0.30695276981438047,10600,,,,,,,,,
0.5673,6.70445442199707,2.69162829757044e-05,0.3084006602380332,10650,,,,,,,,,
0.5039,17.49574851989746,2.690180407146787e-05,0.30984855066168593,10700,,,,,,,,,
0.4813,7.109215259552002,2.6887325167231345e-05,0.31129644108533866,10750,,,,,,,,,
0.5556,10.82862663269043,2.6872846262994816e-05,0.3127443315089914,10800,,,,,,,,,
0.5598,9.929118156433105,2.685836735875829e-05,0.3141922219326441,10850,,,,,,,,,
0.5916,15.512858390808105,2.6843888454521762e-05,0.31564011235629685,10900,,,,,,,,,
0.5005,20.07916831970215,2.6829409550285236e-05,0.31708800277994964,10950,,,,,,,,,
0.535,15.690668106079102,2.6814930646048707e-05,0.31853589320360237,11000,,,,,,,,,
0.6091,14.695033073425293,2.680045174181218e-05,0.3199837836272551,11050,,,,,,,,,
0.4647,20.906911849975586,2.6785972837575652e-05,0.32143167405090783,11100,,,,,,,,,
0.5439,15.911538124084473,2.6771493933339127e-05,0.32287956447456057,11150,,,,,,,,,
0.4981,35.94487762451172,2.6757015029102598e-05,0.3243274548982133,11200,,,,,,,,,
0.5604,12.297435760498047,2.6742536124866072e-05,0.32577534532186603,11250,,,,,,,,,
0.5012,11.212837219238281,2.6728057220629543e-05,0.32722323574551876,11300,,,,,,,,,
0.6599,8.168859481811523,2.6713578316393017e-05,0.3286711261691715,11350,,,,,,,,,
0.5223,12.057425498962402,2.669909941215649e-05,0.3301190165928243,11400,,,,,,,,,
0.474,15.510841369628906,2.6684620507919963e-05,0.331566907016477,11450,,,,,,,,,
0.5444,5.264400482177734,2.6670141603683434e-05,0.33301479744012974,11500,,,,,,,,,
0.5592,15.993197441101074,2.6655662699446908e-05,0.33446268786378247,11550,,,,,,,,,
0.494,7.002965927124023,2.664118379521038e-05,0.3359105782874352,11600,,,,,,,,,
0.5331,9.58419418334961,2.6626704890973853e-05,0.33735846871108793,11650,,,,,,,,,
0.5648,11.569904327392578,2.6612225986737324e-05,0.33880635913474066,11700,,,,,,,,,
0.5064,9.687689781188965,2.65977470825008e-05,0.3402542495583934,11750,,,,,,,,,
0.5767,9.797186851501465,2.658326817826427e-05,0.3417021399820462,11800,,,,,,,,,
0.5611,9.771114349365234,2.6568789274027744e-05,0.3431500304056989,11850,,,,,,,,,
0.4914,6.7820820808410645,2.6554310369791215e-05,0.34459792082935164,11900,,,,,,,,,
0.5907,15.83066177368164,2.6539831465554686e-05,0.3460458112530044,11950,,,,,,,,,
0.4773,9.891823768615723,2.652535256131816e-05,0.3474937016766571,12000,,,,,,,,,
0.43,16.816795349121094,2.651087365708163e-05,0.34894159210030984,12050,,,,,,,,,
0.559,10.751808166503906,2.6496394752845106e-05,0.35038948252396257,12100,,,,,,,,,
0.557,10.34306812286377,2.6481915848608577e-05,0.3518373729476153,12150,,,,,,,,,
0.5666,3.947849988937378,2.646743694437205e-05,0.3532852633712681,12200,,,,,,,,,
0.5408,9.563135147094727,2.6452958040135522e-05,0.3547331537949208,12250,,,,,,,,,
0.5701,6.78134822845459,2.6438479135898996e-05,0.35618104421857355,12300,,,,,,,,,
0.5363,14.302643775939941,2.6424000231662467e-05,0.3576289346422263,12350,,,,,,,,,
0.4574,11.55502986907959,2.640952132742594e-05,0.359076825065879,12400,,,,,,,,,
0.4939,14.952078819274902,2.6395042423189413e-05,0.36052471548953174,12450,,,,,,,,,
0.5268,12.115099906921387,2.6380563518952887e-05,0.3619726059131845,12500,,,,,,,,,
0.5064,16.573192596435547,2.6366084614716358e-05,0.3634204963368372,12550,,,,,,,,,
0.5331,12.1531343460083,2.6351605710479832e-05,0.36486838676049,12600,,,,,,,,,
0.5009,19.672090530395508,2.6337126806243303e-05,0.3663162771841427,12650,,,,,,,,,
0.5476,17.85824203491211,2.6322647902006778e-05,0.36776416760779546,12700,,,,,,,,,
0.5541,14.244226455688477,2.630816899777025e-05,0.3692120580314482,12750,,,,,,,,,
0.51,12.688304901123047,2.6293690093533723e-05,0.3706599484551009,12800,,,,,,,,,
0.5225,12.955435752868652,2.6279211189297194e-05,0.37210783887875365,12850,,,,,,,,,
0.5281,15.518075942993164,2.6264732285060668e-05,0.3735557293024064,12900,,,,,,,,,
0.5365,10.485139846801758,2.625025338082414e-05,0.3750036197260591,12950,,,,,,,,,
0.4456,11.138324737548828,2.6235774476587614e-05,0.37645151014971184,13000,,,,,,,,,
0.5452,6.087285041809082,2.6221295572351085e-05,0.37789940057336463,13050,,,,,,,,,
0.5389,8.390681266784668,2.620681666811456e-05,0.37934729099701736,13100,,,,,,,,,
0.4665,2.8450253009796143,2.619233776387803e-05,0.3807951814206701,13150,,,,,,,,,
0.5205,18.56951904296875,2.61778588596415e-05,0.3822430718443228,13200,,,,,,,,,
0.5019,10.067803382873535,2.6163379955404975e-05,0.38369096226797555,13250,,,,,,,,,
0.5061,14.813748359680176,2.6148901051168446e-05,0.3851388526916283,13300,,,,,,,,,
0.5385,12.189644813537598,2.613442214693192e-05,0.386586743115281,13350,,,,,,,,,
0.4826,9.739838600158691,2.611994324269539e-05,0.38803463353893375,13400,,,,,,,,,
0.6041,11.870083808898926,2.6105464338458866e-05,0.38948252396258654,13450,,,,,,,,,
0.534,10.047944068908691,2.6090985434222337e-05,0.39093041438623927,13500,,,,,,,,,
0.5066,3.9554100036621094,2.607650652998581e-05,0.392378304809892,13550,,,,,,,,,
0.5497,5.1937255859375,2.6062027625749282e-05,0.39382619523354473,13600,,,,,,,,,
0.5354,11.52974796295166,2.6047548721512757e-05,0.39527408565719746,13650,,,,,,,,,
0.4797,13.479460716247559,2.6033069817276228e-05,0.3967219760808502,13700,,,,,,,,,
0.5218,9.4328031539917,2.6018590913039702e-05,0.3981698665045029,13750,,,,,,,,,
0.4235,6.70749568939209,2.6004112008803173e-05,0.39961775692815565,13800,,,,,,,,,
0.4924,16.760683059692383,2.5989633104566647e-05,0.40106564735180844,13850,,,,,,,,,
0.5178,8.749515533447266,2.5975154200330118e-05,0.40251353777546117,13900,,,,,,,,,
0.5153,14.58011531829834,2.5960675296093593e-05,0.4039614281991139,13950,,,,,,,,,
0.4609,9.273029327392578,2.5946196391857064e-05,0.40540931862276663,14000,,,,,,,,,
0.539,14.16712474822998,2.5931717487620538e-05,0.40685720904641937,14050,,,,,,,,,
0.5099,9.751351356506348,2.591723858338401e-05,0.4083050994700721,14100,,,,,,,,,
0.5563,11.151551246643066,2.5902759679147483e-05,0.40975298989372483,14150,,,,,,,,,
0.5866,9.185590744018555,2.5888280774910954e-05,0.41120088031737756,14200,,,,,,,,,
0.4962,8.243977546691895,2.587380187067443e-05,0.41264877074103035,14250,,,,,,,,,
0.5746,11.320815086364746,2.58593229664379e-05,0.4140966611646831,14300,,,,,,,,,
0.5746,6.310530662536621,2.5844844062201374e-05,0.4155445515883358,14350,,,,,,,,,
0.5411,3.3848471641540527,2.5830365157964845e-05,0.41699244201198854,14400,,,,,,,,,
0.4874,3.6970067024230957,2.5815886253728316e-05,0.41844033243564127,14450,,,,,,,,,
0.5586,6.686456680297852,2.580140734949179e-05,0.419888222859294,14500,,,,,,,,,
0.5201,3.21390962600708,2.578692844525526e-05,0.42133611328294673,14550,,,,,,,,,
0.4859,9.113755226135254,2.5772449541018735e-05,0.42278400370659946,14600,,,,,,,,,
0.4606,11.024581909179688,2.5757970636782206e-05,0.4242318941302522,14650,,,,,,,,,
0.598,12.895872116088867,2.574349173254568e-05,0.425679784553905,14700,,,,,,,,,
0.5399,11.064977645874023,2.5729012828309152e-05,0.4271276749775577,14750,,,,,,,,,
0.493,9.485387802124023,2.5714533924072626e-05,0.42857556540121045,14800,,,,,,,,,
0.4722,9.680594444274902,2.5700055019836097e-05,0.4300234558248632,14850,,,,,,,,,
0.4833,4.482602596282959,2.568557611559957e-05,0.4314713462485159,14900,,,,,,,,,
0.4718,7.679508686065674,2.5671097211363042e-05,0.43291923667216864,14950,,,,,,,,,
0.4877,9.258511543273926,2.5656618307126517e-05,0.43436712709582137,15000,,,,,,,,,
,,,0.43436712709582137,15000,0.5315414667129517,350.2463,395.353,24.711,,,,,
0.5254,6.543320178985596,2.5642139402889988e-05,0.4358150175194741,15050,,,,,,,,,
0.5551,12.294989585876465,2.5627660498653462e-05,0.4372629079431269,15100,,,,,,,,,
0.548,12.703059196472168,2.5613181594416933e-05,0.4387107983667796,15150,,,,,,,,,
0.5333,8.23568058013916,2.5598702690180407e-05,0.44015868879043235,15200,,,,,,,,,
0.5554,12.5031099319458,2.558422378594388e-05,0.4416065792140851,15250,,,,,,,,,
0.5456,10.261295318603516,2.5569744881707353e-05,0.4430544696377378,15300,,,,,,,,,
0.5384,6.0173516273498535,2.5555265977470824e-05,0.44450236006139054,15350,,,,,,,,,
0.4622,6.755579948425293,2.5540787073234298e-05,0.4459502504850433,15400,,,,,,,,,
0.5464,13.650876998901367,2.552630816899777e-05,0.447398140908696,15450,,,,,,,,,
0.5483,12.866600036621094,2.5511829264761243e-05,0.4488460313323488,15500,,,,,,,,,
0.5552,9.399978637695312,2.5497350360524714e-05,0.4502939217560015,15550,,,,,,,,,
0.551,12.90746784210205,2.548287145628819e-05,0.45174181217965426,15600,,,,,,,,,
0.4818,9.315664291381836,2.546839255205166e-05,0.453189702603307,15650,,,,,,,,,
0.5235,15.649962425231934,2.5453913647815134e-05,0.4546375930269597,15700,,,,,,,,,
0.4599,10.265178680419922,2.5439434743578605e-05,0.45608548345061245,15750,,,,,,,,,
0.4983,17.150461196899414,2.542495583934208e-05,0.4575333738742652,15800,,,,,,,,,
0.4911,6.011135578155518,2.5410476935105554e-05,0.4589812642979179,15850,,,,,,,,,
0.5032,7.979765892028809,2.5395998030869025e-05,0.4604291547215707,15900,,,,,,,,,
0.558,8.485084533691406,2.53815191266325e-05,0.46187704514522343,15950,,,,,,,,,
0.4961,11.980475425720215,2.536704022239597e-05,0.46332493556887616,16000,,,,,,,,,
0.49,10.934466361999512,2.5352561318159444e-05,0.4647728259925289,16050,,,,,,,,,
0.4776,5.620675563812256,2.5338082413922915e-05,0.4662207164161816,16100,,,,,,,,,
0.5504,10.584029197692871,2.532360350968639e-05,0.46766860683983436,16150,,,,,,,,,
0.5004,7.6335883140563965,2.530912460544986e-05,0.4691164972634871,16200,,,,,,,,,
0.4744,8.724081993103027,2.5294645701213335e-05,0.4705643876871398,16250,,,,,,,,,
0.4552,18.003541946411133,2.5280166796976806e-05,0.47201227811079255,16300,,,,,,,,,
0.5522,10.497482299804688,2.526568789274028e-05,0.47346016853444534,16350,,,,,,,,,
0.5052,6.81810998916626,2.525120898850375e-05,0.47490805895809807,16400,,,,,,,,,
0.486,13.384711265563965,2.5236730084267226e-05,0.4763559493817508,16450,,,,,,,,,
0.4277,8.081869125366211,2.5222251180030697e-05,0.47780383980540353,16500,,,,,,,,,
0.5457,7.754887580871582,2.520777227579417e-05,0.47925173022905626,16550,,,,,,,,,
0.5324,15.963577270507812,2.5193293371557642e-05,0.480699620652709,16600,,,,,,,,,
0.4819,12.79997444152832,2.5178814467321116e-05,0.4821475110763617,16650,,,,,,,,,
0.5359,14.638814926147461,2.5164335563084587e-05,0.48359540150001445,16700,,,,,,,,,
0.5468,9.406298637390137,2.5149856658848062e-05,0.48504329192366724,16750,,,,,,,,,
0.4659,10.960348129272461,2.5135377754611533e-05,0.48649118234732,16800,,,,,,,,,
0.4921,6.123928546905518,2.5120898850375007e-05,0.4879390727709727,16850,,,,,,,,,
0.5211,12.184151649475098,2.5106419946138478e-05,0.48938696319462544,16900,,,,,,,,,
0.5384,9.925711631774902,2.509194104190195e-05,0.49083485361827817,16950,,,,,,,,,
0.5119,13.517717361450195,2.5077462137665423e-05,0.4922827440419309,17000,,,,,,,,,
0.4484,15.517687797546387,2.5062983233428894e-05,0.49373063446558363,17050,,,,,,,,,
0.5489,24.84160804748535,2.504850432919237e-05,0.49517852488923636,17100,,,,,,,,,
0.4881,4.707766056060791,2.503402542495584e-05,0.49662641531288915,17150,,,,,,,,,
0.4637,11.182458877563477,2.5019546520719314e-05,0.4980743057365419,17200,,,,,,,,,
0.5857,3.9041686058044434,2.5005067616482785e-05,0.4995221961601946,17250,,,,,,,,,
0.5294,14.469666481018066,2.499058871224626e-05,0.5009700865838473,17300,,,,,,,,,
0.494,10.19094181060791,2.497610980800973e-05,0.5024179770075001,17350,,,,,,,,,
0.5053,6.198770046234131,2.4961630903773205e-05,0.5038658674311528,17400,,,,,,,,,
0.6169,12.28243637084961,2.4947151999536676e-05,0.5053137578548056,17450,,,,,,,,,
0.5364,5.77674674987793,2.493267309530015e-05,0.5067616482784583,17500,,,,,,,,,
0.461,11.332197189331055,2.491819419106362e-05,0.508209538702111,17550,,,,,,,,,
0.4335,6.766103267669678,2.4903715286827095e-05,0.5096574291257637,17600,,,,,,,,,
0.4734,9.709234237670898,2.4889236382590566e-05,0.5111053195494165,17650,,,,,,,,,
0.5613,7.125779628753662,2.487475747835404e-05,0.5125532099730692,17700,,,,,,,,,
0.4964,17.6176815032959,2.486027857411751e-05,0.514001100396722,17750,,,,,,,,,
0.4367,11.857775688171387,2.4845799669880986e-05,0.5154489908203748,17800,,,,,,,,,
0.4706,10.428922653198242,2.4831320765644457e-05,0.5168968812440274,17850,,,,,,,,,
0.4478,16.80780601501465,2.481684186140793e-05,0.5183447716676802,17900,,,,,,,,,
0.488,8.868979454040527,2.4802362957171402e-05,0.5197926620913329,17950,,,,,,,,,
0.5276,14.183422088623047,2.4787884052934877e-05,0.5212405525149857,18000,,,,,,,,,
0.4705,13.75182056427002,2.4773405148698348e-05,0.5226884429386384,18050,,,,,,,,,
0.5047,11.809809684753418,2.4758926244461822e-05,0.5241363333622912,18100,,,,,,,,,
0.5071,14.624415397644043,2.4744447340225293e-05,0.5255842237859438,18150,,,,,,,,,
0.4814,6.485864162445068,2.4729968435988764e-05,0.5270321142095966,18200,,,,,,,,,
0.5522,11.501402854919434,2.4715489531752238e-05,0.5284800046332494,18250,,,,,,,,,
0.4626,8.286003112792969,2.470101062751571e-05,0.5299278950569021,18300,,,,,,,,,
0.501,9.456583976745605,2.4686531723279184e-05,0.5313757854805549,18350,,,,,,,,,
0.4498,16.088626861572266,2.4672052819042655e-05,0.5328236759042075,18400,,,,,,,,,
0.5278,18.286258697509766,2.465757391480613e-05,0.5342715663278603,18450,,,,,,,,,
0.5104,10.439870834350586,2.46430950105696e-05,0.535719456751513,18500,,,,,,,,,
0.5501,11.276079177856445,2.4628616106333074e-05,0.5371673471751658,18550,,,,,,,,,
0.5027,6.597603797912598,2.4614137202096545e-05,0.5386152375988186,18600,,,,,,,,,
0.4451,3.9222662448883057,2.459965829786002e-05,0.5400631280224713,18650,,,,,,,,,
0.4682,8.831830024719238,2.458517939362349e-05,0.541511018446124,18700,,,,,,,,,
0.4785,14.586287498474121,2.4570700489386965e-05,0.5429589088697767,18750,,,,,,,,,
0.5398,16.718603134155273,2.4556221585150436e-05,0.5444067992934295,18800,,,,,,,,,
0.5005,4.190856456756592,2.454174268091391e-05,0.5458546897170822,18850,,,,,,,,,
0.4997,7.044283390045166,2.452726377667738e-05,0.547302580140735,18900,,,,,,,,,
0.5227,4.943359375,2.4512784872440856e-05,0.5487504705643876,18950,,,,,,,,,
0.502,13.375321388244629,2.4498305968204327e-05,0.5501983609880404,19000,,,,,,,,,
0.4558,10.2021484375,2.44838270639678e-05,0.5516462514116932,19050,,,,,,,,,
0.5295,12.953326225280762,2.4469348159731272e-05,0.5530941418353459,19100,,,,,,,,,
0.4672,7.277774333953857,2.4454869255494746e-05,0.5545420322589987,19150,,,,,,,,,
0.4823,5.9102091789245605,2.4440390351258217e-05,0.5559899226826513,19200,,,,,,,,,
0.4455,18.424394607543945,2.442591144702169e-05,0.5574378131063041,19250,,,,,,,,,
0.4929,7.417008399963379,2.4411432542785163e-05,0.5588857035299568,19300,,,,,,,,,
0.5365,5.632776737213135,2.4396953638548637e-05,0.5603335939536096,19350,,,,,,,,,
0.4916,10.516356468200684,2.4382474734312108e-05,0.5617814843772623,19400,,,,,,,,,
0.4459,11.604660987854004,2.436799583007558e-05,0.5632293748009151,19450,,,,,,,,,
0.4937,5.654338836669922,2.4353516925839053e-05,0.5646772652245678,19500,,,,,,,,,
0.443,9.896927833557129,2.4339038021602524e-05,0.5661251556482205,19550,,,,,,,,,
0.4458,12.943967819213867,2.4324559117366e-05,0.5675730460718733,19600,,,,,,,,,
0.5459,16.366769790649414,2.431008021312947e-05,0.569020936495526,19650,,,,,,,,,
0.5115,7.81827449798584,2.4295601308892944e-05,0.5704688269191788,19700,,,,,,,,,
0.508,6.7791242599487305,2.4281122404656415e-05,0.5719167173428314,19750,,,,,,,,,
0.4823,15.477032661437988,2.426664350041989e-05,0.5733646077664842,19800,,,,,,,,,
0.4704,13.758171081542969,2.425216459618336e-05,0.574812498190137,19850,,,,,,,,,
0.5475,7.70741081237793,2.4237685691946835e-05,0.5762603886137897,19900,,,,,,,,,
0.4858,10.524435997009277,2.4223206787710305e-05,0.5777082790374425,19950,,,,,,,,,
0.5127,9.040060997009277,2.420872788347378e-05,0.5791561694610952,20000,,,,,,,,,
,,,0.5791561694610952,20000,0.5018230080604553,350.1373,395.476,24.719,,,,,
0.5039,6.105454921722412,2.419424897923725e-05,0.580604059884748,20050,,,,,,,,,
0.4638,12.270459175109863,2.4179770075000725e-05,0.5820519503084006,20100,,,,,,,,,
0.5436,17.0945987701416,2.4165291170764196e-05,0.5834998407320534,20150,,,,,,,,,
0.4966,8.599016189575195,2.415081226652767e-05,0.5849477311557061,20200,,,,,,,,,
0.4868,19.216854095458984,2.413633336229114e-05,0.5863956215793589,20250,,,,,,,,,
0.4952,10.891899108886719,2.4121854458054616e-05,0.5878435120030117,20300,,,,,,,,,
0.4364,15.51452922821045,2.4107375553818087e-05,0.5892914024266643,20350,,,,,,,,,
0.451,6.239045143127441,2.409289664958156e-05,0.5907392928503171,20400,,,,,,,,,
0.4869,13.32196044921875,2.4078417745345032e-05,0.5921871832739698,20450,,,,,,,,,
0.481,11.487735748291016,2.4063938841108506e-05,0.5936350736976226,20500,,,,,,,,,
0.4946,19.9344482421875,2.4049459936871977e-05,0.5950829641212753,20550,,,,,,,,,
0.4576,10.664953231811523,2.403498103263545e-05,0.596530854544928,20600,,,,,,,,,
0.522,15.152215003967285,2.4020502128398923e-05,0.5979787449685808,20650,,,,,,,,,
0.4653,13.211987495422363,2.4006023224162394e-05,0.5994266353922335,20700,,,,,,,,,
0.4727,11.052141189575195,2.3991544319925868e-05,0.6008745258158863,20750,,,,,,,,,
0.51,10.633122444152832,2.397706541568934e-05,0.602322416239539,20800,,,,,,,,,
0.478,12.675797462463379,2.3962586511452813e-05,0.6037703066631918,20850,,,,,,,,,
0.4437,9.642143249511719,2.3948107607216284e-05,0.6052181970868444,20900,,,,,,,,,
0.4565,10.04686164855957,2.393362870297976e-05,0.6066660875104972,20950,,,,,,,,,
0.4573,4.347208023071289,2.391914979874323e-05,0.6081139779341499,21000,,,,,,,,,
0.5081,8.517765998840332,2.3904670894506704e-05,0.6095618683578027,21050,,,,,,,,,
0.4491,14.45439338684082,2.3890191990270175e-05,0.6110097587814555,21100,,,,,,,,,
0.5266,9.401718139648438,2.387571308603365e-05,0.6124576492051081,21150,,,,,,,,,
0.546,7.865068435668945,2.386123418179712e-05,0.6139055396287609,21200,,,,,,,,,
0.4417,12.971962928771973,2.3846755277560595e-05,0.6153534300524136,21250,,,,,,,,,
0.497,11.60669231414795,2.3832276373324066e-05,0.6168013204760664,21300,,,,,,,,,
0.4989,8.216064453125,2.381779746908754e-05,0.6182492108997191,21350,,,,,,,,,
0.4935,9.47032642364502,2.380331856485101e-05,0.6196971013233719,21400,,,,,,,,,
0.4633,14.692511558532715,2.3788839660614485e-05,0.6211449917470245,21450,,,,,,,,,
0.5124,6.225342750549316,2.3774360756377956e-05,0.6225928821706773,21500,,,,,,,,,
0.4331,11.732430458068848,2.375988185214143e-05,0.6240407725943301,21550,,,,,,,,,
0.4977,6.636176586151123,2.3745402947904902e-05,0.6254886630179828,21600,,,,,,,,,
0.4699,8.804801940917969,2.3730924043668376e-05,0.6269365534416356,21650,,,,,,,,,
0.5065,18.166339874267578,2.3716445139431847e-05,0.6283844438652882,21700,,,,,,,,,
0.5368,4.270025253295898,2.370196623519532e-05,0.629832334288941,21750,,,,,,,,,
0.4569,13.762750625610352,2.3687487330958792e-05,0.6312802247125937,21800,,,,,,,,,
0.4417,15.015618324279785,2.3673008426722263e-05,0.6327281151362465,21850,,,,,,,,,
0.404,13.852328300476074,2.3658529522485738e-05,0.6341760055598993,21900,,,,,,,,,
0.5392,12.202897071838379,2.364405061824921e-05,0.635623895983552,21950,,,,,,,,,
0.4814,4.780537128448486,2.3629571714012683e-05,0.6370717864072047,22000,,,,,,,,,
0.4991,13.978107452392578,2.3615092809776154e-05,0.6385196768308574,22050,,,,,,,,,
0.4081,17.77813720703125,2.360061390553963e-05,0.6399675672545102,22100,,,,,,,,,
0.4333,7.6930413246154785,2.35861350013031e-05,0.6414154576781629,22150,,,,,,,,,
0.4981,3.7097606658935547,2.3571656097066574e-05,0.6428633481018157,22200,,,,,,,,,
0.5201,17.281837463378906,2.3557177192830045e-05,0.6443112385254683,22250,,,,,,,,,
0.4548,49.126914978027344,2.354269828859352e-05,0.6457591289491211,22300,,,,,,,,,
0.421,9.643078804016113,2.352821938435699e-05,0.6472070193727739,22350,,,,,,,,,
0.4277,13.939824104309082,2.3513740480120464e-05,0.6486549097964266,22400,,,,,,,,,
0.5551,8.835205078125,2.3499261575883935e-05,0.6501028002200794,22450,,,,,,,,,
0.4322,12.387619018554688,2.348478267164741e-05,0.6515506906437321,22500,,,,,,,,,
0.4922,13.824764251708984,2.347030376741088e-05,0.6529985810673848,22550,,,,,,,,,
0.446,11.5098295211792,2.3455824863174355e-05,0.6544464714910375,22600,,,,,,,,,
0.5207,13.339932441711426,2.3441345958937826e-05,0.6558943619146903,22650,,,,,,,,,
0.4695,8.852254867553711,2.34268670547013e-05,0.657342252338343,22700,,,,,,,,,
0.4217,7.030190467834473,2.341238815046477e-05,0.6587901427619958,22750,,,,,,,,,
0.5389,5.766341686248779,2.3397909246228246e-05,0.6602380331856486,22800,,,,,,,,,
0.4651,6.1106038093566895,2.338343034199172e-05,0.6616859236093012,22850,,,,,,,,,
0.4876,7.847370147705078,2.3368951437755194e-05,0.663133814032954,22900,,,,,,,,,
0.4672,9.232193946838379,2.3354472533518665e-05,0.6645817044566067,22950,,,,,,,,,
0.4095,4.315586090087891,2.333999362928214e-05,0.6660295948802595,23000,,,,,,,,,
0.3867,8.60290813446045,2.332551472504561e-05,0.6674774853039122,23050,,,,,,,,,
0.4449,6.5008368492126465,2.331103582080908e-05,0.6689253757275649,23100,,,,,,,,,
0.5367,22.99230194091797,2.3296556916572556e-05,0.6703732661512177,23150,,,,,,,,,
0.419,6.738356590270996,2.3282078012336027e-05,0.6718211565748704,23200,,,,,,,,,
0.4931,13.372026443481445,2.32675991080995e-05,0.6732690469985232,23250,,,,,,,,,
0.4982,15.722954750061035,2.3253120203862972e-05,0.6747169374221759,23300,,,,,,,,,
0.4547,11.405210494995117,2.3238641299626447e-05,0.6761648278458287,23350,,,,,,,,,
0.4456,9.969627380371094,2.3224162395389918e-05,0.6776127182694813,23400,,,,,,,,,
0.5198,14.8326997756958,2.3209683491153392e-05,0.6790606086931341,23450,,,,,,,,,
0.5107,11.754629135131836,2.3195204586916863e-05,0.6805084991167868,23500,,,,,,,,,
0.4332,4.707356929779053,2.3180725682680337e-05,0.6819563895404396,23550,,,,,,,,,
0.4529,18.18770980834961,2.3166246778443808e-05,0.6834042799640924,23600,,,,,,,,,
0.4535,10.060871124267578,2.3151767874207283e-05,0.684852170387745,23650,,,,,,,,,
0.4904,20.71299934387207,2.3137288969970754e-05,0.6863000608113978,23700,,,,,,,,,
0.4704,9.096783638000488,2.3122810065734228e-05,0.6877479512350505,23750,,,,,,,,,
0.4398,16.08823585510254,2.31083311614977e-05,0.6891958416587033,23800,,,,,,,,,
0.5086,11.88768482208252,2.3093852257261173e-05,0.690643732082356,23850,,,,,,,,,
0.4357,10.820032119750977,2.3079373353024644e-05,0.6920916225060088,23900,,,,,,,,,
0.43,5.822939872741699,2.306489444878812e-05,0.6935395129296614,23950,,,,,,,,,
0.417,10.49051570892334,2.305041554455159e-05,0.6949874033533142,24000,,,,,,,,,
0.448,8.754438400268555,2.3035936640315064e-05,0.696435293776967,24050,,,,,,,,,
0.4879,2.5264875888824463,2.3021457736078535e-05,0.6978831842006197,24100,,,,,,,,,
0.4078,4.875680446624756,2.300697883184201e-05,0.6993310746242725,24150,,,,,,,,,
0.4373,9.233390808105469,2.299249992760548e-05,0.7007789650479251,24200,,,,,,,,,
0.5064,13.450311660766602,2.2978021023368955e-05,0.7022268554715779,24250,,,,,,,,,
0.4742,8.524757385253906,2.2963542119132426e-05,0.7036747458952306,24300,,,,,,,,,
0.4302,8.362602233886719,2.2949063214895897e-05,0.7051226363188834,24350,,,,,,,,,
0.4787,3.3182225227355957,2.293458431065937e-05,0.7065705267425362,24400,,,,,,,,,
0.5158,16.88718032836914,2.2920105406422842e-05,0.7080184171661889,24450,,,,,,,,,
0.4386,9.990480422973633,2.2905626502186316e-05,0.7094663075898416,24500,,,,,,,,,
0.4309,14.406845092773438,2.2891147597949787e-05,0.7109141980134943,24550,,,,,,,,,
0.4457,6.510532855987549,2.287666869371326e-05,0.7123620884371471,24600,,,,,,,,,
0.4174,19.903518676757812,2.2862189789476733e-05,0.7138099788607998,24650,,,,,,,,,
0.4861,13.597391128540039,2.2847710885240207e-05,0.7152578692844526,24700,,,,,,,,,
0.4642,15.748797416687012,2.2833231981003678e-05,0.7167057597081052,24750,,,,,,,,,
0.4757,12.733102798461914,2.2818753076767152e-05,0.718153650131758,24800,,,,,,,,,
0.4808,12.941163063049316,2.2804274172530623e-05,0.7196015405554108,24850,,,,,,,,,
0.4304,2.624898910522461,2.2789795268294098e-05,0.7210494309790635,24900,,,,,,,,,
0.4512,9.66468620300293,2.277531636405757e-05,0.7224973214027163,24950,,,,,,,,,
0.4055,5.417783260345459,2.2760837459821043e-05,0.723945211826369,25000,,,,,,,,,
,,,0.723945211826369,25000,0.4884674549102783,350.1869,395.42,24.715,,,,,
0.4667,11.741939544677734,2.2746358555584514e-05,0.7253931022500217,25050,,,,,,,,,
0.4998,3.2309842109680176,2.2731879651347988e-05,0.7268409926736744,25100,,,,,,,,,
0.4462,3.6171889305114746,2.271740074711146e-05,0.7282888830973272,25150,,,,,,,,,
0.4825,13.043766975402832,2.2702921842874934e-05,0.72973677352098,25200,,,,,,,,,
0.4329,3.5343120098114014,2.2688442938638405e-05,0.7311846639446327,25250,,,,,,,,,
0.538,7.085267066955566,2.267396403440188e-05,0.7326325543682854,25300,,,,,,,,,
0.4366,8.351701736450195,2.265948513016535e-05,0.7340804447919381,25350,,,,,,,,,
0.4944,17.092329025268555,2.2645006225928824e-05,0.7355283352155909,25400,,,,,,,,,
0.4253,12.920350074768066,2.2630527321692295e-05,0.7369762256392436,25450,,,,,,,,,
0.4768,8.069613456726074,2.261604841745577e-05,0.7384241160628964,25500,,,,,,,,,
0.4961,8.842299461364746,2.260156951321924e-05,0.739872006486549,25550,,,,,,,,,
0.4598,6.5962114334106445,2.258709060898271e-05,0.7413198969102018,25600,,,,,,,,,
0.4469,8.575494766235352,2.2572611704746186e-05,0.7427677873338546,25650,,,,,,,,,
0.5093,9.74288558959961,2.2558132800509657e-05,0.7442156777575073,25700,,,,,,,,,
0.4207,17.15584373474121,2.254365389627313e-05,0.7456635681811601,25750,,,,,,,,,
0.4245,14.770014762878418,2.2529174992036602e-05,0.7471114586048128,25800,,,,,,,,,
0.4495,17.412961959838867,2.2514696087800076e-05,0.7485593490284655,25850,,,,,,,,,
0.5071,13.21343994140625,2.2500217183563547e-05,0.7500072394521182,25900,,,,,,,,,
0.4295,6.970488548278809,2.2485738279327022e-05,0.751455129875771,25950,,,,,,,,,
0.4906,5.8000335693359375,2.2471259375090493e-05,0.7529030202994237,26000,,,,,,,,,
0.4954,18.691295623779297,2.2456780470853967e-05,0.7543509107230765,26050,,,,,,,,,
0.4504,5.775970458984375,2.2442301566617438e-05,0.7557988011467293,26100,,,,,,,,,
0.4666,17.33858299255371,2.2427822662380912e-05,0.7572466915703819,26150,,,,,,,,,
0.4172,15.896544456481934,2.2413343758144383e-05,0.7586945819940347,26200,,,,,,,,,
0.4252,9.752043724060059,2.2398864853907858e-05,0.7601424724176874,26250,,,,,,,,,
0.467,23.484033584594727,2.238438594967133e-05,0.7615903628413402,26300,,,,,,,,,
0.5029,9.214421272277832,2.2369907045434803e-05,0.7630382532649929,26350,,,,,,,,,
0.5277,10.675829887390137,2.2355428141198274e-05,0.7644861436886456,26400,,,,,,,,,
0.4907,7.600460529327393,2.234094923696175e-05,0.7659340341122984,26450,,,,,,,,,
0.4138,15.515186309814453,2.232647033272522e-05,0.7673819245359511,26500,,,,,,,,,
0.4796,13.687775611877441,2.2311991428488694e-05,0.7688298149596039,26550,,,,,,,,,
0.4517,12.32281494140625,2.2297512524252165e-05,0.7702777053832566,26600,,,,,,,,,
0.4981,8.59854507446289,2.228303362001564e-05,0.7717255958069094,26650,,,,,,,,,
0.4869,9.765998840332031,2.226855471577911e-05,0.773173486230562,26700,,,,,,,,,
0.4694,13.622884750366211,2.2254075811542584e-05,0.7746213766542148,26750,,,,,,,,,
0.4679,16.946680068969727,2.2239596907306055e-05,0.7760692670778675,26800,,,,,,,,,
0.4315,13.189620018005371,2.2225118003069526e-05,0.7775171575015203,26850,,,,,,,,,
0.4238,3.3424508571624756,2.2210639098833e-05,0.7789650479251731,26900,,,,,,,,,
0.4822,9.477933883666992,2.2196160194596472e-05,0.7804129383488257,26950,,,,,,,,,
0.4497,12.401981353759766,2.2181681290359946e-05,0.7818608287724785,27000,,,,,,,,,
0.5158,6.131709098815918,2.2167202386123417e-05,0.7833087191961312,27050,,,,,,,,,
0.4736,3.3530471324920654,2.215272348188689e-05,0.784756609619784,27100,,,,,,,,,
0.4531,5.612025737762451,2.2138244577650362e-05,0.7862045000434367,27150,,,,,,,,,
0.4813,16.593782424926758,2.2123765673413837e-05,0.7876523904670895,27200,,,,,,,,,
0.4131,11.513861656188965,2.2109286769177308e-05,0.7891002808907421,27250,,,,,,,,,
0.4413,16.078231811523438,2.2094807864940782e-05,0.7905481713143949,27300,,,,,,,,,
0.3992,14.756270408630371,2.2080328960704253e-05,0.7919960617380477,27350,,,,,,,,,
0.497,3.3687403202056885,2.2065850056467727e-05,0.7934439521617004,27400,,,,,,,,,
0.481,14.501375198364258,2.20513711522312e-05,0.7948918425853532,27450,,,,,,,,,
0.4208,4.745261192321777,2.2036892247994673e-05,0.7963397330090058,27500,,,,,,,,,
0.4519,7.880977630615234,2.2022413343758144e-05,0.7977876234326586,27550,,,,,,,,,
0.5029,20.568010330200195,2.2007934439521618e-05,0.7992355138563113,27600,,,,,,,,,
0.4627,7.0245208740234375,2.199345553528509e-05,0.8006834042799641,27650,,,,,,,,,
0.4384,7.077409267425537,2.1978976631048563e-05,0.8021312947036169,27700,,,,,,,,,
0.4352,4.971667289733887,2.1964497726812034e-05,0.8035791851272696,27750,,,,,,,,,
0.3786,2.4649367332458496,2.195001882257551e-05,0.8050270755509223,27800,,,,,,,,,
0.4592,7.430408954620361,2.193553991833898e-05,0.806474965974575,27850,,,,,,,,,
0.4419,9.013150215148926,2.1921061014102454e-05,0.8079228563982278,27900,,,,,,,,,
0.4768,16.833242416381836,2.1906582109865925e-05,0.8093707468218805,27950,,,,,,,,,
0.4468,11.887526512145996,2.18921032056294e-05,0.8108186372455333,28000,,,,,,,,,
0.4494,4.393998622894287,2.187762430139287e-05,0.812266527669186,28050,,,,,,,,,
0.4259,11.299857139587402,2.186314539715634e-05,0.8137144180928387,28100,,,,,,,,,
0.4387,13.919331550598145,2.1848666492919816e-05,0.8151623085164915,28150,,,,,,,,,
0.4854,11.877286911010742,2.1834187588683287e-05,0.8166101989401442,28200,,,,,,,,,
0.4261,14.396124839782715,2.181970868444676e-05,0.818058089363797,28250,,,,,,,,,
0.4094,6.342109680175781,2.1805229780210232e-05,0.8195059797874497,28300,,,,,,,,,
0.4475,7.6779656410217285,2.1790750875973706e-05,0.8209538702111024,28350,,,,,,,,,
0.4832,7.274024486541748,2.1776271971737177e-05,0.8224017606347551,28400,,,,,,,,,
0.4752,11.114419937133789,2.176179306750065e-05,0.8238496510584079,28450,,,,,,,,,
0.476,10.943140029907227,2.1747314163264123e-05,0.8252975414820607,28500,,,,,,,,,
0.5043,25.047922134399414,2.1732835259027597e-05,0.8267454319057134,28550,,,,,,,,,
0.4993,17.569393157958984,2.1718356354791068e-05,0.8281933223293662,28600,,,,,,,,,
0.442,11.976037979125977,2.1703877450554542e-05,0.8296412127530188,28650,,,,,,,,,
0.4374,8.976597785949707,2.1689398546318013e-05,0.8310891031766716,28700,,,,,,,,,
0.4618,15.392026901245117,2.1674919642081488e-05,0.8325369936003243,28750,,,,,,,,,
0.4229,8.51021671295166,2.166044073784496e-05,0.8339848840239771,28800,,,,,,,,,
0.4744,14.6173677444458,2.1645961833608433e-05,0.8354327744476298,28850,,,,,,,,,
0.4151,20.139118194580078,2.1631482929371904e-05,0.8368806648712825,28900,,,,,,,,,
0.4706,14.75987720489502,2.1617004025135378e-05,0.8383285552949353,28950,,,,,,,,,
0.4568,10.794379234313965,2.160252512089885e-05,0.839776445718588,29000,,,,,,,,,
0.4293,9.657293319702148,2.1588046216662324e-05,0.8412243361422408,29050,,,,,,,,,
0.442,13.334017753601074,2.1573567312425795e-05,0.8426722265658935,29100,,,,,,,,,
0.4793,6.658324241638184,2.155908840818927e-05,0.8441201169895463,29150,,,,,,,,,
0.4122,4.966992378234863,2.154460950395274e-05,0.8455680074131989,29200,,,,,,,,,
0.4616,9.339909553527832,2.1530130599716214e-05,0.8470158978368517,29250,,,,,,,,,
0.4225,11.63748550415039,2.1515651695479685e-05,0.8484637882605044,29300,,,,,,,,,
0.4326,6.014624118804932,2.1501172791243156e-05,0.8499116786841572,29350,,,,,,,,,
0.4744,5.078481674194336,2.148669388700663e-05,0.85135956910781,29400,,,,,,,,,
0.5193,17.29401397705078,2.14722149827701e-05,0.8528074595314626,29450,,,,,,,,,
0.4698,3.223590612411499,2.1457736078533576e-05,0.8542553499551154,29500,,,,,,,,,
0.4769,9.609050750732422,2.1443257174297047e-05,0.8557032403787681,29550,,,,,,,,,
0.4286,5.053863525390625,2.142877827006052e-05,0.8571511308024209,29600,,,,,,,,,
0.4025,2.648057460784912,2.1414299365823992e-05,0.8585990212260736,29650,,,,,,,,,
0.4669,5.422157287597656,2.1399820461587467e-05,0.8600469116497264,29700,,,,,,,,,
0.4054,10.826248168945312,2.1385341557350938e-05,0.8614948020733791,29750,,,,,,,,,
0.3913,16.37091827392578,2.1370862653114412e-05,0.8629426924970318,29800,,,,,,,,,
0.4504,5.5420403480529785,2.1356383748877886e-05,0.8643905829206846,29850,,,,,,,,,
0.4305,24.06545066833496,2.134190484464136e-05,0.8658384733443373,29900,,,,,,,,,
0.4516,5.365429878234863,2.132742594040483e-05,0.8672863637679901,29950,,,,,,,,,
0.4669,21.27518653869629,2.1312947036168306e-05,0.8687342541916427,30000,,,,,,,,,
,,,0.8687342541916427,30000,0.4732361435890198,350.2606,395.337,24.71,,,,,
0.4936,6.167783737182617,2.1298468131931777e-05,0.8701821446152955,30050,,,,,,,,,
0.4125,11.928921699523926,2.128398922769525e-05,0.8716300350389482,30100,,,,,,,,,
0.4703,18.780920028686523,2.1269510323458722e-05,0.873077925462601,30150,,,,,,,,,
0.4187,16.54990577697754,2.1255031419222197e-05,0.8745258158862538,30200,,,,,,,,,
0.4745,11.791009902954102,2.1240552514985668e-05,0.8759737063099065,30250,,,,,,,,,
0.443,6.627573490142822,2.1226073610749142e-05,0.8774215967335592,30300,,,,,,,,,
0.4495,6.377435684204102,2.1211594706512613e-05,0.8788694871572119,30350,,,,,,,,,
0.4597,9.724077224731445,2.1197115802276087e-05,0.8803173775808647,30400,,,,,,,,,
0.4479,14.193190574645996,2.1182636898039558e-05,0.8817652680045174,30450,,,,,,,,,
0.3943,12.990821838378906,2.1168157993803033e-05,0.8832131584281702,30500,,,,,,,,,
0.4814,11.78325080871582,2.1153679089566504e-05,0.8846610488518228,30550,,,,,,,,,
0.4593,10.621413230895996,2.1139200185329975e-05,0.8861089392754756,30600,,,,,,,,,
0.4773,6.295984268188477,2.112472128109345e-05,0.8875568296991284,30650,,,,,,,,,
0.4545,13.283232688903809,2.111024237685692e-05,0.8890047201227811,30700,,,,,,,,,
0.4551,12.598645210266113,2.1095763472620394e-05,0.8904526105464339,30750,,,,,,,,,
0.4683,16.837587356567383,2.1081284568383865e-05,0.8919005009700866,30800,,,,,,,,,
0.4648,11.125234603881836,2.106680566414734e-05,0.8933483913937393,30850,,,,,,,,,
0.4176,8.661153793334961,2.105232675991081e-05,0.894796281817392,30900,,,,,,,,,
0.3875,10.226377487182617,2.1037847855674285e-05,0.8962441722410448,30950,,,,,,,,,
0.4322,5.588510513305664,2.1023368951437756e-05,0.8976920626646976,31000,,,,,,,,,
0.3891,3.587148904800415,2.100889004720123e-05,0.8991399530883503,31050,,,,,,,,,
0.4241,10.829835891723633,2.09944111429647e-05,0.900587843512003,31100,,,,,,,,,
0.4545,9.162644386291504,2.0979932238728176e-05,0.9020357339356557,31150,,,,,,,,,
0.4685,8.848987579345703,2.0965453334491646e-05,0.9034836243593085,31200,,,,,,,,,
0.4561,8.505209922790527,2.095097443025512e-05,0.9049315147829612,31250,,,,,,,,,
0.4336,9.384055137634277,2.0936495526018592e-05,0.906379405206614,31300,,,,,,,,,
0.4258,7.6147661209106445,2.0922016621782066e-05,0.9078272956302667,31350,,,,,,,,,
0.4313,9.634161949157715,2.0907537717545537e-05,0.9092751860539194,31400,,,,,,,,,
0.4382,12.09189224243164,2.089305881330901e-05,0.9107230764775722,31450,,,,,,,,,
0.4444,12.286446571350098,2.0878579909072482e-05,0.9121709669012249,31500,,,,,,,,,
0.4456,9.700971603393555,2.0864101004835957e-05,0.9136188573248777,31550,,,,,,,,,
0.4731,11.455405235290527,2.0849622100599428e-05,0.9150667477485304,31600,,,,,,,,,
0.5071,8.329326629638672,2.0835143196362902e-05,0.9165146381721831,31650,,,,,,,,,
0.4581,7.302883148193359,2.0820664292126373e-05,0.9179625285958358,31700,,,,,,,,,
0.4295,7.599603652954102,2.0806185387889844e-05,0.9194104190194886,31750,,,,,,,,,
0.4436,7.895385265350342,2.079170648365332e-05,0.9208583094431414,31800,,,,,,,,,
0.4265,16.283506393432617,2.077722757941679e-05,0.9223061998667941,31850,,,,,,,,,
0.382,20.186845779418945,2.0762748675180264e-05,0.9237540902904469,31900,,,,,,,,,
0.3944,15.54058837890625,2.0748269770943735e-05,0.9252019807140995,31950,,,,,,,,,
0.4024,5.904360294342041,2.073379086670721e-05,0.9266498711377523,32000,,,,,,,,,
0.4875,5.768995761871338,2.071931196247068e-05,0.928097761561405,32050,,,,,,,,,
0.5015,15.496015548706055,2.0704833058234154e-05,0.9295456519850578,32100,,,,,,,,,
0.5119,17.87091636657715,2.0690354153997625e-05,0.9309935424087105,32150,,,,,,,,,
0.4054,3.26098370552063,2.06758752497611e-05,0.9324414328323632,32200,,,,,,,,,
0.4164,27.218299865722656,2.066139634552457e-05,0.933889323256016,32250,,,,,,,,,
0.4853,10.766839027404785,2.0646917441288045e-05,0.9353372136796687,32300,,,,,,,,,
0.4009,7.155737400054932,2.0632438537051516e-05,0.9367851041033215,32350,,,,,,,,,
0.3895,12.381698608398438,2.061795963281499e-05,0.9382329945269742,32400,,,,,,,,,
0.4465,8.387893676757812,2.060348072857846e-05,0.939680884950627,32450,,,,,,,,,
0.3883,10.3193998336792,2.0589001824341936e-05,0.9411287753742796,32500,,,,,,,,,
0.4469,8.489079475402832,2.0574522920105407e-05,0.9425766657979324,32550,,,,,,,,,
0.3685,13.255228996276855,2.056004401586888e-05,0.9440245562215851,32600,,,,,,,,,
0.4456,10.133855819702148,2.0545565111632352e-05,0.9454724466452379,32650,,,,,,,,,
0.4365,4.674581527709961,2.0531086207395826e-05,0.9469203370688907,32700,,,,,,,,,
0.4868,10.353062629699707,2.0516607303159297e-05,0.9483682274925433,32750,,,,,,,,,
0.4699,11.744389533996582,2.0502128398922772e-05,0.9498161179161961,32800,,,,,,,,,
0.3985,12.912956237792969,2.0487649494686243e-05,0.9512640083398488,32850,,,,,,,,,
0.4577,12.905370712280273,2.0473170590449717e-05,0.9527118987635016,32900,,,,,,,,,
0.4796,7.583384037017822,2.0458691686213188e-05,0.9541597891871543,32950,,,,,,,,,
0.4918,10.62027359008789,2.044421278197666e-05,0.9556076796108071,33000,,,,,,,,,
0.463,16.524410247802734,2.0429733877740133e-05,0.9570555700344598,33050,,,,,,,,,
0.4248,12.919995307922363,2.0415254973503604e-05,0.9585034604581125,33100,,,,,,,,,
0.408,11.528011322021484,2.040077606926708e-05,0.9599513508817653,33150,,,,,,,,,
0.3857,9.65169906616211,2.038629716503055e-05,0.961399241305418,33200,,,,,,,,,
0.3391,10.128302574157715,2.0371818260794024e-05,0.9628471317290708,33250,,,,,,,,,
0.4376,22.350723266601562,2.0357339356557495e-05,0.9642950221527234,33300,,,,,,,,,
0.3773,8.720351219177246,2.034286045232097e-05,0.9657429125763762,33350,,,,,,,,,
0.4135,4.266791820526123,2.032838154808444e-05,0.9671908030000289,33400,,,,,,,,,
0.4205,3.4380087852478027,2.0313902643847915e-05,0.9686386934236817,33450,,,,,,,,,
0.4187,11.114025115966797,2.0299423739611386e-05,0.9700865838473345,33500,,,,,,,,,
0.4429,11.787811279296875,2.028494483537486e-05,0.9715344742709872,33550,,,,,,,,,
0.4012,3.215250253677368,2.027046593113833e-05,0.97298236469464,33600,,,,,,,,,
0.4021,15.62514591217041,2.0255987026901805e-05,0.9744302551182926,33650,,,,,,,,,
0.4308,8.711533546447754,2.0241508122665276e-05,0.9758781455419454,33700,,,,,,,,,
0.4693,11.58293342590332,2.022702921842875e-05,0.9773260359655981,33750,,,,,,,,,
0.4022,7.333823204040527,2.021255031419222e-05,0.9787739263892509,33800,,,,,,,,,
0.4367,5.811265468597412,2.0198071409955696e-05,0.9802218168129035,33850,,,,,,,,,
0.4294,13.061094284057617,2.0183592505719167e-05,0.9816697072365563,33900,,,,,,,,,
0.3929,11.799718856811523,2.016911360148264e-05,0.9831175976602091,33950,,,,,,,,,
0.4311,1.9484752416610718,2.0154634697246112e-05,0.9845654880838618,34000,,,,,,,,,
0.5185,9.055868148803711,2.0140155793009587e-05,0.9860133785075146,34050,,,,,,,,,
0.4118,2.348816156387329,2.0125676888773058e-05,0.9874612689311673,34100,,,,,,,,,
0.4737,5.647160053253174,2.0111197984536532e-05,0.98890915935482,34150,,,,,,,,,
0.389,17.724851608276367,2.0096719080300003e-05,0.9903570497784727,34200,,,,,,,,,
0.4611,12.264105796813965,2.0082240176063474e-05,0.9918049402021255,34250,,,,,,,,,
0.4594,15.737378120422363,2.0067761271826948e-05,0.9932528306257783,34300,,,,,,,,,
0.4523,3.167850971221924,2.005328236759042e-05,0.994700721049431,34350,,,,,,,,,
0.4117,17.180004119873047,2.0038803463353894e-05,0.9961486114730838,34400,,,,,,,,,
0.448,14.735758781433105,2.0024324559117365e-05,0.9975965018967364,34450,,,,,,,,,
0.4554,21.045801162719727,2.000984565488084e-05,0.9990443923203892,34500,,,,,,,,,
0.3533,13.103837013244629,1.999536675064431e-05,1.000492282744042,34550,,,,,,,,,
0.3303,5.8929009437561035,1.9980887846407784e-05,1.0019401731676947,34600,,,,,,,,,
0.3464,6.982034206390381,1.9966408942171255e-05,1.0033880635913475,34650,,,,,,,,,
0.3675,10.661096572875977,1.995193003793473e-05,1.0048359540150003,34700,,,,,,,,,
0.3434,5.036957263946533,1.99374511336982e-05,1.0062838444386528,34750,,,,,,,,,
0.2826,20.977375030517578,1.9922972229461675e-05,1.0077317348623056,34800,,,,,,,,,
0.3095,17.74506378173828,1.9908493325225146e-05,1.0091796252859584,34850,,,,,,,,,
0.323,7.138825416564941,1.989401442098862e-05,1.0106275157096112,34900,,,,,,,,,
0.3348,5.098743438720703,1.987953551675209e-05,1.0120754061332637,34950,,,,,,,,,
0.3345,11.817216873168945,1.9865056612515566e-05,1.0135232965569165,35000,,,,,,,,,
,,,1.0135232965569165,35000,0.5158067345619202,350.2558,395.342,24.711,,,,,
0.3401,4.098732948303223,1.9850577708279037e-05,1.0149711869805693,35050,,,,,,,,,
0.3268,8.710003852844238,1.983609880404251e-05,1.016419077404222,35100,,,,,,,,,
0.3355,2.972029209136963,1.9821619899805982e-05,1.017866967827875,35150,,,,,,,,,
0.39,21.38384437561035,1.9807140995569456e-05,1.0193148582515275,35200,,,,,,,,,
0.3535,8.696756362915039,1.9792662091332927e-05,1.0207627486751802,35250,,,,,,,,,
0.3098,9.678583145141602,1.97781831870964e-05,1.022210639098833,35300,,,,,,,,,
0.3588,13.522534370422363,1.9763704282859873e-05,1.0236585295224858,35350,,,,,,,,,
0.3033,12.858515739440918,1.9749225378623347e-05,1.0251064199461384,35400,,,,,,,,,
0.3167,20.627525329589844,1.9734746474386818e-05,1.0265543103697912,35450,,,,,,,,,
0.3249,22.5413761138916,1.972026757015029e-05,1.028002200793444,35500,,,,,,,,,
0.3001,12.197610855102539,1.9705788665913763e-05,1.0294500912170967,35550,,,,,,,,,
0.3361,8.728008270263672,1.9691309761677234e-05,1.0308979816407495,35600,,,,,,,,,
0.2961,8.966915130615234,1.967683085744071e-05,1.032345872064402,35650,,,,,,,,,
0.3406,2.947542190551758,1.966235195320418e-05,1.0337937624880549,35700,,,,,,,,,
0.3038,11.754413604736328,1.9647873048967654e-05,1.0352416529117077,35750,,,,,,,,,
0.3167,19.18035316467285,1.9633394144731125e-05,1.0366895433353605,35800,,,,,,,,,
0.31,5.050464630126953,1.96189152404946e-05,1.038137433759013,35850,,,,,,,,,
0.32,4.959656238555908,1.960443633625807e-05,1.0395853241826658,35900,,,,,,,,,
0.2563,5.503570079803467,1.9589957432021545e-05,1.0410332146063186,35950,,,,,,,,,
0.3734,12.646657943725586,1.9575478527785015e-05,1.0424811050299714,36000,,,,,,,,,
0.3189,6.342423915863037,1.956099962354849e-05,1.0439289954536242,36050,,,,,,,,,
0.3293,16.674468994140625,1.954652071931196e-05,1.0453768858772767,36100,,,,,,,,,
0.2946,4.9688801765441895,1.9532041815075435e-05,1.0468247763009295,36150,,,,,,,,,
0.293,5.033672332763672,1.9517562910838906e-05,1.0482726667245823,36200,,,,,,,,,
0.2721,8.696189880371094,1.950308400660238e-05,1.049720557148235,36250,,,,,,,,,
0.4083,4.946041584014893,1.948860510236585e-05,1.0511684475718877,36300,,,,,,,,,
0.3034,10.095593452453613,1.9474126198129326e-05,1.0526163379955404,36350,,,,,,,,,
0.2913,14.572674751281738,1.9459647293892797e-05,1.0540642284191932,36400,,,,,,,,,
0.3183,10.834288597106934,1.944516838965627e-05,1.055512118842846,36450,,,,,,,,,
0.3067,14.549820899963379,1.9430689485419742e-05,1.0569600092664988,36500,,,,,,,,,
0.3508,13.331511497497559,1.9416210581183216e-05,1.0584078996901514,36550,,,,,,,,,
0.3944,27.218225479125977,1.9401731676946687e-05,1.0598557901138042,36600,,,,,,,,,
0.3229,8.27248764038086,1.9387252772710162e-05,1.061303680537457,36650,,,,,,,,,
0.258,15.717122077941895,1.9372773868473633e-05,1.0627515709611097,36700,,,,,,,,,
0.2881,3.3415589332580566,1.9358294964237104e-05,1.0641994613847623,36750,,,,,,,,,
0.2921,4.9387125968933105,1.9343816060000578e-05,1.065647351808415,36800,,,,,,,,,
0.3243,1.655806303024292,1.9329337155764052e-05,1.0670952422320679,36850,,,,,,,,,
0.3321,6.610195636749268,1.9314858251527527e-05,1.0685431326557207,36900,,,,,,,,,
0.3341,2.457602024078369,1.9300379347290998e-05,1.0699910230793734,36950,,,,,,,,,
0.2982,13.271464347839355,1.9285900443054472e-05,1.071438913503026,37000,,,,,,,,,
0.3242,1.8083652257919312,1.9271421538817943e-05,1.0728868039266788,37050,,,,,,,,,
0.2376,4.040459632873535,1.9256942634581417e-05,1.0743346943503316,37100,,,,,,,,,
0.3129,7.841625213623047,1.924246373034489e-05,1.0757825847739844,37150,,,,,,,,,
0.2838,12.743855476379395,1.9227984826108363e-05,1.077230475197637,37200,,,,,,,,,
0.3585,8.937633514404297,1.9213505921871834e-05,1.0786783656212897,37250,,,,,,,,,
0.325,5.799912929534912,1.9199027017635308e-05,1.0801262560449425,37300,,,,,,,,,
0.3505,12.229698181152344,1.918454811339878e-05,1.0815741464685953,37350,,,,,,,,,
0.316,10.543265342712402,1.9170069209162253e-05,1.083022036892248,37400,,,,,,,,,
0.289,7.955966949462891,1.9155590304925724e-05,1.0844699273159006,37450,,,,,,,,,
0.3676,10.223618507385254,1.91411114006892e-05,1.0859178177395534,37500,,,,,,,,,
0.2966,13.088582038879395,1.912663249645267e-05,1.0873657081632062,37550,,,,,,,,,
0.2913,7.299468517303467,1.9112153592216144e-05,1.088813598586859,37600,,,,,,,,,
0.296,11.44201946258545,1.9097674687979615e-05,1.0902614890105118,37650,,,,,,,,,
0.3396,6.764685153961182,1.908319578374309e-05,1.0917093794341644,37700,,,,,,,,,
0.3,30.94367027282715,1.906871687950656e-05,1.0931572698578171,37750,,,,,,,,,
0.3512,8.436933517456055,1.9054237975270035e-05,1.09460516028147,37800,,,,,,,,,
0.3342,9.433062553405762,1.9039759071033506e-05,1.0960530507051227,37850,,,,,,,,,
0.3009,5.070949554443359,1.902528016679698e-05,1.0975009411287753,37900,,,,,,,,,
0.3475,19.62425422668457,1.901080126256045e-05,1.098948831552428,37950,,,,,,,,,
0.3306,4.964716911315918,1.8996322358323922e-05,1.1003967219760808,38000,,,,,,,,,
0.3086,11.917963981628418,1.8981843454087396e-05,1.1018446123997336,38050,,,,,,,,,
0.3343,13.522041320800781,1.8967364549850867e-05,1.1032925028233864,38100,,,,,,,,,
0.341,13.337947845458984,1.8952885645614342e-05,1.104740393247039,38150,,,,,,,,,
0.3024,18.678403854370117,1.8938406741377813e-05,1.1061882836706918,38200,,,,,,,,,
0.281,12.558465003967285,1.8923927837141287e-05,1.1076361740943446,38250,,,,,,,,,
0.2958,4.551265716552734,1.8909448932904758e-05,1.1090840645179973,38300,,,,,,,,,
0.3046,8.42932415008545,1.8894970028668232e-05,1.11053195494165,38350,,,,,,,,,
0.3331,14.608380317687988,1.8880491124431703e-05,1.1119798453653027,38400,,,,,,,,,
0.3262,4.183807373046875,1.8866012220195178e-05,1.1134277357889555,38450,,,,,,,,,
0.3272,8.05762767791748,1.885153331595865e-05,1.1148756262126083,38500,,,,,,,,,
0.3318,5.366856575012207,1.8837054411722123e-05,1.116323516636261,38550,,,,,,,,,
0.3294,23.571088790893555,1.8822575507485594e-05,1.1177714070599136,38600,,,,,,,,,
0.3197,14.655312538146973,1.880809660324907e-05,1.1192192974835664,38650,,,,,,,,,
0.3092,2.3840949535369873,1.879361769901254e-05,1.1206671879072192,38700,,,,,,,,,
0.3457,32.752742767333984,1.8779138794776014e-05,1.122115078330872,38750,,,,,,,,,
0.2821,4.757602214813232,1.8764659890539485e-05,1.1235629687545248,38800,,,,,,,,,
0.2986,10.95917797088623,1.875018098630296e-05,1.1250108591781773,38850,,,,,,,,,
0.2805,16.477664947509766,1.873570208206643e-05,1.1264587496018301,38900,,,,,,,,,
0.3052,2.520374059677124,1.8721223177829904e-05,1.127906640025483,38950,,,,,,,,,
0.3689,12.898731231689453,1.8706744273593375e-05,1.1293545304491357,39000,,,,,,,,,
0.3724,6.15402889251709,1.869226536935685e-05,1.1308024208727883,39050,,,,,,,,,
0.346,9.275230407714844,1.867778646512032e-05,1.132250311296441,39100,,,,,,,,,
0.3147,5.295987129211426,1.8663307560883795e-05,1.1336982017200938,39150,,,,,,,,,
0.3274,19.467382431030273,1.8648828656647266e-05,1.1351460921437466,39200,,,,,,,,,
0.3495,12.856908798217773,1.8634349752410737e-05,1.1365939825673994,39250,,,,,,,,,
0.3411,23.239274978637695,1.861987084817421e-05,1.138041872991052,39300,,,,,,,,,
0.2678,3.734118938446045,1.8605391943937682e-05,1.1394897634147048,39350,,,,,,,,,
0.2888,9.392460823059082,1.8590913039701157e-05,1.1409376538383575,39400,,,,,,,,,
0.2992,7.447019577026367,1.8576434135464628e-05,1.1423855442620103,39450,,,,,,,,,
0.2813,17.99835205078125,1.8561955231228102e-05,1.143833434685663,39500,,,,,,,,,
0.3533,20.20955467224121,1.8547476326991573e-05,1.1452813251093157,39550,,,,,,,,,
0.2983,8.401108741760254,1.8532997422755047e-05,1.1467292155329685,39600,,,,,,,,,
0.3095,8.528830528259277,1.8518518518518518e-05,1.1481771059566213,39650,,,,,,,,,
0.3286,18.870534896850586,1.8504039614281993e-05,1.149624996380274,39700,,,,,,,,,
0.3261,16.4095401763916,1.8489560710045464e-05,1.1510728868039266,39750,,,,,,,,,
0.317,24.801490783691406,1.8475081805808938e-05,1.1525207772275794,39800,,,,,,,,,
0.3615,8.614690780639648,1.846060290157241e-05,1.1539686676512322,39850,,,,,,,,,
0.3075,14.152228355407715,1.8446123997335883e-05,1.155416558074885,39900,,,,,,,,,
0.3159,17.83136558532715,1.8431645093099354e-05,1.1568644484985375,39950,,,,,,,,,
0.3226,11.868597984313965,1.841716618886283e-05,1.1583123389221903,40000,,,,,,,,,
,,,1.1583123389221903,40000,0.5354849100112915,350.2936,395.3,24.708,,,,,
0.3034,15.342854499816895,1.84026872846263e-05,1.159760229345843,40050,,,,,,,,,
0.3294,7.276573181152344,1.8388208380389774e-05,1.161208119769496,40100,,,,,,,,,
0.3141,11.74450969696045,1.8373729476153245e-05,1.1626560101931487,40150,,,,,,,,,
0.3203,10.651193618774414,1.835925057191672e-05,1.1641039006168012,40200,,,,,,,,,
0.3536,14.481014251708984,1.834477166768019e-05,1.165551791040454,40250,,,,,,,,,
0.3004,15.505803108215332,1.8330292763443665e-05,1.1669996814641068,40300,,,,,,,,,
0.3167,28.026350021362305,1.8315813859207136e-05,1.1684475718877596,40350,,,,,,,,,
0.2956,13.222209930419922,1.830133495497061e-05,1.1698954623114122,40400,,,,,,,,,
0.2942,20.564786911010742,1.828685605073408e-05,1.171343352735065,40450,,,,,,,,,
0.3263,15.903900146484375,1.8272377146497552e-05,1.1727912431587177,40500,,,,,,,,,
0.3163,11.680817604064941,1.8257898242261026e-05,1.1742391335823705,40550,,,,,,,,,
0.3301,5.129138946533203,1.8243419338024497e-05,1.1756870240060233,40600,,,,,,,,,
0.3223,8.967103004455566,1.822894043378797e-05,1.1771349144296759,40650,,,,,,,,,
0.3051,15.347162246704102,1.8214461529551443e-05,1.1785828048533287,40700,,,,,,,,,
0.3161,10.783512115478516,1.8199982625314917e-05,1.1800306952769815,40750,,,,,,,,,
0.3059,8.379772186279297,1.8185503721078388e-05,1.1814785857006342,40800,,,,,,,,,
0.3286,18.26435661315918,1.8171024816841862e-05,1.1829264761242868,40850,,,,,,,,,
0.2797,14.622251510620117,1.8156545912605333e-05,1.1843743665479396,40900,,,,,,,,,
0.3324,6.916173458099365,1.8142067008368808e-05,1.1858222569715924,40950,,,,,,,,,
0.2857,10.34733772277832,1.812758810413228e-05,1.1872701473952452,41000,,,,,,,,,
0.328,11.104077339172363,1.8113109199895753e-05,1.188718037818898,41050,,,,,,,,,
0.3578,21.75046157836914,1.8098630295659224e-05,1.1901659282425505,41100,,,,,,,,,
0.3419,8.672752380371094,1.8084151391422698e-05,1.1916138186662033,41150,,,,,,,,,
0.3201,11.812524795532227,1.806967248718617e-05,1.193061709089856,41200,,,,,,,,,
0.3112,14.723748207092285,1.8055193582949644e-05,1.1945095995135089,41250,,,,,,,,,
0.3215,11.223875045776367,1.8040714678713115e-05,1.1959574899371614,41300,,,,,,,,,
0.3589,12.287456512451172,1.802623577447659e-05,1.1974053803608142,41350,,,,,,,,,
0.2797,3.942883014678955,1.801175687024006e-05,1.198853270784467,41400,,,,,,,,,
0.3093,7.126555919647217,1.7997277966003534e-05,1.2003011612081198,41450,,,,,,,,,
0.3356,18.01382064819336,1.7982799061767005e-05,1.2017490516317726,41500,,,,,,,,,
0.3316,5.201882839202881,1.796832015753048e-05,1.2031969420554252,41550,,,,,,,,,
0.2908,13.02081298828125,1.795384125329395e-05,1.204644832479078,41600,,,,,,,,,
0.3238,10.742426872253418,1.7939362349057425e-05,1.2060927229027307,41650,,,,,,,,,
0.2515,4.766759872436523,1.7924883444820896e-05,1.2075406133263835,41700,,,,,,,,,
0.2948,4.324865341186523,1.7910404540584367e-05,1.208988503750036,41750,,,,,,,,,
0.2391,11.844257354736328,1.789592563634784e-05,1.2104363941736889,41800,,,,,,,,,
0.3155,10.774016380310059,1.7881446732111312e-05,1.2118842845973417,41850,,,,,,,,,
0.2889,6.822363376617432,1.7866967827874786e-05,1.2133321750209944,41900,,,,,,,,,
0.2881,11.286640167236328,1.7852488923638257e-05,1.2147800654446472,41950,,,,,,,,,
0.3624,12.050626754760742,1.7838010019401732e-05,1.2162279558682998,42000,,,,,,,,,
0.3381,4.542297840118408,1.7823531115165203e-05,1.2176758462919526,42050,,,,,,,,,
0.285,18.062767028808594,1.7809052210928677e-05,1.2191237367156054,42100,,,,,,,,,
0.2664,5.937587261199951,1.7794573306692148e-05,1.2205716271392582,42150,,,,,,,,,
0.2966,15.4989595413208,1.7780094402455622e-05,1.2220195175629107,42200,,,,,,,,,
0.3404,12.0369873046875,1.7765615498219093e-05,1.2234674079865635,42250,,,,,,,,,
0.3337,14.770120620727539,1.7751136593982568e-05,1.2249152984102163,42300,,,,,,,,,
0.3335,0.9542579650878906,1.773665768974604e-05,1.226363188833869,42350,,,,,,,,,
0.2585,6.4496378898620605,1.7722178785509513e-05,1.2278110792575219,42400,,,,,,,,,
0.363,12.741111755371094,1.7707699881272984e-05,1.2292589696811747,42450,,,,,,,,,
0.2677,15.271496772766113,1.769322097703646e-05,1.2307068601048272,42500,,,,,,,,,
0.3151,7.908869743347168,1.767874207279993e-05,1.23215475052848,42550,,,,,,,,,
0.3955,7.8334269523620605,1.7664263168563404e-05,1.2336026409521328,42600,,,,,,,,,
0.3156,1.5487779378890991,1.7649784264326875e-05,1.2350505313757856,42650,,,,,,,,,
0.3256,13.962806701660156,1.763530536009035e-05,1.2364984217994381,42700,,,,,,,,,
0.2998,16.71267318725586,1.762082645585382e-05,1.237946312223091,42750,,,,,,,,,
0.2943,6.962710380554199,1.7606347551617294e-05,1.2393942026467437,42800,,,,,,,,,
0.3183,18.033544540405273,1.7591868647380765e-05,1.2408420930703965,42850,,,,,,,,,
0.3457,18.007179260253906,1.7577389743144236e-05,1.2422899834940493,42900,,,,,,,,,
0.3614,16.53589630126953,1.756291083890771e-05,1.2437378739177019,42950,,,,,,,,,
0.3133,14.724308013916016,1.7548431934671182e-05,1.2451857643413546,43000,,,,,,,,,
0.325,10.813715934753418,1.7533953030434656e-05,1.2466336547650074,43050,,,,,,,,,
0.3579,7.429697036743164,1.7519474126198127e-05,1.2480815451886602,43100,,,,,,,,,
0.2826,10.718194007873535,1.75049952219616e-05,1.2495294356123128,43150,,,,,,,,,
0.3322,13.226483345031738,1.7490516317725072e-05,1.2509773260359656,43200,,,,,,,,,
0.3244,6.684045314788818,1.7476037413488547e-05,1.2524252164596184,43250,,,,,,,,,
0.3062,12.282858848571777,1.7461558509252018e-05,1.2538731068832711,43300,,,,,,,,,
0.3265,8.202685356140137,1.7447079605015492e-05,1.255320997306924,43350,,,,,,,,,
0.367,9.49064826965332,1.7432600700778963e-05,1.2567688877305765,43400,,,,,,,,,
0.2679,13.876456260681152,1.7418121796542437e-05,1.2582167781542293,43450,,,,,,,,,
0.3653,21.137523651123047,1.740364289230591e-05,1.259664668577882,43500,,,,,,,,,
0.3249,8.545897483825684,1.7389163988069383e-05,1.2611125590015346,43550,,,,,,,,,
0.2595,11.778181076049805,1.7374685083832854e-05,1.2625604494251874,43600,,,,,,,,,
0.3747,14.500094413757324,1.7360206179596328e-05,1.2640083398488402,43650,,,,,,,,,
0.3015,7.383736610412598,1.73457272753598e-05,1.265456230272493,43700,,,,,,,,,
0.3603,6.339095115661621,1.7331248371123273e-05,1.2669041206961458,43750,,,,,,,,,
0.3394,5.812281608581543,1.7316769466886744e-05,1.2683520111197986,43800,,,,,,,,,
0.2835,12.249859809875488,1.730229056265022e-05,1.2697999015434511,43850,,,,,,,,,
0.2855,1.3248796463012695,1.7287811658413693e-05,1.271247791967104,43900,,,,,,,,,
0.3045,12.911123275756836,1.7273332754177167e-05,1.2726956823907567,43950,,,,,,,,,
0.3421,5.0140838623046875,1.725885384994064e-05,1.2741435728144095,44000,,,,,,,,,
0.3325,11.283902168273926,1.7244374945704113e-05,1.275591463238062,44050,,,,,,,,,
0.3239,6.36976432800293,1.7229896041467584e-05,1.2770393536617148,44100,,,,,,,,,
0.2921,14.595959663391113,1.7215417137231055e-05,1.2784872440853676,44150,,,,,,,,,
0.2733,17.101192474365234,1.720093823299453e-05,1.2799351345090204,44200,,,,,,,,,
0.2958,10.898042678833008,1.7186459328758e-05,1.2813830249326732,44250,,,,,,,,,
0.2986,15.22930908203125,1.7171980424521474e-05,1.2828309153563258,44300,,,,,,,,,
0.3051,15.141932487487793,1.7157501520284945e-05,1.2842788057799785,44350,,,,,,,,,
0.2781,20.1082763671875,1.714302261604842e-05,1.2857266962036313,44400,,,,,,,,,
0.2854,13.524724960327148,1.712854371181189e-05,1.2871745866272841,44450,,,,,,,,,
0.311,10.142144203186035,1.7114064807575365e-05,1.2886224770509367,44500,,,,,,,,,
0.2963,2.2099063396453857,1.7099585903338836e-05,1.2900703674745895,44550,,,,,,,,,
0.2997,11.335060119628906,1.708510699910231e-05,1.2915182578982423,44600,,,,,,,,,
0.2989,30.794269561767578,1.707062809486578e-05,1.292966148321895,44650,,,,,,,,,
0.3499,22.05820655822754,1.7056149190629256e-05,1.2944140387455478,44700,,,,,,,,,
0.2897,4.020833492279053,1.7041670286392727e-05,1.2958619291692004,44750,,,,,,,,,
0.3576,8.978742599487305,1.70271913821562e-05,1.2973098195928532,44800,,,,,,,,,
0.3604,5.494851589202881,1.7012712477919672e-05,1.298757710016506,44850,,,,,,,,,
0.2631,13.422389030456543,1.6998233573683146e-05,1.3002056004401588,44900,,,,,,,,,
0.2755,6.362391948699951,1.6983754669446617e-05,1.3016534908638113,44950,,,,,,,,,
0.2929,14.46532154083252,1.696927576521009e-05,1.3031013812874641,45000,,,,,,,,,
,,,1.3031013812874641,45000,0.52845698595047,350.2537,395.345,24.711,,,,,
0.3017,14.401248931884766,1.6954796860973563e-05,1.304549271711117,45050,,,,,,,,,
0.3322,7.51242733001709,1.6940317956737037e-05,1.3059971621347697,45100,,,,,,,,,
0.2785,20.257946014404297,1.6925839052500508e-05,1.3074450525584225,45150,,,,,,,,,
0.3404,6.017522811889648,1.6911360148263982e-05,1.308892942982075,45200,,,,,,,,,
0.3394,14.849370956420898,1.6896881244027453e-05,1.3103408334057278,45250,,,,,,,,,
0.2969,10.682117462158203,1.6882402339790928e-05,1.3117887238293806,45300,,,,,,,,,
0.3252,8.876819610595703,1.68679234355544e-05,1.3132366142530334,45350,,,,,,,,,
0.2896,8.37828254699707,1.685344453131787e-05,1.314684504676686,45400,,,,,,,,,
0.2799,13.780783653259277,1.6838965627081344e-05,1.3161323951003387,45450,,,,,,,,,
0.3163,22.621660232543945,1.6824486722844815e-05,1.3175802855239915,45500,,,,,,,,,
0.3038,1.9347480535507202,1.681000781860829e-05,1.3190281759476443,45550,,,,,,,,,
0.3078,5.397366046905518,1.679552891437176e-05,1.320476066371297,45600,,,,,,,,,
0.311,5.0960588455200195,1.6781050010135235e-05,1.32192395679495,45650,,,,,,,,,
0.295,6.291731834411621,1.6766571105898706e-05,1.3233718472186025,45700,,,,,,,,,
0.2904,6.354100227355957,1.675209220166218e-05,1.3248197376422552,45750,,,,,,,,,
0.3226,12.655420303344727,1.673761329742565e-05,1.326267628065908,45800,,,,,,,,,
0.2894,16.28723907470703,1.6723134393189125e-05,1.3277155184895606,45850,,,,,,,,,
0.3384,14.585256576538086,1.6708655488952596e-05,1.3291634089132134,45900,,,,,,,,,
0.3285,14.339188575744629,1.669417658471607e-05,1.3306112993368662,45950,,,,,,,,,
0.299,9.335877418518066,1.667969768047954e-05,1.332059189760519,46000,,,,,,,,,
0.2875,1.8170785903930664,1.6665218776243016e-05,1.3335070801841717,46050,,,,,,,,,
0.2916,11.907389640808105,1.6650739872006487e-05,1.3349549706078245,46100,,,,,,,,,
0.2807,9.976419448852539,1.663626096776996e-05,1.336402861031477,46150,,,,,,,,,
0.3035,8.255107879638672,1.6621782063533432e-05,1.3378507514551299,46200,,,,,,,,,
0.3441,4.704437255859375,1.6607303159296907e-05,1.3392986418787827,46250,,,,,,,,,
0.2864,8.5671968460083,1.6592824255060378e-05,1.3407465323024352,46300,,,,,,,,,
0.4062,16.760683059692383,1.6578345350823852e-05,1.342194422726088,46350,,,,,,,,,
0.304,9.02395248413086,1.6563866446587323e-05,1.3436423131497408,46400,,,,,,,,,
0.3188,6.716892719268799,1.6549387542350797e-05,1.3450902035733936,46450,,,,,,,,,
0.2911,13.308338165283203,1.6534908638114268e-05,1.3465380939970464,46500,,,,,,,,,
0.2718,8.075718879699707,1.6520429733877743e-05,1.3479859844206992,46550,,,,,,,,,
0.3121,11.389914512634277,1.6505950829641214e-05,1.3494338748443517,46600,,,,,,,,,
0.3089,13.069352149963379,1.6491471925404685e-05,1.3508817652680045,46650,,,,,,,,,
0.3021,7.5681376457214355,1.647699302116816e-05,1.3523296556916573,46700,,,,,,,,,
0.3004,16.411115646362305,1.646251411693163e-05,1.3537775461153099,46750,,,,,,,,,
0.3258,22.293352127075195,1.6448035212695104e-05,1.3552254365389627,46800,,,,,,,,,
0.3689,8.822492599487305,1.6433556308458575e-05,1.3566733269626154,46850,,,,,,,,,
0.3025,13.842470169067383,1.641907740422205e-05,1.3581212173862682,46900,,,,,,,,,
0.3452,13.090524673461914,1.640459849998552e-05,1.359569107809921,46950,,,,,,,,,
0.3009,12.753764152526855,1.6390119595748995e-05,1.3610169982335738,47000,,,,,,,,,
0.305,7.320989608764648,1.6375640691512466e-05,1.3624648886572264,47050,,,,,,,,,
0.3136,13.965973854064941,1.636116178727594e-05,1.3639127790808792,47100,,,,,,,,,
0.2397,13.498908996582031,1.634668288303941e-05,1.365360669504532,47150,,,,,,,,,
0.3251,7.975353240966797,1.6332203978802886e-05,1.3668085599281845,47200,,,,,,,,,
0.2846,15.371188163757324,1.6317725074566356e-05,1.3682564503518373,47250,,,,,,,,,
0.2406,1.645236849784851,1.630324617032983e-05,1.36970434077549,47300,,,,,,,,,
0.3487,16.586181640625,1.6288767266093302e-05,1.3711522311991429,47350,,,,,,,,,
0.2806,5.470450401306152,1.6274288361856776e-05,1.3726001216227957,47400,,,,,,,,,
0.2703,15.959074020385742,1.6259809457620247e-05,1.3740480120464484,47450,,,,,,,,,
0.3228,21.439363479614258,1.624533055338372e-05,1.375495902470101,47500,,,,,,,,,
0.3243,11.695732116699219,1.6230851649147192e-05,1.3769437928937538,47550,,,,,,,,,
0.2871,10.822261810302734,1.6216372744910667e-05,1.3783916833174066,47600,,,,,,,,,
0.3282,11.991358757019043,1.6201893840674138e-05,1.3798395737410591,47650,,,,,,,,,
0.2817,18.11824607849121,1.6187414936437612e-05,1.381287464164712,47700,,,,,,,,,
0.2756,11.363496780395508,1.6172936032201083e-05,1.3827353545883647,47750,,,,,,,,,
0.3514,10.688065528869629,1.6158457127964557e-05,1.3841832450120175,47800,,,,,,,,,
0.2826,25.795366287231445,1.614397822372803e-05,1.3856311354356703,47850,,,,,,,,,
0.2845,11.572360038757324,1.61294993194915e-05,1.387079025859323,47900,,,,,,,,,
0.3867,8.508810997009277,1.6115020415254974e-05,1.3885269162829756,47950,,,,,,,,,
0.2753,9.416224479675293,1.6100541511018445e-05,1.3899748067066284,48000,,,,,,,,,
0.2854,19.72230339050293,1.608606260678192e-05,1.3914226971302812,48050,,,,,,,,,
0.2753,17.78340721130371,1.607158370254539e-05,1.3928705875539338,48100,,,,,,,,,
0.3626,3.7092485427856445,1.6057104798308864e-05,1.3943184779775866,48150,,,,,,,,,
0.2235,4.875601291656494,1.6042625894072335e-05,1.3957663684012394,48200,,,,,,,,,
0.3483,13.500712394714355,1.602814698983581e-05,1.3972142588248921,48250,,,,,,,,,
0.302,17.587133407592773,1.601366808559928e-05,1.398662149248545,48300,,,,,,,,,
0.2816,15.326927185058594,1.5999189181362755e-05,1.4001100396721977,48350,,,,,,,,,
0.3025,15.254251480102539,1.5984710277126226e-05,1.4015579300958503,48400,,,,,,,,,
0.2753,9.44612979888916,1.59702313728897e-05,1.403005820519503,48450,,,,,,,,,
0.2401,10.298951148986816,1.595575246865317e-05,1.4044537109431559,48500,,,,,,,,,
0.355,9.280085563659668,1.5941273564416646e-05,1.4059016013668086,48550,,,,,,,,,
0.2977,7.529176235198975,1.5926794660180117e-05,1.4073494917904612,48600,,,,,,,,,
0.326,6.39749002456665,1.591231575594359e-05,1.408797382214114,48650,,,,,,,,,
0.2913,4.013750076293945,1.5897836851707062e-05,1.4102452726377668,48700,,,,,,,,,
0.3151,33.095088958740234,1.5883357947470536e-05,1.4116931630614196,48750,,,,,,,,,
0.3066,11.301260948181152,1.5868879043234007e-05,1.4131410534850724,48800,,,,,,,,,
0.3057,10.369366645812988,1.5854400138997482e-05,1.414588943908725,48850,,,,,,,,,
0.3048,7.29201602935791,1.5839921234760953e-05,1.4160368343323777,48900,,,,,,,,,
0.2752,11.49264907836914,1.5825442330524427e-05,1.4174847247560305,48950,,,,,,,,,
0.3404,4.717895984649658,1.5810963426287898e-05,1.4189326151796833,49000,,,,,,,,,
0.2976,16.35154914855957,1.5796484522051372e-05,1.4203805056033358,49050,,,,,,,,,
0.276,14.511858940124512,1.5782005617814843e-05,1.4218283960269886,49100,,,,,,,,,
0.3298,11.774445533752441,1.5767526713578314e-05,1.4232762864506414,49150,,,,,,,,,
0.2587,8.21011734008789,1.575304780934179e-05,1.4247241768742942,49200,,,,,,,,,
0.3059,16.997032165527344,1.573856890510526e-05,1.426172067297947,49250,,,,,,,,,
0.3485,5.575835704803467,1.5724090000868734e-05,1.4276199577215996,49300,,,,,,,,,
0.3292,2.4659554958343506,1.5709611096632205e-05,1.4290678481452523,49350,,,,,,,,,
0.3538,9.420074462890625,1.569513219239568e-05,1.4305157385689051,49400,,,,,,,,,
0.3328,16.85295867919922,1.568065328815915e-05,1.431963628992558,49450,,,,,,,,,
0.2298,7.815161228179932,1.5666174383922625e-05,1.4334115194162105,49500,,,,,,,,,
0.2729,8.854247093200684,1.5651695479686096e-05,1.4348594098398633,49550,,,,,,,,,
0.3208,6.088615894317627,1.563721657544957e-05,1.436307300263516,49600,,,,,,,,,
0.3447,7.904101848602295,1.562273767121304e-05,1.4377551906871688,49650,,,,,,,,,
0.3746,16.473913192749023,1.5608258766976515e-05,1.4392030811108216,49700,,,,,,,,,
0.3507,5.701363563537598,1.5593779862739986e-05,1.4406509715344742,49750,,,,,,,,,
0.2755,2.9618380069732666,1.557930095850346e-05,1.442098861958127,49800,,,,,,,,,
0.2825,14.848554611206055,1.556482205426693e-05,1.4435467523817798,49850,,,,,,,,,
0.3338,21.72168731689453,1.5550343150030406e-05,1.4449946428054325,49900,,,,,,,,,
0.3115,17.88227653503418,1.5535864245793877e-05,1.4464425332290851,49950,,,,,,,,,
0.325,12.706689834594727,1.552138534155735e-05,1.447890423652738,50000,,,,,,,,,
,,,1.447890423652738,50000,0.5022507905960083,350.2955,395.298,24.708,,,,,
0.2746,5.357064247131348,1.5506906437320822e-05,1.4493383140763907,50050,,,,,,,,,
0.2983,11.597256660461426,1.5492427533084297e-05,1.4507862045000435,50100,,,,,,,,,
0.3099,16.973045349121094,1.5477948628847768e-05,1.4522340949236963,50150,,,,,,,,,
0.2999,7.82158088684082,1.5463469724611242e-05,1.453681985347349,50200,,,,,,,,,
0.2861,6.838860988616943,1.5448990820374713e-05,1.4551298757710016,50250,,,,,,,,,
0.2759,20.52934455871582,1.5434511916138187e-05,1.4565777661946544,50300,,,,,,,,,
0.3447,15.055864334106445,1.5420033011901658e-05,1.4580256566183072,50350,,,,,,,,,
0.3177,7.809789180755615,1.540555410766513e-05,1.4594735470419598,50400,,,,,,,,,
0.3192,3.0481910705566406,1.5391075203428604e-05,1.4609214374656125,50450,,,,,,,,,
0.3044,5.055593490600586,1.5376596299192075e-05,1.4623693278892653,50500,,,,,,,,,
0.3365,14.353747367858887,1.536211739495555e-05,1.4638172183129181,50550,,,,,,,,,
0.3127,12.579059600830078,1.534763849071902e-05,1.465265108736571,50600,,,,,,,,,
0.319,3.3078393936157227,1.5333159586482494e-05,1.4667129991602237,50650,,,,,,,,,
0.2742,4.3565192222595215,1.5318680682245965e-05,1.4681608895838762,50700,,,,,,,,,
0.3007,1.004619836807251,1.530420177800944e-05,1.469608780007529,50750,,,,,,,,,
0.3151,9.412923812866211,1.528972287377291e-05,1.4710566704311818,50800,,,,,,,,,
0.2914,1.2517595291137695,1.5275243969536385e-05,1.4725045608548344,50850,,,,,,,,,
0.2991,11.018777847290039,1.526076506529986e-05,1.4739524512784872,50900,,,,,,,,,
0.2958,11.780896186828613,1.5246286161063332e-05,1.47540034170214,50950,,,,,,,,,
0.3315,19.28748893737793,1.5231807256826803e-05,1.4768482321257927,51000,,,,,,,,,
0.3406,9.714555740356445,1.5217328352590277e-05,1.4782961225494455,51050,,,,,,,,,
0.2987,6.555030822753906,1.5202849448353748e-05,1.4797440129730983,51100,,,,,,,,,
0.3045,18.850072860717773,1.5188370544117223e-05,1.4811919033967509,51150,,,,,,,,,
0.3117,10.70207405090332,1.5173891639880694e-05,1.4826397938204037,51200,,,,,,,,,
0.3187,7.241583824157715,1.5159412735644168e-05,1.4840876842440565,51250,,,,,,,,,
0.3019,18.34026527404785,1.5144933831407639e-05,1.485535574667709,51300,,,,,,,,,
0.3128,7.820237159729004,1.5130454927171113e-05,1.4869834650913618,51350,,,,,,,,,
0.2795,8.731311798095703,1.5115976022934584e-05,1.4884313555150146,51400,,,,,,,,,
0.3077,18.313182830810547,1.5101497118698059e-05,1.4898792459386674,51450,,,,,,,,,
0.2557,10.483255386352539,1.508701821446153e-05,1.4913271363623202,51500,,,,,,,,,
0.2942,16.195819854736328,1.5072539310225004e-05,1.492775026785973,51550,,,,,,,,,
0.3004,4.988666534423828,1.5058060405988475e-05,1.4942229172096255,51600,,,,,,,,,
0.3001,19.521474838256836,1.5043581501751946e-05,1.4956708076332783,51650,,,,,,,,,
0.2472,7.131235122680664,1.502910259751542e-05,1.497118698056931,51700,,,,,,,,,
0.3184,16.44379997253418,1.5014623693278891e-05,1.4985665884805837,51750,,,,,,,,,
0.3213,9.130976676940918,1.5000144789042366e-05,1.5000144789042364,51800,,,,,,,,,
0.2703,12.602826118469238,1.4985665884805838e-05,1.5014623693278892,51850,,,,,,,,,
0.2402,4.0989885330200195,1.4971186980569311e-05,1.502910259751542,51900,,,,,,,,,
0.3164,6.405102729797363,1.4956708076332784e-05,1.5043581501751948,51950,,,,,,,,,
0.3266,11.308196067810059,1.4942229172096256e-05,1.5058060405988476,52000,,,,,,,,,
0.2445,9.6471586227417,1.4927750267859729e-05,1.5072539310225004,52050,,,,,,,,,
0.2944,3.8735103607177734,1.4913271363623202e-05,1.508701821446153,52100,,,,,,,,,
0.3271,6.864092826843262,1.4898792459386674e-05,1.5101497118698057,52150,,,,,,,,,
0.3433,7.366635322570801,1.4884313555150145e-05,1.5115976022934583,52200,,,,,,,,,
0.3183,19.99405288696289,1.4869834650913618e-05,1.513045492717111,52250,,,,,,,,,
0.2934,18.38871192932129,1.485535574667709e-05,1.5144933831407639,52300,,,,,,,,,
0.2911,9.642160415649414,1.4840876842440563e-05,1.5159412735644167,52350,,,,,,,,,
0.2978,8.730937957763672,1.4826397938204036e-05,1.5173891639880694,52400,,,,,,,,,
0.292,2.8909289836883545,1.4811919033967508e-05,1.5188370544117222,52450,,,,,,,,,
0.3696,15.01979923248291,1.4797440129730981e-05,1.520284944835375,52500,,,,,,,,,
0.2749,16.99599838256836,1.4782961225494454e-05,1.5217328352590276,52550,,,,,,,,,
0.3079,11.484758377075195,1.4768482321257926e-05,1.5231807256826804,52600,,,,,,,,,
0.27,4.451981544494629,1.47540034170214e-05,1.524628616106333,52650,,,,,,,,,
0.33,24.97432518005371,1.4739524512784873e-05,1.5260765065299857,52700,,,,,,,,,
0.2969,21.45794677734375,1.4725045608548346e-05,1.5275243969536385,52750,,,,,,,,,
0.323,12.879592895507812,1.4710566704311819e-05,1.5289722873772913,52800,,,,,,,,,
0.3115,13.000585556030273,1.4696087800075291e-05,1.530420177800944,52850,,,,,,,,,
0.3031,9.819801330566406,1.4681608895838764e-05,1.5318680682245969,52900,,,,,,,,,
0.31,6.617981433868408,1.4667129991602237e-05,1.5333159586482497,52950,,,,,,,,,
0.2943,2.7279908657073975,1.465265108736571e-05,1.5347638490719022,53000,,,,,,,,,
0.2871,15.249653816223145,1.4638172183129182e-05,1.536211739495555,53050,,,,,,,,,
0.3202,10.814545631408691,1.4623693278892655e-05,1.5376596299192076,53100,,,,,,,,,
0.2858,20.8055362701416,1.4609214374656127e-05,1.5391075203428604,53150,,,,,,,,,
0.3039,21.009307861328125,1.45947354704196e-05,1.5405554107665131,53200,,,,,,,,,
0.2679,12.209117889404297,1.4580256566183073e-05,1.542003301190166,53250,,,,,,,,,
0.2855,8.623091697692871,1.4565777661946545e-05,1.5434511916138187,53300,,,,,,,,,
0.3147,17.557035446166992,1.4551298757710018e-05,1.5448990820374715,53350,,,,,,,,,
0.2932,1.5495628118515015,1.453681985347349e-05,1.5463469724611243,53400,,,,,,,,,
0.2361,10.292845726013184,1.4522340949236962e-05,1.5477948628847769,53450,,,,,,,,,
0.2814,21.274707794189453,1.4507862045000434e-05,1.5492427533084296,53500,,,,,,,,,
0.2775,13.134856224060059,1.4493383140763907e-05,1.5506906437320822,53550,,,,,,,,,
0.3008,16.86604118347168,1.447890423652738e-05,1.552138534155735,53600,,,,,,,,,
0.3344,10.092419624328613,1.4464425332290852e-05,1.5535864245793878,53650,,,,,,,,,
0.3024,2.4569754600524902,1.4449946428054325e-05,1.5550343150030406,53700,,,,,,,,,
0.2683,6.3648810386657715,1.4435467523817798e-05,1.5564822054266934,53750,,,,,,,,,
0.3263,19.2063045501709,1.442098861958127e-05,1.5579300958503461,53800,,,,,,,,,
0.2715,0.8483071327209473,1.4406509715344743e-05,1.559377986273999,53850,,,,,,,,,
0.3205,17.34083366394043,1.4392030811108216e-05,1.5608258766976515,53900,,,,,,,,,
0.3028,9.098759651184082,1.4377551906871688e-05,1.5622737671213043,53950,,,,,,,,,
0.2881,11.668286323547363,1.4363073002635161e-05,1.5637216575449568,54000,,,,,,,,,
0.2845,7.946889877319336,1.4348594098398634e-05,1.5651695479686096,54050,,,,,,,,,
0.3545,4.017601013183594,1.4334115194162106e-05,1.5666174383922624,54100,,,,,,,,,
0.3021,14.733813285827637,1.4319636289925579e-05,1.5680653288159152,54150,,,,,,,,,
0.3486,10.557558059692383,1.4305157385689052e-05,1.569513219239568,54200,,,,,,,,,
0.3146,9.625692367553711,1.4290678481452524e-05,1.5709611096632208,54250,,,,,,,,,
0.2619,39.547882080078125,1.4276199577215997e-05,1.5724090000868736,54300,,,,,,,,,
0.3335,7.535055160522461,1.426172067297947e-05,1.5738568905105261,54350,,,,,,,,,
0.2913,15.951958656311035,1.4247241768742942e-05,1.575304780934179,54400,,,,,,,,,
0.2603,35.1343879699707,1.4232762864506415e-05,1.5767526713578315,54450,,,,,,,,,
0.3263,16.16634750366211,1.4218283960269888e-05,1.5782005617814843,54500,,,,,,,,,
0.2988,3.8404111862182617,1.420380505603336e-05,1.579648452205137,54550,,,,,,,,,
0.318,18.993595123291016,1.4189326151796833e-05,1.5810963426287898,54600,,,,,,,,,
0.2981,1.2083264589309692,1.4174847247560306e-05,1.5825442330524426,54650,,,,,,,,,
0.3585,9.700187683105469,1.4160368343323777e-05,1.5839921234760954,54700,,,,,,,,,
0.3095,10.108338356018066,1.414588943908725e-05,1.5854400138997482,54750,,,,,,,,,
0.2495,10.944064140319824,1.4131410534850722e-05,1.5868879043234008,54800,,,,,,,,,
0.2633,9.212944030761719,1.4116931630614195e-05,1.5883357947470536,54850,,,,,,,,,
0.2847,8.238414764404297,1.4102452726377667e-05,1.5897836851707061,54900,,,,,,,,,
0.3027,12.393902778625488,1.408797382214114e-05,1.591231575594359,54950,,,,,,,,,
0.2692,5.69160270690918,1.4073494917904613e-05,1.5926794660180117,55000,,,,,,,,,
,,,1.5926794660180117,55000,0.5456097722053528,350.3024,395.29,24.707,,,,,
0.3075,12.187124252319336,1.4059016013668085e-05,1.5941273564416645,55050,,,,,,,,,
0.2861,7.085175514221191,1.4044537109431558e-05,1.5955752468653173,55100,,,,,,,,,
0.3202,7.171212673187256,1.403005820519503e-05,1.59702313728897,55150,,,,,,,,,
0.3562,9.265981674194336,1.4015579300958503e-05,1.5984710277126228,55200,,,,,,,,,
0.2727,20.309005737304688,1.4001100396721976e-05,1.5999189181362754,55250,,,,,,,,,
0.2314,6.344410419464111,1.3986621492485449e-05,1.6013668085599282,55300,,,,,,,,,
0.3437,3.918393611907959,1.3972142588248921e-05,1.602814698983581,55350,,,,,,,,,
0.2831,17.306467056274414,1.3957663684012394e-05,1.6042625894072335,55400,,,,,,,,,
0.275,6.735271453857422,1.3943184779775867e-05,1.6057104798308863,55450,,,,,,,,,
0.2552,8.011539459228516,1.392870587553934e-05,1.6071583702545391,55500,,,,,,,,,
0.2822,2.534970760345459,1.3914226971302812e-05,1.608606260678192,55550,,,,,,,,,
0.2714,4.822188377380371,1.3899748067066285e-05,1.6100541511018447,55600,,,,,,,,,
0.328,13.970853805541992,1.3885269162829757e-05,1.6115020415254975,55650,,,,,,,,,
0.3162,27.367752075195312,1.387079025859323e-05,1.61294993194915,55700,,,,,,,,,
0.2575,13.224873542785645,1.3856311354356703e-05,1.6143978223728028,55750,,,,,,,,,
0.3092,8.92684555053711,1.3841832450120175e-05,1.6158457127964556,55800,,,,,,,,,
0.2717,10.952136039733887,1.3827353545883648e-05,1.6172936032201082,55850,,,,,,,,,
0.3064,12.434724807739258,1.381287464164712e-05,1.618741493643761,55900,,,,,,,,,
0.3306,4.408742904663086,1.3798395737410592e-05,1.6201893840674138,55950,,,,,,,,,
0.2863,16.07244300842285,1.3783916833174064e-05,1.6216372744910665,56000,,,,,,,,,
0.291,12.63209056854248,1.3769437928937537e-05,1.6230851649147193,56050,,,,,,,,,
0.2855,14.496512413024902,1.375495902470101e-05,1.6245330553383721,56100,,,,,,,,,
0.2632,20.13816261291504,1.3740480120464484e-05,1.6259809457620247,56150,,,,,,,,,
0.285,5.072006702423096,1.3726001216227957e-05,1.6274288361856775,56200,,,,,,,,,
0.3006,21.925504684448242,1.371152231199143e-05,1.6288767266093302,56250,,,,,,,,,
0.3008,0.9848446846008301,1.3697043407754902e-05,1.6303246170329828,56300,,,,,,,,,
0.2965,9.73161506652832,1.3682564503518375e-05,1.6317725074566356,56350,,,,,,,,,
0.3005,17.943342208862305,1.3668085599281847e-05,1.6332203978802884,56400,,,,,,,,,
0.3259,6.139902591705322,1.365360669504532e-05,1.6346682883039412,56450,,,,,,,,,
0.2895,4.136867523193359,1.3639127790808793e-05,1.636116178727594,56500,,,,,,,,,
0.2472,18.079418182373047,1.3624648886572265e-05,1.6375640691512467,56550,,,,,,,,,
0.2755,8.788620948791504,1.3610169982335738e-05,1.6390119595748995,56600,,,,,,,,,
0.2832,9.10586929321289,1.359569107809921e-05,1.640459849998552,56650,,,,,,,,,
0.2571,7.733120441436768,1.3581212173862683e-05,1.6419077404222049,56700,,,,,,,,,
0.2553,15.057830810546875,1.3566733269626156e-05,1.6433556308458575,56750,,,,,,,,,
0.3033,26.165300369262695,1.3552254365389629e-05,1.6448035212695102,56800,,,,,,,,,
0.3163,4.284256935119629,1.3537775461153101e-05,1.646251411693163,56850,,,,,,,,,
0.2913,16.052446365356445,1.3523296556916574e-05,1.6476993021168158,56900,,,,,,,,,
0.3062,4.228309154510498,1.3508817652680047e-05,1.6491471925404686,56950,,,,,,,,,
0.3034,5.622960090637207,1.349433874844352e-05,1.6505950829641214,57000,,,,,,,,,
0.3319,10.315430641174316,1.3479859844206992e-05,1.6520429733877742,57050,,,,,,,,,
0.3218,7.011445045471191,1.3465380939970465e-05,1.6534908638114267,57100,,,,,,,,,
0.2736,12.317092895507812,1.3450902035733936e-05,1.6549387542350795,57150,,,,,,,,,
0.3023,13.557671546936035,1.3436423131497408e-05,1.656386644658732,57200,,,,,,,,,
0.3037,22.305641174316406,1.3421944227260881e-05,1.6578345350823849,57250,,,,,,,,,
0.3251,11.629136085510254,1.3407465323024354e-05,1.6592824255060377,57300,,,,,,,,,
0.2597,14.492053985595703,1.3392986418787826e-05,1.6607303159296904,57350,,,,,,,,,
0.2795,14.68194580078125,1.3378507514551299e-05,1.6621782063533432,57400,,,,,,,,,
0.281,14.041501998901367,1.3364028610314772e-05,1.663626096776996,57450,,,,,,,,,
0.3388,4.783670425415039,1.3349549706078244e-05,1.6650739872006488,57500,,,,,,,,,
0.2776,5.880778789520264,1.3335070801841717e-05,1.6665218776243014,57550,,,,,,,,,
0.2638,14.98381233215332,1.332059189760519e-05,1.6679697680479542,57600,,,,,,,,,
0.3572,16.336729049682617,1.3306112993368662e-05,1.6694176584716067,57650,,,,,,,,,
0.2844,3.4584128856658936,1.3291634089132135e-05,1.6708655488952595,57700,,,,,,,,,
0.3241,9.753772735595703,1.3277155184895608e-05,1.6723134393189123,57750,,,,,,,,,
0.2995,16.95923614501953,1.326267628065908e-05,1.673761329742565,57800,,,,,,,,,
0.2916,11.932498931884766,1.3248197376422553e-05,1.6752092201662179,57850,,,,,,,,,
0.2767,9.06017780303955,1.3233718472186025e-05,1.6766571105898707,57900,,,,,,,,,
0.3366,10.054835319519043,1.3219239567949498e-05,1.6781050010135234,57950,,,,,,,,,
0.3359,18.273775100708008,1.320476066371297e-05,1.679552891437176,58000,,,,,,,,,
0.2933,6.853912830352783,1.3190281759476443e-05,1.6810007818608288,58050,,,,,,,,,
0.2593,3.0003626346588135,1.3175802855239916e-05,1.6824486722844814,58100,,,,,,,,,
0.3013,11.690385818481445,1.3161323951003389e-05,1.6838965627081341,58150,,,,,,,,,
0.2888,7.7104878425598145,1.3146845046766861e-05,1.685344453131787,58200,,,,,,,,,
0.2598,20.607030868530273,1.3132366142530334e-05,1.6867923435554397,58250,,,,,,,,,
0.3271,3.1820311546325684,1.3117887238293807e-05,1.6882402339790925,58300,,,,,,,,,
0.2603,5.75422477722168,1.310340833405728e-05,1.6896881244027453,58350,,,,,,,,,
0.2774,3.3869447708129883,1.308892942982075e-05,1.691136014826398,58400,,,,,,,,,
0.3145,7.6723737716674805,1.3074450525584223e-05,1.6925839052500506,58450,,,,,,,,,
0.3026,7.950939178466797,1.3059971621347696e-05,1.6940317956737034,58500,,,,,,,,,
0.279,19.859426498413086,1.3045492717111168e-05,1.695479686097356,58550,,,,,,,,,
0.2305,10.564343452453613,1.3031013812874641e-05,1.6969275765210088,58600,,,,,,,,,
0.2903,10.269418716430664,1.3016534908638114e-05,1.6983754669446616,58650,,,,,,,,,
0.2702,15.801162719726562,1.3002056004401586e-05,1.6998233573683144,58700,,,,,,,,,
0.2946,4.2176594734191895,1.2987577100165059e-05,1.7012712477919671,58750,,,,,,,,,
0.2464,10.77597713470459,1.2973098195928532e-05,1.70271913821562,58800,,,,,,,,,
0.3049,9.747230529785156,1.2958619291692004e-05,1.7041670286392727,58850,,,,,,,,,
0.2917,10.044411659240723,1.2944140387455477e-05,1.7056149190629253,58900,,,,,,,,,
0.3072,12.322946548461914,1.292966148321895e-05,1.707062809486578,58950,,,,,,,,,
0.2884,15.552879333496094,1.2915182578982422e-05,1.7085106999102306,59000,,,,,,,,,
0.3161,4.791069507598877,1.2900703674745895e-05,1.7099585903338834,59050,,,,,,,,,
0.2775,15.648209571838379,1.2886224770509368e-05,1.7114064807575362,59100,,,,,,,,,
0.3212,17.423477172851562,1.287174586627284e-05,1.712854371181189,59150,,,,,,,,,
0.2744,5.249390125274658,1.2857266962036313e-05,1.7143022616048418,59200,,,,,,,,,
0.3202,7.853733062744141,1.2842788057799786e-05,1.7157501520284946,59250,,,,,,,,,
0.281,11.300525665283203,1.2828309153563258e-05,1.7171980424521474,59300,,,,,,,,,
0.2998,12.152746200561523,1.2813830249326731e-05,1.7186459328758,59350,,,,,,,,,
0.2961,17.296783447265625,1.2799351345090204e-05,1.7200938232994527,59400,,,,,,,,,
0.3307,6.387588024139404,1.2784872440853676e-05,1.7215417137231053,59450,,,,,,,,,
0.3077,18.100873947143555,1.2770393536617149e-05,1.722989604146758,59500,,,,,,,,,
0.2531,10.131111145019531,1.2755914632380622e-05,1.7244374945704108,59550,,,,,,,,,
0.289,16.16391944885254,1.2741435728144094e-05,1.7258853849940636,59600,,,,,,,,,
0.2924,12.362651824951172,1.2726956823907567e-05,1.7273332754177164,59650,,,,,,,,,
0.2417,16.99602508544922,1.271247791967104e-05,1.7287811658413692,59700,,,,,,,,,
0.3076,23.597423553466797,1.2697999015434512e-05,1.730229056265022,59750,,,,,,,,,
0.3109,12.862885475158691,1.2683520111197985e-05,1.7316769466886746,59800,,,,,,,,,
0.3005,3.7273807525634766,1.2669041206961458e-05,1.7331248371123273,59850,,,,,,,,,
0.2959,2.8663415908813477,1.265456230272493e-05,1.7345727275359801,59900,,,,,,,,,
0.2909,3.241386890411377,1.2640083398488403e-05,1.7360206179596327,59950,,,,,,,,,
0.2369,10.420492172241211,1.2625604494251876e-05,1.7374685083832855,60000,,,,,,,,,
,,,1.7374685083832855,60000,0.5559382438659668,350.4695,395.101,24.695,,,,,
0.2707,9.963775634765625,1.2611125590015348e-05,1.7389163988069383,60050,,,,,,,,,
0.2698,16.915807723999023,1.2596646685778821e-05,1.740364289230591,60100,,,,,,,,,
0.3043,13.108697891235352,1.2582167781542294e-05,1.7418121796542438,60150,,,,,,,,,
0.2915,2.2563934326171875,1.2567688877305766e-05,1.7432600700778966,60200,,,,,,,,,
0.3368,8.396392822265625,1.2553209973069239e-05,1.7447079605015492,60250,,,,,,,,,
0.2652,11.550128936767578,1.2538731068832712e-05,1.746155850925202,60300,,,,,,,,,
0.251,4.993880271911621,1.2524252164596184e-05,1.7476037413488548,60350,,,,,,,,,
0.316,20.893789291381836,1.2509773260359657e-05,1.7490516317725073,60400,,,,,,,,,
0.2162,4.72888708114624,1.249529435612313e-05,1.7504995221961601,60450,,,,,,,,,
0.3153,4.366078853607178,1.2480815451886602e-05,1.751947412619813,60500,,,,,,,,,
0.3013,12.01917552947998,1.2466336547650075e-05,1.7533953030434657,60550,,,,,,,,,
0.2894,6.05724573135376,1.2451857643413548e-05,1.7548431934671185,60600,,,,,,,,,
0.2643,5.261013507843018,1.243737873917702e-05,1.7562910838907713,60650,,,,,,,,,
0.2766,14.771829605102539,1.2422899834940493e-05,1.7577389743144238,60700,,,,,,,,,
0.3491,6.08073091506958,1.2408420930703966e-05,1.7591868647380766,60750,,,,,,,,,
0.302,17.853395462036133,1.2393942026467438e-05,1.7606347551617294,60800,,,,,,,,,
0.3403,16.521120071411133,1.2379463122230911e-05,1.762082645585382,60850,,,,,,,,,
0.2673,3.552550792694092,1.2364984217994382e-05,1.7635305360090348,60900,,,,,,,,,
0.3235,6.935937881469727,1.2350505313757855e-05,1.7649784264326875,60950,,,,,,,,,
0.288,7.044484615325928,1.2336026409521327e-05,1.7664263168563403,61000,,,,,,,,,
0.2677,8.09388256072998,1.23215475052848e-05,1.7678742072799931,61050,,,,,,,,,
0.2857,9.653908729553223,1.2307068601048273e-05,1.769322097703646,61100,,,,,,,,,
0.272,2.080188751220703,1.2292589696811745e-05,1.7707699881272987,61150,,,,,,,,,
0.2676,3.533200263977051,1.2278110792575218e-05,1.7722178785509513,61200,,,,,,,,,
0.2413,9.279380798339844,1.226363188833869e-05,1.773665768974604,61250,,,,,,,,,
0.2711,16.220277786254883,1.2249152984102163e-05,1.7751136593982566,61300,,,,,,,,,
0.232,16.915395736694336,1.2234674079865636e-05,1.7765615498219094,61350,,,,,,,,,
0.2754,32.102020263671875,1.2220195175629109e-05,1.7780094402455622,61400,,,,,,,,,
0.303,4.656708717346191,1.2205716271392581e-05,1.779457330669215,61450,,,,,,,,,
0.2592,24.240978240966797,1.2191237367156054e-05,1.7809052210928678,61500,,,,,,,,,
0.2967,2.1086361408233643,1.2176758462919527e-05,1.7823531115165205,61550,,,,,,,,,
0.2484,9.815190315246582,1.2162279558683e-05,1.7838010019401733,61600,,,,,,,,,
0.3378,8.405662536621094,1.2147800654446472e-05,1.785248892363826,61650,,,,,,,,,
0.3038,16.505393981933594,1.2133321750209945e-05,1.7866967827874787,61700,,,,,,,,,
0.2978,23.430889129638672,1.2118842845973417e-05,1.7881446732111312,61750,,,,,,,,,
0.261,2.05937123298645,1.210436394173689e-05,1.789592563634784,61800,,,,,,,,,
0.2699,7.696030139923096,1.2089885037500363e-05,1.7910404540584368,61850,,,,,,,,,
0.2774,7.525893688201904,1.2075406133263835e-05,1.7924883444820896,61900,,,,,,,,,
0.2702,9.121999740600586,1.2060927229027308e-05,1.7939362349057424,61950,,,,,,,,,
0.2812,8.942923545837402,1.204644832479078e-05,1.7953841253293952,62000,,,,,,,,,
0.2623,11.1724271774292,1.2031969420554253e-05,1.796832015753048,62050,,,,,,,,,
0.3023,7.480409622192383,1.2017490516317724e-05,1.7982799061767005,62100,,,,,,,,,
0.3087,2.150639533996582,1.2003011612081197e-05,1.7997277966003533,62150,,,,,,,,,
0.3108,12.250848770141602,1.198853270784467e-05,1.8011756870240059,62200,,,,,,,,,
0.318,11.59771728515625,1.1974053803608142e-05,1.8026235774476587,62250,,,,,,,,,
0.277,12.139958381652832,1.1959574899371615e-05,1.8040714678713115,62300,,,,,,,,,
0.2606,14.786517143249512,1.1945095995135088e-05,1.8055193582949642,62350,,,,,,,,,
0.3331,1.5115264654159546,1.193061709089856e-05,1.806967248718617,62400,,,,,,,,,
0.2816,12.17607593536377,1.1916138186662033e-05,1.8084151391422698,62450,,,,,,,,,
0.2678,12.805154800415039,1.1901659282425506e-05,1.8098630295659226,62500,,,,,,,,,
0.2563,7.029207706451416,1.1887180378188978e-05,1.8113109199895752,62550,,,,,,,,,
0.2566,9.99238109588623,1.1872701473952451e-05,1.812758810413228,62600,,,,,,,,,
0.3035,8.898835182189941,1.1858222569715924e-05,1.8142067008368805,62650,,,,,,,,,
0.3041,3.767557144165039,1.1843743665479396e-05,1.8156545912605333,62700,,,,,,,,,
0.2781,7.899858474731445,1.1829264761242869e-05,1.817102481684186,62750,,,,,,,,,
0.3311,7.736999988555908,1.1814785857006342e-05,1.8185503721078389,62800,,,,,,,,,
0.2526,7.7112650871276855,1.1800306952769814e-05,1.8199982625314917,62850,,,,,,,,,
0.272,20.16025161743164,1.1785828048533287e-05,1.8214461529551444,62900,,,,,,,,,
0.256,9.573812484741211,1.177134914429676e-05,1.8228940433787972,62950,,,,,,,,,
0.3158,6.5488409996032715,1.1756870240060232e-05,1.8243419338024498,63000,,,,,,,,,
0.2779,9.911852836608887,1.1742391335823705e-05,1.8257898242261026,63050,,,,,,,,,
0.3065,6.112855434417725,1.1727912431587178e-05,1.8272377146497552,63100,,,,,,,,,
0.3128,13.574258804321289,1.171343352735065e-05,1.828685605073408,63150,,,,,,,,,
0.2695,1.205242395401001,1.1698954623114123e-05,1.8301334954970607,63200,,,,,,,,,
0.2908,11.547219276428223,1.1684475718877597e-05,1.8315813859207135,63250,,,,,,,,,
0.2791,3.206073045730591,1.166999681464107e-05,1.8330292763443663,63300,,,,,,,,,
0.2663,10.176895141601562,1.165551791040454e-05,1.834477166768019,63350,,,,,,,,,
0.2897,15.090590476989746,1.1641039006168013e-05,1.8359250571916719,63400,,,,,,,,,
0.283,10.926071166992188,1.1626560101931486e-05,1.8373729476153244,63450,,,,,,,,,
0.308,5.148544788360596,1.1612081197694959e-05,1.8388208380389772,63500,,,,,,,,,
0.2617,6.5807695388793945,1.1597602293458431e-05,1.8402687284626298,63550,,,,,,,,,
0.2653,7.988162517547607,1.1583123389221904e-05,1.8417166188862826,63600,,,,,,,,,
0.2877,24.139543533325195,1.1568644484985377e-05,1.8431645093099354,63650,,,,,,,,,
0.3222,2.8648719787597656,1.155416558074885e-05,1.8446123997335881,63700,,,,,,,,,
0.3119,6.9289350509643555,1.1539686676512322e-05,1.846060290157241,63750,,,,,,,,,
0.263,28.436567306518555,1.1525207772275795e-05,1.8475081805808937,63800,,,,,,,,,
0.2722,20.187461853027344,1.1510728868039267e-05,1.8489560710045465,63850,,,,,,,,,
0.3278,6.83493709564209,1.149624996380274e-05,1.850403961428199,63900,,,,,,,,,
0.3446,21.987407684326172,1.1481771059566213e-05,1.8518518518518519,63950,,,,,,,,,
0.2688,4.516226768493652,1.1467292155329685e-05,1.8532997422755044,64000,,,,,,,,,
0.3585,8.443304061889648,1.1452813251093158e-05,1.8547476326991572,64050,,,,,,,,,
0.3097,16.61971664428711,1.143833434685663e-05,1.85619552312281,64100,,,,,,,,,
0.2492,5.056193828582764,1.1423855442620103e-05,1.8576434135464628,64150,,,,,,,,,
0.3397,16.75126838684082,1.1409376538383576e-05,1.8590913039701156,64200,,,,,,,,,
0.2437,4.802136421203613,1.1394897634147049e-05,1.8605391943937684,64250,,,,,,,,,
0.2343,8.498160362243652,1.1380418729910521e-05,1.8619870848174211,64300,,,,,,,,,
0.2976,12.276108741760254,1.1365939825673994e-05,1.8634349752410737,64350,,,,,,,,,
0.2949,10.614788055419922,1.1351460921437467e-05,1.8648828656647265,64400,,,,,,,,,
0.2837,14.236227035522461,1.133698201720094e-05,1.8663307560883793,64450,,,,,,,,,
0.2855,26.001737594604492,1.1322503112964412e-05,1.8677786465120318,64500,,,,,,,,,
0.2835,13.26773452758789,1.1308024208727885e-05,1.8692265369356846,64550,,,,,,,,,
0.3133,18.40163230895996,1.1293545304491356e-05,1.8706744273593374,64600,,,,,,,,,
0.2964,9.534368515014648,1.1279066400254828e-05,1.8721223177829902,64650,,,,,,,,,
0.3063,7.204887390136719,1.1264587496018301e-05,1.873570208206643,64700,,,,,,,,,
0.2259,11.962194442749023,1.1250108591781774e-05,1.8750180986302958,64750,,,,,,,,,
0.2795,7.429297924041748,1.1235629687545246e-05,1.8764659890539483,64800,,,,,,,,,
0.2739,3.303222894668579,1.1221150783308719e-05,1.8779138794776011,64850,,,,,,,,,
0.2765,15.561214447021484,1.1206671879072192e-05,1.879361769901254,64900,,,,,,,,,
0.2185,4.458779811859131,1.1192192974835664e-05,1.8808096603249065,64950,,,,,,,,,
0.3016,19.16677474975586,1.1177714070599137e-05,1.8822575507485593,65000,,,,,,,,,
,,,1.8822575507485593,65000,0.5354684591293335,350.6476,394.901,24.683,,,,,
0.2753,15.87283992767334,1.116323516636261e-05,1.883705441172212,65050,,,,,,,,,
0.2737,15.343300819396973,1.1148756262126082e-05,1.8851533315958648,65100,,,,,,,,,
0.2749,13.544787406921387,1.1134277357889555e-05,1.8866012220195176,65150,,,,,,,,,
0.2485,10.703469276428223,1.1119798453653028e-05,1.8880491124431704,65200,,,,,,,,,
0.2657,10.917607307434082,1.11053195494165e-05,1.889497002866823,65250,,,,,,,,,
0.2888,9.792980194091797,1.1090840645179973e-05,1.8909448932904758,65300,,,,,,,,,
0.2845,15.013153076171875,1.1076361740943446e-05,1.8923927837141286,65350,,,,,,,,,
0.2796,8.333229064941406,1.1061882836706918e-05,1.8938406741377811,65400,,,,,,,,,
0.2732,6.991607666015625,1.1047403932470391e-05,1.895288564561434,65450,,,,,,,,,
0.2981,7.262528896331787,1.1032925028233864e-05,1.8967364549850867,65500,,,,,,,,,
0.2686,20.863988876342773,1.1018446123997336e-05,1.8981843454087395,65550,,,,,,,,,
0.2464,3.027520179748535,1.1003967219760809e-05,1.8996322358323923,65600,,,,,,,,,
0.2484,10.62308120727539,1.0989488315524282e-05,1.901080126256045,65650,,,,,,,,,
0.2851,17.110013961791992,1.0975009411287754e-05,1.9025280166796978,65700,,,,,,,,,
0.2844,3.9963648319244385,1.0960530507051227e-05,1.9039759071033504,65750,,,,,,,,,
0.3025,2.1157119274139404,1.09460516028147e-05,1.9054237975270032,65800,,,,,,,,,
0.2631,14.332959175109863,1.093157269857817e-05,1.9068716879506558,65850,,,,,,,,,
0.2578,10.364054679870605,1.0917093794341643e-05,1.9083195783743085,65900,,,,,,,,,
0.2914,14.418723106384277,1.0902614890105116e-05,1.9097674687979613,65950,,,,,,,,,
0.28,19.0825138092041,1.0888135985868589e-05,1.9112153592216141,66000,,,,,,,,,
0.2704,11.878312110900879,1.0873657081632061e-05,1.912663249645267,66050,,,,,,,,,
0.3113,25.90109634399414,1.0859178177395534e-05,1.9141111400689197,66100,,,,,,,,,
0.276,17.189495086669922,1.0844699273159007e-05,1.9155590304925725,66150,,,,,,,,,
0.2763,7.319385528564453,1.083022036892248e-05,1.917006920916225,66200,,,,,,,,,
0.2217,18.66358757019043,1.0815741464685952e-05,1.9184548113398778,66250,,,,,,,,,
0.3144,14.887815475463867,1.0801262560449425e-05,1.9199027017635304,66300,,,,,,,,,
0.2879,12.63765811920166,1.0786783656212897e-05,1.9213505921871832,66350,,,,,,,,,
0.2804,16.319833755493164,1.077230475197637e-05,1.922798482610836,66400,,,,,,,,,
0.2609,3.0748376846313477,1.0757825847739843e-05,1.9242463730344888,66450,,,,,,,,,
0.3068,20.142147064208984,1.0743346943503315e-05,1.9256942634581415,66500,,,,,,,,,
0.2731,12.030407905578613,1.0728868039266788e-05,1.9271421538817943,66550,,,,,,,,,
0.2541,6.834725379943848,1.071438913503026e-05,1.9285900443054471,66600,,,,,,,,,
0.2609,19.16412353515625,1.0699910230793733e-05,1.9300379347290997,66650,,,,,,,,,
0.2791,19.22972869873047,1.0685431326557206e-05,1.9314858251527525,66700,,,,,,,,,
0.3068,7.6034770011901855,1.067095242232068e-05,1.932933715576405,66750,,,,,,,,,
0.2563,1.241748332977295,1.0656473518084153e-05,1.9343816060000578,66800,,,,,,,,,
0.246,10.874387741088867,1.0641994613847626e-05,1.9358294964237106,66850,,,,,,,,,
0.2544,20.01996612548828,1.0627515709611098e-05,1.9372773868473634,66900,,,,,,,,,
0.2377,2.6891400814056396,1.0613036805374571e-05,1.9387252772710162,66950,,,,,,,,,
0.2739,1.906172275543213,1.0598557901138044e-05,1.940173167694669,67000,,,,,,,,,
0.2611,13.956077575683594,1.0584078996901516e-05,1.9416210581183218,67050,,,,,,,,,
0.2818,31.20750617980957,1.0569600092664987e-05,1.9430689485419743,67100,,,,,,,,,
0.2616,5.801918983459473,1.055512118842846e-05,1.944516838965627,67150,,,,,,,,,
0.2494,10.19694709777832,1.0540642284191933e-05,1.9459647293892797,67200,,,,,,,,,
0.251,30.20292091369629,1.0526163379955405e-05,1.9474126198129325,67250,,,,,,,,,
0.2527,6.922937870025635,1.0511684475718878e-05,1.9488605102365852,67300,,,,,,,,,
0.2538,2.458793878555298,1.049720557148235e-05,1.950308400660238,67350,,,,,,,,,
0.2374,6.580388069152832,1.0482726667245823e-05,1.9517562910838908,67400,,,,,,,,,
0.3037,16.101696014404297,1.0468247763009296e-05,1.9532041815075436,67450,,,,,,,,,
0.258,8.243705749511719,1.0453768858772769e-05,1.9546520719311964,67500,,,,,,,,,
0.236,9.117798805236816,1.0439289954536241e-05,1.956099962354849,67550,,,,,,,,,
0.2874,7.526589393615723,1.0424811050299714e-05,1.9575478527785017,67600,,,,,,,,,
0.3146,11.564336776733398,1.0410332146063187e-05,1.9589957432021543,67650,,,,,,,,,
0.3089,13.777534484863281,1.039585324182666e-05,1.960443633625807,67700,,,,,,,,,
0.3012,14.68311882019043,1.0381374337590132e-05,1.9618915240494599,67750,,,,,,,,,
0.216,5.774869441986084,1.0366895433353605e-05,1.9633394144731127,67800,,,,,,,,,
0.3109,16.12999725341797,1.0352416529117077e-05,1.9647873048967655,67850,,,,,,,,,
0.288,16.99169158935547,1.033793762488055e-05,1.9662351953204182,67900,,,,,,,,,
0.3178,11.949603080749512,1.0323458720644023e-05,1.967683085744071,67950,,,,,,,,,
0.2283,4.851613998413086,1.0308979816407495e-05,1.9691309761677236,68000,,,,,,,,,
0.3204,28.172765731811523,1.0294500912170968e-05,1.9705788665913764,68050,,,,,,,,,
0.2447,18.34639549255371,1.028002200793444e-05,1.972026757015029,68100,,,,,,,,,
0.2601,6.795970439910889,1.0265543103697913e-05,1.9734746474386817,68150,,,,,,,,,
0.2579,0.75464928150177,1.0251064199461386e-05,1.9749225378623345,68200,,,,,,,,,
0.2608,13.085926055908203,1.0236585295224859e-05,1.9763704282859873,68250,,,,,,,,,
0.3391,19.040462493896484,1.022210639098833e-05,1.97781831870964,68300,,,,,,,,,
0.3495,19.19403648376465,1.0207627486751802e-05,1.9792662091332929,68350,,,,,,,,,
0.2545,5.701427936553955,1.0193148582515275e-05,1.9807140995569457,68400,,,,,,,,,
0.2521,22.069997787475586,1.0178669678278747e-05,1.9821619899805982,68450,,,,,,,,,
0.2694,13.35448932647705,1.016419077404222e-05,1.983609880404251,68500,,,,,,,,,
0.286,7.226043224334717,1.0149711869805693e-05,1.9850577708279036,68550,,,,,,,,,
0.2657,12.126436233520508,1.0135232965569165e-05,1.9865056612515564,68600,,,,,,,,,
0.2205,10.140936851501465,1.0120754061332638e-05,1.9879535516752092,68650,,,,,,,,,
0.2793,5.754527568817139,1.010627515709611e-05,1.989401442098862,68700,,,,,,,,,
0.243,3.419660806655884,1.0091796252859583e-05,1.9908493325225147,68750,,,,,,,,,
0.279,2.9623281955718994,1.0077317348623056e-05,1.9922972229461675,68800,,,,,,,,,
0.2744,14.945603370666504,1.0062838444386529e-05,1.9937451133698203,68850,,,,,,,,,
0.225,16.878049850463867,1.0048359540150001e-05,1.9951930037934729,68900,,,,,,,,,
0.2583,6.9089202880859375,1.0033880635913474e-05,1.9966408942171257,68950,,,,,,,,,
0.2795,4.940694808959961,1.0019401731676947e-05,1.9980887846407784,69000,,,,,,,,,
0.3178,16.975120544433594,1.000492282744042e-05,1.999536675064431,69050,,,,,,,,,
0.2323,10.70797348022461,9.990443923203892e-06,2.000984565488084,69100,,,,,,,,,
0.1482,3.9281792640686035,9.975965018967365e-06,2.0024324559117366,69150,,,,,,,,,
0.1884,35.740257263183594,9.961486114730837e-06,2.0038803463353894,69200,,,,,,,,,
0.1999,24.122190475463867,9.94700721049431e-06,2.005328236759042,69250,,,,,,,,,
0.1542,0.8603290319442749,9.932528306257783e-06,2.006776127182695,69300,,,,,,,,,
0.1518,8.158308982849121,9.918049402021255e-06,2.0082240176063477,69350,,,,,,,,,
0.18,0.6557434797286987,9.903570497784728e-06,2.0096719080300005,69400,,,,,,,,,
0.1677,13.012582778930664,9.8890915935482e-06,2.011119798453653,69450,,,,,,,,,
0.194,2.0279934406280518,9.874612689311673e-06,2.0125676888773056,69500,,,,,,,,,
0.1545,8.44057559967041,9.860133785075144e-06,2.0140155793009584,69550,,,,,,,,,
0.1841,6.790958404541016,9.845654880838617e-06,2.015463469724611,69600,,,,,,,,,
0.1803,3.9785637855529785,9.83117597660209e-06,2.016911360148264,69650,,,,,,,,,
0.1731,1.0318349599838257,9.816697072365562e-06,2.018359250571917,69700,,,,,,,,,
0.1953,9.844876289367676,9.802218168129035e-06,2.0198071409955696,69750,,,,,,,,,
0.1741,19.316394805908203,9.787739263892508e-06,2.0212550314192224,69800,,,,,,,,,
0.1854,3.318033456802368,9.77326035965598e-06,2.022702921842875,69850,,,,,,,,,
0.1534,23.931869506835938,9.758781455419453e-06,2.0241508122665275,69900,,,,,,,,,
0.2194,8.429267883300781,9.744302551182926e-06,2.0255987026901803,69950,,,,,,,,,
0.2062,5.23616886138916,9.729823646946398e-06,2.027046593113833,70000,,,,,,,,,
,,,2.027046593113833,70000,0.6184253692626953,349.9461,395.692,24.732,,,,,
0.1669,5.181462287902832,9.715344742709871e-06,2.028494483537486,70050,,,,,,,,,
0.1989,8.529414176940918,9.700865838473344e-06,2.0299423739611386,70100,,,,,,,,,
0.1917,5.286991119384766,9.686386934236816e-06,2.0313902643847914,70150,,,,,,,,,
0.1468,1.690131664276123,9.671908030000289e-06,2.032838154808444,70200,,,,,,,,,
0.1768,15.656769752502441,9.657429125763763e-06,2.034286045232097,70250,,,,,,,,,
0.1823,30.0087890625,9.642950221527236e-06,2.03573393565575,70300,,,,,,,,,
0.16,18.871912002563477,9.628471317290709e-06,2.037181826079402,70350,,,,,,,,,
0.1494,3.68118953704834,9.613992413054181e-06,2.038629716503055,70400,,,,,,,,,
0.1849,7.781820297241211,9.599513508817654e-06,2.0400776069267077,70450,,,,,,,,,
0.1814,3.6682846546173096,9.585034604581127e-06,2.0415254973503605,70500,,,,,,,,,
0.2142,9.572068214416504,9.5705557003446e-06,2.0429733877740133,70550,,,,,,,,,
0.1503,15.034242630004883,9.556076796108072e-06,2.044421278197666,70600,,,,,,,,,
0.1679,11.885773658752441,9.541597891871545e-06,2.045869168621319,70650,,,,,,,,,
0.1517,5.8342671394348145,9.527118987635017e-06,2.0473170590449716,70700,,,,,,,,,
0.166,2.675352096557617,9.51264008339849e-06,2.0487649494686244,70750,,,,,,,,,
0.1458,0.6438578367233276,9.498161179161961e-06,2.0502128398922768,70800,,,,,,,,,
0.1522,8.417600631713867,9.483682274925434e-06,2.0516607303159295,70850,,,,,,,,,
0.1577,7.5222883224487305,9.469203370688906e-06,2.0531086207395823,70900,,,,,,,,,
0.1908,14.14476490020752,9.454724466452379e-06,2.054556511163235,70950,,,,,,,,,
0.1671,2.730592966079712,9.440245562215852e-06,2.056004401586888,71000,,,,,,,,,
0.1883,19.81009292602539,9.425766657979324e-06,2.0574522920105407,71050,,,,,,,,,
0.1616,4.687885284423828,9.411287753742797e-06,2.0589001824341935,71100,,,,,,,,,
0.1453,23.139755249023438,9.39680884950627e-06,2.0603480728578463,71150,,,,,,,,,
0.1647,1.5594868659973145,9.382329945269742e-06,2.061795963281499,71200,,,,,,,,,
0.1695,2.4750728607177734,9.367851041033215e-06,2.0632438537051514,71250,,,,,,,,,
0.2193,23.997941970825195,9.353372136796688e-06,2.064691744128804,71300,,,,,,,,,
0.1495,5.8741230964660645,9.33889323256016e-06,2.066139634552457,71350,,,,,,,,,
0.1777,5.253815650939941,9.324414328323633e-06,2.0675875249761098,71400,,,,,,,,,
0.1729,5.327943325042725,9.309935424087106e-06,2.0690354153997625,71450,,,,,,,,,
0.1345,17.41785430908203,9.295456519850578e-06,2.0704833058234153,71500,,,,,,,,,
0.2054,34.30702590942383,9.280977615614051e-06,2.071931196247068,71550,,,,,,,,,
0.1743,13.169301986694336,9.266498711377524e-06,2.073379086670721,71600,,,,,,,,,
0.2153,16.015396118164062,9.252019807140996e-06,2.0748269770943737,71650,,,,,,,,,
0.1767,10.249218940734863,9.237540902904469e-06,2.076274867518026,71700,,,,,,,,,
0.2087,14.736812591552734,9.223061998667942e-06,2.077722757941679,71750,,,,,,,,,
0.1746,12.613642692565918,9.208583094431414e-06,2.0791706483653316,71800,,,,,,,,,
0.2038,3.982386827468872,9.194104190194887e-06,2.0806185387889844,71850,,,,,,,,,
0.2316,3.6700706481933594,9.17962528595836e-06,2.082066429212637,71900,,,,,,,,,
0.147,4.27993631362915,9.165146381721832e-06,2.08351431963629,71950,,,,,,,,,
0.1385,16.344219207763672,9.150667477485305e-06,2.0849622100599428,72000,,,,,,,,,
0.1533,12.221672058105469,9.136188573248776e-06,2.0864101004835955,72050,,,,,,,,,
0.167,14.177896499633789,9.121709669012249e-06,2.0878579909072483,72100,,,,,,,,,
0.1242,6.789412021636963,9.107230764775721e-06,2.0893058813309007,72150,,,,,,,,,
0.1647,4.260742664337158,9.092751860539194e-06,2.0907537717545535,72200,,,,,,,,,
0.1942,19.662025451660156,9.078272956302667e-06,2.0922016621782062,72250,,,,,,,,,
0.2081,1.172455906867981,9.06379405206614e-06,2.093649552601859,72300,,,,,,,,,
0.1987,9.721111297607422,9.049315147829612e-06,2.095097443025512,72350,,,,,,,,,
0.1934,3.940290689468384,9.034836243593085e-06,2.0965453334491646,72400,,,,,,,,,
0.1945,2.207688331604004,9.020357339356557e-06,2.0979932238728174,72450,,,,,,,,,
0.154,10.261504173278809,9.00587843512003e-06,2.09944111429647,72500,,,,,,,,,
0.2454,7.337751865386963,8.991399530883503e-06,2.100889004720123,72550,,,,,,,,,
0.1814,16.08220672607422,8.976920626646975e-06,2.1023368951437753,72600,,,,,,,,,
0.1595,17.874988555908203,8.962441722410448e-06,2.103784785567428,72650,,,,,,,,,
0.2047,14.342094421386719,8.94796281817392e-06,2.105232675991081,72700,,,,,,,,,
0.1965,17.3887882232666,8.933483913937393e-06,2.1066805664147337,72750,,,,,,,,,
0.2156,8.602569580078125,8.919005009700866e-06,2.1081284568383865,72800,,,,,,,,,
0.1777,2.3402035236358643,8.904526105464339e-06,2.1095763472620392,72850,,,,,,,,,
0.1455,4.693553447723389,8.890047201227811e-06,2.111024237685692,72900,,,,,,,,,
0.1827,7.300755023956299,8.875568296991284e-06,2.112472128109345,72950,,,,,,,,,
0.1847,2.564044952392578,8.861089392754757e-06,2.1139200185329976,73000,,,,,,,,,
0.1496,5.519257068634033,8.84661048851823e-06,2.1153679089566504,73050,,,,,,,,,
0.1476,9.38536548614502,8.832131584281702e-06,2.1168157993803027,73100,,,,,,,,,
0.208,9.50826644897461,8.817652680045175e-06,2.1182636898039555,73150,,,,,,,,,
0.1628,12.435129165649414,8.803173775808647e-06,2.1197115802276083,73200,,,,,,,,,
0.1847,13.600831985473633,8.788694871572118e-06,2.121159470651261,73250,,,,,,,,,
0.1864,0.4487961530685425,8.774215967335591e-06,2.122607361074914,73300,,,,,,,,,
0.1652,10.383157730102539,8.759737063099064e-06,2.1240552514985667,73350,,,,,,,,,
0.1529,8.18575382232666,8.745258158862536e-06,2.1255031419222195,73400,,,,,,,,,
0.18,8.653877258300781,8.730779254626009e-06,2.1269510323458722,73450,,,,,,,,,
0.171,22.13787269592285,8.716300350389482e-06,2.1283989227695246,73500,,,,,,,,,
0.166,0.6746002435684204,8.701821446152954e-06,2.1298468131931774,73550,,,,,,,,,
0.1856,2.668421506881714,8.687342541916427e-06,2.13129470361683,73600,,,,,,,,,
0.1499,0.39684244990348816,8.6728636376799e-06,2.132742594040483,73650,,,,,,,,,
0.1422,5.0977630615234375,8.658384733443372e-06,2.1341904844641357,73700,,,,,,,,,
0.209,3.179542303085327,8.643905829206847e-06,2.1356383748877885,73750,,,,,,,,,
0.168,10.78743839263916,8.62942692497032e-06,2.1370862653114413,73800,,,,,,,,,
0.2177,3.4816925525665283,8.614948020733792e-06,2.138534155735094,73850,,,,,,,,,
0.1625,0.0733405128121376,8.600469116497265e-06,2.139982046158747,73900,,,,,,,,,
0.2184,10.006974220275879,8.585990212260737e-06,2.1414299365823997,73950,,,,,,,,,
0.1597,4.697280406951904,8.57151130802421e-06,2.142877827006052,74000,,,,,,,,,
0.175,6.254995346069336,8.557032403787683e-06,2.144325717429705,74050,,,,,,,,,
0.1994,3.53609299659729,8.542553499551155e-06,2.1457736078533576,74100,,,,,,,,,
0.17,11.431163787841797,8.528074595314628e-06,2.1472214982770104,74150,,,,,,,,,
0.1714,4.31614875793457,8.5135956910781e-06,2.148669388700663,74200,,,,,,,,,
0.1594,26.236621856689453,8.499116786841573e-06,2.150117279124316,74250,,,,,,,,,
0.2364,22.981002807617188,8.484637882605046e-06,2.1515651695479687,74300,,,,,,,,,
0.1358,9.372859001159668,8.470158978368518e-06,2.1530130599716215,74350,,,,,,,,,
0.1965,2.175065279006958,8.455680074131991e-06,2.154460950395274,74400,,,,,,,,,
0.1441,12.607562065124512,8.441201169895464e-06,2.1559088408189266,74450,,,,,,,,,
0.1933,3.903855562210083,8.426722265658935e-06,2.1573567312425794,74500,,,,,,,,,
0.1712,4.695542335510254,8.412243361422407e-06,2.158804621666232,74550,,,,,,,,,
0.1944,17.536937713623047,8.39776445718588e-06,2.160252512089885,74600,,,,,,,,,
0.1661,5.96962308883667,8.383285552949353e-06,2.161700402513538,74650,,,,,,,,,
0.1639,12.910786628723145,8.368806648712825e-06,2.1631482929371906,74700,,,,,,,,,
0.1766,15.675590515136719,8.354327744476298e-06,2.1645961833608434,74750,,,,,,,,,
0.1765,8.860184669494629,8.33984884023977e-06,2.166044073784496,74800,,,,,,,,,
0.1495,7.508033752441406,8.325369936003243e-06,2.167491964208149,74850,,,,,,,,,
0.2046,2.6142916679382324,8.310891031766716e-06,2.1689398546318013,74900,,,,,,,,,
0.1929,2.1285204887390137,8.296412127530189e-06,2.170387745055454,74950,,,,,,,,,
0.1265,5.064583778381348,8.281933223293661e-06,2.171835635479107,75000,,,,,,,,,
,,,2.171835635479107,75000,0.6787641048431396,349.8702,395.778,24.738,,,,,
0.174,5.911703109741211,8.267454319057134e-06,2.1732835259027596,75050,,,,,,,,,
0.1332,8.77596664428711,8.252975414820607e-06,2.1747314163264124,75100,,,,,,,,,
0.187,16.309797286987305,8.23849651058408e-06,2.176179306750065,75150,,,,,,,,,
0.1442,3.6040046215057373,8.224017606347552e-06,2.177627197173718,75200,,,,,,,,,
0.2158,8.320865631103516,8.209538702111025e-06,2.179075087597371,75250,,,,,,,,,
0.205,25.129003524780273,8.195059797874497e-06,2.1805229780210236,75300,,,,,,,,,
0.1736,2.294050693511963,8.18058089363797e-06,2.181970868444676,75350,,,,,,,,,
0.1863,12.471879005432129,8.166101989401443e-06,2.1834187588683287,75400,,,,,,,,,
0.1732,10.467018127441406,8.151623085164915e-06,2.1848666492919815,75450,,,,,,,,,
0.1587,24.093917846679688,8.137144180928388e-06,2.1863145397156343,75500,,,,,,,,,
0.1376,4.315735816955566,8.12266527669186e-06,2.187762430139287,75550,,,,,,,,,
0.2135,6.257147789001465,8.108186372455333e-06,2.18921032056294,75600,,,,,,,,,
0.2518,15.59754467010498,8.093707468218806e-06,2.1906582109865926,75650,,,,,,,,,
0.1709,0.9148473739624023,8.079228563982279e-06,2.1921061014102454,75700,,,,,,,,,
0.1854,3.93428111076355,8.06474965974575e-06,2.193553991833898,75750,,,,,,,,,
0.1341,7.657866954803467,8.050270755509222e-06,2.1950018822575506,75800,,,,,,,,,
0.1234,11.523625373840332,8.035791851272695e-06,2.1964497726812033,75850,,,,,,,,,
0.1641,12.854281425476074,8.021312947036168e-06,2.197897663104856,75900,,,,,,,,,
0.1826,6.59663200378418,8.00683404279964e-06,2.199345553528509,75950,,,,,,,,,
0.171,0.2343665510416031,7.992355138563113e-06,2.2007934439521617,76000,,,,,,,,,
0.155,0.6673611998558044,7.977876234326586e-06,2.2022413343758145,76050,,,,,,,,,
0.1529,14.902473449707031,7.963397330090058e-06,2.2036892247994673,76100,,,,,,,,,
0.1577,21.266447067260742,7.948918425853531e-06,2.20513711522312,76150,,,,,,,,,
0.1477,10.151317596435547,7.934439521617004e-06,2.206585005646773,76200,,,,,,,,,
0.1952,29.142004013061523,7.919960617380476e-06,2.208032896070425,76250,,,,,,,,,
0.1776,8.252073287963867,7.905481713143949e-06,2.209480786494078,76300,,,,,,,,,
0.1958,17.01994514465332,7.891002808907422e-06,2.2109286769177308,76350,,,,,,,,,
0.1807,13.46635627746582,7.876523904670894e-06,2.2123765673413835,76400,,,,,,,,,
0.1527,3.9410643577575684,7.862045000434367e-06,2.2138244577650363,76450,,,,,,,,,
0.2059,22.248262405395508,7.84756609619784e-06,2.215272348188689,76500,,,,,,,,,
0.2165,14.403860092163086,7.833087191961312e-06,2.216720238612342,76550,,,,,,,,,
0.157,3.816805362701416,7.818608287724785e-06,2.2181681290359947,76600,,,,,,,,,
0.1531,17.158109664916992,7.804129383488258e-06,2.2196160194596475,76650,,,,,,,,,
0.1863,2.5258238315582275,7.78965047925173e-06,2.2210639098833,76700,,,,,,,,,
0.1695,3.842947244644165,7.775171575015203e-06,2.2225118003069526,76750,,,,,,,,,
0.2217,34.459129333496094,7.760692670778676e-06,2.2239596907306054,76800,,,,,,,,,
0.1726,10.18746280670166,7.746213766542148e-06,2.225407581154258,76850,,,,,,,,,
0.2182,7.136916637420654,7.731734862305621e-06,2.226855471577911,76900,,,,,,,,,
0.2021,5.312053203582764,7.717255958069094e-06,2.2283033620015638,76950,,,,,,,,,
0.1386,18.969518661499023,7.702777053832565e-06,2.2297512524252165,77000,,,,,,,,,
0.1908,3.5033388137817383,7.688298149596037e-06,2.2311991428488693,77050,,,,,,,,,
0.1474,0.9020881652832031,7.67381924535951e-06,2.232647033272522,77100,,,,,,,,,
0.1788,6.594899654388428,7.659340341122983e-06,2.2340949236961745,77150,,,,,,,,,
0.2179,6.555391311645508,7.644861436886455e-06,2.2355428141198272,77200,,,,,,,,,
0.1797,11.192171096801758,7.63038253264993e-06,2.23699070454348,77250,,,,,,,,,
0.1746,5.043282508850098,7.6159036284134015e-06,2.238438594967133,77300,,,,,,,,,
0.144,6.117165565490723,7.601424724176874e-06,2.2398864853907856,77350,,,,,,,,,
0.2168,4.561694622039795,7.586945819940347e-06,2.2413343758144384,77400,,,,,,,,,
0.1312,10.759742736816406,7.5724669157038194e-06,2.242782266238091,77450,,,,,,,,,
0.1787,1.7173550128936768,7.557988011467292e-06,2.244230156661744,77500,,,,,,,,,
0.1743,12.712218284606934,7.543509107230765e-06,2.2456780470853968,77550,,,,,,,,,
0.1996,26.57067108154297,7.5290302029942374e-06,2.2471259375090495,77600,,,,,,,,,
0.1633,10.200189590454102,7.51455129875771e-06,2.248573827932702,77650,,,,,,,,,
0.1691,6.7205352783203125,7.500072394521183e-06,2.2500217183563547,77700,,,,,,,,,
0.2065,0.5631958842277527,7.4855934902846554e-06,2.2514696087800075,77750,,,,,,,,,
0.2071,3.2618942260742188,7.471114586048128e-06,2.2529174992036602,77800,,,,,,,,,
0.1536,12.005407333374023,7.456635681811601e-06,2.254365389627313,77850,,,,,,,,,
0.2318,3.680624008178711,7.442156777575073e-06,2.255813280050966,77900,,,,,,,,,
0.1779,10.496129989624023,7.427677873338545e-06,2.2572611704746186,77950,,,,,,,,,
0.1572,11.498950004577637,7.413198969102018e-06,2.2587090608982714,78000,,,,,,,,,
0.1694,3.55342960357666,7.3987200648654906e-06,2.2601569513219237,78050,,,,,,,,,
0.188,19.207120895385742,7.384241160628963e-06,2.2616048417455765,78100,,,,,,,,,
0.1431,2.4015862941741943,7.369762256392437e-06,2.2630527321692293,78150,,,,,,,,,
0.1377,20.491622924804688,7.355283352155909e-06,2.264500622592882,78200,,,,,,,,,
0.188,27.588586807250977,7.340804447919382e-06,2.265948513016535,78250,,,,,,,,,
0.1922,4.3507490158081055,7.326325543682855e-06,2.2673964034401877,78300,,,,,,,,,
0.157,6.246464252471924,7.311846639446327e-06,2.2688442938638405,78350,,,,,,,,,
0.1846,1.2784091234207153,7.2973677352098e-06,2.2702921842874932,78400,,,,,,,,,
0.1526,7.002358913421631,7.282888830973273e-06,2.271740074711146,78450,,,,,,,,,
0.1703,5.92288064956665,7.268409926736745e-06,2.273187965134799,78500,,,,,,,,,
0.1412,2.39066481590271,7.253931022500217e-06,2.274635855558451,78550,,,,,,,,,
0.1849,19.14487075805664,7.23945211826369e-06,2.276083745982104,78600,,,,,,,,,
0.1759,5.079428195953369,7.2249732140271625e-06,2.2775316364057567,78650,,,,,,,,,
0.1569,10.178131103515625,7.210494309790635e-06,2.2789795268294095,78700,,,,,,,,,
0.1388,6.419146537780762,7.196015405554108e-06,2.2804274172530623,78750,,,,,,,,,
0.2034,2.8546223640441895,7.1815365013175805e-06,2.281875307676715,78800,,,,,,,,,
0.1533,7.053957939147949,7.167057597081053e-06,2.283323198100368,78850,,,,,,,,,
0.1649,12.082427024841309,7.152578692844526e-06,2.2847710885240207,78900,,,,,,,,,
0.1622,10.785869598388672,7.1380997886079985e-06,2.286218978947673,78950,,,,,,,,,
0.1119,14.96088695526123,7.123620884371471e-06,2.287666869371326,79000,,,,,,,,,
0.1477,10.081308364868164,7.109141980134944e-06,2.2891147597949786,79050,,,,,,,,,
0.1916,1.4922372102737427,7.0946630758984165e-06,2.2905626502186314,79100,,,,,,,,,
0.1406,5.485852241516113,7.080184171661888e-06,2.292010540642284,79150,,,,,,,,,
0.1571,14.879694938659668,7.065705267425361e-06,2.293458431065937,79200,,,,,,,,,
0.1668,0.6205360889434814,7.051226363188834e-06,2.2949063214895897,79250,,,,,,,,,
0.1618,11.140778541564941,7.036747458952306e-06,2.2963542119132425,79300,,,,,,,,,
0.1863,18.00206184387207,7.022268554715779e-06,2.2978021023368953,79350,,,,,,,,,
0.1915,30.211416244506836,7.007789650479252e-06,2.299249992760548,79400,,,,,,,,,
0.2017,2.565953493118286,6.993310746242724e-06,2.3006978831842004,79450,,,,,,,,,
0.1836,7.738764762878418,6.978831842006197e-06,2.302145773607853,79500,,,,,,,,,
0.2022,9.305187225341797,6.96435293776967e-06,2.303593664031506,79550,,,,,,,,,
0.1719,17.550384521484375,6.949874033533142e-06,2.305041554455159,79600,,,,,,,,,
0.1616,1.0685688257217407,6.935395129296615e-06,2.3064894448788116,79650,,,,,,,,,
0.2228,27.538331985473633,6.920916225060088e-06,2.3079373353024644,79700,,,,,,,,,
0.1673,7.8237690925598145,6.90643732082356e-06,2.309385225726117,79750,,,,,,,,,
0.1826,21.44979476928711,6.891958416587032e-06,2.31083311614977,79800,,,,,,,,,
0.1506,6.325852394104004,6.877479512350505e-06,2.3122810065734223,79850,,,,,,,,,
0.1533,6.890839576721191,6.863000608113978e-06,2.313728896997075,79900,,,,,,,,,
0.1796,14.724302291870117,6.848521703877451e-06,2.315176787420728,79950,,,,,,,,,
0.1982,24.815805435180664,6.834042799640924e-06,2.3166246778443806,80000,,,,,,,,,
,,,2.3166246778443806,80000,0.668922483921051,350.0058,395.625,24.728,,,,,
0.1559,12.346647262573242,6.819563895404396e-06,2.3180725682680334,80050,,,,,,,,,
0.1504,2.296402931213379,6.805084991167869e-06,2.319520458691686,80100,,,,,,,,,
0.1493,27.632427215576172,6.790606086931342e-06,2.320968349115339,80150,,,,,,,,,
0.1766,30.106491088867188,6.776127182694814e-06,2.322416239538992,80200,,,,,,,,,
0.1802,23.573162078857422,6.761648278458287e-06,2.3238641299626446,80250,,,,,,,,,
0.1956,6.8191351890563965,6.74716937422176e-06,2.3253120203862974,80300,,,,,,,,,
0.1842,0.48739054799079895,6.732690469985232e-06,2.32675991080995,80350,,,,,,,,,
0.1482,21.277027130126953,6.718211565748704e-06,2.3282078012336025,80400,,,,,,,,,
0.189,7.655129432678223,6.703732661512177e-06,2.3296556916572553,80450,,,,,,,,,
0.1468,9.439552307128906,6.6892537572756494e-06,2.331103582080908,80500,,,,,,,,,
0.1506,47.567867279052734,6.674774853039122e-06,2.332551472504561,80550,,,,,,,,,
0.1803,18.355613708496094,6.660295948802595e-06,2.3339993629282136,80600,,,,,,,,,
0.1664,0.35360395908355713,6.645817044566067e-06,2.3354472533518664,80650,,,,,,,,,
0.1671,10.906726837158203,6.63133814032954e-06,2.336895143775519,80700,,,,,,,,,
0.2224,0.9197443723678589,6.616859236093013e-06,2.338343034199172,80750,,,,,,,,,
0.1368,21.48172950744629,6.602380331856485e-06,2.3397909246228243,80800,,,,,,,,,
0.1715,21.151872634887695,6.587901427619958e-06,2.341238815046477,80850,,,,,,,,,
0.1932,12.297539710998535,6.573422523383431e-06,2.34268670547013,80900,,,,,,,,,
0.1594,7.495997428894043,6.558943619146903e-06,2.3441345958937827,80950,,,,,,,,,
0.1595,7.41426944732666,6.544464714910375e-06,2.3455824863174355,81000,,,,,,,,,
0.1689,12.544720649719238,6.529985810673848e-06,2.3470303767410883,81050,,,,,,,,,
0.1894,4.490399360656738,6.5155069064373206e-06,2.348478267164741,81100,,,,,,,,,
0.1986,13.06512451171875,6.501028002200793e-06,2.349926157588394,81150,,,,,,,,,
0.1817,35.884429931640625,6.486549097964266e-06,2.3513740480120466,81200,,,,,,,,,
0.1425,3.785799980163574,6.4720701937277385e-06,2.3528219384356994,81250,,,,,,,,,
0.1491,55.77165603637695,6.457591289491211e-06,2.3542698288593518,81300,,,,,,,,,
0.1849,6.016066074371338,6.443112385254684e-06,2.3557177192830046,81350,,,,,,,,,
0.1716,0.6154715418815613,6.4286334810181565e-06,2.3571656097066573,81400,,,,,,,,,
0.1582,3.6245908737182617,6.414154576781629e-06,2.35861350013031,81450,,,,,,,,,
0.1468,12.160955429077148,6.399675672545102e-06,2.360061390553963,81500,,,,,,,,,
0.1537,45.98432922363281,6.3851967683085745e-06,2.3615092809776157,81550,,,,,,,,,
0.1875,7.453176975250244,6.370717864072047e-06,2.3629571714012685,81600,,,,,,,,,
0.1625,2.2495503425598145,6.35623895983552e-06,2.3644050618249213,81650,,,,,,,,,
0.1961,25.46725845336914,6.3417600555989925e-06,2.3658529522485736,81700,,,,,,,,,
0.1895,10.036625862121582,6.327281151362465e-06,2.3673008426722264,81750,,,,,,,,,
0.1598,20.260173797607422,6.312802247125938e-06,2.368748733095879,81800,,,,,,,,,
0.1793,0.7779606580734253,6.2983233428894105e-06,2.370196623519532,81850,,,,,,,,,
0.158,33.63459777832031,6.283844438652883e-06,2.3716445139431848,81900,,,,,,,,,
0.1279,21.19748306274414,6.269365534416356e-06,2.3730924043668375,81950,,,,,,,,,
0.1573,1.7358579635620117,6.2548866301798285e-06,2.3745402947904903,82000,,,,,,,,,
0.1532,0.5894826054573059,6.240407725943301e-06,2.375988185214143,82050,,,,,,,,,
0.1431,0.4317806363105774,6.225928821706774e-06,2.377436075637796,82100,,,,,,,,,
0.1562,21.301048278808594,6.2114499174702465e-06,2.3788839660614487,82150,,,,,,,,,
0.1565,6.149083137512207,6.196971013233719e-06,2.380331856485101,82200,,,,,,,,,
0.1601,1.408738374710083,6.182492108997191e-06,2.381779746908754,82250,,,,,,,,,
0.155,14.433384895324707,6.168013204760664e-06,2.3832276373324066,82300,,,,,,,,,
0.1872,8.605055809020996,6.153534300524136e-06,2.3846755277560594,82350,,,,,,,,,
0.1703,10.448115348815918,6.139055396287609e-06,2.386123418179712,82400,,,,,,,,,
0.1694,10.190025329589844,6.124576492051082e-06,2.387571308603365,82450,,,,,,,,,
0.1736,16.56648826599121,6.110097587814554e-06,2.3890191990270178,82500,,,,,,,,,
0.1785,16.182811737060547,6.095618683578027e-06,2.3904670894506705,82550,,,,,,,,,
0.1882,12.864651679992676,6.0811397793415e-06,2.391914979874323,82600,,,,,,,,,
0.1853,16.86159896850586,6.066660875104972e-06,2.3933628702979757,82650,,,,,,,,,
0.1614,13.455192565917969,6.052181970868445e-06,2.3948107607216285,82700,,,,,,,,,
0.1461,7.676095008850098,6.037703066631918e-06,2.3962586511452812,82750,,,,,,,,,
0.2019,5.799074172973633,6.02322416239539e-06,2.397706541568934,82800,,,,,,,,,
0.1727,1.4914262294769287,6.008745258158862e-06,2.399154431992587,82850,,,,,,,,,
0.1884,6.953571796417236,5.994266353922335e-06,2.4006023224162396,82900,,,,,,,,,
0.1755,4.394828796386719,5.9797874496858074e-06,2.4020502128398924,82950,,,,,,,,,
0.1466,29.718917846679688,5.96530854544928e-06,2.403498103263545,83000,,,,,,,,,
0.1493,3.040412425994873,5.950829641212753e-06,2.404945993687198,83050,,,,,,,,,
0.1515,21.00955581665039,5.9363507369762254e-06,2.4063938841108503,83100,,,,,,,,,
0.1879,21.06483268737793,5.921871832739698e-06,2.407841774534503,83150,,,,,,,,,
0.1796,24.817363739013672,5.907392928503171e-06,2.409289664958156,83200,,,,,,,,,
0.1996,4.505593776702881,5.892914024266643e-06,2.4107375553818087,83250,,,,,,,,,
0.1413,14.306039810180664,5.878435120030116e-06,2.4121854458054615,83300,,,,,,,,,
0.1702,11.821484565734863,5.863956215793589e-06,2.4136333362291142,83350,,,,,,,,,
0.1577,6.307238578796387,5.849477311557061e-06,2.415081226652767,83400,,,,,,,,,
0.2131,15.3840970993042,5.834998407320535e-06,2.41652911707642,83450,,,,,,,,,
0.146,13.384800910949707,5.820519503084007e-06,2.417977007500072,83500,,,,,,,,,
0.1546,0.9542794227600098,5.806040598847479e-06,2.419424897923725,83550,,,,,,,,,
0.1577,22.618024826049805,5.791561694610952e-06,2.4208727883473777,83600,,,,,,,,,
0.2206,27.232746124267578,5.777082790374425e-06,2.4223206787710305,83650,,,,,,,,,
0.1459,10.22794246673584,5.762603886137897e-06,2.4237685691946833,83700,,,,,,,,,
0.1873,2.354990243911743,5.74812498190137e-06,2.425216459618336,83750,,,,,,,,,
0.1682,8.566404342651367,5.733646077664843e-06,2.426664350041989,83800,,,,,,,,,
0.1151,18.256332397460938,5.719167173428315e-06,2.4281122404656417,83850,,,,,,,,,
0.1885,9.79696273803711,5.704688269191788e-06,2.4295601308892945,83900,,,,,,,,,
0.1367,2.6030914783477783,5.690209364955261e-06,2.4310080213129472,83950,,,,,,,,,
0.1391,14.836954116821289,5.675730460718733e-06,2.4324559117365996,84000,,,,,,,,,
0.1412,20.716333389282227,5.661251556482206e-06,2.4339038021602524,84050,,,,,,,,,
0.1588,5.945417881011963,5.646772652245678e-06,2.435351692583905,84100,,,,,,,,,
0.1488,13.607707977294922,5.6322937480091505e-06,2.436799583007558,84150,,,,,,,,,
0.1316,21.031179428100586,5.617814843772623e-06,2.4382474734312107,84200,,,,,,,,,
0.1632,6.569911956787109,5.603335939536096e-06,2.4396953638548635,84250,,,,,,,,,
0.1806,34.50867462158203,5.5888570352995685e-06,2.4411432542785163,84300,,,,,,,,,
0.1257,3.9047353267669678,5.574378131063041e-06,2.442591144702169,84350,,,,,,,,,
0.2037,13.671804428100586,5.559899226826514e-06,2.4440390351258214,84400,,,,,,,,,
0.1467,40.11363983154297,5.5454203225899865e-06,2.445486925549474,84450,,,,,,,,,
0.1623,3.154280185699463,5.530941418353459e-06,2.446934815973127,84500,,,,,,,,,
0.1675,3.870783567428589,5.516462514116932e-06,2.44838270639678,84550,,,,,,,,,
0.1859,0.14451029896736145,5.5019836098804045e-06,2.4498305968204326,84600,,,,,,,,,
0.184,8.005889892578125,5.487504705643877e-06,2.4512784872440854,84650,,,,,,,,,
0.1641,6.750918388366699,5.47302580140735e-06,2.452726377667738,84700,,,,,,,,,
0.1774,22.16385841369629,5.458546897170822e-06,2.454174268091391,84750,,,,,,,,,
0.1172,6.886922359466553,5.444067992934294e-06,2.4556221585150437,84800,,,,,,,,,
0.1989,5.061917304992676,5.429589088697767e-06,2.4570700489386965,84850,,,,,,,,,
0.1591,8.499000549316406,5.41511018446124e-06,2.4585179393623493,84900,,,,,,,,,
0.1399,6.3374342918396,5.400631280224712e-06,2.4599658297860016,84950,,,,,,,,,
0.2421,15.74221420288086,5.386152375988185e-06,2.4614137202096544,85000,,,,,,,,,
,,,2.4614137202096544,85000,0.6692128777503967,350.4383,395.137,24.698,,,,,
0.1711,9.614615440368652,5.371673471751658e-06,2.462861610633307,85050,,,,,,,,,
0.1915,10.503555297851562,5.35719456751513e-06,2.46430950105696,85100,,,,,,,,,
0.1692,17.188905715942383,5.342715663278603e-06,2.465757391480613,85150,,,,,,,,,
0.1462,5.21696662902832,5.3282367590420765e-06,2.4672052819042656,85200,,,,,,,,,
0.1821,0.7686175107955933,5.313757854805549e-06,2.4686531723279184,85250,,,,,,,,,
0.1655,15.669437408447266,5.299278950569022e-06,2.470101062751571,85300,,,,,,,,,
0.1545,14.537435531616211,5.284800046332494e-06,2.4715489531752235,85350,,,,,,,,,
0.1307,13.52251148223877,5.270321142095966e-06,2.4729968435988763,85400,,,,,,,,,
0.1502,6.957659721374512,5.255842237859439e-06,2.474444734022529,85450,,,,,,,,,
0.1424,0.50144362449646,5.241363333622912e-06,2.475892624446182,85500,,,,,,,,,
0.206,25.172876358032227,5.226884429386384e-06,2.4773405148698346,85550,,,,,,,,,
0.1816,29.536497116088867,5.212405525149857e-06,2.4787884052934874,85600,,,,,,,,,
0.1584,11.670652389526367,5.19792662091333e-06,2.48023629571714,85650,,,,,,,,,
0.1843,6.948523998260498,5.183447716676802e-06,2.481684186140793,85700,,,,,,,,,
0.1586,0.8665584921836853,5.168968812440275e-06,2.483132076564446,85750,,,,,,,,,
0.1882,3.7604269981384277,5.154489908203748e-06,2.4845799669880986,85800,,,,,,,,,
0.2098,20.486536026000977,5.14001100396722e-06,2.486027857411751,85850,,,,,,,,,
0.2166,5.375737190246582,5.125532099730693e-06,2.4874757478354037,85900,,,,,,,,,
0.1519,17.98204231262207,5.111053195494165e-06,2.4889236382590565,85950,,,,,,,,,
0.1572,17.28350257873535,5.096574291257637e-06,2.4903715286827093,86000,,,,,,,,,
0.1766,2.145897150039673,5.08209538702111e-06,2.491819419106362,86050,,,,,,,,,
0.1912,6.058983325958252,5.067616482784583e-06,2.493267309530015,86100,,,,,,,,,
0.1368,4.054664611816406,5.053137578548055e-06,2.4947151999536676,86150,,,,,,,,,
0.135,24.434391021728516,5.038658674311528e-06,2.4961630903773204,86200,,,,,,,,,
0.1895,1.133341670036316,5.024179770075001e-06,2.4976109808009728,86250,,,,,,,,,
0.1958,34.88702392578125,5.009700865838473e-06,2.4990588712246256,86300,,,,,,,,,
0.1616,5.773773193359375,4.995221961601946e-06,2.5005067616482783,86350,,,,,,,,,
0.1469,1.6877065896987915,4.980743057365419e-06,2.501954652071931,86400,,,,,,,,,
0.1872,0.6815657615661621,4.966264153128891e-06,2.503402542495584,86450,,,,,,,,,
0.1605,7.140171051025391,4.951785248892364e-06,2.5048504329192367,86500,,,,,,,,,
0.1784,17.498075485229492,4.937306344655837e-06,2.5062983233428895,86550,,,,,,,,,
0.1882,8.432374000549316,4.9228274404193085e-06,2.5077462137665423,86600,,,,,,,,,
0.1678,2.8184094429016113,4.908348536182781e-06,2.509194104190195,86650,,,,,,,,,
0.2118,8.898059844970703,4.893869631946254e-06,2.510641994613848,86700,,,,,,,,,
0.1653,15.383235931396484,4.8793907277097265e-06,2.5120898850375006,86750,,,,,,,,,
0.1723,12.530142784118652,4.864911823473199e-06,2.513537775461153,86800,,,,,,,,,
0.1559,32.39707565307617,4.850432919236672e-06,2.5149856658848058,86850,,,,,,,,,
0.1785,10.688389778137207,4.8359540150001445e-06,2.5164335563084586,86900,,,,,,,,,
0.1653,10.355570793151855,4.821475110763618e-06,2.5178814467321113,86950,,,,,,,,,
0.1662,4.783203601837158,4.806996206527091e-06,2.519329337155764,87000,,,,,,,,,
0.1654,7.860401630401611,4.792517302290563e-06,2.520777227579417,87050,,,,,,,,,
0.1194,1.773376703262329,4.778038398054036e-06,2.5222251180030693,87100,,,,,,,,,
0.1504,1.2202869653701782,4.763559493817509e-06,2.523673008426722,87150,,,,,,,,,
0.1767,29.057783126831055,4.7490805895809805e-06,2.525120898850375,87200,,,,,,,,,
0.1942,25.86121368408203,4.734601685344453e-06,2.5265687892740276,87250,,,,,,,,,
0.1783,5.131507873535156,4.720122781107926e-06,2.5280166796976804,87300,,,,,,,,,
0.1778,4.0292205810546875,4.7056438768713985e-06,2.529464570121333,87350,,,,,,,,,
0.149,2.6295740604400635,4.691164972634871e-06,2.530912460544986,87400,,,,,,,,,
0.1622,9.171966552734375,4.676686068398344e-06,2.5323603509686388,87450,,,,,,,,,
0.1398,0.9453637003898621,4.6622071641618165e-06,2.5338082413922915,87500,,,,,,,,,
0.1785,15.845842361450195,4.647728259925289e-06,2.5352561318159443,87550,,,,,,,,,
0.1236,12.70524787902832,4.633249355688762e-06,2.536704022239597,87600,,,,,,,,,
0.1875,6.541202068328857,4.6187704514522345e-06,2.53815191266325,87650,,,,,,,,,
0.1973,28.21551513671875,4.604291547215707e-06,2.5395998030869023,87700,,,,,,,,,
0.1616,1.4118938446044922,4.58981264297918e-06,2.541047693510555,87750,,,,,,,,,
0.152,18.233779907226562,4.5753337387426525e-06,2.542495583934208,87800,,,,,,,,,
0.1654,2.6873600482940674,4.560854834506124e-06,2.5439434743578606,87850,,,,,,,,,
0.1464,41.00212097167969,4.546375930269597e-06,2.5453913647815134,87900,,,,,,,,,
0.1192,5.407039642333984,4.53189702603307e-06,2.546839255205166,87950,,,,,,,,,
0.1567,14.64291000366211,4.517418121796542e-06,2.548287145628819,88000,,,,,,,,,
0.1836,11.802358627319336,4.502939217560015e-06,2.5497350360524713,88050,,,,,,,,,
0.1559,4.7291975021362305,4.488460313323488e-06,2.551182926476124,88100,,,,,,,,,
0.1577,1.492530345916748,4.47398140908696e-06,2.552630816899777,88150,,,,,,,,,
0.1816,6.674637794494629,4.459502504850433e-06,2.5540787073234297,88200,,,,,,,,,
0.1577,5.911364555358887,4.445023600613906e-06,2.5555265977470825,88250,,,,,,,,,
0.1777,2.2344095706939697,4.430544696377378e-06,2.5569744881707352,88300,,,,,,,,,
0.1957,24.331998825073242,4.416065792140851e-06,2.558422378594388,88350,,,,,,,,,
0.1973,4.27065372467041,4.401586887904324e-06,2.559870269018041,88400,,,,,,,,,
0.1187,8.205266952514648,4.3871079836677954e-06,2.5613181594416936,88450,,,,,,,,,
0.1739,9.60258674621582,4.372629079431268e-06,2.5627660498653464,88500,,,,,,,,,
0.1354,4.840895652770996,4.358150175194741e-06,2.564213940288999,88550,,,,,,,,,
0.1385,4.897770404815674,4.343671270958213e-06,2.5656618307126515,88600,,,,,,,,,
0.1604,17.49773406982422,4.329192366721686e-06,2.5671097211363043,88650,,,,,,,,,
0.1837,23.82796859741211,4.31471346248516e-06,2.568557611559957,88700,,,,,,,,,
0.1867,13.503552436828613,4.300234558248632e-06,2.57000550198361,88750,,,,,,,,,
0.1729,3.9559202194213867,4.285755654012105e-06,2.5714533924072627,88800,,,,,,,,,
0.146,2.244075059890747,4.271276749775578e-06,2.5729012828309155,88850,,,,,,,,,
0.1606,22.29550552368164,4.25679784553905e-06,2.5743491732545682,88900,,,,,,,,,
0.183,4.9689249992370605,4.242318941302523e-06,2.5757970636782206,88950,,,,,,,,,
0.185,8.482170104980469,4.227840037065996e-06,2.5772449541018734,89000,,,,,,,,,
0.1782,1.34122633934021,4.213361132829467e-06,2.578692844525526,89050,,,,,,,,,
0.1393,17.890277862548828,4.19888222859294e-06,2.580140734949179,89100,,,,,,,,,
0.136,0.5542183518409729,4.184403324356413e-06,2.5815886253728317,89150,,,,,,,,,
0.1513,6.407087802886963,4.169924420119885e-06,2.5830365157964845,89200,,,,,,,,,
0.1746,13.243851661682129,4.155445515883358e-06,2.5844844062201373,89250,,,,,,,,,
0.1738,38.80775833129883,4.140966611646831e-06,2.58593229664379,89300,,,,,,,,,
0.1799,18.861236572265625,4.126487707410303e-06,2.587380187067443,89350,,,,,,,,,
0.1745,4.812100887298584,4.112008803173776e-06,2.5888280774910957,89400,,,,,,,,,
0.1343,10.952973365783691,4.097529898937249e-06,2.5902759679147485,89450,,,,,,,,,
0.1466,4.613497734069824,4.083050994700721e-06,2.591723858338401,89500,,,,,,,,,
0.1657,15.947373390197754,4.068572090464194e-06,2.5931717487620536,89550,,,,,,,,,
0.1726,11.388206481933594,4.054093186227667e-06,2.5946196391857064,89600,,,,,,,,,
0.1183,6.76975154876709,4.039614281991139e-06,2.596067529609359,89650,,,,,,,,,
0.1431,4.560336112976074,4.025135377754611e-06,2.597515420033012,89700,,,,,,,,,
0.1796,0.6063329577445984,4.010656473518084e-06,2.5989633104566647,89750,,,,,,,,,
0.16,7.6523003578186035,3.9961775692815565e-06,2.6004112008803175,89800,,,,,,,,,
0.1642,19.64019775390625,3.981698665045029e-06,2.60185909130397,89850,,,,,,,,,
0.1526,6.773104667663574,3.967219760808502e-06,2.6033069817276226,89900,,,,,,,,,
0.1592,6.158993244171143,3.9527408565719745e-06,2.6047548721512754,89950,,,,,,,,,
0.1568,35.2159309387207,3.938261952335447e-06,2.6062027625749282,90000,,,,,,,,,
,,,2.6062027625749282,90000,0.7048501968383789,349.4336,396.273,24.769,,,,,
0.1575,8.736665725708008,3.92378304809892e-06,2.607650652998581,90050,,,,,,,,,
0.1344,17.498271942138672,3.9093041438623925e-06,2.609098543422234,90100,,,,,,,,,
0.1339,24.940481185913086,3.894825239625865e-06,2.6105464338458866,90150,,,,,,,,,
0.1482,3.5267739295959473,3.880346335389338e-06,2.6119943242695394,90200,,,,,,,,,
0.1576,1.6351412534713745,3.8658674311528105e-06,2.613442214693192,90250,,,,,,,,,
0.1547,14.132389068603516,3.851388526916282e-06,2.614890105116845,90300,,,,,,,,,
0.1803,14.303705215454102,3.836909622679755e-06,2.6163379955404977,90350,,,,,,,,,
0.1882,4.003598213195801,3.822430718443228e-06,2.61778588596415,90400,,,,,,,,,
0.174,0.2745822072029114,3.8079518142067007e-06,2.619233776387803,90450,,,,,,,,,
0.1554,10.052519798278809,3.7934729099701734e-06,2.6206816668114556,90500,,,,,,,,,
0.1332,16.64983558654785,3.778994005733646e-06,2.6221295572351084,90550,,,,,,,,,
0.1811,5.55783224105835,3.7645151014971187e-06,2.623577447658761,90600,,,,,,,,,
0.1139,25.175636291503906,3.7500361972605914e-06,2.625025338082414,90650,,,,,,,,,
0.1734,16.553091049194336,3.735557293024064e-06,2.626473228506067,90700,,,,,,,,,
0.1603,1.8584551811218262,3.7210783887875363e-06,2.627921118929719,90750,,,,,,,,,
0.1505,2.2193214893341064,3.706599484551009e-06,2.629369009353372,90800,,,,,,,,,
0.1346,13.595949172973633,3.6921205803144816e-06,2.6308168997770247,90850,,,,,,,,,
0.1368,16.616199493408203,3.6776416760779547e-06,2.6322647902006775,90900,,,,,,,,,
0.1396,22.51181983947754,3.6631627718414274e-06,2.6337126806243303,90950,,,,,,,,,
0.1518,30.065332412719727,3.6486838676049e-06,2.635160571047983,91000,,,,,,,,,
0.1789,22.502267837524414,3.6342049633683727e-06,2.636608461471636,91050,,,,,,,,,
0.2228,14.807696342468262,3.619726059131845e-06,2.6380563518952886,91100,,,,,,,,,
0.1141,10.364252090454102,3.6052471548953176e-06,2.6395042423189414,91150,,,,,,,,,
0.1579,26.137746810913086,3.5907682506587903e-06,2.640952132742594,91200,,,,,,,,,
0.1765,31.703439712524414,3.576289346422263e-06,2.642400023166247,91250,,,,,,,,,
0.1598,59.948333740234375,3.5618104421857356e-06,2.6438479135899,91300,,,,,,,,,
0.1773,19.831287384033203,3.5473315379492083e-06,2.645295804013552,91350,,,,,,,,,
0.1503,24.943065643310547,3.5328526337126805e-06,2.646743694437205,91400,,,,,,,,,
0.1937,5.817976951599121,3.518373729476153e-06,2.6481915848608577,91450,,,,,,,,,
0.1263,55.388797760009766,3.503894825239626e-06,2.6496394752845105,91500,,,,,,,,,
0.2071,20.174976348876953,3.4894159210030985e-06,2.6510873657081633,91550,,,,,,,,,
0.162,1.2178782224655151,3.474937016766571e-06,2.652535256131816,91600,,,,,,,,,
0.1471,14.724333763122559,3.460458112530044e-06,2.6539831465554684,91650,,,,,,,,,
0.1641,5.708840847015381,3.445979208293516e-06,2.655431036979121,91700,,,,,,,,,
0.1756,3.3007428646087646,3.431500304056989e-06,2.656878927402774,91750,,,,,,,,,
0.1742,10.67311954498291,3.417021399820462e-06,2.6583268178264268,91800,,,,,,,,,
0.1191,0.5258646011352539,3.4025424955839345e-06,2.6597747082500796,91850,,,,,,,,,
0.123,2.7663369178771973,3.388063591347407e-06,2.6612225986737323,91900,,,,,,,,,
0.1717,15.829705238342285,3.37358468711088e-06,2.662670489097385,91950,,,,,,,,,
0.1898,10.997657775878906,3.359105782874352e-06,2.664118379521038,92000,,,,,,,,,
0.1853,0.924265444278717,3.3446268786378247e-06,2.6655662699446907,92050,,,,,,,,,
0.1727,12.992752075195312,3.3301479744012974e-06,2.6670141603683435,92100,,,,,,,,,
0.1752,11.283933639526367,3.31566907016477e-06,2.6684620507919963,92150,,,,,,,,,
0.1702,0.4219774901866913,3.3011901659282427e-06,2.669909941215649,92200,,,,,,,,,
0.1474,23.2594051361084,3.2867112616917154e-06,2.6713578316393014,92250,,,,,,,,,
0.1331,26.632495880126953,3.2722323574551876e-06,2.672805722062954,92300,,,,,,,,,
0.1597,26.213415145874023,3.2577534532186603e-06,2.674253612486607,92350,,,,,,,,,
0.2111,41.899295806884766,3.243274548982133e-06,2.6757015029102598,92400,,,,,,,,,
0.1694,2.7130048274993896,3.2287956447456056e-06,2.6771493933339126,92450,,,,,,,,,
0.1486,1.6350059509277344,3.2143167405090783e-06,2.6785972837575653,92500,,,,,,,,,
0.2235,0.5921082496643066,3.199837836272551e-06,2.680045174181218,92550,,,,,,,,,
0.1314,0.7522870302200317,3.1853589320360236e-06,2.6814930646048705,92600,,,,,,,,,
0.1463,2.114640235900879,3.1708800277994963e-06,2.6829409550285233,92650,,,,,,,,,
0.1346,8.03438663482666,3.156401123562969e-06,2.684388845452176,92700,,,,,,,,,
0.1235,10.989002227783203,3.1419222193264416e-06,2.685836735875829,92750,,,,,,,,,
0.1446,10.255847930908203,3.1274433150899143e-06,2.6872846262994816,92800,,,,,,,,,
0.1448,3.6027493476867676,3.112964410853387e-06,2.6887325167231344,92850,,,,,,,,,
0.1914,38.855587005615234,3.0984855066168596e-06,2.690180407146787,92900,,,,,,,,,
0.1372,3.9389259815216064,3.084006602380332e-06,2.69162829757044,92950,,,,,,,,,
0.1344,27.330795288085938,3.0695276981438045e-06,2.6930761879940928,93000,,,,,,,,,
0.1591,2.0815329551696777,3.055048793907277e-06,2.6945240784177455,93050,,,,,,,,,
0.1287,6.984283447265625,3.04056988967075e-06,2.6959719688413983,93100,,,,,,,,,
0.1495,5.078746318817139,3.0260909854342225e-06,2.6974198592650507,93150,,,,,,,,,
0.1768,28.21364974975586,3.011612081197695e-06,2.6988677496887035,93200,,,,,,,,,
0.1587,28.708890914916992,2.9971331769611674e-06,2.7003156401123563,93250,,,,,,,,,
0.1751,0.15832428634166718,2.98265427272464e-06,2.701763530536009,93300,,,,,,,,,
0.1634,4.955476760864258,2.9681753684881127e-06,2.703211420959662,93350,,,,,,,,,
0.2124,9.682334899902344,2.9536964642515854e-06,2.7046593113833146,93400,,,,,,,,,
0.1401,5.778093338012695,2.939217560015058e-06,2.7061072018069674,93450,,,,,,,,,
0.1744,16.930070877075195,2.9247386557785307e-06,2.7075550922306197,93500,,,,,,,,,
0.128,18.99125099182129,2.9102597515420034e-06,2.7090029826542725,93550,,,,,,,,,
0.2309,2.787790536880493,2.895780847305476e-06,2.7104508730779253,93600,,,,,,,,,
0.1551,2.501574993133545,2.8813019430689487e-06,2.711898763501578,93650,,,,,,,,,
0.1505,15.136027336120605,2.8668230388324214e-06,2.713346653925231,93700,,,,,,,,,
0.1439,30.159420013427734,2.852344134595894e-06,2.7147945443488837,93750,,,,,,,,,
0.1779,7.545568943023682,2.8378652303593667e-06,2.7162424347725365,93800,,,,,,,,,
0.1362,7.070955276489258,2.823386326122839e-06,2.7176903251961892,93850,,,,,,,,,
0.1791,17.57406997680664,2.8089074218863116e-06,2.719138215619842,93900,,,,,,,,,
0.201,19.780752182006836,2.7944285176497843e-06,2.720586106043495,93950,,,,,,,,,
0.1597,4.669328689575195,2.779949613413257e-06,2.7220339964671476,94000,,,,,,,,,
0.1826,12.41270637512207,2.7654707091767296e-06,2.7234818868908,94050,,,,,,,,,
0.1614,5.753028869628906,2.7509918049402023e-06,2.7249297773144527,94100,,,,,,,,,
0.169,13.284879684448242,2.736512900703675e-06,2.7263776677381055,94150,,,,,,,,,
0.1327,7.154383182525635,2.722033996467147e-06,2.7278255581617583,94200,,,,,,,,,
0.1605,20.277572631835938,2.70755509223062e-06,2.729273448585411,94250,,,,,,,,,
0.1397,10.618576049804688,2.6930761879940925e-06,2.730721339009064,94300,,,,,,,,,
0.1224,6.972415447235107,2.678597283757565e-06,2.7321692294327167,94350,,,,,,,,,
0.1911,4.029651641845703,2.6641183795210382e-06,2.733617119856369,94400,,,,,,,,,
0.15,5.519511699676514,2.649639475284511e-06,2.735065010280022,94450,,,,,,,,,
0.15,7.657320022583008,2.635160571047983e-06,2.7365129007036746,94500,,,,,,,,,
0.1719,21.85659408569336,2.620681666811456e-06,2.7379607911273274,94550,,,,,,,,,
0.1611,6.725253105163574,2.6062027625749285e-06,2.73940868155098,94600,,,,,,,,,
0.1603,12.009872436523438,2.591723858338401e-06,2.740856571974633,94650,,,,,,,,,
0.1754,10.545785903930664,2.577244954101874e-06,2.7423044623982857,94700,,,,,,,,,
0.1221,16.172285079956055,2.5627660498653465e-06,2.7437523528219385,94750,,,,,,,,,
0.1743,5.130710124969482,2.5482871456288187e-06,2.7452002432455913,94800,,,,,,,,,
0.158,15.215255737304688,2.5338082413922914e-06,2.746648133669244,94850,,,,,,,,,
0.1454,30.082199096679688,2.519329337155764e-06,2.748096024092897,94900,,,,,,,,,
0.1768,21.193115234375,2.5048504329192367e-06,2.7495439145165492,94950,,,,,,,,,
0.1583,21.73966407775879,2.4903715286827094e-06,2.750991804940202,95000,,,,,,,,,
,,,2.750991804940202,95000,0.7044457793235779,349.3619,396.354,24.774,,,,,
0.2295,35.11572265625,2.475892624446182e-06,2.752439695363855,95050,,,,,,,,,
0.1388,20.92317771911621,2.4614137202096543e-06,2.7538875857875076,95100,,,,,,,,,
0.1485,16.03476905822754,2.446934815973127e-06,2.7553354762111604,95150,,,,,,,,,
0.1363,5.937602996826172,2.4324559117365996e-06,2.756783366634813,95200,,,,,,,,,
0.1605,4.208795547485352,2.4179770075000723e-06,2.758231257058466,95250,,,,,,,,,
0.1234,18.238815307617188,2.4034981032635454e-06,2.7596791474821183,95300,,,,,,,,,
0.1831,28.151485443115234,2.389019199027018e-06,2.761127037905771,95350,,,,,,,,,
0.1508,12.074217796325684,2.3745402947904903e-06,2.762574928329424,95400,,,,,,,,,
0.1412,17.094348907470703,2.360061390553963e-06,2.7640228187530766,95450,,,,,,,,,
0.167,23.871232986450195,2.3455824863174356e-06,2.7654707091767294,95500,,,,,,,,,
0.1592,9.11834716796875,2.3311035820809082e-06,2.7669185996003822,95550,,,,,,,,,
0.1495,1.6343622207641602,2.316624677844381e-06,2.768366490024035,95600,,,,,,,,,
0.1426,23.736696243286133,2.3021457736078536e-06,2.769814380447688,95650,,,,,,,,,
0.1669,2.685271978378296,2.2876668693713262e-06,2.7712622708713406,95700,,,,,,,,,
0.1645,2.936978578567505,2.2731879651347985e-06,2.7727101612949934,95750,,,,,,,,,
0.1797,3.9779322147369385,2.258709060898271e-06,2.774158051718646,95800,,,,,,,,,
0.1498,5.477170467376709,2.244230156661744e-06,2.775605942142299,95850,,,,,,,,,
0.149,33.38859176635742,2.2297512524252165e-06,2.7770538325659513,95900,,,,,,,,,
0.1541,3.3955562114715576,2.215272348188689e-06,2.778501722989604,95950,,,,,,,,,
0.1743,53.44466781616211,2.200793443952162e-06,2.779949613413257,96000,,,,,,,,,
0.1539,9.206171035766602,2.186314539715634e-06,2.7813975038369096,96050,,,,,,,,,
0.1672,6.1774678230285645,2.1718356354791067e-06,2.7828453942605624,96100,,,,,,,,,
0.2019,7.870105743408203,2.15735673124258e-06,2.784293284684215,96150,,,,,,,,,
0.1758,19.244089126586914,2.1428778270060525e-06,2.7857411751078676,96200,,,,,,,,,
0.2016,36.556060791015625,2.128398922769525e-06,2.7871890655315203,96250,,,,,,,,,
0.1136,32.92991256713867,2.113920018532998e-06,2.788636955955173,96300,,,,,,,,,
0.2284,22.815673828125,2.09944111429647e-06,2.790084846378826,96350,,,,,,,,,
0.1524,12.476985931396484,2.0849622100599427e-06,2.7915327368024787,96400,,,,,,,,,
0.105,19.17669677734375,2.0704833058234154e-06,2.7929806272261315,96450,,,,,,,,,
0.1467,17.739065170288086,2.056004401586888e-06,2.7944285176497843,96500,,,,,,,,,
0.1783,24.01915168762207,2.0415254973503607e-06,2.795876408073437,96550,,,,,,,,,
0.1925,1.467498540878296,2.0270465931138334e-06,2.79732429849709,96600,,,,,,,,,
0.1639,10.547185897827148,2.0125676888773056e-06,2.7987721889207426,96650,,,,,,,,,
0.1553,20.08207130432129,1.9980887846407783e-06,2.8002200793443954,96700,,,,,,,,,
0.193,17.45347785949707,1.983609880404251e-06,2.801667969768048,96750,,,,,,,,,
0.1505,13.554254531860352,1.9691309761677236e-06,2.8031158601917006,96800,,,,,,,,,
0.1778,22.618127822875977,1.9546520719311963e-06,2.8045637506153533,96850,,,,,,,,,
0.1481,9.068435668945312,1.940173167694669e-06,2.806011641039006,96900,,,,,,,,,
0.1355,3.9489827156066895,1.925694263458141e-06,2.807459531462659,96950,,,,,,,,,
0.1335,3.41603946685791,1.911215359221614e-06,2.8089074218863117,97000,,,,,,,,,
0.1546,1.5801268815994263,1.8967364549850867e-06,2.8103553123099645,97050,,,,,,,,,
0.1541,19.673809051513672,1.8822575507485594e-06,2.8118032027336173,97100,,,,,,,,,
0.1495,10.341415405273438,1.867778646512032e-06,2.8132510931572696,97150,,,,,,,,,
0.1366,0.920862078666687,1.8532997422755045e-06,2.8146989835809224,97200,,,,,,,,,
0.1365,0.32233789563179016,1.8388208380389774e-06,2.816146874004575,97250,,,,,,,,,
0.1367,21.234155654907227,1.82434193380245e-06,2.817594764428228,97300,,,,,,,,,
0.1767,1.0502350330352783,1.8098630295659225e-06,2.8190426548518808,97350,,,,,,,,,
0.1516,16.3165225982666,1.7953841253293951e-06,2.8204905452755336,97400,,,,,,,,,
0.1496,4.958090782165527,1.7809052210928678e-06,2.8219384356991863,97450,,,,,,,,,
0.1842,2.1569817066192627,1.7664263168563403e-06,2.823386326122839,97500,,,,,,,,,
0.1543,3.7920968532562256,1.751947412619813e-06,2.824834216546492,97550,,,,,,,,,
0.1676,0.726426899433136,1.7374685083832856e-06,2.8262821069701447,97600,,,,,,,,,
0.1279,17.628599166870117,1.722989604146758e-06,2.8277299973937975,97650,,,,,,,,,
0.1105,0.11106885224580765,1.708510699910231e-06,2.82917788781745,97700,,,,,,,,,
0.2156,28.829761505126953,1.6940317956737036e-06,2.8306257782411026,97750,,,,,,,,,
0.1722,2.7718558311462402,1.679552891437176e-06,2.8320736686647554,97800,,,,,,,,,
0.1776,12.54815673828125,1.6650739872006487e-06,2.833521559088408,97850,,,,,,,,,
0.1983,15.470760345458984,1.6505950829641214e-06,2.834969449512061,97900,,,,,,,,,
0.1379,31.389284133911133,1.6361161787275938e-06,2.8364173399357138,97950,,,,,,,,,
0.1895,5.972694396972656,1.6216372744910665e-06,2.8378652303593666,98000,,,,,,,,,
0.1687,35.48456573486328,1.6071583702545391e-06,2.839313120783019,98050,,,,,,,,,
0.1678,18.434310913085938,1.5926794660180118e-06,2.8407610112066717,98100,,,,,,,,,
0.164,28.395301818847656,1.5782005617814845e-06,2.8422089016303245,98150,,,,,,,,,
0.1966,29.571399688720703,1.5637216575449571e-06,2.8436567920539773,98200,,,,,,,,,
0.1838,3.684223175048828,1.5492427533084298e-06,2.84510468247763,98250,,,,,,,,,
0.1593,6.872074127197266,1.5347638490719022e-06,2.846552572901283,98300,,,,,,,,,
0.1881,51.96286392211914,1.520284944835375e-06,2.8480004633249356,98350,,,,,,,,,
0.1514,9.471088409423828,1.5058060405988476e-06,2.8494483537485884,98400,,,,,,,,,
0.1691,25.582334518432617,1.49132713636232e-06,2.850896244172241,98450,,,,,,,,,
0.1681,20.550813674926758,1.4768482321257927e-06,2.852344134595894,98500,,,,,,,,,
0.1395,35.59320831298828,1.4623693278892654e-06,2.8537920250195468,98550,,,,,,,,,
0.1439,3.815725803375244,1.447890423652738e-06,2.855239915443199,98600,,,,,,,,,
0.2028,24.28249168395996,1.4334115194162107e-06,2.856687805866852,98650,,,,,,,,,
0.1862,26.62215805053711,1.4189326151796833e-06,2.8581356962905047,98700,,,,,,,,,
0.1665,9.384679794311523,1.4044537109431558e-06,2.8595835867141575,98750,,,,,,,,,
0.1025,0.8350400328636169,1.3899748067066285e-06,2.8610314771378103,98800,,,,,,,,,
0.1532,18.701154708862305,1.3754959024701011e-06,2.862479367561463,98850,,,,,,,,,
0.1875,10.910101890563965,1.3610169982335736e-06,2.863927257985116,98900,,,,,,,,,
0.1772,16.094114303588867,1.3465380939970462e-06,2.865375148408768,98950,,,,,,,,,
0.1346,24.00521469116211,1.3320591897605191e-06,2.866823038832421,99000,,,,,,,,,
0.1343,4.731817722320557,1.3175802855239916e-06,2.8682709292560737,99050,,,,,,,,,
0.1343,9.834327697753906,1.3031013812874642e-06,2.8697188196797265,99100,,,,,,,,,
0.2008,12.438535690307617,1.288622477050937e-06,2.8711667101033793,99150,,,,,,,,,
0.1479,11.999383926391602,1.2741435728144094e-06,2.872614600527032,99200,,,,,,,,,
0.1825,6.27049446105957,1.259664668577882e-06,2.874062490950685,99250,,,,,,,,,
0.1252,11.214312553405762,1.2451857643413547e-06,2.8755103813743377,99300,,,,,,,,,
0.1738,3.925858497619629,1.2307068601048271e-06,2.8769582717979905,99350,,,,,,,,,
0.155,6.96938943862915,1.2162279558682998e-06,2.8784061622216432,99400,,,,,,,,,
0.1314,3.3231329917907715,1.2017490516317727e-06,2.879854052645296,99450,,,,,,,,,
0.1531,4.062192440032959,1.1872701473952451e-06,2.8813019430689484,99500,,,,,,,,,
0.1604,15.968216896057129,1.1727912431587178e-06,2.882749833492601,99550,,,,,,,,,
0.1653,12.38333511352539,1.1583123389221905e-06,2.884197723916254,99600,,,,,,,,,
0.1452,27.33262825012207,1.1438334346856631e-06,2.8856456143399067,99650,,,,,,,,,
0.1304,20.520978927612305,1.1293545304491356e-06,2.8870935047635595,99700,,,,,,,,,
0.1571,0.1739450991153717,1.1148756262126082e-06,2.8885413951872123,99750,,,,,,,,,
0.135,1.7579926252365112,1.100396721976081e-06,2.889989285610865,99800,,,,,,,,,
0.1498,8.014165878295898,1.0859178177395534e-06,2.8914371760345174,99850,,,,,,,,,
0.1469,1.9003599882125854,1.0714389135030262e-06,2.8928850664581702,99900,,,,,,,,,
0.1624,0.5587211847305298,1.056960009266499e-06,2.894332956881823,99950,,,,,,,,,
0.1526,14.926312446594238,1.0424811050299713e-06,2.895780847305476,100000,,,,,,,,,
,,,2.895780847305476,100000,0.6928180456161499,349.1813,396.559,24.787,,,,,
0.1608,8.755136489868164,1.028002200793444e-06,2.8972287377291286,100050,,,,,,,,,
0.1273,0.904587984085083,1.0135232965569167e-06,2.8986766281527814,100100,,,,,,,,,
0.1183,27.539508819580078,9.990443923203891e-07,2.900124518576434,100150,,,,,,,,,
0.1267,7.926811695098877,9.845654880838618e-07,2.901572409000087,100200,,,,,,,,,
0.1099,12.335637092590332,9.700865838473345e-07,2.9030202994237397,100250,,,,,,,,,
0.1754,6.942590713500977,9.55607679610807e-07,2.9044681898473925,100300,,,,,,,,,
0.1272,11.379063606262207,9.411287753742797e-07,2.9059160802710453,100350,,,,,,,,,
0.181,40.30461120605469,9.266498711377522e-07,2.907363970694698,100400,,,,,,,,,
0.1206,12.004891395568848,9.12170966901225e-07,2.9088118611183504,100450,,,,,,,,,
0.1697,13.80567455291748,8.976920626646976e-07,2.9102597515420032,100500,,,,,,,,,
0.1436,27.160675048828125,8.832131584281701e-07,2.911707641965656,100550,,,,,,,,,
0.1594,31.50458526611328,8.687342541916428e-07,2.913155532389309,100600,,,,,,,,,
0.1221,1.8348275423049927,8.542553499551155e-07,2.9146034228129616,100650,,,,,,,,,
0.1377,1.6459660530090332,8.39776445718588e-07,2.9160513132366144,100700,,,,,,,,,
0.1714,12.62713623046875,8.252975414820607e-07,2.9174992036602667,100750,,,,,,,,,
0.1317,5.678090572357178,8.108186372455332e-07,2.9189470940839195,100800,,,,,,,,,
0.1933,27.982986450195312,7.963397330090059e-07,2.9203949845075723,100850,,,,,,,,,
0.1245,4.915668487548828,7.818608287724786e-07,2.921842874931225,100900,,,,,,,,,
0.1157,10.885533332824707,7.673819245359511e-07,2.923290765354878,100950,,,,,,,,,
0.1341,4.291332244873047,7.529030202994238e-07,2.9247386557785306,101000,,,,,,,,,
0.1165,5.0543928146362305,7.384241160628963e-07,2.9261865462021834,101050,,,,,,,,,
0.1512,8.544705390930176,7.23945211826369e-07,2.9276344366258362,101100,,,,,,,,,
0.1465,0.8283889889717102,7.094663075898417e-07,2.929082327049489,101150,,,,,,,,,
0.1523,5.851508617401123,6.949874033533142e-07,2.930530217473142,101200,,,,,,,,,
0.1516,16.567556381225586,6.805084991167868e-07,2.9319781078967946,101250,,,,,,,,,
0.1421,6.6270952224731445,6.660295948802596e-07,2.9334259983204474,101300,,,,,,,,,
0.1508,34.61030960083008,6.515506906437321e-07,2.9348738887440997,101350,,,,,,,,,
0.1697,25.592626571655273,6.370717864072047e-07,2.9363217791677525,101400,,,,,,,,,
0.1597,3.155205488204956,6.225928821706773e-07,2.9377696695914053,101450,,,,,,,,,
0.1265,0.17810456454753876,6.081139779341499e-07,2.939217560015058,101500,,,,,,,,,
0.1546,15.331131935119629,5.936350736976226e-07,2.940665450438711,101550,,,,,,,,,
0.1298,14.67417049407959,5.791561694610952e-07,2.9421133408623636,101600,,,,,,,,,
0.1451,3.5030367374420166,5.646772652245678e-07,2.9435612312860164,101650,,,,,,,,,
0.1834,0.05763513967394829,5.501983609880405e-07,2.9450091217096688,101700,,,,,,,,,
0.1791,14.115450859069824,5.357194567515131e-07,2.9464570121333216,101750,,,,,,,,,
0.1811,19.817480087280273,5.212405525149857e-07,2.9479049025569743,101800,,,,,,,,,
0.1068,15.00014877319336,5.067616482784583e-07,2.949352792980627,101850,,,,,,,,,
0.1461,21.053112030029297,4.922827440419309e-07,2.95080068340428,101900,,,,,,,,,
0.1448,2.255335807800293,4.778038398054035e-07,2.9522485738279327,101950,,,,,,,,,
0.1479,12.231987953186035,4.633249355688761e-07,2.9536964642515855,102000,,,,,,,,,
0.1378,14.103663444519043,4.488460313323488e-07,2.9551443546752383,102050,,,,,,,,,
0.178,14.809574127197266,4.343671270958214e-07,2.956592245098891,102100,,,,,,,,,
0.1269,7.388028621673584,4.19888222859294e-07,2.958040135522544,102150,,,,,,,,,
0.1469,19.451797485351562,4.054093186227666e-07,2.9594880259461966,102200,,,,,,,,,
0.1253,18.29871368408203,3.909304143862393e-07,2.960935916369849,102250,,,,,,,,,
0.1725,8.867061614990234,3.764515101497119e-07,2.9623838067935018,102300,,,,,,,,,
0.1449,15.763483047485352,3.619726059131845e-07,2.9638316972171546,102350,,,,,,,,,
0.1629,21.678466796875,3.474937016766571e-07,2.9652795876408073,102400,,,,,,,,,
0.1204,18.058088302612305,3.330147974401298e-07,2.96672747806446,102450,,,,,,,,,
0.1945,5.36133337020874,3.1853589320360234e-07,2.968175368488113,102500,,,,,,,,,
0.2028,29.408172607421875,3.0405698896707495e-07,2.9696232589117657,102550,,,,,,,,,
0.1783,23.740245819091797,2.895780847305476e-07,2.971071149335418,102600,,,,,,,,,
0.1081,23.369247436523438,2.750991804940202e-07,2.972519039759071,102650,,,,,,,,,
0.1326,8.388190269470215,2.6062027625749284e-07,2.9739669301827236,102700,,,,,,,,,
0.142,11.225123405456543,2.4614137202096545e-07,2.9754148206063764,102750,,,,,,,,,
0.1413,6.638862609863281,2.3166246778443806e-07,2.976862711030029,102800,,,,,,,,,
0.15,2.009134531021118,2.171835635479107e-07,2.978310601453682,102850,,,,,,,,,
0.1265,1.701038122177124,2.027046593113833e-07,2.9797584918773348,102900,,,,,,,,,
0.1554,18.1630802154541,1.8822575507485595e-07,2.9812063823009876,102950,,,,,,,,,
0.1456,3.483876943588257,1.7374685083832856e-07,2.9826542727246403,103000,,,,,,,,,
0.1974,2.815239667892456,1.5926794660180117e-07,2.984102163148293,103050,,,,,,,,,
0.1583,1.0809816122055054,1.447890423652738e-07,2.985550053571946,103100,,,,,,,,,
0.144,22.02701759338379,1.3031013812874642e-07,2.9869979439955983,103150,,,,,,,,,
0.1754,44.51884460449219,1.1583123389221903e-07,2.988445834419251,103200,,,,,,,,,
0.1364,2.2921135425567627,1.0135232965569165e-07,2.989893724842904,103250,,,,,,,,,
0.1219,0.15680240094661713,8.687342541916428e-08,2.9913416152665566,103300,,,,,,,,,
0.1498,1.7921243906021118,7.23945211826369e-08,2.9927895056902094,103350,,,,,,,,,
0.1387,0.7618685960769653,5.7915616946109515e-08,2.994237396113862,103400,,,,,,,,,
0.1725,0.5643128156661987,4.343671270958214e-08,2.995685286537515,103450,,,,,,,,,
0.1839,8.971166610717773,2.8957808473054757e-08,2.9971331769611673,103500,,,,,,,,,
0.1312,1.9110243320465088,1.4478904236527379e-08,2.99858106738482,103550,,,,,,,,,
,,,3.0,103599,,,,,23952.144,69.202,4.325,3.2483334948297984e+17,0.33645582394251994
