loss,grad_norm,learning_rate,epoch,step,eval_loss,eval_runtime,eval_samples_per_second,eval_steps_per_second,train_runtime,train_samples_per_second,train_steps_per_second,total_flos,train_loss
2.5264,10.771181106567383,2.998321285415739e-05,0.0,50,,,,,,,,,
0.4734,7.391707420349121,2.996608311350166e-05,0.0,100,,,,,,,,,
0.3572,7.702418804168701,2.9948953372845935e-05,0.01,150,,,,,,,,,
0.3467,5.175136566162109,2.993182363219021e-05,0.01,200,,,,,,,,,
0.3084,11.650408744812012,2.991469389153448e-05,0.01,250,,,,,,,,,
0.2554,7.571227073669434,2.9897564150878758e-05,0.01,300,,,,,,,,,
0.2265,15.15190315246582,2.9880434410223033e-05,0.01,350,,,,,,,,,
0.2177,2.989151954650879,2.9863304669567304e-05,0.01,400,,,,,,,,,
0.2309,5.320489406585693,2.9846174928911578e-05,0.02,450,,,,,,,,,
0.2186,14.181560516357422,2.982904518825585e-05,0.02,500,,,,,,,,,
0.2196,4.919040203094482,2.9811915447600123e-05,0.02,550,,,,,,,,,
0.2328,7.166252136230469,2.9794785706944398e-05,0.02,600,,,,,,,,,
0.1991,5.593552589416504,2.9777655966288672e-05,0.02,650,,,,,,,,,
0.2388,6.45720911026001,2.9760526225632947e-05,0.02,700,,,,,,,,,
0.2219,5.568617343902588,2.9743396484977218e-05,0.03,750,,,,,,,,,
0.1909,7.001163482666016,2.9726266744321492e-05,0.03,800,,,,,,,,,
0.1799,0.8541871309280396,2.9709137003665767e-05,0.03,850,,,,,,,,,
0.2297,7.381222724914551,2.9692007263010038e-05,0.03,900,,,,,,,,,
0.2349,4.070229530334473,2.9674877522354312e-05,0.03,950,,,,,,,,,
0.193,5.050867557525635,2.9657747781698583e-05,0.03,1000,,,,,,,,,
0.1859,5.799050807952881,2.964061804104286e-05,0.04,1050,,,,,,,,,
0.188,6.846146583557129,2.9623488300387135e-05,0.04,1100,,,,,,,,,
0.2158,5.8386712074279785,2.9606358559731406e-05,0.04,1150,,,,,,,,,
0.2218,1.7331221103668213,2.958922881907568e-05,0.04,1200,,,,,,,,,
0.2001,2.142868995666504,2.9572099078419952e-05,0.04,1250,,,,,,,,,
0.1653,4.071846961975098,2.9554969337764226e-05,0.04,1300,,,,,,,,,
0.1642,1.827299952507019,2.95378395971085e-05,0.05,1350,,,,,,,,,
0.2022,10.965855598449707,2.9520709856452775e-05,0.05,1400,,,,,,,,,
0.1672,20.273841857910156,2.950358011579705e-05,0.05,1450,,,,,,,,,
0.201,5.9094038009643555,2.948645037514132e-05,0.05,1500,,,,,,,,,
0.1716,7.593799591064453,2.9469320634485595e-05,0.05,1550,,,,,,,,,
0.188,3.359576940536499,2.945219089382987e-05,0.05,1600,,,,,,,,,
0.1676,13.959867477416992,2.943506115317414e-05,0.06,1650,,,,,,,,,
0.1863,7.1943254470825195,2.9417931412518415e-05,0.06,1700,,,,,,,,,
0.1701,3.8617360591888428,2.9400801671862686e-05,0.06,1750,,,,,,,,,
0.2152,5.685178279876709,2.9383671931206964e-05,0.06,1800,,,,,,,,,
0.1492,10.724889755249023,2.9366542190551238e-05,0.06,1850,,,,,,,,,
0.1832,2.0702595710754395,2.934941244989551e-05,0.07,1900,,,,,,,,,
0.1864,13.247909545898438,2.9332282709239783e-05,0.07,1950,,,,,,,,,
0.1378,14.326297760009766,2.9315152968584054e-05,0.07,2000,,,,,,,,,
0.1606,3.804205894470215,2.929802322792833e-05,0.07,2050,,,,,,,,,
0.1457,1.1512858867645264,2.9280893487272603e-05,0.07,2100,,,,,,,,,
0.2084,2.175978422164917,2.9263763746616878e-05,0.07,2150,,,,,,,,,
0.196,3.172370195388794,2.9246634005961152e-05,0.08,2200,,,,,,,,,
0.1238,4.868839263916016,2.9229504265305423e-05,0.08,2250,,,,,,,,,
0.1686,1.4968615770339966,2.9212374524649698e-05,0.08,2300,,,,,,,,,
0.16,10.41889762878418,2.9195244783993972e-05,0.08,2350,,,,,,,,,
0.1589,0.7266366481781006,2.9178115043338243e-05,0.08,2400,,,,,,,,,
0.1617,4.996798515319824,2.9160985302682517e-05,0.08,2450,,,,,,,,,
0.1543,7.502551555633545,2.9143855562026792e-05,0.09,2500,,,,,,,,,
0.1513,13.919471740722656,2.9126725821371066e-05,0.09,2550,,,,,,,,,
0.1212,4.626501560211182,2.910959608071534e-05,0.09,2600,,,,,,,,,
0.1258,7.048441410064697,2.909246634005961e-05,0.09,2650,,,,,,,,,
0.1868,7.968247413635254,2.9075336599403886e-05,0.09,2700,,,,,,,,,
0.1445,4.247532844543457,2.9058206858748157e-05,0.09,2750,,,,,,,,,
0.2002,10.188620567321777,2.904107711809243e-05,0.1,2800,,,,,,,,,
0.162,4.707453727722168,2.9023947377436706e-05,0.1,2850,,,,,,,,,
0.1416,9.735220909118652,2.900681763678098e-05,0.1,2900,,,,,,,,,
0.1667,1.81943678855896,2.8989687896125255e-05,0.1,2950,,,,,,,,,
0.1807,3.369259834289551,2.8972558155469526e-05,0.1,3000,,,,,,,,,
0.163,1.1734418869018555,2.89554284148138e-05,0.1,3050,,,,,,,,,
0.1294,0.20487742125988007,2.8938298674158075e-05,0.11,3100,,,,,,,,,
0.1606,4.540650844573975,2.8921168933502346e-05,0.11,3150,,,,,,,,,
0.1369,21.473894119262695,2.890403919284662e-05,0.11,3200,,,,,,,,,
0.1961,2.358541965484619,2.8886909452190894e-05,0.11,3250,,,,,,,,,
0.1384,7.441952705383301,2.886977971153517e-05,0.11,3300,,,,,,,,,
0.1719,4.704601287841797,2.8852649970879443e-05,0.11,3350,,,,,,,,,
0.1822,3.24336314201355,2.8835520230223714e-05,0.12,3400,,,,,,,,,
0.1442,7.979916095733643,2.881839048956799e-05,0.12,3450,,,,,,,,,
0.1468,5.242956638336182,2.8801260748912263e-05,0.12,3500,,,,,,,,,
0.1286,7.733878135681152,2.8784131008256534e-05,0.12,3550,,,,,,,,,
0.1984,4.992866516113281,2.876700126760081e-05,0.12,3600,,,,,,,,,
0.1197,0.0785144791007042,2.8749871526945083e-05,0.13,3650,,,,,,,,,
0.1738,8.098190307617188,2.8732741786289357e-05,0.13,3700,,,,,,,,,
0.15,9.281119346618652,2.8715612045633632e-05,0.13,3750,,,,,,,,,
0.1639,6.074646949768066,2.8698482304977903e-05,0.13,3800,,,,,,,,,
0.1296,6.2036542892456055,2.8681352564322177e-05,0.13,3850,,,,,,,,,
0.163,3.953740358352661,2.8664222823666448e-05,0.13,3900,,,,,,,,,
0.1305,1.5477482080459595,2.8647093083010723e-05,0.14,3950,,,,,,,,,
0.1473,6.1718244552612305,2.8629963342355e-05,0.14,4000,,,,,,,,,
0.1647,2.5795788764953613,2.861283360169927e-05,0.14,4050,,,,,,,,,
0.1459,0.821839451789856,2.8595703861043546e-05,0.14,4100,,,,,,,,,
0.1374,6.913628101348877,2.8578574120387817e-05,0.14,4150,,,,,,,,,
0.2034,0.3686028718948364,2.856144437973209e-05,0.14,4200,,,,,,,,,
0.1489,2.34028697013855,2.8544314639076366e-05,0.15,4250,,,,,,,,,
0.1359,7.433953762054443,2.8527184898420637e-05,0.15,4300,,,,,,,,,
0.1232,7.2937517166137695,2.8510055157764915e-05,0.15,4350,,,,,,,,,
0.1327,3.3720030784606934,2.8492925417109186e-05,0.15,4400,,,,,,,,,
0.1326,5.460026741027832,2.847579567645346e-05,0.15,4450,,,,,,,,,
0.117,1.4438831806182861,2.8458665935797735e-05,0.15,4500,,,,,,,,,
0.1222,2.988767385482788,2.8441536195142006e-05,0.16,4550,,,,,,,,,
0.1419,8.346335411071777,2.842440645448628e-05,0.16,4600,,,,,,,,,
0.1448,3.9312493801116943,2.840727671383055e-05,0.16,4650,,,,,,,,,
0.1227,0.4956924021244049,2.8390146973174825e-05,0.16,4700,,,,,,,,,
0.1384,6.412569999694824,2.8373017232519103e-05,0.16,4750,,,,,,,,,
0.1245,3.4043774604797363,2.8355887491863374e-05,0.16,4800,,,,,,,,,
0.1119,2.656182050704956,2.833875775120765e-05,0.17,4850,,,,,,,,,
0.1368,9.29487419128418,2.832162801055192e-05,0.17,4900,,,,,,,,,
0.1417,6.025124549865723,2.8304498269896194e-05,0.17,4950,,,,,,,,,
0.1293,4.8227386474609375,2.828736852924047e-05,0.17,5000,,,,,,,,,
,,,0.17,5000,0.14390894770622253,295.906,395.845,24.741,,,,,
0.1381,25.914485931396484,2.827023878858474e-05,0.17,5050,,,,,,,,,
0.1256,4.388411521911621,2.8253109047929017e-05,0.17,5100,,,,,,,,,
0.1124,11.443116188049316,2.823597930727329e-05,0.18,5150,,,,,,,,,
0.154,9.89699649810791,2.8218849566617563e-05,0.18,5200,,,,,,,,,
0.1239,0.26610687375068665,2.8201719825961837e-05,0.18,5250,,,,,,,,,
0.1495,5.269301414489746,2.8184590085306108e-05,0.18,5300,,,,,,,,,
0.1227,2.9173004627227783,2.8167460344650383e-05,0.18,5350,,,,,,,,,
0.1636,5.893533706665039,2.8150330603994654e-05,0.19,5400,,,,,,,,,
0.1224,9.929740905761719,2.8133200863338928e-05,0.19,5450,,,,,,,,,
0.1597,5.517726898193359,2.8116071122683206e-05,0.19,5500,,,,,,,,,
0.0956,25.219802856445312,2.8098941382027477e-05,0.19,5550,,,,,,,,,
0.1357,3.2220077514648438,2.808181164137175e-05,0.19,5600,,,,,,,,,
0.1202,3.30549693107605,2.8064681900716022e-05,0.19,5650,,,,,,,,,
0.142,10.692516326904297,2.8047552160060297e-05,0.2,5700,,,,,,,,,
0.1407,9.231803894042969,2.803042241940457e-05,0.2,5750,,,,,,,,,
0.119,2.788461208343506,2.8013292678748842e-05,0.2,5800,,,,,,,,,
0.1386,2.436453104019165,2.799616293809312e-05,0.2,5850,,,,,,,,,
0.1332,0.8515381217002869,2.797903319743739e-05,0.2,5900,,,,,,,,,
0.1155,6.676300525665283,2.7961903456781665e-05,0.2,5950,,,,,,,,,
0.1277,7.9591169357299805,2.794477371612594e-05,0.21,6000,,,,,,,,,
0.1753,0.5360140800476074,2.792764397547021e-05,0.21,6050,,,,,,,,,
0.133,2.8776071071624756,2.7910514234814485e-05,0.21,6100,,,,,,,,,
0.1431,2.2160146236419678,2.7893384494158756e-05,0.21,6150,,,,,,,,,
0.1305,19.9749698638916,2.7876254753503034e-05,0.21,6200,,,,,,,,,
0.1352,18.591257095336914,2.785912501284731e-05,0.21,6250,,,,,,,,,
0.1407,0.1036619171500206,2.784199527219158e-05,0.22,6300,,,,,,,,,
0.1331,22.40433692932129,2.7824865531535854e-05,0.22,6350,,,,,,,,,
0.1303,9.249970436096191,2.7807735790880125e-05,0.22,6400,,,,,,,,,
0.1187,5.139700412750244,2.77906060502244e-05,0.22,6450,,,,,,,,,
0.1358,6.683564186096191,2.7773476309568674e-05,0.22,6500,,,,,,,,,
0.1447,4.9076924324035645,2.7756346568912945e-05,0.22,6550,,,,,,,,,
0.1496,14.368895530700684,2.7739216828257223e-05,0.23,6600,,,,,,,,,
0.103,2.3177237510681152,2.7722087087601494e-05,0.23,6650,,,,,,,,,
0.1281,6.932592868804932,2.7704957346945768e-05,0.23,6700,,,,,,,,,
0.14,4.606700420379639,2.7687827606290043e-05,0.23,6750,,,,,,,,,
0.1242,2.1470108032226562,2.7670697865634314e-05,0.23,6800,,,,,,,,,
0.1308,0.6160792112350464,2.7653568124978588e-05,0.23,6850,,,,,,,,,
0.1091,2.5530130863189697,2.7636438384322862e-05,0.24,6900,,,,,,,,,
0.1437,1.1310850381851196,2.7619308643667137e-05,0.24,6950,,,,,,,,,
0.1097,0.15585638582706451,2.760217890301141e-05,0.24,7000,,,,,,,,,
0.1301,4.956971168518066,2.7585049162355682e-05,0.24,7050,,,,,,,,,
0.1012,1.224115014076233,2.7567919421699957e-05,0.24,7100,,,,,,,,,
0.1184,6.612277984619141,2.755078968104423e-05,0.24,7150,,,,,,,,,
0.1189,3.501406192779541,2.7533659940388502e-05,0.25,7200,,,,,,,,,
0.1424,0.14529716968536377,2.7516530199732777e-05,0.25,7250,,,,,,,,,
0.0985,0.2682373821735382,2.7499400459077048e-05,0.25,7300,,,,,,,,,
0.1499,2.577371120452881,2.7482270718421325e-05,0.25,7350,,,,,,,,,
0.1054,0.0860636979341507,2.74651409777656e-05,0.25,7400,,,,,,,,,
0.1315,18.11414337158203,2.744801123710987e-05,0.26,7450,,,,,,,,,
0.1648,1.9795483350753784,2.7430881496454145e-05,0.26,7500,,,,,,,,,
0.1392,2.37809419631958,2.7413751755798416e-05,0.26,7550,,,,,,,,,
0.088,7.253179550170898,2.739662201514269e-05,0.26,7600,,,,,,,,,
0.133,4.841917991638184,2.7379492274486965e-05,0.26,7650,,,,,,,,,
0.1003,19.732372283935547,2.736236253383124e-05,0.26,7700,,,,,,,,,
0.1396,5.369096755981445,2.7345232793175514e-05,0.27,7750,,,,,,,,,
0.1563,8.424971580505371,2.7328103052519785e-05,0.27,7800,,,,,,,,,
0.1346,0.4536895155906677,2.731097331186406e-05,0.27,7850,,,,,,,,,
0.1211,26.9207820892334,2.7293843571208334e-05,0.27,7900,,,,,,,,,
0.1333,3.748279571533203,2.7276713830552605e-05,0.27,7950,,,,,,,,,
0.1386,9.248271942138672,2.725958408989688e-05,0.27,8000,,,,,,,,,
0.1458,0.2790205180644989,2.724245434924115e-05,0.28,8050,,,,,,,,,
0.1245,7.718832015991211,2.7225324608585428e-05,0.28,8100,,,,,,,,,
0.1309,6.51310396194458,2.7208194867929702e-05,0.28,8150,,,,,,,,,
0.1255,5.449618339538574,2.7191065127273973e-05,0.28,8200,,,,,,,,,
0.1163,5.582210063934326,2.7173935386618248e-05,0.28,8250,,,,,,,,,
0.0898,4.9658203125,2.715680564596252e-05,0.28,8300,,,,,,,,,
0.1342,0.4695326089859009,2.7139675905306793e-05,0.29,8350,,,,,,,,,
0.0919,7.070208549499512,2.7122546164651068e-05,0.29,8400,,,,,,,,,
0.1129,0.3459756672382355,2.7105416423995342e-05,0.29,8450,,,,,,,,,
0.1129,2.044708490371704,2.7088286683339617e-05,0.29,8500,,,,,,,,,
0.1312,5.076349258422852,2.7071156942683888e-05,0.29,8550,,,,,,,,,
0.1262,0.9178422093391418,2.7054027202028162e-05,0.29,8600,,,,,,,,,
0.096,1.9634671211242676,2.7036897461372436e-05,0.3,8650,,,,,,,,,
0.1386,5.985950469970703,2.7019767720716707e-05,0.3,8700,,,,,,,,,
0.1099,3.713862419128418,2.7002637980060982e-05,0.3,8750,,,,,,,,,
0.1179,2.1769917011260986,2.6985508239405256e-05,0.3,8800,,,,,,,,,
0.1036,13.531068801879883,2.696837849874953e-05,0.3,8850,,,,,,,,,
0.12,3.175144910812378,2.6951248758093805e-05,0.3,8900,,,,,,,,,
0.142,4.268738269805908,2.6934119017438076e-05,0.31,8950,,,,,,,,,
0.1168,0.7204804420471191,2.691698927678235e-05,0.31,9000,,,,,,,,,
0.1065,12.451354026794434,2.689985953612662e-05,0.31,9050,,,,,,,,,
0.1523,10.457690238952637,2.6882729795470896e-05,0.31,9100,,,,,,,,,
0.0904,2.841294765472412,2.686560005481517e-05,0.31,9150,,,,,,,,,
0.1115,3.5635697841644287,2.6848470314159445e-05,0.32,9200,,,,,,,,,
0.102,7.845288276672363,2.683134057350372e-05,0.32,9250,,,,,,,,,
0.1315,7.473653316497803,2.681421083284799e-05,0.32,9300,,,,,,,,,
0.0986,6.4785919189453125,2.6797081092192265e-05,0.32,9350,,,,,,,,,
0.1064,9.19685173034668,2.677995135153654e-05,0.32,9400,,,,,,,,,
0.1136,5.326001167297363,2.676282161088081e-05,0.32,9450,,,,,,,,,
0.0949,5.5213470458984375,2.6745691870225085e-05,0.33,9500,,,,,,,,,
0.0842,5.796489238739014,2.672856212956936e-05,0.33,9550,,,,,,,,,
0.1444,1.5400867462158203,2.6711432388913633e-05,0.33,9600,,,,,,,,,
0.1323,5.470498561859131,2.6694302648257908e-05,0.33,9650,,,,,,,,,
0.0991,2.7991349697113037,2.667717290760218e-05,0.33,9700,,,,,,,,,
0.1046,2.215087890625,2.6660043166946453e-05,0.33,9750,,,,,,,,,
0.098,4.406774520874023,2.6642913426290724e-05,0.34,9800,,,,,,,,,
0.1138,5.7963786125183105,2.6625783685635e-05,0.34,9850,,,,,,,,,
0.1119,4.491350173950195,2.6608653944979273e-05,0.34,9900,,,,,,,,,
0.0956,2.7366695404052734,2.6591524204323548e-05,0.34,9950,,,,,,,,,
0.1362,1.6863136291503906,2.6574394463667822e-05,0.34,10000,,,,,,,,,
,,,0.34,10000,0.11748665571212769,295.8332,395.943,24.747,,,,,
0.0995,5.043906211853027,2.6557264723012093e-05,0.34,10050,,,,,,,,,
0.1112,0.2940756380558014,2.6540134982356367e-05,0.35,10100,,,,,,,,,
0.1205,0.6832690834999084,2.6523005241700642e-05,0.35,10150,,,,,,,,,
0.1061,16.253131866455078,2.6505875501044913e-05,0.35,10200,,,,,,,,,
0.1378,6.9340500831604,2.6488745760389187e-05,0.35,10250,,,,,,,,,
0.1237,4.020510673522949,2.6471616019733465e-05,0.35,10300,,,,,,,,,
0.1277,1.2959351539611816,2.6454486279077736e-05,0.35,10350,,,,,,,,,
0.1255,0.04620560258626938,2.643735653842201e-05,0.36,10400,,,,,,,,,
0.0981,6.4394683837890625,2.642022679776628e-05,0.36,10450,,,,,,,,,
0.1403,1.3793339729309082,2.6403097057110556e-05,0.36,10500,,,,,,,,,
0.1046,3.507352113723755,2.638596731645483e-05,0.36,10550,,,,,,,,,
0.1006,2.3613760471343994,2.63688375757991e-05,0.36,10600,,,,,,,,,
0.0935,0.17395532131195068,2.635170783514338e-05,0.36,10650,,,,,,,,,
0.1194,0.6544081568717957,2.633457809448765e-05,0.37,10700,,,,,,,,,
0.1115,5.776853561401367,2.6317448353831925e-05,0.37,10750,,,,,,,,,
0.0977,6.429862976074219,2.63003186131762e-05,0.37,10800,,,,,,,,,
0.1471,7.107568264007568,2.628318887252047e-05,0.37,10850,,,,,,,,,
0.0909,3.2652924060821533,2.6266059131864744e-05,0.37,10900,,,,,,,,,
0.0991,3.3288676738739014,2.6248929391209015e-05,0.38,10950,,,,,,,,,
0.1017,6.099572658538818,2.623179965055329e-05,0.38,11000,,,,,,,,,
0.1206,3.9731392860412598,2.6214669909897568e-05,0.38,11050,,,,,,,,,
0.1271,0.1856893002986908,2.619754016924184e-05,0.38,11100,,,,,,,,,
0.1047,1.4197999238967896,2.6180410428586113e-05,0.38,11150,,,,,,,,,
0.1232,1.4619688987731934,2.6163280687930384e-05,0.38,11200,,,,,,,,,
0.1326,7.849973201751709,2.614615094727466e-05,0.39,11250,,,,,,,,,
0.0989,6.619935035705566,2.6129021206618933e-05,0.39,11300,,,,,,,,,
0.0801,1.1550275087356567,2.6111891465963204e-05,0.39,11350,,,,,,,,,
0.1036,3.1617510318756104,2.6094761725307482e-05,0.39,11400,,,,,,,,,
0.0703,0.05440935492515564,2.6077631984651753e-05,0.39,11450,,,,,,,,,
0.1223,4.521618366241455,2.6060502243996027e-05,0.39,11500,,,,,,,,,
0.121,4.024500846862793,2.60433725033403e-05,0.4,11550,,,,,,,,,
0.1183,5.277549743652344,2.6026242762684573e-05,0.4,11600,,,,,,,,,
0.134,3.1581995487213135,2.6009113022028847e-05,0.4,11650,,,,,,,,,
0.0889,4.469162464141846,2.5991983281373118e-05,0.4,11700,,,,,,,,,
0.1157,0.8422642350196838,2.5974853540717393e-05,0.4,11750,,,,,,,,,
0.1061,19.31242561340332,2.595772380006167e-05,0.4,11800,,,,,,,,,
0.1214,5.546756744384766,2.594059405940594e-05,0.41,11850,,,,,,,,,
0.1341,2.43161940574646,2.5923464318750216e-05,0.41,11900,,,,,,,,,
0.1342,5.382190704345703,2.5906334578094487e-05,0.41,11950,,,,,,,,,
0.1092,4.072759628295898,2.588920483743876e-05,0.41,12000,,,,,,,,,
0.1171,0.9183990955352783,2.5872075096783036e-05,0.41,12050,,,,,,,,,
0.0911,5.014647483825684,2.5854945356127307e-05,0.41,12100,,,,,,,,,
0.1055,1.3487529754638672,2.5837815615471585e-05,0.42,12150,,,,,,,,,
0.0953,0.15682360529899597,2.5820685874815856e-05,0.42,12200,,,,,,,,,
0.0952,2.245398998260498,2.580355613416013e-05,0.42,12250,,,,,,,,,
0.1051,1.9898918867111206,2.5786426393504404e-05,0.42,12300,,,,,,,,,
0.0948,1.4838459491729736,2.5769296652848675e-05,0.42,12350,,,,,,,,,
0.0849,6.956287860870361,2.575216691219295e-05,0.42,12400,,,,,,,,,
0.1227,5.23538064956665,2.573503717153722e-05,0.43,12450,,,,,,,,,
0.103,7.749256134033203,2.57179074308815e-05,0.43,12500,,,,,,,,,
0.1259,2.166949987411499,2.5700777690225773e-05,0.43,12550,,,,,,,,,
0.1082,7.350058555603027,2.5683647949570044e-05,0.43,12600,,,,,,,,,
0.1113,3.5947179794311523,2.566651820891432e-05,0.43,12650,,,,,,,,,
0.1053,3.5077080726623535,2.564938846825859e-05,0.44,12700,,,,,,,,,
0.0942,1.0447053909301758,2.5632258727602864e-05,0.44,12750,,,,,,,,,
0.0875,6.963038921356201,2.561512898694714e-05,0.44,12800,,,,,,,,,
0.1182,0.5553239583969116,2.559799924629141e-05,0.44,12850,,,,,,,,,
0.1474,4.764353275299072,2.5580869505635687e-05,0.44,12900,,,,,,,,,
0.1166,14.126524925231934,2.5563739764979958e-05,0.44,12950,,,,,,,,,
0.0913,0.7610886693000793,2.5546610024324233e-05,0.45,13000,,,,,,,,,
0.1054,1.0082048177719116,2.5529480283668507e-05,0.45,13050,,,,,,,,,
0.1199,0.19023723900318146,2.5512350543012778e-05,0.45,13100,,,,,,,,,
0.1454,1.6057225465774536,2.5495220802357052e-05,0.45,13150,,,,,,,,,
0.0932,52.340457916259766,2.5478091061701324e-05,0.45,13200,,,,,,,,,
0.1223,3.6866114139556885,2.54609613210456e-05,0.45,13250,,,,,,,,,
0.1145,4.333892822265625,2.5443831580389876e-05,0.46,13300,,,,,,,,,
0.0955,6.315634250640869,2.5426701839734147e-05,0.46,13350,,,,,,,,,
0.14,4.090251922607422,2.540957209907842e-05,0.46,13400,,,,,,,,,
0.1383,3.222414255142212,2.5392442358422696e-05,0.46,13450,,,,,,,,,
0.0973,6.893347263336182,2.5375312617766967e-05,0.46,13500,,,,,,,,,
0.1316,7.457312107086182,2.535818287711124e-05,0.46,13550,,,,,,,,,
0.1046,0.1140059381723404,2.5341053136455512e-05,0.47,13600,,,,,,,,,
0.1096,0.29744619131088257,2.532392339579979e-05,0.47,13650,,,,,,,,,
0.1213,4.425795555114746,2.5306793655144064e-05,0.47,13700,,,,,,,,,
0.0924,2.7071382999420166,2.5289663914488335e-05,0.47,13750,,,,,,,,,
0.1278,1.8617421388626099,2.527253417383261e-05,0.47,13800,,,,,,,,,
0.1253,4.54563570022583,2.525540443317688e-05,0.47,13850,,,,,,,,,
0.1013,10.913773536682129,2.5238274692521155e-05,0.48,13900,,,,,,,,,
0.1017,0.24943402409553528,2.522114495186543e-05,0.48,13950,,,,,,,,,
0.1237,3.2094554901123047,2.5204015211209704e-05,0.48,14000,,,,,,,,,
0.1239,0.6091510653495789,2.518688547055398e-05,0.48,14050,,,,,,,,,
0.0773,0.32846760749816895,2.516975572989825e-05,0.48,14100,,,,,,,,,
0.1159,0.4434775412082672,2.5152625989242524e-05,0.48,14150,,,,,,,,,
0.1062,2.4745142459869385,2.5135496248586798e-05,0.49,14200,,,,,,,,,
0.109,5.56201696395874,2.511836650793107e-05,0.49,14250,,,,,,,,,
0.0933,0.2767767310142517,2.5101236767275344e-05,0.49,14300,,,,,,,,,
0.1254,4.195758819580078,2.5084107026619615e-05,0.49,14350,,,,,,,,,
0.091,0.05110769346356392,2.5066977285963893e-05,0.49,14400,,,,,,,,,
0.0847,0.47215035557746887,2.5049847545308167e-05,0.5,14450,,,,,,,,,
0.1241,0.1256103217601776,2.5032717804652438e-05,0.5,14500,,,,,,,,,
0.1105,3.5998339653015137,2.5015588063996712e-05,0.5,14550,,,,,,,,,
0.118,6.755278587341309,2.4998458323340983e-05,0.5,14600,,,,,,,,,
0.1032,12.18847942352295,2.4981328582685258e-05,0.5,14650,,,,,,,,,
0.1274,2.9176173210144043,2.4964198842029532e-05,0.5,14700,,,,,,,,,
0.1014,16.56690216064453,2.4947069101373807e-05,0.51,14750,,,,,,,,,
0.0954,2.6520962715148926,2.492993936071808e-05,0.51,14800,,,,,,,,,
0.0713,0.9827022552490234,2.4912809620062352e-05,0.51,14850,,,,,,,,,
0.0919,4.818386554718018,2.4895679879406627e-05,0.51,14900,,,,,,,,,
0.094,3.5099852085113525,2.48785501387509e-05,0.51,14950,,,,,,,,,
0.0887,0.24935567378997803,2.4861420398095172e-05,0.51,15000,,,,,,,,,
,,,0.51,15000,0.12029385566711426,295.8191,395.962,24.748,,,,,
0.0858,0.44230952858924866,2.4844290657439446e-05,0.52,15050,,,,,,,,,
0.1072,5.174128532409668,2.482716091678372e-05,0.52,15100,,,,,,,,,
0.1069,2.334533452987671,2.4810031176127995e-05,0.52,15150,,,,,,,,,
0.1174,0.6731002926826477,2.479290143547227e-05,0.52,15200,,,,,,,,,
0.1113,1.0516548156738281,2.477577169481654e-05,0.52,15250,,,,,,,,,
0.1286,1.7648768424987793,2.4758641954160815e-05,0.52,15300,,,,,,,,,
0.0982,5.454719543457031,2.4741512213505086e-05,0.53,15350,,,,,,,,,
0.1114,2.1110568046569824,2.472438247284936e-05,0.53,15400,,,,,,,,,
0.0824,4.112581729888916,2.4707252732193635e-05,0.53,15450,,,,,,,,,
0.0935,1.5290753841400146,2.469012299153791e-05,0.53,15500,,,,,,,,,
0.0995,2.72269344329834,2.4672993250882184e-05,0.53,15550,,,,,,,,,
0.1034,8.143797874450684,2.4655863510226455e-05,0.53,15600,,,,,,,,,
0.1294,0.6013936400413513,2.463873376957073e-05,0.54,15650,,,,,,,,,
0.1096,3.395805597305298,2.4621604028915004e-05,0.54,15700,,,,,,,,,
0.0735,5.175021648406982,2.4604474288259275e-05,0.54,15750,,,,,,,,,
0.1158,1.6266388893127441,2.458734454760355e-05,0.54,15800,,,,,,,,,
0.1137,8.889487266540527,2.4570214806947823e-05,0.54,15850,,,,,,,,,
0.0897,4.979926586151123,2.4553085066292098e-05,0.54,15900,,,,,,,,,
0.1162,1.7863714694976807,2.4535955325636372e-05,0.55,15950,,,,,,,,,
0.0848,0.5926341414451599,2.4518825584980643e-05,0.55,16000,,,,,,,,,
0.1117,4.736227989196777,2.4501695844324918e-05,0.55,16050,,,,,,,,,
0.0922,1.5984293222427368,2.448456610366919e-05,0.55,16100,,,,,,,,,
0.1054,2.2863922119140625,2.4467436363013463e-05,0.55,16150,,,,,,,,,
0.0906,2.726687431335449,2.4450306622357738e-05,0.56,16200,,,,,,,,,
0.0868,3.5419251918792725,2.4433176881702012e-05,0.56,16250,,,,,,,,,
0.1104,1.0959593057632446,2.4416047141046286e-05,0.56,16300,,,,,,,,,
0.104,0.6308314800262451,2.4398917400390557e-05,0.56,16350,,,,,,,,,
0.1321,16.11115074157715,2.4381787659734832e-05,0.56,16400,,,,,,,,,
0.1029,2.944847583770752,2.4364657919079106e-05,0.56,16450,,,,,,,,,
0.1176,0.7045592069625854,2.4347528178423377e-05,0.57,16500,,,,,,,,,
0.0766,4.107405185699463,2.4330398437767652e-05,0.57,16550,,,,,,,,,
0.0784,2.2735726833343506,2.4313268697111926e-05,0.57,16600,,,,,,,,,
0.0919,0.07870464771986008,2.42961389564562e-05,0.57,16650,,,,,,,,,
0.0846,0.47280454635620117,2.4279009215800475e-05,0.57,16700,,,,,,,,,
0.1069,0.40116146206855774,2.4261879475144746e-05,0.57,16750,,,,,,,,,
0.0851,1.758810043334961,2.424474973448902e-05,0.58,16800,,,,,,,,,
0.0835,4.117249011993408,2.4227619993833295e-05,0.58,16850,,,,,,,,,
0.1121,1.6105659008026123,2.4210490253177566e-05,0.58,16900,,,,,,,,,
0.103,0.2759822607040405,2.4193360512521844e-05,0.58,16950,,,,,,,,,
0.0835,5.284221172332764,2.4176230771866115e-05,0.58,17000,,,,,,,,,
0.075,7.9731855392456055,2.415910103121039e-05,0.58,17050,,,,,,,,,
0.1281,0.43627163767814636,2.4141971290554664e-05,0.59,17100,,,,,,,,,
0.0988,2.572298049926758,2.4124841549898935e-05,0.59,17150,,,,,,,,,
0.0845,2.775444269180298,2.410771180924321e-05,0.59,17200,,,,,,,,,
0.0903,3.011708974838257,2.409058206858748e-05,0.59,17250,,,,,,,,,
0.1025,5.957191467285156,2.4073452327931754e-05,0.59,17300,,,,,,,,,
0.0894,5.586768627166748,2.4056322587276032e-05,0.59,17350,,,,,,,,,
0.0963,0.0934520959854126,2.4039192846620303e-05,0.6,17400,,,,,,,,,
0.1004,6.530035018920898,2.4022063105964578e-05,0.6,17450,,,,,,,,,
0.0664,0.34051236510276794,2.400493336530885e-05,0.6,17500,,,,,,,,,
0.0883,0.18208029866218567,2.3987803624653123e-05,0.6,17550,,,,,,,,,
0.1427,2.696561336517334,2.3970673883997398e-05,0.6,17600,,,,,,,,,
0.0867,2.4870002269744873,2.395354414334167e-05,0.6,17650,,,,,,,,,
0.0955,0.8857594728469849,2.3936414402685946e-05,0.61,17700,,,,,,,,,
0.1091,2.831848621368408,2.3919284662030217e-05,0.61,17750,,,,,,,,,
0.085,1.4626168012619019,2.3902154921374492e-05,0.61,17800,,,,,,,,,
0.1157,2.9002671241760254,2.3885025180718766e-05,0.61,17850,,,,,,,,,
0.1074,0.4819481074810028,2.3867895440063037e-05,0.61,17900,,,,,,,,,
0.0813,0.13312853872776031,2.385076569940731e-05,0.61,17950,,,,,,,,,
0.1503,3.8782670497894287,2.3833635958751583e-05,0.62,18000,,,,,,,,,
0.0739,4.859463691711426,2.3816506218095857e-05,0.62,18050,,,,,,,,,
0.0908,4.159389972686768,2.3799376477440135e-05,0.62,18100,,,,,,,,,
0.1011,3.8174045085906982,2.3782246736784406e-05,0.62,18150,,,,,,,,,
0.1127,7.535007476806641,2.376511699612868e-05,0.62,18200,,,,,,,,,
0.077,3.4659535884857178,2.374798725547295e-05,0.63,18250,,,,,,,,,
0.0925,1.6144139766693115,2.3730857514817226e-05,0.63,18300,,,,,,,,,
0.0886,3.5496935844421387,2.37137277741615e-05,0.63,18350,,,,,,,,,
0.1177,0.4151053726673126,2.369659803350577e-05,0.63,18400,,,,,,,,,
0.1108,29.014169692993164,2.367946829285005e-05,0.63,18450,,,,,,,,,
0.0999,3.66729998588562,2.366233855219432e-05,0.63,18500,,,,,,,,,
0.0891,1.565549373626709,2.3645208811538594e-05,0.64,18550,,,,,,,,,
0.1052,0.6769119501113892,2.362807907088287e-05,0.64,18600,,,,,,,,,
0.0977,3.174729824066162,2.361094933022714e-05,0.64,18650,,,,,,,,,
0.0886,0.2105604112148285,2.3593819589571414e-05,0.64,18700,,,,,,,,,
0.1076,21.904998779296875,2.3576689848915685e-05,0.64,18750,,,,,,,,,
0.1061,4.214264869689941,2.3559560108259963e-05,0.64,18800,,,,,,,,,
0.0872,4.081118583679199,2.3542430367604238e-05,0.65,18850,,,,,,,,,
0.0863,3.8999478816986084,2.352530062694851e-05,0.65,18900,,,,,,,,,
0.1037,5.296165943145752,2.3508170886292783e-05,0.65,18950,,,,,,,,,
0.124,2.5390448570251465,2.3491041145637054e-05,0.65,19000,,,,,,,,,
0.0885,1.4313429594039917,2.347391140498133e-05,0.65,19050,,,,,,,,,
0.0869,3.0110621452331543,2.3456781664325603e-05,0.65,19100,,,,,,,,,
0.0911,0.1590038239955902,2.3439651923669874e-05,0.66,19150,,,,,,,,,
0.0983,2.7620749473571777,2.342252218301415e-05,0.66,19200,,,,,,,,,
0.0775,6.658005237579346,2.3405392442358423e-05,0.66,19250,,,,,,,,,
0.1065,2.9320788383483887,2.3388262701702697e-05,0.66,19300,,,,,,,,,
0.085,0.10958495736122131,2.337113296104697e-05,0.66,19350,,,,,,,,,
0.1073,1.1134276390075684,2.3354003220391243e-05,0.66,19400,,,,,,,,,
0.1032,4.743408679962158,2.3336873479735517e-05,0.67,19450,,,,,,,,,
0.1054,2.413771152496338,2.3319743739079788e-05,0.67,19500,,,,,,,,,
0.0809,0.5739591717720032,2.3302613998424066e-05,0.67,19550,,,,,,,,,
0.0927,0.746138334274292,2.328548425776834e-05,0.67,19600,,,,,,,,,
0.0665,0.1515938639640808,2.326835451711261e-05,0.67,19650,,,,,,,,,
0.1211,3.766112804412842,2.3251224776456886e-05,0.67,19700,,,,,,,,,
0.0785,0.7992904782295227,2.3234095035801157e-05,0.68,19750,,,,,,,,,
0.0953,0.8701064586639404,2.321696529514543e-05,0.68,19800,,,,,,,,,
0.1098,3.9578051567077637,2.3199835554489706e-05,0.68,19850,,,,,,,,,
0.081,6.901640892028809,2.3182705813833977e-05,0.68,19900,,,,,,,,,
0.1064,5.294575214385986,2.3165576073178254e-05,0.68,19950,,,,,,,,,
0.0751,0.8369717001914978,2.3148446332522525e-05,0.69,20000,,,,,,,,,
,,,0.69,20000,0.11307612806558609,295.9675,395.763,24.736,,,,,
0.0681,0.6270710825920105,2.31313165918668e-05,0.69,20050,,,,,,,,,
0.0923,1.5103667974472046,2.3114186851211074e-05,0.69,20100,,,,,,,,,
0.0781,3.9747438430786133,2.3097057110555345e-05,0.69,20150,,,,,,,,,
0.1098,4.37670373916626,2.307992736989962e-05,0.69,20200,,,,,,,,,
0.114,1.488425850868225,2.3062797629243894e-05,0.69,20250,,,,,,,,,
0.1013,1.3585026264190674,2.304566788858817e-05,0.7,20300,,,,,,,,,
0.0972,2.04259991645813,2.3028538147932443e-05,0.7,20350,,,,,,,,,
0.0822,1.7473520040512085,2.3011408407276714e-05,0.7,20400,,,,,,,,,
0.1074,8.83666706085205,2.299427866662099e-05,0.7,20450,,,,,,,,,
0.0914,1.7967826128005981,2.2977148925965263e-05,0.7,20500,,,,,,,,,
0.0845,1.733242154121399,2.2960019185309534e-05,0.7,20550,,,,,,,,,
0.0885,5.080788612365723,2.2942889444653808e-05,0.71,20600,,,,,,,,,
0.0883,2.1409597396850586,2.292575970399808e-05,0.71,20650,,,,,,,,,
0.0929,6.528330326080322,2.2908629963342357e-05,0.71,20700,,,,,,,,,
0.0862,2.6403980255126953,2.289150022268663e-05,0.71,20750,,,,,,,,,
0.1039,0.34260818362236023,2.2874370482030902e-05,0.71,20800,,,,,,,,,
0.1244,4.158112525939941,2.2857240741375177e-05,0.71,20850,,,,,,,,,
0.1192,1.879517912864685,2.2840111000719448e-05,0.72,20900,,,,,,,,,
0.0633,5.320211887359619,2.2822981260063722e-05,0.72,20950,,,,,,,,,
0.0721,7.612565994262695,2.2805851519407997e-05,0.72,21000,,,,,,,,,
0.107,1.6103891134262085,2.278872177875227e-05,0.72,21050,,,,,,,,,
0.0997,1.4882402420043945,2.2771592038096546e-05,0.72,21100,,,,,,,,,
0.1147,2.210676431655884,2.2754462297440817e-05,0.72,21150,,,,,,,,,
0.0815,0.19082200527191162,2.273733255678509e-05,0.73,21200,,,,,,,,,
0.0723,1.5502064228057861,2.2720202816129365e-05,0.73,21250,,,,,,,,,
0.0859,1.1995203495025635,2.2703073075473636e-05,0.73,21300,,,,,,,,,
0.113,0.5418211817741394,2.268594333481791e-05,0.73,21350,,,,,,,,,
0.0967,0.8494235873222351,2.2668813594162185e-05,0.73,21400,,,,,,,,,
0.12,0.15772010385990143,2.265168385350646e-05,0.73,21450,,,,,,,,,
0.0935,0.4436151683330536,2.2634554112850734e-05,0.74,21500,,,,,,,,,
0.105,9.078251838684082,2.2617424372195005e-05,0.74,21550,,,,,,,,,
0.0821,2.9231088161468506,2.260029463153928e-05,0.74,21600,,,,,,,,,
0.1128,0.1141342967748642,2.258316489088355e-05,0.74,21650,,,,,,,,,
0.0861,7.320927619934082,2.2566035150227825e-05,0.74,21700,,,,,,,,,
0.101,6.623229026794434,2.25489054095721e-05,0.75,21750,,,,,,,,,
0.0691,1.9893466234207153,2.2531775668916374e-05,0.75,21800,,,,,,,,,
0.1043,3.855050563812256,2.2514645928260648e-05,0.75,21850,,,,,,,,,
0.0872,0.5884502530097961,2.249751618760492e-05,0.75,21900,,,,,,,,,
0.0905,1.428511619567871,2.2480386446949194e-05,0.75,21950,,,,,,,,,
0.1219,0.38664597272872925,2.2463256706293468e-05,0.75,22000,,,,,,,,,
0.0874,11.634387969970703,2.244612696563774e-05,0.76,22050,,,,,,,,,
0.1225,0.11429794132709503,2.2428997224982014e-05,0.76,22100,,,,,,,,,
0.0913,3.895040273666382,2.2411867484326288e-05,0.76,22150,,,,,,,,,
0.1101,0.5465022325515747,2.2394737743670562e-05,0.76,22200,,,,,,,,,
0.0908,1.153525710105896,2.2377608003014837e-05,0.76,22250,,,,,,,,,
0.0848,0.49447083473205566,2.2360478262359108e-05,0.76,22300,,,,,,,,,
0.1019,0.1935393512248993,2.2343348521703382e-05,0.77,22350,,,,,,,,,
0.0849,1.9830210208892822,2.2326218781047653e-05,0.77,22400,,,,,,,,,
0.0711,1.8271645307540894,2.2309089040391928e-05,0.77,22450,,,,,,,,,
0.0959,0.08593124896287918,2.2291959299736202e-05,0.77,22500,,,,,,,,,
0.0833,9.565704345703125,2.2274829559080477e-05,0.77,22550,,,,,,,,,
0.0812,1.7209162712097168,2.225769981842475e-05,0.77,22600,,,,,,,,,
0.0671,11.907803535461426,2.2240570077769022e-05,0.78,22650,,,,,,,,,
0.0894,1.4890943765640259,2.2223440337113296e-05,0.78,22700,,,,,,,,,
0.1145,4.333688735961914,2.220631059645757e-05,0.78,22750,,,,,,,,,
0.0803,13.789312362670898,2.2189180855801842e-05,0.78,22800,,,,,,,,,
0.0991,4.84792423248291,2.2172051115146116e-05,0.78,22850,,,,,,,,,
0.0821,0.04361012205481529,2.215492137449039e-05,0.78,22900,,,,,,,,,
0.0866,2.117656946182251,2.2137791633834665e-05,0.79,22950,,,,,,,,,
0.0937,2.1203768253326416,2.212066189317894e-05,0.79,23000,,,,,,,,,
0.0572,3.2865712642669678,2.210353215252321e-05,0.79,23050,,,,,,,,,
0.1172,1.772882342338562,2.2086402411867485e-05,0.79,23100,,,,,,,,,
0.062,0.31471768021583557,2.2069272671211756e-05,0.79,23150,,,,,,,,,
0.1039,0.13944050669670105,2.205214293055603e-05,0.79,23200,,,,,,,,,
0.1211,9.110584259033203,2.2035013189900308e-05,0.8,23250,,,,,,,,,
0.0613,0.4205702245235443,2.201788344924458e-05,0.8,23300,,,,,,,,,
0.0866,3.8340413570404053,2.2000753708588854e-05,0.8,23350,,,,,,,,,
0.1083,28.672758102416992,2.1983623967933128e-05,0.8,23400,,,,,,,,,
0.0992,1.6651169061660767,2.19664942272774e-05,0.8,23450,,,,,,,,,
0.1019,1.8232157230377197,2.1949364486621673e-05,0.81,23500,,,,,,,,,
0.0964,8.509593963623047,2.1932234745965945e-05,0.81,23550,,,,,,,,,
0.1002,2.964132785797119,2.191510500531022e-05,0.81,23600,,,,,,,,,
0.0851,3.84504771232605,2.1897975264654497e-05,0.81,23650,,,,,,,,,
0.0895,4.66047477722168,2.1880845523998768e-05,0.81,23700,,,,,,,,,
0.089,1.9699363708496094,2.1863715783343042e-05,0.81,23750,,,,,,,,,
0.0965,1.361238718032837,2.1846586042687313e-05,0.82,23800,,,,,,,,,
0.0796,2.739030361175537,2.1829456302031588e-05,0.82,23850,,,,,,,,,
0.1138,1.9163315296173096,2.1812326561375862e-05,0.82,23900,,,,,,,,,
0.101,0.7896766662597656,2.1795196820720133e-05,0.82,23950,,,,,,,,,
0.1091,6.909832000732422,2.177806708006441e-05,0.82,24000,,,,,,,,,
0.1045,2.8591976165771484,2.1760937339408682e-05,0.82,24050,,,,,,,,,
0.0391,7.209074974060059,2.1743807598752956e-05,0.83,24100,,,,,,,,,
0.1089,1.08364737033844,2.172667785809723e-05,0.83,24150,,,,,,,,,
0.1012,0.13460996747016907,2.1709548117441502e-05,0.83,24200,,,,,,,,,
0.0909,3.8024063110351562,2.1692418376785776e-05,0.83,24250,,,,,,,,,
0.0856,4.360988140106201,2.1675288636130047e-05,0.83,24300,,,,,,,,,
0.0833,2.9264590740203857,2.165815889547432e-05,0.83,24350,,,,,,,,,
0.0882,0.12311651557683945,2.16410291548186e-05,0.84,24400,,,,,,,,,
0.0765,3.418205738067627,2.162389941416287e-05,0.84,24450,,,,,,,,,
0.1155,6.577341079711914,2.1606769673507145e-05,0.84,24500,,,,,,,,,
0.1077,4.9705305099487305,2.1589639932851416e-05,0.84,24550,,,,,,,,,
0.0978,4.0825581550598145,2.157251019219569e-05,0.84,24600,,,,,,,,,
0.0992,3.4032328128814697,2.1555380451539965e-05,0.84,24650,,,,,,,,,
0.0798,9.291412353515625,2.1538250710884236e-05,0.85,24700,,,,,,,,,
0.1003,2.7328100204467773,2.1521120970228514e-05,0.85,24750,,,,,,,,,
0.1179,3.390808343887329,2.1503991229572785e-05,0.85,24800,,,,,,,,,
0.0889,4.391584873199463,2.148686148891706e-05,0.85,24850,,,,,,,,,
0.0885,0.08606832474470139,2.1469731748261333e-05,0.85,24900,,,,,,,,,
0.1095,0.18779359757900238,2.1452602007605604e-05,0.85,24950,,,,,,,,,
0.1007,2.6704678535461426,2.143547226694988e-05,0.86,25000,,,,,,,,,
,,,0.86,25000,0.10994229465723038,295.8401,395.933,24.746,,,,,
0.0688,3.7618677616119385,2.141834252629415e-05,0.86,25050,,,,,,,,,
0.0583,0.06459717452526093,2.1401212785638424e-05,0.86,25100,,,,,,,,,
0.0878,0.37508973479270935,2.1384083044982702e-05,0.86,25150,,,,,,,,,
0.1078,7.145458698272705,2.1366953304326973e-05,0.86,25200,,,,,,,,,
0.0888,4.455630779266357,2.1349823563671248e-05,0.87,25250,,,,,,,,,
0.0765,3.0277602672576904,2.133269382301552e-05,0.87,25300,,,,,,,,,
0.082,1.7400078773498535,2.1315564082359793e-05,0.87,25350,,,,,,,,,
0.1071,0.17536196112632751,2.1298434341704067e-05,0.87,25400,,,,,,,,,
0.0864,1.6494888067245483,2.128130460104834e-05,0.87,25450,,,,,,,,,
0.0955,0.13345561921596527,2.1264174860392616e-05,0.87,25500,,,,,,,,,
0.0972,4.758040904998779,2.1247045119736887e-05,0.88,25550,,,,,,,,,
0.0906,14.266714096069336,2.122991537908116e-05,0.88,25600,,,,,,,,,
0.0794,0.3113689720630646,2.1212785638425436e-05,0.88,25650,,,,,,,,,
0.0676,1.3317608833312988,2.1195655897769707e-05,0.88,25700,,,,,,,,,
0.0771,3.0165584087371826,2.117852615711398e-05,0.88,25750,,,,,,,,,
0.0784,2.2619216442108154,2.1161396416458253e-05,0.88,25800,,,,,,,,,
0.0915,0.723131000995636,2.114426667580253e-05,0.89,25850,,,,,,,,,
0.0802,1.8472830057144165,2.1127136935146805e-05,0.89,25900,,,,,,,,,
0.1008,12.349103927612305,2.1110007194491076e-05,0.89,25950,,,,,,,,,
0.0661,0.2739080786705017,2.109287745383535e-05,0.89,26000,,,,,,,,,
0.1136,3.2682604789733887,2.107574771317962e-05,0.89,26050,,,,,,,,,
0.0719,0.019715212285518646,2.1058617972523896e-05,0.89,26100,,,,,,,,,
0.0712,0.22632814943790436,2.104148823186817e-05,0.9,26150,,,,,,,,,
0.082,2.6219797134399414,2.102435849121244e-05,0.9,26200,,,,,,,,,
0.0818,0.5244444012641907,2.100722875055672e-05,0.9,26250,,,,,,,,,
0.1045,25.146350860595703,2.099009900990099e-05,0.9,26300,,,,,,,,,
0.0774,0.2963773310184479,2.0972969269245264e-05,0.9,26350,,,,,,,,,
0.0931,3.247008800506592,2.095583952858954e-05,0.9,26400,,,,,,,,,
0.0776,0.1765548288822174,2.093870978793381e-05,0.91,26450,,,,,,,,,
0.0527,4.124961853027344,2.0921580047278084e-05,0.91,26500,,,,,,,,,
0.089,0.05268555507063866,2.090445030662236e-05,0.91,26550,,,,,,,,,
0.0835,3.0695066452026367,2.0887320565966633e-05,0.91,26600,,,,,,,,,
0.1078,5.541474342346191,2.0870190825310907e-05,0.91,26650,,,,,,,,,
0.1039,0.22452294826507568,2.085306108465518e-05,0.91,26700,,,,,,,,,
0.1017,0.4076733887195587,2.0835931343999453e-05,0.92,26750,,,,,,,,,
0.0672,8.882608413696289,2.0818801603343727e-05,0.92,26800,,,,,,,,,
0.0944,1.1811774969100952,2.0801671862688e-05,0.92,26850,,,,,,,,,
0.078,1.6539373397827148,2.0784542122032273e-05,0.92,26900,,,,,,,,,
0.1013,1.1240297555923462,2.0767412381376544e-05,0.92,26950,,,,,,,,,
0.0901,0.3204832375049591,2.075028264072082e-05,0.93,27000,,,,,,,,,
0.074,1.590731143951416,2.0733152900065096e-05,0.93,27050,,,,,,,,,
0.0789,14.346007347106934,2.0716023159409367e-05,0.93,27100,,,,,,,,,
0.0894,0.7296704649925232,2.069889341875364e-05,0.93,27150,,,,,,,,,
0.0784,9.262663841247559,2.0681763678097912e-05,0.93,27200,,,,,,,,,
0.0804,2.0746803283691406,2.0664633937442187e-05,0.93,27250,,,,,,,,,
0.0731,2.5292203426361084,2.064750419678646e-05,0.94,27300,,,,,,,,,
0.082,4.686644554138184,2.0630374456130736e-05,0.94,27350,,,,,,,,,
0.1027,8.444973945617676,2.061324471547501e-05,0.94,27400,,,,,,,,,
0.0811,0.32982128858566284,2.059611497481928e-05,0.94,27450,,,,,,,,,
0.1054,14.413982391357422,2.0578985234163556e-05,0.94,27500,,,,,,,,,
0.0804,1.0040435791015625,2.056185549350783e-05,0.94,27550,,,,,,,,,
0.0767,8.54926872253418,2.05447257528521e-05,0.95,27600,,,,,,,,,
0.0717,4.99773645401001,2.0527596012196375e-05,0.95,27650,,,,,,,,,
0.0944,4.216182231903076,2.051046627154065e-05,0.95,27700,,,,,,,,,
0.0832,1.2568141222000122,2.0493336530884924e-05,0.95,27750,,,,,,,,,
0.0953,1.6069425344467163,2.04762067902292e-05,0.95,27800,,,,,,,,,
0.0897,4.8977952003479,2.045907704957347e-05,0.95,27850,,,,,,,,,
0.0847,5.193443298339844,2.0441947308917744e-05,0.96,27900,,,,,,,,,
0.0897,27.47879409790039,2.0424817568262015e-05,0.96,27950,,,,,,,,,
0.1138,2.7147679328918457,2.040768782760629e-05,0.96,28000,,,,,,,,,
0.089,0.28306132555007935,2.0390558086950564e-05,0.96,28050,,,,,,,,,
0.0745,3.4012341499328613,2.037342834629484e-05,0.96,28100,,,,,,,,,
0.0845,0.15598900616168976,2.0356298605639113e-05,0.96,28150,,,,,,,,,
0.084,4.610503673553467,2.0339168864983384e-05,0.97,28200,,,,,,,,,
0.0945,2.42852783203125,2.0322039124327658e-05,0.97,28250,,,,,,,,,
0.0894,0.28204965591430664,2.0304909383671933e-05,0.97,28300,,,,,,,,,
0.0886,0.37037649750709534,2.0287779643016204e-05,0.97,28350,,,,,,,,,
0.0726,0.40019187331199646,2.0270649902360478e-05,0.97,28400,,,,,,,,,
0.0853,1.1077299118041992,2.0253520161704752e-05,0.97,28450,,,,,,,,,
0.1006,6.457332611083984,2.0236390421049027e-05,0.98,28500,,,,,,,,,
0.1029,2.745473861694336,2.02192606803933e-05,0.98,28550,,,,,,,,,
0.0822,6.231588363647461,2.0202130939737572e-05,0.98,28600,,,,,,,,,
0.0987,2.863786220550537,2.0185001199081847e-05,0.98,28650,,,,,,,,,
0.0761,5.36194372177124,2.0167871458426118e-05,0.98,28700,,,,,,,,,
0.0889,2.7255191802978516,2.0150741717770392e-05,0.98,28750,,,,,,,,,
0.0613,0.1983833611011505,2.0133611977114667e-05,0.99,28800,,,,,,,,,
0.1087,0.499523401260376,2.011648223645894e-05,0.99,28850,,,,,,,,,
0.0672,0.23774054646492004,2.0099352495803215e-05,0.99,28900,,,,,,,,,
0.0899,0.21906806528568268,2.0082222755147486e-05,0.99,28950,,,,,,,,,
0.0717,0.06771356612443924,2.006509301449176e-05,0.99,29000,,,,,,,,,
0.1057,2.9030044078826904,2.0047963273836035e-05,1.0,29050,,,,,,,,,
0.1051,1.0456464290618896,2.0030833533180306e-05,1.0,29100,,,,,,,,,
0.0759,10.509682655334473,2.001370379252458e-05,1.0,29150,,,,,,,,,
0.0891,0.053817782551050186,1.9996574051868855e-05,1.0,29200,,,,,,,,,
0.0391,0.012652965262532234,1.997944431121313e-05,1.0,29250,,,,,,,,,
0.0545,2.487478494644165,1.9962314570557404e-05,1.0,29300,,,,,,,,,
0.074,8.973560333251953,1.9945184829901675e-05,1.01,29350,,,,,,,,,
0.0618,2.9342522621154785,1.992805508924595e-05,1.01,29400,,,,,,,,,
0.0689,23.043376922607422,1.991092534859022e-05,1.01,29450,,,,,,,,,
0.0614,0.19506366550922394,1.9893795607934495e-05,1.01,29500,,,,,,,,,
0.0679,1.870431661605835,1.9876665867278773e-05,1.01,29550,,,,,,,,,
0.0691,1.1925996541976929,1.9859536126623044e-05,1.01,29600,,,,,,,,,
0.0644,6.003595352172852,1.9842406385967318e-05,1.02,29650,,,,,,,,,
0.0878,2.2468459606170654,1.982527664531159e-05,1.02,29700,,,,,,,,,
0.0573,0.15037180483341217,1.9808146904655864e-05,1.02,29750,,,,,,,,,
0.0629,15.660666465759277,1.9791017164000138e-05,1.02,29800,,,,,,,,,
0.054,0.3322640359401703,1.977388742334441e-05,1.02,29850,,,,,,,,,
0.0689,8.633666038513184,1.9756757682688683e-05,1.02,29900,,,,,,,,,
0.0596,1.65751051902771,1.9739627942032958e-05,1.03,29950,,,,,,,,,
0.0529,3.4978091716766357,1.9722498201377232e-05,1.03,30000,,,,,,,,,
,,,1.03,30000,0.1228945255279541,295.7575,396.044,24.753,,,,,
0.0617,3.503084659576416,1.9705368460721507e-05,1.03,30050,,,,,,,,,
0.0579,3.9383163452148438,1.9688238720065778e-05,1.03,30100,,,,,,,,,
0.0682,0.10642756521701813,1.9671108979410052e-05,1.03,30150,,,,,,,,,
0.0864,2.3150343894958496,1.9653979238754327e-05,1.03,30200,,,,,,,,,
0.0401,0.3346796929836273,1.9636849498098598e-05,1.04,30250,,,,,,,,,
0.0495,0.06151442602276802,1.9619719757442875e-05,1.04,30300,,,,,,,,,
0.0423,0.08053355664014816,1.9602590016787146e-05,1.04,30350,,,,,,,,,
0.0429,1.3304460048675537,1.958546027613142e-05,1.04,30400,,,,,,,,,
0.0625,2.881192445755005,1.9568330535475695e-05,1.04,30450,,,,,,,,,
0.0719,0.3324440121650696,1.9551200794819966e-05,1.04,30500,,,,,,,,,
0.0346,0.07879714667797089,1.953407105416424e-05,1.05,30550,,,,,,,,,
0.0632,0.2757370173931122,1.951694131350851e-05,1.05,30600,,,,,,,,,
0.0549,0.08802147954702377,1.9499811572852786e-05,1.05,30650,,,,,,,,,
0.0705,12.195411682128906,1.9482681832197064e-05,1.05,30700,,,,,,,,,
0.0537,2.960986852645874,1.9465552091541335e-05,1.05,30750,,,,,,,,,
0.0529,7.953062534332275,1.944842235088561e-05,1.06,30800,,,,,,,,,
0.0496,4.573244094848633,1.943129261022988e-05,1.06,30850,,,,,,,,,
0.067,0.04819677397608757,1.9414162869574155e-05,1.06,30900,,,,,,,,,
0.0678,0.43513280153274536,1.939703312891843e-05,1.06,30950,,,,,,,,,
0.0697,1.4390314817428589,1.93799033882627e-05,1.06,31000,,,,,,,,,
0.0543,5.8655571937561035,1.9362773647606978e-05,1.06,31050,,,,,,,,,
0.0595,5.089780807495117,1.934564390695125e-05,1.07,31100,,,,,,,,,
0.0651,1.6744847297668457,1.9328514166295523e-05,1.07,31150,,,,,,,,,
0.0552,0.10751184821128845,1.9311384425639798e-05,1.07,31200,,,,,,,,,
0.0584,0.8143743872642517,1.929425468498407e-05,1.07,31250,,,,,,,,,
0.0678,0.35451069474220276,1.9277124944328343e-05,1.07,31300,,,,,,,,,
0.0476,0.08461079746484756,1.9259995203672614e-05,1.07,31350,,,,,,,,,
0.0646,1.2521846294403076,1.924286546301689e-05,1.08,31400,,,,,,,,,
0.0462,4.5787458419799805,1.9225735722361167e-05,1.08,31450,,,,,,,,,
0.0783,0.09802570939064026,1.9208605981705438e-05,1.08,31500,,,,,,,,,
0.0324,0.7119354009628296,1.9191476241049712e-05,1.08,31550,,,,,,,,,
0.0478,0.4499497413635254,1.9174346500393983e-05,1.08,31600,,,,,,,,,
0.0756,3.854919672012329,1.9157216759738257e-05,1.08,31650,,,,,,,,,
0.0604,0.08781512081623077,1.9140087019082532e-05,1.09,31700,,,,,,,,,
0.0777,3.0532617568969727,1.9122957278426803e-05,1.09,31750,,,,,,,,,
0.0685,12.032496452331543,1.910582753777108e-05,1.09,31800,,,,,,,,,
0.0605,26.699108123779297,1.9088697797115352e-05,1.09,31850,,,,,,,,,
0.068,0.10213810950517654,1.9071568056459626e-05,1.09,31900,,,,,,,,,
0.0669,3.3059194087982178,1.90544383158039e-05,1.09,31950,,,,,,,,,
0.0749,2.337517499923706,1.903730857514817e-05,1.1,32000,,,,,,,,,
0.0468,1.9226915836334229,1.9020178834492446e-05,1.1,32050,,,,,,,,,
0.0547,7.992037296295166,1.9003049093836717e-05,1.1,32100,,,,,,,,,
0.0558,0.06129984185099602,1.8985919353180995e-05,1.1,32150,,,,,,,,,
0.0591,8.889498710632324,1.896878961252527e-05,1.1,32200,,,,,,,,,
0.0571,0.7210114002227783,1.895165987186954e-05,1.1,32250,,,,,,,,,
0.0988,20.972747802734375,1.8934530131213815e-05,1.11,32300,,,,,,,,,
0.0582,0.005984342657029629,1.8917400390558086e-05,1.11,32350,,,,,,,,,
0.095,0.08377910405397415,1.890027064990236e-05,1.11,32400,,,,,,,,,
0.0376,0.4147337079048157,1.8883140909246635e-05,1.11,32450,,,,,,,,,
0.0422,0.03358108550310135,1.8866011168590906e-05,1.11,32500,,,,,,,,,
0.0569,0.17439144849777222,1.8848881427935183e-05,1.12,32550,,,,,,,,,
0.0521,0.11385415494441986,1.8831751687279454e-05,1.12,32600,,,,,,,,,
0.0688,0.28328937292099,1.881462194662373e-05,1.12,32650,,,,,,,,,
0.0611,0.7111033201217651,1.8797492205968003e-05,1.12,32700,,,,,,,,,
0.0343,0.08125670999288559,1.8780362465312274e-05,1.12,32750,,,,,,,,,
0.0432,35.182613372802734,1.876323272465655e-05,1.12,32800,,,,,,,,,
0.0839,0.03342340886592865,1.874610298400082e-05,1.13,32850,,,,,,,,,
0.0553,9.961069107055664,1.8728973243345098e-05,1.13,32900,,,,,,,,,
0.0698,12.9118070602417,1.8711843502689372e-05,1.13,32950,,,,,,,,,
0.067,9.2169771194458,1.8694713762033643e-05,1.13,33000,,,,,,,,,
0.0562,2.796908140182495,1.8677584021377917e-05,1.13,33050,,,,,,,,,
0.069,0.1947813779115677,1.866045428072219e-05,1.13,33100,,,,,,,,,
0.0694,1.2371113300323486,1.8643324540066463e-05,1.14,33150,,,,,,,,,
0.0517,7.876208305358887,1.8626194799410737e-05,1.14,33200,,,,,,,,,
0.0674,5.935131549835205,1.8609065058755008e-05,1.14,33250,,,,,,,,,
0.0454,0.03932175040245056,1.8591935318099286e-05,1.14,33300,,,,,,,,,
0.0503,0.1210998147726059,1.857480557744356e-05,1.14,33350,,,,,,,,,
0.098,0.18629659712314606,1.855767583678783e-05,1.14,33400,,,,,,,,,
0.0785,50.62686538696289,1.8540546096132106e-05,1.15,33450,,,,,,,,,
0.0696,1.1556296348571777,1.8523416355476377e-05,1.15,33500,,,,,,,,,
0.0556,1.7918694019317627,1.850628661482065e-05,1.15,33550,,,,,,,,,
0.0596,1.760366439819336,1.8489156874164926e-05,1.15,33600,,,,,,,,,
0.0324,3.629761219024658,1.84720271335092e-05,1.15,33650,,,,,,,,,
0.0781,2.3879332542419434,1.8454897392853475e-05,1.15,33700,,,,,,,,,
0.0361,0.1521502584218979,1.8437767652197746e-05,1.16,33750,,,,,,,,,
0.0675,0.5928156971931458,1.842063791154202e-05,1.16,33800,,,,,,,,,
0.056,0.0489041693508625,1.8403508170886294e-05,1.16,33850,,,,,,,,,
0.0783,1.408339023590088,1.8386378430230565e-05,1.16,33900,,,,,,,,,
0.0537,0.09231451898813248,1.836924868957484e-05,1.16,33950,,,,,,,,,
0.0602,4.081228733062744,1.8352118948919114e-05,1.16,34000,,,,,,,,,
0.0595,0.01658416911959648,1.833498920826339e-05,1.17,34050,,,,,,,,,
0.0489,1.6778082847595215,1.8317859467607663e-05,1.17,34100,,,,,,,,,
0.0683,0.3050013482570648,1.8300729726951934e-05,1.17,34150,,,,,,,,,
0.0542,0.37720122933387756,1.828359998629621e-05,1.17,34200,,,,,,,,,
0.0503,3.066676139831543,1.826647024564048e-05,1.17,34250,,,,,,,,,
0.0588,3.0058462619781494,1.8249340504984754e-05,1.18,34300,,,,,,,,,
0.0641,1.3307697772979736,1.823221076432903e-05,1.18,34350,,,,,,,,,
0.0434,0.12621909379959106,1.8215081023673303e-05,1.18,34400,,,,,,,,,
0.0514,3.117614507675171,1.8197951283017577e-05,1.18,34450,,,,,,,,,
0.07,0.010076882317662239,1.818082154236185e-05,1.18,34500,,,,,,,,,
0.0774,0.0437098890542984,1.8163691801706123e-05,1.18,34550,,,,,,,,,
0.0711,0.2884264886379242,1.8146562061050397e-05,1.19,34600,,,,,,,,,
0.0469,3.624992847442627,1.8129432320394668e-05,1.19,34650,,,,,,,,,
0.0544,6.838844299316406,1.8112302579738943e-05,1.19,34700,,,,,,,,,
0.0477,13.28526782989502,1.8095172839083217e-05,1.19,34750,,,,,,,,,
0.0519,6.23253870010376,1.807804309842749e-05,1.19,34800,,,,,,,,,
0.054,0.09428176283836365,1.8060913357771766e-05,1.19,34850,,,,,,,,,
0.0561,5.327297210693359,1.8043783617116037e-05,1.2,34900,,,,,,,,,
0.06,9.752599716186523,1.802665387646031e-05,1.2,34950,,,,,,,,,
0.0531,6.791595458984375,1.8009524135804582e-05,1.2,35000,,,,,,,,,
,,,1.2,35000,0.1174754649400711,295.845,395.927,24.746,,,,,
0.0553,2.3386194705963135,1.7992394395148857e-05,1.2,35050,,,,,,,,,
0.0718,0.8278055787086487,1.797526465449313e-05,1.2,35100,,,,,,,,,
0.0564,4.247342586517334,1.7958134913837406e-05,1.2,35150,,,,,,,,,
0.055,26.777202606201172,1.794100517318168e-05,1.21,35200,,,,,,,,,
0.0479,8.442403793334961,1.792387543252595e-05,1.21,35250,,,,,,,,,
0.0616,4.584547519683838,1.7906745691870225e-05,1.21,35300,,,,,,,,,
0.049,0.6578779816627502,1.78896159512145e-05,1.21,35350,,,,,,,,,
0.0652,0.8454123735427856,1.787248621055877e-05,1.21,35400,,,,,,,,,
0.0337,1.4809808731079102,1.7855356469903045e-05,1.21,35450,,,,,,,,,
0.0826,4.459070682525635,1.783822672924732e-05,1.22,35500,,,,,,,,,
0.0686,3.6912755966186523,1.7821096988591594e-05,1.22,35550,,,,,,,,,
0.0473,2.1380064487457275,1.780396724793587e-05,1.22,35600,,,,,,,,,
0.0568,2.9898555278778076,1.778683750728014e-05,1.22,35650,,,,,,,,,
0.0495,0.09661267697811127,1.7769707766624414e-05,1.22,35700,,,,,,,,,
0.0531,2.302985191345215,1.7752578025968685e-05,1.22,35750,,,,,,,,,
0.0416,0.0033959627617150545,1.773544828531296e-05,1.23,35800,,,,,,,,,
0.0624,3.6447529792785645,1.7718318544657237e-05,1.23,35850,,,,,,,,,
0.0557,3.0697684288024902,1.7701188804001508e-05,1.23,35900,,,,,,,,,
0.0523,0.898296058177948,1.7684059063345783e-05,1.23,35950,,,,,,,,,
0.0542,3.8108599185943604,1.7666929322690054e-05,1.23,36000,,,,,,,,,
0.0589,8.577712059020996,1.7649799582034328e-05,1.24,36050,,,,,,,,,
0.0747,2.542433500289917,1.7632669841378602e-05,1.24,36100,,,,,,,,,
0.0499,2.002863645553589,1.7615540100722874e-05,1.24,36150,,,,,,,,,
0.0665,2.3405866622924805,1.7598410360067148e-05,1.24,36200,,,,,,,,,
0.0791,49.133750915527344,1.7581280619411422e-05,1.24,36250,,,,,,,,,
0.0543,7.074470520019531,1.7564150878755697e-05,1.24,36300,,,,,,,,,
0.049,1.3213040828704834,1.754702113809997e-05,1.25,36350,,,,,,,,,
0.0715,4.610135555267334,1.7529891397444242e-05,1.25,36400,,,,,,,,,
0.0652,13.76638126373291,1.7512761656788517e-05,1.25,36450,,,,,,,,,
0.0648,0.3028505742549896,1.7495631916132788e-05,1.25,36500,,,,,,,,,
0.0726,0.09445163607597351,1.7478502175477062e-05,1.25,36550,,,,,,,,,
0.0539,0.16247834265232086,1.746137243482134e-05,1.25,36600,,,,,,,,,
0.0763,6.898893356323242,1.744424269416561e-05,1.26,36650,,,,,,,,,
0.0629,9.467782020568848,1.7427112953509885e-05,1.26,36700,,,,,,,,,
0.0779,0.6212369799613953,1.740998321285416e-05,1.26,36750,,,,,,,,,
0.0419,6.749313831329346,1.739285347219843e-05,1.26,36800,,,,,,,,,
0.0592,9.77065658569336,1.7375723731542705e-05,1.26,36850,,,,,,,,,
0.0639,0.4233162999153137,1.7358593990886976e-05,1.26,36900,,,,,,,,,
0.0477,0.02228863351047039,1.734146425023125e-05,1.27,36950,,,,,,,,,
0.0528,11.539719581604004,1.732433450957553e-05,1.27,37000,,,,,,,,,
0.0534,0.11407037079334259,1.73072047689198e-05,1.27,37050,,,,,,,,,
0.0617,3.558349609375,1.7290075028264074e-05,1.27,37100,,,,,,,,,
0.0529,2.5139944553375244,1.7272945287608345e-05,1.27,37150,,,,,,,,,
0.0595,2.259007453918457,1.725581554695262e-05,1.27,37200,,,,,,,,,
0.0525,9.163023948669434,1.7238685806296894e-05,1.28,37250,,,,,,,,,
0.0808,1.9157508611679077,1.7221556065641165e-05,1.28,37300,,,,,,,,,
0.0869,4.8006110191345215,1.7204426324985443e-05,1.28,37350,,,,,,,,,
0.0511,0.052812978625297546,1.7187296584329714e-05,1.28,37400,,,,,,,,,
0.0671,0.021468386054039,1.7170166843673988e-05,1.28,37450,,,,,,,,,
0.0557,0.4384418725967407,1.7153037103018262e-05,1.28,37500,,,,,,,,,
0.0638,2.247269868850708,1.7135907362362533e-05,1.29,37550,,,,,,,,,
0.0686,5.133643627166748,1.7118777621706808e-05,1.29,37600,,,,,,,,,
0.0483,0.7534928917884827,1.710164788105108e-05,1.29,37650,,,,,,,,,
0.0732,1.6792495250701904,1.7084518140395353e-05,1.29,37700,,,,,,,,,
0.0619,0.2448865920305252,1.706738839973963e-05,1.29,37750,,,,,,,,,
0.0767,1.8699910640716553,1.7050258659083902e-05,1.3,37800,,,,,,,,,
0.0369,3.4083986282348633,1.7033128918428177e-05,1.3,37850,,,,,,,,,
0.0611,4.415207862854004,1.7015999177772448e-05,1.3,37900,,,,,,,,,
0.0452,0.10416094213724136,1.6998869437116722e-05,1.3,37950,,,,,,,,,
0.0595,12.919795036315918,1.6981739696460996e-05,1.3,38000,,,,,,,,,
0.0629,11.620647430419922,1.6964609955805267e-05,1.3,38050,,,,,,,,,
0.0704,0.5377047061920166,1.6947480215149545e-05,1.31,38100,,,,,,,,,
0.0648,0.38168537616729736,1.6930350474493816e-05,1.31,38150,,,,,,,,,
0.051,4.237013816833496,1.691322073383809e-05,1.31,38200,,,,,,,,,
0.0702,1.6744836568832397,1.6896090993182365e-05,1.31,38250,,,,,,,,,
0.0599,0.08805546164512634,1.6878961252526636e-05,1.31,38300,,,,,,,,,
0.0642,1.1292476654052734,1.686183151187091e-05,1.31,38350,,,,,,,,,
0.0635,0.4435112476348877,1.684470177121518e-05,1.32,38400,,,,,,,,,
0.0435,1.8251502513885498,1.682757203055946e-05,1.32,38450,,,,,,,,,
0.0464,0.06481142342090607,1.6810442289903734e-05,1.32,38500,,,,,,,,,
0.0603,0.9305682182312012,1.6793312549248005e-05,1.32,38550,,,,,,,,,
0.0561,0.02679145708680153,1.677618280859228e-05,1.32,38600,,,,,,,,,
0.0502,3.2938084602355957,1.675905306793655e-05,1.32,38650,,,,,,,,,
0.08,0.15850470960140228,1.6741923327280825e-05,1.33,38700,,,,,,,,,
0.0292,0.19291454553604126,1.67247935866251e-05,1.33,38750,,,,,,,,,
0.0874,0.24747958779335022,1.670766384596937e-05,1.33,38800,,,,,,,,,
0.0779,13.43120288848877,1.6690534105313648e-05,1.33,38850,,,,,,,,,
0.0508,0.28535911440849304,1.667340436465792e-05,1.33,38900,,,,,,,,,
0.0701,9.2933349609375,1.6656274624002193e-05,1.33,38950,,,,,,,,,
0.0633,0.08956902474164963,1.6639144883346468e-05,1.34,39000,,,,,,,,,
0.0553,6.195048809051514,1.662201514269074e-05,1.34,39050,,,,,,,,,
0.059,0.14507777988910675,1.6604885402035013e-05,1.34,39100,,,,,,,,,
0.0667,0.6878552436828613,1.6587755661379284e-05,1.34,39150,,,,,,,,,
0.0666,0.6644153594970703,1.6570625920723562e-05,1.34,39200,,,,,,,,,
0.03,8.256028175354004,1.6553496180067836e-05,1.34,39250,,,,,,,,,
0.0535,22.83694076538086,1.6536366439412107e-05,1.35,39300,,,,,,,,,
0.059,1.1859018802642822,1.6519236698756382e-05,1.35,39350,,,,,,,,,
0.0447,0.7640717625617981,1.6502106958100653e-05,1.35,39400,,,,,,,,,
0.0589,4.148384094238281,1.6484977217444927e-05,1.35,39450,,,,,,,,,
0.044,9.538714408874512,1.6467847476789202e-05,1.35,39500,,,,,,,,,
0.0579,0.46057358384132385,1.6450717736133473e-05,1.35,39550,,,,,,,,,
0.0786,4.595077037811279,1.643358799547775e-05,1.36,39600,,,,,,,,,
0.0526,4.956879615783691,1.641645825482202e-05,1.36,39650,,,,,,,,,
0.0367,10.024836540222168,1.6399328514166296e-05,1.36,39700,,,,,,,,,
0.0664,3.2948408126831055,1.638219877351057e-05,1.36,39750,,,,,,,,,
0.0834,0.0794687494635582,1.636506903285484e-05,1.36,39800,,,,,,,,,
0.0638,0.1708812117576599,1.6347939292199116e-05,1.37,39850,,,,,,,,,
0.0366,0.37656474113464355,1.633080955154339e-05,1.37,39900,,,,,,,,,
0.0318,2.4749269485473633,1.6313679810887665e-05,1.37,39950,,,,,,,,,
0.0471,2.4635584354400635,1.629655007023194e-05,1.37,40000,,,,,,,,,
,,,1.37,40000,0.13480384647846222,295.8696,395.894,24.744,,,,,
0.0631,3.7723565101623535,1.627942032957621e-05,1.37,40050,,,,,,,,,
0.0781,10.272988319396973,1.6262290588920485e-05,1.37,40100,,,,,,,,,
0.0653,3.4125683307647705,1.624516084826476e-05,1.38,40150,,,,,,,,,
0.0556,0.03958027437329292,1.622803110760903e-05,1.38,40200,,,,,,,,,
0.0481,4.192743301391602,1.6210901366953304e-05,1.38,40250,,,,,,,,,
0.0582,4.191315650939941,1.619377162629758e-05,1.38,40300,,,,,,,,,
0.0367,0.3234117329120636,1.6176641885641853e-05,1.38,40350,,,,,,,,,
0.0642,7.6187424659729,1.6159512144986128e-05,1.38,40400,,,,,,,,,
0.0644,5.269033908843994,1.61423824043304e-05,1.39,40450,,,,,,,,,
0.0563,0.07362543046474457,1.6125252663674673e-05,1.39,40500,,,,,,,,,
0.0659,0.5956503748893738,1.6108122923018944e-05,1.39,40550,,,,,,,,,
0.0469,2.5985753536224365,1.609099318236322e-05,1.39,40600,,,,,,,,,
0.0509,2.0689210891723633,1.6073863441707493e-05,1.39,40650,,,,,,,,,
0.0501,1.4146435260772705,1.6056733701051767e-05,1.39,40700,,,,,,,,,
0.0664,11.881185531616211,1.6039603960396042e-05,1.4,40750,,,,,,,,,
0.0805,9.627217292785645,1.6022474219740313e-05,1.4,40800,,,,,,,,,
0.0598,0.29056382179260254,1.6005344479084587e-05,1.4,40850,,,,,,,,,
0.0606,0.21936701238155365,1.598821473842886e-05,1.4,40900,,,,,,,,,
0.0527,0.19600187242031097,1.5971084997773133e-05,1.4,40950,,,,,,,,,
0.0396,0.021520333364605904,1.5953955257117407e-05,1.4,41000,,,,,,,,,
0.0723,18.174131393432617,1.593682551646168e-05,1.41,41050,,,,,,,,,
0.0801,0.07779210805892944,1.5919695775805956e-05,1.41,41100,,,,,,,,,
0.0313,0.1341903656721115,1.590256603515023e-05,1.41,41150,,,,,,,,,
0.0782,0.2185342162847519,1.58854362944945e-05,1.41,41200,,,,,,,,,
0.0497,0.024111159145832062,1.5868306553838776e-05,1.41,41250,,,,,,,,,
0.0402,0.03887486830353737,1.5851176813183047e-05,1.41,41300,,,,,,,,,
0.0596,0.04282735660672188,1.583404707252732e-05,1.42,41350,,,,,,,,,
0.0443,0.02661680057644844,1.5816917331871596e-05,1.42,41400,,,,,,,,,
0.0555,0.8815739750862122,1.579978759121587e-05,1.42,41450,,,,,,,,,
0.0518,6.319381237030029,1.5782657850560144e-05,1.42,41500,,,,,,,,,
0.0648,6.059463977813721,1.5765528109904415e-05,1.42,41550,,,,,,,,,
0.0414,3.537747859954834,1.574839836924869e-05,1.43,41600,,,,,,,,,
0.0468,0.12282747030258179,1.5731268628592964e-05,1.43,41650,,,,,,,,,
0.0576,0.2369605302810669,1.5714138887937235e-05,1.43,41700,,,,,,,,,
0.058,0.5180996656417847,1.569700914728151e-05,1.43,41750,,,,,,,,,
0.0422,8.808178901672363,1.5679879406625784e-05,1.43,41800,,,,,,,,,
0.1076,0.11564596742391586,1.566274966597006e-05,1.43,41850,,,,,,,,,
0.0553,9.181899070739746,1.5645619925314333e-05,1.44,41900,,,,,,,,,
0.0812,1.7534090280532837,1.5628490184658604e-05,1.44,41950,,,,,,,,,
0.0414,2.325573682785034,1.561136044400288e-05,1.44,42000,,,,,,,,,
0.0521,8.413447380065918,1.559423070334715e-05,1.44,42050,,,,,,,,,
0.0553,8.80844497680664,1.5577100962691424e-05,1.44,42100,,,,,,,,,
0.0405,0.10121780633926392,1.5559971222035702e-05,1.44,42150,,,,,,,,,
0.0638,0.010464761406183243,1.5542841481379973e-05,1.45,42200,,,,,,,,,
0.0332,0.057293299585580826,1.5525711740724247e-05,1.45,42250,,,,,,,,,
0.0919,7.329905033111572,1.5508582000068518e-05,1.45,42300,,,,,,,,,
0.0543,16.494951248168945,1.5491452259412793e-05,1.45,42350,,,,,,,,,
0.0669,1.548991322517395,1.5474322518757067e-05,1.45,42400,,,,,,,,,
0.0728,0.7760627269744873,1.5457192778101338e-05,1.45,42450,,,,,,,,,
0.0417,0.047912489622831345,1.5440063037445612e-05,1.46,42500,,,,,,,,,
0.0452,0.7120635509490967,1.5422933296789887e-05,1.46,42550,,,,,,,,,
0.058,0.01223065983504057,1.540580355613416e-05,1.46,42600,,,,,,,,,
0.0631,1.1002885103225708,1.5388673815478436e-05,1.46,42650,,,,,,,,,
0.0672,0.3442414700984955,1.5371544074822707e-05,1.46,42700,,,,,,,,,
0.0419,7.570946216583252,1.535441433416698e-05,1.46,42750,,,,,,,,,
0.0567,0.030626267194747925,1.5337284593511252e-05,1.47,42800,,,,,,,,,
0.0657,0.038390208035707474,1.5320154852855527e-05,1.47,42850,,,,,,,,,
0.0388,0.25432610511779785,1.5303025112199804e-05,1.47,42900,,,,,,,,,
0.0808,17.436267852783203,1.5285895371544075e-05,1.47,42950,,,,,,,,,
0.0575,1.5751628875732422,1.526876563088835e-05,1.47,43000,,,,,,,,,
0.082,7.622217178344727,1.5251635890232623e-05,1.47,43050,,,,,,,,,
0.0479,4.614757537841797,1.5234506149576895e-05,1.48,43100,,,,,,,,,
0.0714,5.985229015350342,1.5217376408921168e-05,1.48,43150,,,,,,,,,
0.0377,0.08261953294277191,1.5200246668265442e-05,1.48,43200,,,,,,,,,
0.0495,3.073528528213501,1.5183116927609715e-05,1.48,43250,,,,,,,,,
0.0724,7.6499481201171875,1.5165987186953991e-05,1.48,43300,,,,,,,,,
0.0588,5.673705577850342,1.5148857446298264e-05,1.49,43350,,,,,,,,,
0.0445,3.472809314727783,1.5131727705642537e-05,1.49,43400,,,,,,,,,
0.0903,0.2125743329524994,1.5114597964986811e-05,1.49,43450,,,,,,,,,
0.0618,0.5279604196548462,1.5097468224331084e-05,1.49,43500,,,,,,,,,
0.0648,13.752290725708008,1.5080338483675357e-05,1.49,43550,,,,,,,,,
0.053,0.13646574318408966,1.506320874301963e-05,1.49,43600,,,,,,,,,
0.0597,6.192121505737305,1.5046079002363905e-05,1.5,43650,,,,,,,,,
0.0367,0.024416523054242134,1.502894926170818e-05,1.5,43700,,,,,,,,,
0.052,0.7489854097366333,1.5011819521052452e-05,1.5,43750,,,,,,,,,
0.0649,1.1287004947662354,1.4994689780396725e-05,1.5,43800,,,,,,,,,
0.0489,0.15479108691215515,1.4977560039740998e-05,1.5,43850,,,,,,,,,
0.0417,2.479583740234375,1.496043029908527e-05,1.5,43900,,,,,,,,,
0.0564,9.359123229980469,1.4943300558429547e-05,1.51,43950,,,,,,,,,
0.0584,2.237333297729492,1.492617081777382e-05,1.51,44000,,,,,,,,,
0.0535,2.7816321849823,1.4909041077118092e-05,1.51,44050,,,,,,,,,
0.0655,0.08753371983766556,1.4891911336462367e-05,1.51,44100,,,,,,,,,
0.0551,23.030929565429688,1.4874781595806641e-05,1.51,44150,,,,,,,,,
0.0672,1.4141769409179688,1.4857651855150914e-05,1.51,44200,,,,,,,,,
0.0708,1.000922679901123,1.4840522114495186e-05,1.52,44250,,,,,,,,,
0.0519,2.5614399909973145,1.4823392373839461e-05,1.52,44300,,,,,,,,,
0.0645,0.10058270394802094,1.4806262633183734e-05,1.52,44350,,,,,,,,,
0.0626,0.038160815834999084,1.4789132892528008e-05,1.52,44400,,,,,,,,,
0.0495,6.4482011795043945,1.477200315187228e-05,1.52,44450,,,,,,,,,
0.0505,6.975294589996338,1.4754873411216555e-05,1.52,44500,,,,,,,,,
0.0817,9.98760986328125,1.4737743670560828e-05,1.53,44550,,,,,,,,,
0.0335,11.150053024291992,1.47206139299051e-05,1.53,44600,,,,,,,,,
0.0387,2.3976590633392334,1.4703484189249375e-05,1.53,44650,,,,,,,,,
0.055,0.03872215002775192,1.468635444859365e-05,1.53,44700,,,,,,,,,
0.0418,0.46541571617126465,1.4669224707937922e-05,1.53,44750,,,,,,,,,
0.0561,15.118865966796875,1.4652094967282195e-05,1.53,44800,,,,,,,,,
0.0477,10.045534133911133,1.463496522662647e-05,1.54,44850,,,,,,,,,
0.0424,0.15836898982524872,1.4617835485970744e-05,1.54,44900,,,,,,,,,
0.0566,6.582884311676025,1.4600705745315016e-05,1.54,44950,,,,,,,,,
0.0542,3.666825294494629,1.458357600465929e-05,1.54,45000,,,,,,,,,
,,,1.54,45000,0.12623091042041779,295.9096,395.841,24.741,,,,,
0.061,0.028450215235352516,1.4566446264003564e-05,1.54,45050,,,,,,,,,
0.0404,0.02987697720527649,1.4549316523347836e-05,1.55,45100,,,,,,,,,
0.054,0.06895574927330017,1.453218678269211e-05,1.55,45150,,,,,,,,,
0.0555,0.15756121277809143,1.4515057042036383e-05,1.55,45200,,,,,,,,,
0.069,4.771112442016602,1.4497927301380658e-05,1.55,45250,,,,,,,,,
0.0773,0.06556196510791779,1.448079756072493e-05,1.55,45300,,,,,,,,,
0.0549,1.551572561264038,1.4463667820069203e-05,1.55,45350,,,,,,,,,
0.0437,13.625716209411621,1.444653807941348e-05,1.56,45400,,,,,,,,,
0.0816,0.9915100932121277,1.4429408338757752e-05,1.56,45450,,,,,,,,,
0.0543,15.050363540649414,1.4412278598102025e-05,1.56,45500,,,,,,,,,
0.0467,12.374651908874512,1.4395148857446298e-05,1.56,45550,,,,,,,,,
0.0751,1.1806837320327759,1.4378019116790572e-05,1.56,45600,,,,,,,,,
0.0501,0.7294174432754517,1.4360889376134846e-05,1.56,45650,,,,,,,,,
0.0395,2.5985586643218994,1.4343759635479119e-05,1.57,45700,,,,,,,,,
0.0457,0.5018151998519897,1.4326629894823392e-05,1.57,45750,,,,,,,,,
0.0729,0.2482079714536667,1.4309500154167666e-05,1.57,45800,,,,,,,,,
0.049,3.520092487335205,1.429237041351194e-05,1.57,45850,,,,,,,,,
0.0593,5.492611408233643,1.4275240672856213e-05,1.57,45900,,,,,,,,,
0.0527,0.6334907412528992,1.4258110932200488e-05,1.57,45950,,,,,,,,,
0.038,4.608720302581787,1.424098119154476e-05,1.58,46000,,,,,,,,,
0.0575,0.13527661561965942,1.4223851450889033e-05,1.58,46050,,,,,,,,,
0.0469,0.03514421731233597,1.4206721710233308e-05,1.58,46100,,,,,,,,,
0.0711,2.01198410987854,1.4189591969577582e-05,1.58,46150,,,,,,,,,
0.0378,1.4961901903152466,1.4172462228921855e-05,1.58,46200,,,,,,,,,
0.0507,4.69208288192749,1.4155332488266128e-05,1.58,46250,,,,,,,,,
0.0636,16.64096450805664,1.41382027476104e-05,1.59,46300,,,,,,,,,
0.0594,0.47165659070014954,1.4121073006954676e-05,1.59,46350,,,,,,,,,
0.0416,0.06841106712818146,1.4103943266298949e-05,1.59,46400,,,,,,,,,
0.0585,0.05526912957429886,1.4086813525643222e-05,1.59,46450,,,,,,,,,
0.0335,3.632725954055786,1.4069683784987495e-05,1.59,46500,,,,,,,,,
0.0557,0.08191143721342087,1.4052554044331769e-05,1.59,46550,,,,,,,,,
0.0487,0.47155365347862244,1.4035424303676043e-05,1.6,46600,,,,,,,,,
0.0624,10.558395385742188,1.4018294563020316e-05,1.6,46650,,,,,,,,,
0.0538,0.24678273499011993,1.400116482236459e-05,1.6,46700,,,,,,,,,
0.0632,0.09146453440189362,1.3984035081708863e-05,1.6,46750,,,,,,,,,
0.0531,1.3871921300888062,1.3966905341053136e-05,1.6,46800,,,,,,,,,
0.033,0.2766208052635193,1.394977560039741e-05,1.61,46850,,,,,,,,,
0.0508,0.3185763955116272,1.3932645859741685e-05,1.61,46900,,,,,,,,,
0.0651,0.29219168424606323,1.3915516119085957e-05,1.61,46950,,,,,,,,,
0.0725,0.05292711406946182,1.389838637843023e-05,1.61,47000,,,,,,,,,
0.062,3.239642381668091,1.3881256637774503e-05,1.61,47050,,,,,,,,,
0.0493,0.5949802994728088,1.3864126897118779e-05,1.61,47100,,,,,,,,,
0.0562,0.6589294672012329,1.3846997156463052e-05,1.62,47150,,,,,,,,,
0.0485,4.720471382141113,1.3829867415807324e-05,1.62,47200,,,,,,,,,
0.0805,6.861603736877441,1.3812737675151599e-05,1.62,47250,,,,,,,,,
0.0521,1.3731836080551147,1.3795607934495872e-05,1.62,47300,,,,,,,,,
0.0524,0.033756762742996216,1.3778478193840146e-05,1.62,47350,,,,,,,,,
0.0614,1.231967806816101,1.3761348453184419e-05,1.62,47400,,,,,,,,,
0.0573,0.21171614527702332,1.3744218712528693e-05,1.63,47450,,,,,,,,,
0.0451,6.784109115600586,1.3727088971872966e-05,1.63,47500,,,,,,,,,
0.0675,12.330710411071777,1.370995923121724e-05,1.63,47550,,,,,,,,,
0.0608,0.23728330433368683,1.3692829490561513e-05,1.63,47600,,,,,,,,,
0.0625,2.0704987049102783,1.3675699749905787e-05,1.63,47650,,,,,,,,,
0.0706,2.5441160202026367,1.365857000925006e-05,1.63,47700,,,,,,,,,
0.0552,0.1595412641763687,1.3641440268594333e-05,1.64,47750,,,,,,,,,
0.0503,0.030430829152464867,1.3624310527938607e-05,1.64,47800,,,,,,,,,
0.0478,0.9171016812324524,1.3607180787282882e-05,1.64,47850,,,,,,,,,
0.0507,0.08883145451545715,1.3590051046627154e-05,1.64,47900,,,,,,,,,
0.0646,5.241386413574219,1.3572921305971427e-05,1.64,47950,,,,,,,,,
0.0655,3.762537717819214,1.3555791565315702e-05,1.64,48000,,,,,,,,,
0.0363,1.0706963539123535,1.3538661824659976e-05,1.65,48050,,,,,,,,,
0.0585,0.5662105083465576,1.3521532084004249e-05,1.65,48100,,,,,,,,,
0.0615,7.612884998321533,1.3504402343348521e-05,1.65,48150,,,,,,,,,
0.0405,16.97096824645996,1.3487272602692796e-05,1.65,48200,,,,,,,,,
0.0639,0.28202810883522034,1.3470142862037069e-05,1.65,48250,,,,,,,,,
0.0671,0.3547414541244507,1.3453013121381343e-05,1.65,48300,,,,,,,,,
0.0284,0.03853560611605644,1.3435883380725616e-05,1.66,48350,,,,,,,,,
0.0471,1.2070585489273071,1.341875364006989e-05,1.66,48400,,,,,,,,,
0.0396,0.3095181882381439,1.3401623899414163e-05,1.66,48450,,,,,,,,,
0.0531,0.7777286767959595,1.3384494158758436e-05,1.66,48500,,,,,,,,,
0.055,0.2168969213962555,1.3367364418102712e-05,1.66,48550,,,,,,,,,
0.0583,0.07889731973409653,1.3350234677446984e-05,1.67,48600,,,,,,,,,
0.0484,1.384781837463379,1.3333104936791257e-05,1.67,48650,,,,,,,,,
0.0519,0.4261915385723114,1.331597519613553e-05,1.67,48700,,,,,,,,,
0.0624,2.719965696334839,1.3298845455479804e-05,1.67,48750,,,,,,,,,
0.0525,21.324209213256836,1.3281715714824079e-05,1.67,48800,,,,,,,,,
0.0539,0.43797895312309265,1.3264585974168351e-05,1.67,48850,,,,,,,,,
0.0406,0.1981237679719925,1.3247456233512624e-05,1.68,48900,,,,,,,,,
0.0484,34.89287567138672,1.3230326492856898e-05,1.68,48950,,,,,,,,,
0.0365,5.478700637817383,1.3213196752201173e-05,1.68,49000,,,,,,,,,
0.0271,8.395903587341309,1.3196067011545446e-05,1.68,49050,,,,,,,,,
0.0695,0.008551518432796001,1.317893727088972e-05,1.68,49100,,,,,,,,,
0.0395,6.834666728973389,1.3161807530233993e-05,1.68,49150,,,,,,,,,
0.0387,8.59791088104248,1.3144677789578265e-05,1.69,49200,,,,,,,,,
0.0423,13.280901908874512,1.312754804892254e-05,1.69,49250,,,,,,,,,
0.0412,3.1982266902923584,1.3110418308266814e-05,1.69,49300,,,,,,,,,
0.0701,3.2067148685455322,1.3093288567611087e-05,1.69,49350,,,,,,,,,
0.0735,1.618065595626831,1.307615882695536e-05,1.69,49400,,,,,,,,,
0.0436,6.635747909545898,1.3059029086299632e-05,1.69,49450,,,,,,,,,
0.0355,0.13479073345661163,1.3041899345643909e-05,1.7,49500,,,,,,,,,
0.0476,0.5292394161224365,1.3024769604988181e-05,1.7,49550,,,,,,,,,
0.0851,10.022833824157715,1.3007639864332454e-05,1.7,49600,,,,,,,,,
0.0485,0.06340868771076202,1.2990510123676727e-05,1.7,49650,,,,,,,,,
0.0772,0.651411771774292,1.2973380383021001e-05,1.7,49700,,,,,,,,,
0.0583,2.424086809158325,1.2956250642365276e-05,1.7,49750,,,,,,,,,
0.0566,0.8171618580818176,1.2939120901709548e-05,1.71,49800,,,,,,,,,
0.0341,1.6809898614883423,1.2921991161053823e-05,1.71,49850,,,,,,,,,
0.0572,5.331972599029541,1.2904861420398095e-05,1.71,49900,,,,,,,,,
0.0774,0.8447919487953186,1.2887731679742368e-05,1.71,49950,,,,,,,,,
0.0568,1.4827226400375366,1.2870601939086643e-05,1.71,50000,,,,,,,,,
,,,1.71,50000,0.12012649327516556,295.8376,395.937,24.747,,,,,
0.0667,2.9358153343200684,1.2853472198430917e-05,1.71,50050,,,,,,,,,
0.0979,1.016593098640442,1.283634245777519e-05,1.72,50100,,,,,,,,,
0.0717,5.016819477081299,1.2819212717119462e-05,1.72,50150,,,,,,,,,
0.0453,0.3766287863254547,1.2802082976463735e-05,1.72,50200,,,,,,,,,
0.0622,3.1910669803619385,1.2784953235808011e-05,1.72,50250,,,,,,,,,
0.0598,4.144346714019775,1.2767823495152284e-05,1.72,50300,,,,,,,,,
0.0542,7.283156394958496,1.2750693754496557e-05,1.72,50350,,,,,,,,,
0.05,0.05525128170847893,1.2733564013840831e-05,1.73,50400,,,,,,,,,
0.0536,2.275092124938965,1.2716434273185104e-05,1.73,50450,,,,,,,,,
0.0592,2.9098970890045166,1.2699304532529378e-05,1.73,50500,,,,,,,,,
0.0867,3.152944326400757,1.2682174791873651e-05,1.73,50550,,,,,,,,,
0.047,1.344693899154663,1.2665045051217925e-05,1.73,50600,,,,,,,,,
0.0469,1.8540966510772705,1.2647915310562198e-05,1.74,50650,,,,,,,,,
0.0621,0.1108737364411354,1.2630785569906473e-05,1.74,50700,,,,,,,,,
0.0683,0.20219765603542328,1.2613655829250745e-05,1.74,50750,,,,,,,,,
0.0503,0.8583236336708069,1.259652608859502e-05,1.74,50800,,,,,,,,,
0.06,2.2906272411346436,1.2579396347939292e-05,1.74,50850,,,,,,,,,
0.0589,1.5917155742645264,1.2562266607283565e-05,1.74,50900,,,,,,,,,
0.0295,0.060610294342041016,1.254513686662784e-05,1.75,50950,,,,,,,,,
0.0485,0.400900661945343,1.2528007125972114e-05,1.75,51000,,,,,,,,,
0.0525,0.61484295129776,1.2510877385316387e-05,1.75,51050,,,,,,,,,
0.0647,5.314026832580566,1.249374764466066e-05,1.75,51100,,,,,,,,,
0.0392,2.571565866470337,1.2476617904004934e-05,1.75,51150,,,,,,,,,
0.0708,0.15567535161972046,1.2459488163349208e-05,1.75,51200,,,,,,,,,
0.0361,0.4790157079696655,1.2442358422693481e-05,1.76,51250,,,,,,,,,
0.0539,1.8621619939804077,1.2425228682037754e-05,1.76,51300,,,,,,,,,
0.057,3.913928985595703,1.2408098941382028e-05,1.76,51350,,,,,,,,,
0.0474,1.952370285987854,1.23909692007263e-05,1.76,51400,,,,,,,,,
0.0484,2.498548746109009,1.2373839460070575e-05,1.76,51450,,,,,,,,,
0.0545,0.49135836958885193,1.2356709719414848e-05,1.76,51500,,,,,,,,,
0.0685,11.53022289276123,1.2339579978759122e-05,1.77,51550,,,,,,,,,
0.0557,8.118345260620117,1.2322450238103395e-05,1.77,51600,,,,,,,,,
0.0421,0.1899072378873825,1.2305320497447668e-05,1.77,51650,,,,,,,,,
0.0439,5.990527629852295,1.2288190756791944e-05,1.77,51700,,,,,,,,,
0.059,1.8927820920944214,1.2271061016136217e-05,1.77,51750,,,,,,,,,
0.0372,0.13671594858169556,1.225393127548049e-05,1.77,51800,,,,,,,,,
0.033,0.28736042976379395,1.2236801534824762e-05,1.78,51850,,,,,,,,,
0.071,5.074694633483887,1.2219671794169036e-05,1.78,51900,,,,,,,,,
0.0429,11.451751708984375,1.2202542053513311e-05,1.78,51950,,,,,,,,,
0.0587,7.011760711669922,1.2185412312857584e-05,1.78,52000,,,,,,,,,
0.0681,0.1799481362104416,1.2168282572201856e-05,1.78,52050,,,,,,,,,
0.0876,1.8548740148544312,1.215115283154613e-05,1.78,52100,,,,,,,,,
0.063,19.248756408691406,1.2134023090890403e-05,1.79,52150,,,,,,,,,
0.0581,0.06898072361946106,1.2116893350234678e-05,1.79,52200,,,,,,,,,
0.0639,0.21226435899734497,1.2099763609578952e-05,1.79,52250,,,,,,,,,
0.0507,5.329796314239502,1.2082633868923225e-05,1.79,52300,,,,,,,,,
0.0538,0.024073388427495956,1.2065504128267498e-05,1.79,52350,,,,,,,,,
0.0616,0.12982654571533203,1.2048374387611772e-05,1.8,52400,,,,,,,,,
0.038,2.7446675300598145,1.2031244646956047e-05,1.8,52450,,,,,,,,,
0.061,3.378537654876709,1.201411490630032e-05,1.8,52500,,,,,,,,,
0.0432,7.434590816497803,1.1996985165644592e-05,1.8,52550,,,,,,,,,
0.0414,0.09234277904033661,1.1979855424988865e-05,1.8,52600,,,,,,,,,
0.0562,0.6546524167060852,1.1962725684333141e-05,1.8,52650,,,,,,,,,
0.065,0.2576165795326233,1.1945595943677414e-05,1.81,52700,,,,,,,,,
0.0337,4.270292282104492,1.1928466203021686e-05,1.81,52750,,,,,,,,,
0.0412,2.3503339290618896,1.1911336462365959e-05,1.81,52800,,,,,,,,,
0.071,1.1082642078399658,1.1894206721710233e-05,1.81,52850,,,,,,,,,
0.0799,0.3632858991622925,1.1877076981054508e-05,1.81,52900,,,,,,,,,
0.0608,22.25666618347168,1.185994724039878e-05,1.81,52950,,,,,,,,,
0.0569,1.5912514925003052,1.1842817499743055e-05,1.82,53000,,,,,,,,,
0.0376,0.029484819620847702,1.1825687759087328e-05,1.82,53050,,,,,,,,,
0.0471,0.42177143692970276,1.18085580184316e-05,1.82,53100,,,,,,,,,
0.0607,0.011305580846965313,1.1791428277775875e-05,1.82,53150,,,,,,,,,
0.048,0.9280369877815247,1.177429853712015e-05,1.82,53200,,,,,,,,,
0.0564,8.375557899475098,1.1757168796464422e-05,1.82,53250,,,,,,,,,
0.0485,2.114875555038452,1.1740039055808695e-05,1.83,53300,,,,,,,,,
0.0642,0.09443055093288422,1.1722909315152967e-05,1.83,53350,,,,,,,,,
0.0579,1.6455971002578735,1.1705779574497244e-05,1.83,53400,,,,,,,,,
0.0403,0.09930524975061417,1.1688649833841516e-05,1.83,53450,,,,,,,,,
0.0433,10.245058059692383,1.1671520093185789e-05,1.83,53500,,,,,,,,,
0.0402,0.16931669414043427,1.1654390352530063e-05,1.83,53550,,,,,,,,,
0.0582,2.105733871459961,1.1637260611874336e-05,1.84,53600,,,,,,,,,
0.0529,1.4676989316940308,1.162013087121861e-05,1.84,53650,,,,,,,,,
0.0533,0.6139816641807556,1.1603001130562883e-05,1.84,53700,,,,,,,,,
0.0352,1.0656572580337524,1.1585871389907158e-05,1.84,53750,,,,,,,,,
0.0454,3.378767728805542,1.156874164925143e-05,1.84,53800,,,,,,,,,
0.0506,0.7595893144607544,1.1551611908595703e-05,1.84,53850,,,,,,,,,
0.0597,2.5191152095794678,1.1534482167939978e-05,1.85,53900,,,,,,,,,
0.0473,6.808435916900635,1.1517352427284252e-05,1.85,53950,,,,,,,,,
0.0459,1.7699097394943237,1.1500222686628525e-05,1.85,54000,,,,,,,,,
0.0508,0.08154640346765518,1.1483092945972797e-05,1.85,54050,,,,,,,,,
0.0411,6.686074256896973,1.1465963205317072e-05,1.85,54100,,,,,,,,,
0.0814,0.09211241453886032,1.1448833464661346e-05,1.86,54150,,,,,,,,,
0.0521,13.684991836547852,1.1431703724005619e-05,1.86,54200,,,,,,,,,
0.045,5.552004337310791,1.1414573983349892e-05,1.86,54250,,,,,,,,,
0.05,6.59976863861084,1.1397444242694166e-05,1.86,54300,,,,,,,,,
0.052,8.504939079284668,1.138031450203844e-05,1.86,54350,,,,,,,,,
0.0426,0.7846649885177612,1.1363184761382713e-05,1.86,54400,,,,,,,,,
0.0542,9.525453567504883,1.1346055020726986e-05,1.87,54450,,,,,,,,,
0.0608,0.06533283740282059,1.132892528007126e-05,1.87,54500,,,,,,,,,
0.0504,0.03022642806172371,1.1311795539415533e-05,1.87,54550,,,,,,,,,
0.0469,10.682843208312988,1.1294665798759807e-05,1.87,54600,,,,,,,,,
0.0342,0.1421370804309845,1.127753605810408e-05,1.87,54650,,,,,,,,,
0.0484,8.675573348999023,1.1260406317448355e-05,1.87,54700,,,,,,,,,
0.0632,5.329417705535889,1.1243276576792627e-05,1.88,54750,,,,,,,,,
0.0547,4.396295070648193,1.12261468361369e-05,1.88,54800,,,,,,,,,
0.0486,0.354866087436676,1.1209017095481176e-05,1.88,54850,,,,,,,,,
0.0391,0.873932421207428,1.1191887354825449e-05,1.88,54900,,,,,,,,,
0.0496,2.2116546630859375,1.1174757614169722e-05,1.88,54950,,,,,,,,,
0.0328,7.326655864715576,1.1157627873513994e-05,1.88,55000,,,,,,,,,
,,,1.88,55000,0.12541313469409943,296.0045,395.714,24.733,,,,,
0.0444,5.161988735198975,1.1140498132858269e-05,1.89,55050,,,,,,,,,
0.0728,10.224089622497559,1.1123368392202543e-05,1.89,55100,,,,,,,,,
0.0414,16.203603744506836,1.1106238651546816e-05,1.89,55150,,,,,,,,,
0.0407,0.5430722236633301,1.1089108910891089e-05,1.89,55200,,,,,,,,,
0.0522,0.04308606684207916,1.1071979170235363e-05,1.89,55250,,,,,,,,,
0.0352,1.1408058404922485,1.1054849429579636e-05,1.89,55300,,,,,,,,,
0.0485,5.439230918884277,1.103771968892391e-05,1.9,55350,,,,,,,,,
0.0634,1.873718023300171,1.1020589948268183e-05,1.9,55400,,,,,,,,,
0.0521,7.73053503036499,1.1003460207612457e-05,1.9,55450,,,,,,,,,
0.0485,0.0601411797106266,1.098633046695673e-05,1.9,55500,,,,,,,,,
0.0467,0.03483046591281891,1.0969200726301004e-05,1.9,55550,,,,,,,,,
0.0518,42.04011535644531,1.0952070985645279e-05,1.9,55600,,,,,,,,,
0.0617,0.5139424800872803,1.0934941244989552e-05,1.91,55650,,,,,,,,,
0.0515,2.5735726356506348,1.0917811504333824e-05,1.91,55700,,,,,,,,,
0.0397,0.43907785415649414,1.0900681763678097e-05,1.91,55750,,,,,,,,,
0.0596,0.05360563099384308,1.0883552023022373e-05,1.91,55800,,,,,,,,,
0.0521,0.14464975893497467,1.0866422282366646e-05,1.91,55850,,,,,,,,,
0.0383,1.2034454345703125,1.0849292541710919e-05,1.92,55900,,,,,,,,,
0.0548,0.026160195469856262,1.0832162801055191e-05,1.92,55950,,,,,,,,,
0.0511,0.025029486045241356,1.0815033060399466e-05,1.92,56000,,,,,,,,,
0.0739,3.6366419792175293,1.079790331974374e-05,1.92,56050,,,,,,,,,
0.0686,6.4546122550964355,1.0780773579088013e-05,1.92,56100,,,,,,,,,
0.0446,0.17293958365917206,1.0763643838432287e-05,1.92,56150,,,,,,,,,
0.0552,0.21430166065692902,1.074651409777656e-05,1.93,56200,,,,,,,,,
0.0407,3.5644702911376953,1.0729384357120833e-05,1.93,56250,,,,,,,,,
0.0327,1.4481412172317505,1.0712254616465107e-05,1.93,56300,,,,,,,,,
0.0312,0.02853964827954769,1.0695124875809382e-05,1.93,56350,,,,,,,,,
0.0868,0.040206070989370346,1.0677995135153654e-05,1.93,56400,,,,,,,,,
0.0354,1.634156346321106,1.0660865394497927e-05,1.93,56450,,,,,,,,,
0.049,0.01827477291226387,1.06437356538422e-05,1.94,56500,,,,,,,,,
0.0465,0.20936526358127594,1.0626605913186476e-05,1.94,56550,,,,,,,,,
0.0485,6.54016637802124,1.0609476172530748e-05,1.94,56600,,,,,,,,,
0.0461,2.38142728805542,1.0592346431875021e-05,1.94,56650,,,,,,,,,
0.0485,4.231357097625732,1.0575216691219296e-05,1.94,56700,,,,,,,,,
0.0478,1.2238202095031738,1.0558086950563568e-05,1.94,56750,,,,,,,,,
0.0674,0.14709459245204926,1.0540957209907843e-05,1.95,56800,,,,,,,,,
0.0551,0.5856661796569824,1.0523827469252115e-05,1.95,56850,,,,,,,,,
0.0685,5.09704065322876,1.050669772859639e-05,1.95,56900,,,,,,,,,
0.0501,6.159787178039551,1.0489567987940663e-05,1.95,56950,,,,,,,,,
0.0436,1.211146593093872,1.0472438247284935e-05,1.95,57000,,,,,,,,,
0.0609,17.110729217529297,1.045530850662921e-05,1.95,57050,,,,,,,,,
0.0509,0.062071703374385834,1.0438178765973484e-05,1.96,57100,,,,,,,,,
0.0413,3.7058446407318115,1.0421049025317757e-05,1.96,57150,,,,,,,,,
0.0248,2.817136526107788,1.040391928466203e-05,1.96,57200,,,,,,,,,
0.0432,0.18669493496418,1.0386789544006304e-05,1.96,57250,,,,,,,,,
0.0833,5.433986663818359,1.0369659803350578e-05,1.96,57300,,,,,,,,,
0.0454,1.7784050703048706,1.0352530062694851e-05,1.96,57350,,,,,,,,,
0.0487,4.183409690856934,1.0335400322039124e-05,1.97,57400,,,,,,,,,
0.0462,2.9000065326690674,1.0318270581383398e-05,1.97,57450,,,,,,,,,
0.0509,3.576690196990967,1.0301140840727673e-05,1.97,57500,,,,,,,,,
0.0457,0.6924949288368225,1.0284011100071945e-05,1.97,57550,,,,,,,,,
0.0628,0.21975292265415192,1.0266881359416218e-05,1.97,57600,,,,,,,,,
0.0394,4.234981060028076,1.0249751618760493e-05,1.98,57650,,,,,,,,,
0.0562,10.6088228225708,1.0232621878104765e-05,1.98,57700,,,,,,,,,
0.0499,0.03301607817411423,1.021549213744904e-05,1.98,57750,,,,,,,,,
0.0375,0.26285767555236816,1.0198362396793312e-05,1.98,57800,,,,,,,,,
0.0375,0.011094657704234123,1.0181232656137587e-05,1.98,57850,,,,,,,,,
0.0497,0.46622326970100403,1.016410291548186e-05,1.98,57900,,,,,,,,,
0.0567,0.651479184627533,1.0146973174826132e-05,1.99,57950,,,,,,,,,
0.0452,2.8795650005340576,1.0129843434170408e-05,1.99,58000,,,,,,,,,
0.0449,7.291142463684082,1.0112713693514681e-05,1.99,58050,,,,,,,,,
0.0513,0.19453150033950806,1.0095583952858954e-05,1.99,58100,,,,,,,,,
0.0386,0.45644789934158325,1.0078454212203227e-05,1.99,58150,,,,,,,,,
0.0885,2.814642906188965,1.0061324471547501e-05,1.99,58200,,,,,,,,,
0.0408,4.711683750152588,1.0044194730891775e-05,2.0,58250,,,,,,,,,
0.0486,5.238266944885254,1.0027064990236048e-05,2.0,58300,,,,,,,,,
0.066,0.08073810487985611,1.000993524958032e-05,2.0,58350,,,,,,,,,
0.0325,0.7908048629760742,9.992805508924595e-06,2.0,58400,,,,,,,,,
0.018,0.07738246023654938,9.975675768268868e-06,2.0,58450,,,,,,,,,
0.0444,0.49678096175193787,9.958546027613142e-06,2.0,58500,,,,,,,,,
0.0208,0.06862377375364304,9.941416286957415e-06,2.01,58550,,,,,,,,,
0.0279,0.3455832898616791,9.92428654630169e-06,2.01,58600,,,,,,,,,
0.0268,0.051427893340587616,9.907156805645962e-06,2.01,58650,,,,,,,,,
0.0244,0.013248983770608902,9.890027064990235e-06,2.01,58700,,,,,,,,,
0.0268,0.03015626035630703,9.872897324334511e-06,2.01,58750,,,,,,,,,
0.0306,0.6016623973846436,9.855767583678784e-06,2.01,58800,,,,,,,,,
0.0277,6.173422336578369,9.838637843023057e-06,2.02,58850,,,,,,,,,
0.0273,0.3449397683143616,9.82150810236733e-06,2.02,58900,,,,,,,,,
0.0203,22.597620010375977,9.804378361711605e-06,2.02,58950,,,,,,,,,
0.0182,0.021137358620762825,9.787248621055878e-06,2.02,59000,,,,,,,,,
0.0302,0.00590317789465189,9.77011888040015e-06,2.02,59050,,,,,,,,,
0.0296,0.44411852955818176,9.752989139744424e-06,2.02,59100,,,,,,,,,
0.0308,0.10117554664611816,9.735859399088698e-06,2.03,59150,,,,,,,,,
0.0362,3.0689098834991455,9.718729658432972e-06,2.03,59200,,,,,,,,,
0.0243,2.2547359466552734,9.701599917777245e-06,2.03,59250,,,,,,,,,
0.0144,0.007925487123429775,9.68447017712152e-06,2.03,59300,,,,,,,,,
0.0265,44.13203048706055,9.667340436465792e-06,2.03,59350,,,,,,,,,
0.0223,2.1253020763397217,9.650210695810065e-06,2.04,59400,,,,,,,,,
0.0615,0.024394234642386436,9.63308095515434e-06,2.04,59450,,,,,,,,,
0.0312,0.07333416491746902,9.615951214498614e-06,2.04,59500,,,,,,,,,
0.0173,2.030545949935913,9.598821473842886e-06,2.04,59550,,,,,,,,,
0.015,0.06029614433646202,9.58169173318716e-06,2.04,59600,,,,,,,,,
0.0307,0.15974445641040802,9.564561992531432e-06,2.04,59650,,,,,,,,,
0.0315,0.023249953985214233,9.547432251875708e-06,2.05,59700,,,,,,,,,
0.0114,0.06979982554912567,9.53030251121998e-06,2.05,59750,,,,,,,,,
0.0152,8.998327255249023,9.513172770564253e-06,2.05,59800,,,,,,,,,
0.0365,3.8566462993621826,9.496043029908528e-06,2.05,59850,,,,,,,,,
0.0274,21.846525192260742,9.4789132892528e-06,2.05,59900,,,,,,,,,
0.0261,5.153398513793945,9.461783548597075e-06,2.05,59950,,,,,,,,,
0.0129,0.9718977212905884,9.444653807941348e-06,2.06,60000,,,,,,,,,
,,,2.06,60000,0.14821146428585052,295.935,395.806,24.739,,,,,
0.0147,0.0035120095126330853,9.427524067285622e-06,2.06,60050,,,,,,,,,
0.0278,3.332597017288208,9.410394326629895e-06,2.06,60100,,,,,,,,,
0.0167,0.006119135767221451,9.393264585974168e-06,2.06,60150,,,,,,,,,
0.0156,11.124711990356445,9.376134845318442e-06,2.06,60200,,,,,,,,,
0.0202,0.018238335847854614,9.359005104662716e-06,2.06,60250,,,,,,,,,
0.0425,0.0017408215207979083,9.34187536400699e-06,2.07,60300,,,,,,,,,
0.0421,0.009964200668036938,9.324745623351262e-06,2.07,60350,,,,,,,,,
0.0314,1.9089410305023193,9.307615882695535e-06,2.07,60400,,,,,,,,,
0.0164,0.32928815484046936,9.29048614203981e-06,2.07,60450,,,,,,,,,
0.0291,0.6462628245353699,9.273356401384083e-06,2.07,60500,,,,,,,,,
0.0257,3.609241008758545,9.256226660728356e-06,2.07,60550,,,,,,,,,
0.0213,0.006149283144623041,9.23909692007263e-06,2.08,60600,,,,,,,,,
0.034,13.513381004333496,9.221967179416905e-06,2.08,60650,,,,,,,,,
0.0233,3.889871120452881,9.204837438761178e-06,2.08,60700,,,,,,,,,
0.0256,0.1609196662902832,9.18770769810545e-06,2.08,60750,,,,,,,,,
0.0268,0.01329540740698576,9.170577957449725e-06,2.08,60800,,,,,,,,,
0.0204,0.007481119129806757,9.153448216793998e-06,2.08,60850,,,,,,,,,
0.03,0.24158555269241333,9.136318476138272e-06,2.09,60900,,,,,,,,,
0.0315,1.4947633743286133,9.119188735482545e-06,2.09,60950,,,,,,,,,
0.0385,29.97581672668457,9.102058994826819e-06,2.09,61000,,,,,,,,,
0.0294,1.2005457878112793,9.084929254171092e-06,2.09,61050,,,,,,,,,
0.0347,0.2859630286693573,9.067799513515365e-06,2.09,61100,,,,,,,,,
0.0211,0.03352757543325424,9.05066977285964e-06,2.09,61150,,,,,,,,,
0.023,0.014373213052749634,9.033540032203913e-06,2.1,61200,,,,,,,,,
0.0353,0.003734623547643423,9.016410291548186e-06,2.1,61250,,,,,,,,,
0.031,2.5076992511749268,8.999280550892459e-06,2.1,61300,,,,,,,,,
0.0105,0.00020162899454589933,8.982150810236733e-06,2.1,61350,,,,,,,,,
0.0339,7.402322292327881,8.965021069581008e-06,2.1,61400,,,,,,,,,
0.0159,0.14155606925487518,8.94789132892528e-06,2.11,61450,,,,,,,,,
0.0177,1.3418210744857788,8.930761588269553e-06,2.11,61500,,,,,,,,,
0.0286,4.184196949005127,8.913631847613828e-06,2.11,61550,,,,,,,,,
0.0546,0.0033814890775829554,8.8965021069581e-06,2.11,61600,,,,,,,,,
0.0413,5.35747766494751,8.879372366302375e-06,2.11,61650,,,,,,,,,
0.0271,0.0018920962465927005,8.862242625646647e-06,2.11,61700,,,,,,,,,
0.055,10.898162841796875,8.845112884990922e-06,2.12,61750,,,,,,,,,
0.0331,0.06254126876592636,8.827983144335195e-06,2.12,61800,,,,,,,,,
0.043,0.006370204035192728,8.810853403679467e-06,2.12,61850,,,,,,,,,
0.0232,1.080653190612793,8.793723663023743e-06,2.12,61900,,,,,,,,,
0.0253,0.12423714250326157,8.776593922368016e-06,2.12,61950,,,,,,,,,
0.0246,0.8520885109901428,8.759464181712289e-06,2.12,62000,,,,,,,,,
0.0198,0.037948448210954666,8.742334441056562e-06,2.13,62050,,,,,,,,,
0.0331,3.2070839405059814,8.725204700400836e-06,2.13,62100,,,,,,,,,
0.0234,0.6358736157417297,8.70807495974511e-06,2.13,62150,,,,,,,,,
0.0215,15.824017524719238,8.690945219089383e-06,2.13,62200,,,,,,,,,
0.021,0.2724513113498688,8.673815478433656e-06,2.13,62250,,,,,,,,,
0.0262,15.598876953125,8.65668573777793e-06,2.13,62300,,,,,,,,,
0.0259,0.055298589169979095,8.639555997122205e-06,2.14,62350,,,,,,,,,
0.0359,0.021350232884287834,8.622426256466477e-06,2.14,62400,,,,,,,,,
0.0179,2.730586528778076,8.605296515810752e-06,2.14,62450,,,,,,,,,
0.037,0.0206032395362854,8.588166775155024e-06,2.14,62500,,,,,,,,,
0.0334,0.3332362174987793,8.571037034499297e-06,2.14,62550,,,,,,,,,
0.0267,0.029276249930262566,8.553907293843572e-06,2.14,62600,,,,,,,,,
0.0288,0.026531463488936424,8.536777553187846e-06,2.15,62650,,,,,,,,,
0.0445,0.25134390592575073,8.519647812532119e-06,2.15,62700,,,,,,,,,
0.0238,3.583174228668213,8.502518071876391e-06,2.15,62750,,,,,,,,,
0.0219,20.73291778564453,8.485388331220664e-06,2.15,62800,,,,,,,,,
0.0253,0.022326910868287086,8.46825859056494e-06,2.15,62850,,,,,,,,,
0.0169,0.041062574833631516,8.451128849909213e-06,2.15,62900,,,,,,,,,
0.0479,4.643380641937256,8.433999109253486e-06,2.16,62950,,,,,,,,,
0.0202,0.041808776557445526,8.41686936859776e-06,2.16,63000,,,,,,,,,
0.0149,0.04762919619679451,8.399739627942033e-06,2.16,63050,,,,,,,,,
0.0333,0.005907964427024126,8.382609887286307e-06,2.16,63100,,,,,,,,,
0.0215,0.5205118060112,8.36548014663058e-06,2.16,63150,,,,,,,,,
0.0374,2.2774410247802734,8.348350405974854e-06,2.17,63200,,,,,,,,,
0.0524,1.784598469734192,8.331220665319127e-06,2.17,63250,,,,,,,,,
0.0311,3.7224152088165283,8.3140909246634e-06,2.17,63300,,,,,,,,,
0.0303,0.0416509285569191,8.296961184007674e-06,2.17,63350,,,,,,,,,
0.0544,2.8335461616516113,8.279831443351949e-06,2.17,63400,,,,,,,,,
0.0177,0.11621706932783127,8.262701702696221e-06,2.17,63450,,,,,,,,,
0.0338,0.057241640985012054,8.245571962040494e-06,2.18,63500,,,,,,,,,
0.0184,0.06084587797522545,8.228442221384767e-06,2.18,63550,,,,,,,,,
0.0169,0.3320131301879883,8.211312480729043e-06,2.18,63600,,,,,,,,,
0.0215,0.02555038034915924,8.194182740073316e-06,2.18,63650,,,,,,,,,
0.0422,0.0663013756275177,8.177052999417588e-06,2.18,63700,,,,,,,,,
0.0393,0.8467548489570618,8.159923258761863e-06,2.18,63750,,,,,,,,,
0.0157,8.242022514343262,8.142793518106136e-06,2.19,63800,,,,,,,,,
0.0393,0.7297358512878418,8.12566377745041e-06,2.19,63850,,,,,,,,,
0.0141,0.15013065934181213,8.108534036794683e-06,2.19,63900,,,,,,,,,
0.0187,0.012284457683563232,8.091404296138957e-06,2.19,63950,,,,,,,,,
0.029,0.0045417663641273975,8.07427455548323e-06,2.19,64000,,,,,,,,,
0.0156,0.023210536688566208,8.057144814827504e-06,2.19,64050,,,,,,,,,
0.0457,0.26305267214775085,8.040015074171777e-06,2.2,64100,,,,,,,,,
0.0333,0.0434674397110939,8.022885333516051e-06,2.2,64150,,,,,,,,,
0.0249,0.05577751621603966,8.005755592860324e-06,2.2,64200,,,,,,,,,
0.0319,0.4120063781738281,7.988625852204597e-06,2.2,64250,,,,,,,,,
0.0179,0.013936451636254787,7.971496111548873e-06,2.2,64300,,,,,,,,,
0.0079,0.020903972908854485,7.954366370893146e-06,2.2,64350,,,,,,,,,
0.0183,1.2468385696411133,7.937236630237418e-06,2.21,64400,,,,,,,,,
0.0258,0.022111693397164345,7.920106889581691e-06,2.21,64450,,,,,,,,,
0.043,0.2349397987127304,7.902977148925965e-06,2.21,64500,,,,,,,,,
0.0364,0.033384282141923904,7.88584740827024e-06,2.21,64550,,,,,,,,,
0.0279,25.445541381835938,7.868717667614513e-06,2.21,64600,,,,,,,,,
0.0101,1.0000545978546143,7.851587926958785e-06,2.21,64650,,,,,,,,,
0.03,2.9827189445495605,7.83445818630306e-06,2.22,64700,,,,,,,,,
0.0276,0.0557730570435524,7.817328445647332e-06,2.22,64750,,,,,,,,,
0.0181,0.0014136978425085545,7.800198704991607e-06,2.22,64800,,,,,,,,,
0.0347,1.794886589050293,7.78306896433588e-06,2.22,64850,,,,,,,,,
0.0292,3.913271427154541,7.765939223680154e-06,2.22,64900,,,,,,,,,
0.0276,3.890700340270996,7.748809483024427e-06,2.23,64950,,,,,,,,,
0.037,0.9867534041404724,7.7316797423687e-06,2.23,65000,,,,,,,,,
,,,2.23,65000,0.1528559774160385,295.947,395.79,24.738,,,,,
0.0251,4.3731865882873535,7.714550001712976e-06,2.23,65050,,,,,,,,,
0.0213,0.18132424354553223,7.697420261057248e-06,2.23,65100,,,,,,,,,
0.0143,1.2781165838241577,7.680290520401521e-06,2.23,65150,,,,,,,,,
0.034,0.0026094659697264433,7.663160779745794e-06,2.23,65200,,,,,,,,,
0.0343,2.8872077465057373,7.646031039090068e-06,2.24,65250,,,,,,,,,
0.0234,0.08412694185972214,7.628901298434342e-06,2.24,65300,,,,,,,,,
0.0446,0.012891395948827267,7.611771557778615e-06,2.24,65350,,,,,,,,,
0.0278,0.42879435420036316,7.594641817122888e-06,2.24,65400,,,,,,,,,
0.033,0.049114882946014404,7.577512076467163e-06,2.24,65450,,,,,,,,,
0.0241,9.286760330200195,7.560382335811436e-06,2.24,65500,,,,,,,,,
0.0178,17.456523895263672,7.543252595155709e-06,2.25,65550,,,,,,,,,
0.0313,0.239286407828331,7.526122854499984e-06,2.25,65600,,,,,,,,,
0.0161,0.8112829327583313,7.508993113844257e-06,2.25,65650,,,,,,,,,
0.0162,0.149385005235672,7.49186337318853e-06,2.25,65700,,,,,,,,,
0.0307,16.220796585083008,7.474733632532804e-06,2.25,65750,,,,,,,,,
0.0237,0.5018619298934937,7.4576038918770766e-06,2.25,65800,,,,,,,,,
0.0308,0.03160276636481285,7.440474151221351e-06,2.26,65850,,,,,,,,,
0.0501,0.013317897915840149,7.423344410565624e-06,2.26,65900,,,,,,,,,
0.0574,0.13358280062675476,7.406214669909898e-06,2.26,65950,,,,,,,,,
0.0201,0.016623057425022125,7.389084929254171e-06,2.26,66000,,,,,,,,,
0.015,0.8735703825950623,7.371955188598445e-06,2.26,66050,,,,,,,,,
0.0162,0.004782218486070633,7.354825447942718e-06,2.26,66100,,,,,,,,,
0.0273,0.07268398255109787,7.3376957072869915e-06,2.27,66150,,,,,,,,,
0.0312,0.08754755556583405,7.320565966631266e-06,2.27,66200,,,,,,,,,
0.0374,0.096052385866642,7.303436225975539e-06,2.27,66250,,,,,,,,,
0.0154,0.016477195546030998,7.286306485319813e-06,2.27,66300,,,,,,,,,
0.0261,13.905974388122559,7.269176744664086e-06,2.27,66350,,,,,,,,,
0.0181,0.2557492256164551,7.252047004008359e-06,2.27,66400,,,,,,,,,
0.0479,0.029410401359200478,7.234917263352633e-06,2.28,66450,,,,,,,,,
0.0186,0.30669012665748596,7.2177875226969065e-06,2.28,66500,,,,,,,,,
0.0405,0.17710545659065247,7.20065778204118e-06,2.28,66550,,,,,,,,,
0.0228,0.0918348878622055,7.183528041385454e-06,2.28,66600,,,,,,,,,
0.0298,0.8836235404014587,7.166398300729726e-06,2.28,66650,,,,,,,,,
0.0372,2.1838366985321045,7.149268560074001e-06,2.29,66700,,,,,,,,,
0.0341,0.7926921844482422,7.1321388194182735e-06,2.29,66750,,,,,,,,,
0.0253,1.4531280994415283,7.115009078762548e-06,2.29,66800,,,,,,,,,
0.0116,0.054524246603250504,7.0978793381068215e-06,2.29,66850,,,,,,,,,
0.0254,0.04480387270450592,7.080749597451095e-06,2.29,66900,,,,,,,,,
0.0331,2.461301803588867,7.063619856795369e-06,2.29,66950,,,,,,,,,
0.0397,0.16702388226985931,7.046490116139641e-06,2.3,67000,,,,,,,,,
0.0196,0.002030795207247138,7.029360375483916e-06,2.3,67050,,,,,,,,,
0.027,0.15882280468940735,7.0122306348281885e-06,2.3,67100,,,,,,,,,
0.0337,0.049887269735336304,6.995100894172463e-06,2.3,67150,,,,,,,,,
0.0267,5.763319969177246,6.977971153516736e-06,2.3,67200,,,,,,,,,
0.0361,9.554754257202148,6.960841412861009e-06,2.3,67250,,,,,,,,,
0.0166,0.11129103600978851,6.943711672205283e-06,2.31,67300,,,,,,,,,
0.0377,0.035417526960372925,6.926581931549556e-06,2.31,67350,,,,,,,,,
0.0229,2.7564542293548584,6.909452190893831e-06,2.31,67400,,,,,,,,,
0.0209,1.9491723775863647,6.8923224502381035e-06,2.31,67450,,,,,,,,,
0.0155,0.009865330532193184,6.875192709582377e-06,2.31,67500,,,,,,,,,
0.0277,24.70709800720215,6.858062968926651e-06,2.31,67550,,,,,,,,,
0.0193,10.722810745239258,6.840933228270924e-06,2.32,67600,,,,,,,,,
0.0344,5.528810977935791,6.823803487615198e-06,2.32,67650,,,,,,,,,
0.0245,0.0020258782897144556,6.806673746959471e-06,2.32,67700,,,,,,,,,
0.0268,0.0021720563527196646,6.789544006303745e-06,2.32,67750,,,,,,,,,
0.0371,0.0007631434709765017,6.7724142656480185e-06,2.32,67800,,,,,,,,,
0.0171,2.43314790725708,6.755284524992291e-06,2.32,67850,,,,,,,,,
0.0218,0.1298101544380188,6.738154784336566e-06,2.33,67900,,,,,,,,,
0.024,6.7721405029296875,6.721025043680838e-06,2.33,67950,,,,,,,,,
0.0264,13.52865982055664,6.703895303025113e-06,2.33,68000,,,,,,,,,
0.0213,7.097594261169434,6.686765562369386e-06,2.33,68050,,,,,,,,,
0.0381,0.06917569041252136,6.669635821713659e-06,2.33,68100,,,,,,,,,
0.019,0.1607137769460678,6.6525060810579334e-06,2.33,68150,,,,,,,,,
0.0145,0.014180054888129234,6.635376340402206e-06,2.34,68200,,,,,,,,,
0.0228,7.69760274887085,6.6182465997464806e-06,2.34,68250,,,,,,,,,
0.0166,0.4645547568798065,6.601116859090753e-06,2.34,68300,,,,,,,,,
0.0368,0.25073400139808655,6.583987118435027e-06,2.34,68350,,,,,,,,,
0.0204,0.003766160923987627,6.5668573777793e-06,2.34,68400,,,,,,,,,
0.0298,0.01694173738360405,6.549727637123574e-06,2.35,68450,,,,,,,,,
0.0124,0.3642910420894623,6.5325978964678476e-06,2.35,68500,,,,,,,,,
0.0642,0.003569237422198057,6.515468155812121e-06,2.35,68550,,,,,,,,,
0.0269,0.43342113494873047,6.498338415156395e-06,2.35,68600,,,,,,,,,
0.0231,0.03990573436021805,6.481208674500668e-06,2.35,68650,,,,,,,,,
0.0406,11.826784133911133,6.464078933844942e-06,2.35,68700,,,,,,,,,
0.0224,11.611051559448242,6.446949193189215e-06,2.36,68750,,,,,,,,,
0.0241,0.01252166461199522,6.429819452533489e-06,2.36,68800,,,,,,,,,
0.0209,1.0708900690078735,6.4126897118777625e-06,2.36,68850,,,,,,,,,
0.0244,0.012125477194786072,6.395559971222036e-06,2.36,68900,,,,,,,,,
0.0387,0.04599418863654137,6.378430230566309e-06,2.36,68950,,,,,,,,,
0.0341,0.04604169353842735,6.361300489910583e-06,2.36,69000,,,,,,,,,
0.0239,11.488038063049316,6.344170749254856e-06,2.37,69050,,,,,,,,,
0.024,0.5234893560409546,6.32704100859913e-06,2.37,69100,,,,,,,,,
0.0268,3.1391007900238037,6.309911267943403e-06,2.37,69150,,,,,,,,,
0.0255,0.027384649962186813,6.292781527287677e-06,2.37,69200,,,,,,,,,
0.0319,0.006777653936296701,6.27565178663195e-06,2.37,69250,,,,,,,,,
0.0225,0.008151156827807426,6.258522045976224e-06,2.37,69300,,,,,,,,,
0.0128,0.016638094559311867,6.241392305320498e-06,2.38,69350,,,,,,,,,
0.0168,0.009358655661344528,6.224262564664771e-06,2.38,69400,,,,,,,,,
0.031,0.042707908898591995,6.207132824009045e-06,2.38,69450,,,,,,,,,
0.0275,0.20387782156467438,6.190003083353318e-06,2.38,69500,,,,,,,,,
0.017,2.0860884189605713,6.172873342697592e-06,2.38,69550,,,,,,,,,
0.0183,0.0321868434548378,6.155743602041865e-06,2.38,69600,,,,,,,,,
0.0292,0.040832847356796265,6.138613861386139e-06,2.39,69650,,,,,,,,,
0.0309,8.890372276306152,6.121484120730412e-06,2.39,69700,,,,,,,,,
0.0184,0.16955813765525818,6.104354380074686e-06,2.39,69750,,,,,,,,,
0.0361,2.766892194747925,6.087224639418959e-06,2.39,69800,,,,,,,,,
0.0354,4.532329559326172,6.070094898763233e-06,2.39,69850,,,,,,,,,
0.019,0.21236079931259155,6.052965158107506e-06,2.39,69900,,,,,,,,,
0.0273,0.02853357046842575,6.03583541745178e-06,2.4,69950,,,,,,,,,
0.0412,0.4365905821323395,6.018705676796054e-06,2.4,70000,,,,,,,,,
,,,2.4,70000,0.15086111426353455,295.8843,395.874,24.743,,,,,
0.0231,0.019675612449645996,6.0015759361403265e-06,2.4,70050,,,,,,,,,
0.0226,1.344096302986145,5.984446195484601e-06,2.4,70100,,,,,,,,,
0.0152,0.002225124277174473,5.967316454828874e-06,2.4,70150,,,,,,,,,
0.0279,0.051651325076818466,5.950186714173148e-06,2.41,70200,,,,,,,,,
0.0368,0.027254309505224228,5.933056973517421e-06,2.41,70250,,,,,,,,,
0.0231,6.1088972091674805,5.915927232861695e-06,2.41,70300,,,,,,,,,
0.0214,0.30800798535346985,5.898797492205968e-06,2.41,70350,,,,,,,,,
0.0209,0.0025059522595256567,5.8816677515502415e-06,2.41,70400,,,,,,,,,
0.044,0.16997191309928894,5.864538010894515e-06,2.41,70450,,,,,,,,,
0.0125,3.0216550827026367,5.847408270238789e-06,2.42,70500,,,,,,,,,
0.0196,1.8390121459960938,5.830278529583062e-06,2.42,70550,,,,,,,,,
0.0496,6.343863010406494,5.813148788927336e-06,2.42,70600,,,,,,,,,
0.0176,0.013398679904639721,5.796019048271609e-06,2.42,70650,,,,,,,,,
0.017,11.615777015686035,5.778889307615883e-06,2.42,70700,,,,,,,,,
0.0315,0.03634285554289818,5.7617595669601564e-06,2.42,70750,,,,,,,,,
0.0343,0.006283401045948267,5.74462982630443e-06,2.43,70800,,,,,,,,,
0.0156,24.364086151123047,5.7275000856487036e-06,2.43,70850,,,,,,,,,
0.0164,0.01882178522646427,5.710370344992977e-06,2.43,70900,,,,,,,,,
0.0527,6.584404945373535,5.693240604337251e-06,2.43,70950,,,,,,,,,
0.0343,0.00771734956651926,5.6761108636815234e-06,2.43,71000,,,,,,,,,
0.023,0.38007107377052307,5.658981123025798e-06,2.43,71050,,,,,,,,,
0.0504,0.08362196385860443,5.6418513823700706e-06,2.44,71100,,,,,,,,,
0.0219,0.047524094581604004,5.624721641714345e-06,2.44,71150,,,,,,,,,
0.03,0.09597177803516388,5.6075919010586185e-06,2.44,71200,,,,,,,,,
0.019,0.3272368013858795,5.590462160402891e-06,2.44,71250,,,,,,,,,
0.0173,0.7325839400291443,5.573332419747166e-06,2.44,71300,,,,,,,,,
0.0384,20.951860427856445,5.556202679091438e-06,2.44,71350,,,,,,,,,
0.0221,4.125581741333008,5.539072938435713e-06,2.45,71400,,,,,,,,,
0.0224,0.024496031925082207,5.5219431977799855e-06,2.45,71450,,,,,,,,,
0.0329,0.20091423392295837,5.504813457124259e-06,2.45,71500,,,,,,,,,
0.0217,2.327394962310791,5.487683716468533e-06,2.45,71550,,,,,,,,,
0.0298,0.04823458939790726,5.470553975812806e-06,2.45,71600,,,,,,,,,
0.0311,0.05074594169855118,5.45342423515708e-06,2.45,71650,,,,,,,,,
0.0147,0.6376408338546753,5.436294494501353e-06,2.46,71700,,,,,,,,,
0.0284,0.03342941030859947,5.419164753845627e-06,2.46,71750,,,,,,,,,
0.0156,0.02185359038412571,5.4020350131899005e-06,2.46,71800,,,,,,,,,
0.0429,0.13348104059696198,5.384905272534174e-06,2.46,71850,,,,,,,,,
0.0412,2.9083375930786133,5.367775531878448e-06,2.46,71900,,,,,,,,,
0.0187,0.004543254617601633,5.350645791222721e-06,2.46,71950,,,,,,,,,
0.0259,2.6561150550842285,5.333516050566995e-06,2.47,72000,,,,,,,,,
0.024,0.002523882081732154,5.316386309911268e-06,2.47,72050,,,,,,,,,
0.023,0.023669984191656113,5.299256569255541e-06,2.47,72100,,,,,,,,,
0.0169,6.961814880371094,5.2821268285998155e-06,2.47,72150,,,,,,,,,
0.0225,0.0009027563501149416,5.264997087944088e-06,2.47,72200,,,,,,,,,
0.0278,0.15661591291427612,5.247867347288363e-06,2.48,72250,,,,,,,,,
0.0252,14.379130363464355,5.230737606632635e-06,2.48,72300,,,,,,,,,
0.0378,0.011351753026247025,5.213607865976909e-06,2.48,72350,,,,,,,,,
0.0212,0.020851554349064827,5.1964781253211825e-06,2.48,72400,,,,,,,,,
0.0148,8.889155387878418,5.179348384665456e-06,2.48,72450,,,,,,,,,
0.0259,21.50233268737793,5.1622186440097305e-06,2.48,72500,,,,,,,,,
0.0282,2.8297195434570312,5.145088903354003e-06,2.49,72550,,,,,,,,,
0.0205,2.066782236099243,5.127959162698278e-06,2.49,72600,,,,,,,,,
0.0419,14.990464210510254,5.11082942204255e-06,2.49,72650,,,,,,,,,
0.0237,0.2078835368156433,5.093699681386824e-06,2.49,72700,,,,,,,,,
0.0345,0.026403341442346573,5.0765699407310975e-06,2.49,72750,,,,,,,,,
0.0188,1.0935101509094238,5.059440200075371e-06,2.49,72800,,,,,,,,,
0.0188,10.165035247802734,5.042310459419645e-06,2.5,72850,,,,,,,,,
0.0208,5.795490741729736,5.025180718763918e-06,2.5,72900,,,,,,,,,
0.0409,10.377850532531738,5.008050978108191e-06,2.5,72950,,,,,,,,,
0.0395,0.7710431218147278,4.990921237452465e-06,2.5,73000,,,,,,,,,
0.0221,1.1196397542953491,4.973791496796738e-06,2.5,73050,,,,,,,,,
0.023,0.026094863191246986,4.9566617561410124e-06,2.5,73100,,,,,,,,,
0.012,2.8832054138183594,4.939532015485286e-06,2.51,73150,,,,,,,,,
0.0179,0.004108747001737356,4.922402274829559e-06,2.51,73200,,,,,,,,,
0.0192,89.26168823242188,4.905272534173833e-06,2.51,73250,,,,,,,,,
0.0341,0.012976935133337975,4.888142793518106e-06,2.51,73300,,,,,,,,,
0.031,3.6891679763793945,4.87101305286238e-06,2.51,73350,,,,,,,,,
0.0063,0.030914079397916794,4.853883312206653e-06,2.51,73400,,,,,,,,,
0.0188,23.432891845703125,4.836753571550927e-06,2.52,73450,,,,,,,,,
0.0537,7.461092472076416,4.8196238308952e-06,2.52,73500,,,,,,,,,
0.0238,0.03381253033876419,4.802494090239474e-06,2.52,73550,,,,,,,,,
0.0295,0.01755327731370926,4.785364349583747e-06,2.52,73600,,,,,,,,,
0.0375,0.03587501496076584,4.768234608928021e-06,2.52,73650,,,,,,,,,
0.0157,0.2638302743434906,4.751104868272294e-06,2.52,73700,,,,,,,,,
0.0117,0.0017925871070474386,4.733975127616568e-06,2.53,73750,,,,,,,,,
0.0248,0.16645851731300354,4.7168453869608416e-06,2.53,73800,,,,,,,,,
0.0282,0.3571843206882477,4.699715646305115e-06,2.53,73850,,,,,,,,,
0.0433,0.0019810765516012907,4.682585905649389e-06,2.53,73900,,,,,,,,,
0.0165,0.002740821335464716,4.665456164993662e-06,2.53,73950,,,,,,,,,
0.0201,1.3129687309265137,4.648326424337936e-06,2.54,74000,,,,,,,,,
0.022,0.0879088044166565,4.6311966836822085e-06,2.54,74050,,,,,,,,,
0.0314,0.016614383086562157,4.614066943026483e-06,2.54,74100,,,,,,,,,
0.0189,0.5696020126342773,4.596937202370756e-06,2.54,74150,,,,,,,,,
0.0215,14.36244010925293,4.57980746171503e-06,2.54,74200,,,,,,,,,
0.0248,3.5172858238220215,4.562677721059303e-06,2.54,74250,,,,,,,,,
0.036,0.04311847314238548,4.545547980403577e-06,2.55,74300,,,,,,,,,
0.0321,0.14319927990436554,4.528418239747851e-06,2.55,74350,,,,,,,,,
0.0124,0.04667414724826813,4.5112884990921235e-06,2.55,74400,,,,,,,,,
0.0122,0.07004204392433167,4.494158758436398e-06,2.55,74450,,,,,,,,,
0.0219,0.4403282105922699,4.477029017780671e-06,2.55,74500,,,,,,,,,
0.0153,0.26909175515174866,4.459899277124945e-06,2.55,74550,,,,,,,,,
0.0362,0.046017229557037354,4.442769536469218e-06,2.56,74600,,,,,,,,,
0.0336,0.21606701612472534,4.425639795813491e-06,2.56,74650,,,,,,,,,
0.0208,0.12171096354722977,4.408510055157765e-06,2.56,74700,,,,,,,,,
0.0288,13.395986557006836,4.3913803145020385e-06,2.56,74750,,,,,,,,,
0.0334,0.5106756687164307,4.374250573846312e-06,2.56,74800,,,,,,,,,
0.0364,0.02804533950984478,4.357120833190586e-06,2.56,74850,,,,,,,,,
0.0322,1.3377466201782227,4.339991092534858e-06,2.57,74900,,,,,,,,,
0.0111,0.5792242884635925,4.322861351879133e-06,2.57,74950,,,,,,,,,
0.0223,0.011983409523963928,4.305731611223406e-06,2.57,75000,,,,,,,,,
,,,2.57,75000,0.15292933583259583,295.8084,395.976,24.749,,,,,
0.0289,3.018955945968628,4.28860187056768e-06,2.57,75050,,,,,,,,,
0.015,0.010581959038972855,4.2714721299119535e-06,2.57,75100,,,,,,,,,
0.0176,0.8686800003051758,4.254342389256227e-06,2.57,75150,,,,,,,,,
0.0262,15.547562599182129,4.237212648600501e-06,2.58,75200,,,,,,,,,
0.0201,0.00038959685480222106,4.220082907944773e-06,2.58,75250,,,,,,,,,
0.025,0.005883784964680672,4.202953167289048e-06,2.58,75300,,,,,,,,,
0.0228,0.12629325687885284,4.1858234266333205e-06,2.58,75350,,,,,,,,,
0.0251,0.009364360012114048,4.168693685977595e-06,2.58,75400,,,,,,,,,
0.0231,0.04472392052412033,4.151563945321868e-06,2.58,75450,,,,,,,,,
0.017,0.046551793813705444,4.134434204666141e-06,2.59,75500,,,,,,,,,
0.027,0.02132943458855152,4.117304464010415e-06,2.59,75550,,,,,,,,,
0.0259,0.065012626349926,4.100174723354688e-06,2.59,75600,,,,,,,,,
0.0149,0.018824545666575432,4.083044982698963e-06,2.59,75650,,,,,,,,,
0.017,0.1369788944721222,4.0659152420432354e-06,2.59,75700,,,,,,,,,
0.0275,0.01108935009688139,4.048785501387509e-06,2.6,75750,,,,,,,,,
0.0226,0.026151159778237343,4.031655760731783e-06,2.6,75800,,,,,,,,,
0.0547,6.3631911277771,4.014526020076056e-06,2.6,75850,,,,,,,,,
0.0209,11.3952054977417,3.99739627942033e-06,2.6,75900,,,,,,,,,
0.0175,4.843576908111572,3.980266538764603e-06,2.6,75950,,,,,,,,,
0.0264,0.0036286020185798407,3.963136798108877e-06,2.6,76000,,,,,,,,,
0.0396,0.01830390840768814,3.9460070574531504e-06,2.61,76050,,,,,,,,,
0.0269,0.0069680348969995975,3.928877316797423e-06,2.61,76100,,,,,,,,,
0.0235,0.782980740070343,3.9117475761416976e-06,2.61,76150,,,,,,,,,
0.0343,3.922105312347412,3.89461783548597e-06,2.61,76200,,,,,,,,,
0.0188,0.001316916779614985,3.877488094830245e-06,2.61,76250,,,,,,,,,
0.0146,4.786346912384033,3.860358354174518e-06,2.61,76300,,,,,,,,,
0.0345,0.015162545256316662,3.843228613518791e-06,2.62,76350,,,,,,,,,
0.0264,0.26218876242637634,3.826098872863065e-06,2.62,76400,,,,,,,,,
0.0256,0.08611548691987991,3.808969132207338e-06,2.62,76450,,,,,,,,,
0.0283,3.509892463684082,3.791839391551612e-06,2.62,76500,,,,,,,,,
0.036,17.14148712158203,3.7747096508958853e-06,2.62,76550,,,,,,,,,
0.0264,0.29617390036582947,3.7575799102401593e-06,2.62,76600,,,,,,,,,
0.0147,0.003351156832650304,3.740450169584433e-06,2.63,76650,,,,,,,,,
0.0269,0.0330921933054924,3.7233204289287064e-06,2.63,76700,,,,,,,,,
0.0161,14.214103698730469,3.7061906882729795e-06,2.63,76750,,,,,,,,,
0.0249,3.9887707233428955,3.689060947617253e-06,2.63,76800,,,,,,,,,
0.0078,2.2943859100341797,3.6719312069615267e-06,2.63,76850,,,,,,,,,
0.0218,0.006682794541120529,3.6548014663058002e-06,2.63,76900,,,,,,,,,
0.0357,29.240610122680664,3.637671725650074e-06,2.64,76950,,,,,,,,,
0.0206,0.0023436183109879494,3.6205419849943474e-06,2.64,77000,,,,,,,,,
0.0223,14.688202857971191,3.6034122443386205e-06,2.64,77050,,,,,,,,,
0.033,3.1635823249816895,3.586282503682894e-06,2.64,77100,,,,,,,,,
0.0423,0.046101804822683334,3.5691527630271677e-06,2.64,77150,,,,,,,,,
0.0222,6.93815279006958,3.5520230223714416e-06,2.64,77200,,,,,,,,,
0.0247,2.5957226753234863,3.5348932817157152e-06,2.65,77250,,,,,,,,,
0.0405,0.0014750550035387278,3.5177635410599884e-06,2.65,77300,,,,,,,,,
0.0345,2.038396120071411,3.500633800404262e-06,2.65,77350,,,,,,,,,
0.0295,0.16628821194171906,3.4835040597485355e-06,2.65,77400,,,,,,,,,
0.0274,5.350405216217041,3.466374319092809e-06,2.65,77450,,,,,,,,,
0.0321,1.201217532157898,3.4492445784370826e-06,2.66,77500,,,,,,,,,
0.018,18.51456069946289,3.432114837781356e-06,2.66,77550,,,,,,,,,
0.0247,0.013414093293249607,3.4149850971256293e-06,2.66,77600,,,,,,,,,
0.02,1.1215375661849976,3.397855356469903e-06,2.66,77650,,,,,,,,,
0.0179,11.143107414245605,3.3807256158141765e-06,2.66,77700,,,,,,,,,
0.013,0.1577558070421219,3.36359587515845e-06,2.66,77750,,,,,,,,,
0.0301,0.006615308579057455,3.3464661345027236e-06,2.67,77800,,,,,,,,,
0.0303,0.10129506140947342,3.3293363938469976e-06,2.67,77850,,,,,,,,,
0.022,6.1853179931640625,3.3122066531912708e-06,2.67,77900,,,,,,,,,
0.0268,0.009493648074567318,3.2950769125355443e-06,2.67,77950,,,,,,,,,
0.0258,0.8065472841262817,3.277947171879818e-06,2.67,78000,,,,,,,,,
0.0182,18.74553680419922,3.2608174312240915e-06,2.67,78050,,,,,,,,,
0.0421,0.029294773936271667,3.243687690568365e-06,2.68,78100,,,,,,,,,
0.0173,0.02739524282515049,3.2265579499126386e-06,2.68,78150,,,,,,,,,
0.0351,0.22320345044136047,3.2094282092569117e-06,2.68,78200,,,,,,,,,
0.0168,3.292330503463745,3.1922984686011853e-06,2.68,78250,,,,,,,,,
0.0089,0.010356253013014793,3.175168727945459e-06,2.68,78300,,,,,,,,,
0.018,0.014132938347756863,3.1580389872897324e-06,2.68,78350,,,,,,,,,
0.0105,0.35011574625968933,3.140909246634006e-06,2.69,78400,,,,,,,,,
0.0213,0.005526205524802208,3.1237795059782796e-06,2.69,78450,,,,,,,,,
0.0173,0.10962854325771332,3.106649765322553e-06,2.69,78500,,,,,,,,,
0.0226,0.21288403868675232,3.0895200246668267e-06,2.69,78550,,,,,,,,,
0.0241,0.0009724078699946404,3.0723902840111003e-06,2.69,78600,,,,,,,,,
0.0262,0.024980023503303528,3.055260543355374e-06,2.69,78650,,,,,,,,,
0.0303,4.740024089813232,3.0381308026996474e-06,2.7,78700,,,,,,,,,
0.0218,0.011437398381531239,3.0210010620439206e-06,2.7,78750,,,,,,,,,
0.0221,6.971645355224609,3.003871321388194e-06,2.7,78800,,,,,,,,,
0.0319,0.0058615803718566895,2.9867415807324677e-06,2.7,78850,,,,,,,,,
0.0255,1.0695276260375977,2.9696118400767413e-06,2.7,78900,,,,,,,,,
0.0251,0.19954253733158112,2.952482099421015e-06,2.7,78950,,,,,,,,,
0.0331,4.282883167266846,2.9353523587652884e-06,2.71,79000,,,,,,,,,
0.0345,9.840126037597656,2.9182226181095616e-06,2.71,79050,,,,,,,,,
0.0343,0.018827805295586586,2.9010928774538355e-06,2.71,79100,,,,,,,,,
0.0215,0.44481268525123596,2.883963136798109e-06,2.71,79150,,,,,,,,,
0.0284,2.76912522315979,2.8668333961423827e-06,2.71,79200,,,,,,,,,
0.0195,3.3071465492248535,2.8497036554866562e-06,2.72,79250,,,,,,,,,
0.0106,0.09107593446969986,2.8325739148309294e-06,2.72,79300,,,,,,,,,
0.0126,0.004165876656770706,2.815444174175203e-06,2.72,79350,,,,,,,,,
0.0179,0.0029543088749051094,2.7983144335194765e-06,2.72,79400,,,,,,,,,
0.0199,0.03514976426959038,2.78118469286375e-06,2.72,79450,,,,,,,,,
0.0186,0.007686591241508722,2.7640549522080237e-06,2.72,79500,,,,,,,,,
0.0253,0.0058393217623233795,2.7469252115522972e-06,2.73,79550,,,,,,,,,
0.02,0.00922397430986166,2.7297954708965704e-06,2.73,79600,,,,,,,,,
0.0395,0.06731422990560532,2.712665730240844e-06,2.73,79650,,,,,,,,,
0.0125,0.04848969355225563,2.6955359895851175e-06,2.73,79700,,,,,,,,,
0.0212,0.10856451839208603,2.6784062489293915e-06,2.73,79750,,,,,,,,,
0.0191,0.02012091502547264,2.661276508273665e-06,2.73,79800,,,,,,,,,
0.0388,3.766655206680298,2.6441467676179386e-06,2.74,79850,,,,,,,,,
0.0146,0.0697324275970459,2.6270170269622118e-06,2.74,79900,,,,,,,,,
0.0108,0.0106731578707695,2.6098872863064854e-06,2.74,79950,,,,,,,,,
0.0214,0.0023741445038467646,2.592757545650759e-06,2.74,80000,,,,,,,,,
,,,2.74,80000,0.15283499658107758,295.87,395.893,24.744,,,,,
0.0152,0.17681904137134552,2.5756278049950325e-06,2.74,80050,,,,,,,,,
0.0298,0.026527956128120422,2.558498064339306e-06,2.74,80100,,,,,,,,,
0.0166,58.159523010253906,2.541368323683579e-06,2.75,80150,,,,,,,,,
0.0408,0.1497914046049118,2.5242385830278528e-06,2.75,80200,,,,,,,,,
0.021,0.21542757749557495,2.5071088423721263e-06,2.75,80250,,,,,,,,,
0.0161,14.047541618347168,2.4899791017164e-06,2.75,80300,,,,,,,,,
0.0259,0.12468508630990982,2.472849361060674e-06,2.75,80350,,,,,,,,,
0.0158,5.203739643096924,2.4557196204049475e-06,2.75,80400,,,,,,,,,
0.0174,0.041388411074876785,2.4385898797492206e-06,2.76,80450,,,,,,,,,
0.031,0.04811654984951019,2.421460139093494e-06,2.76,80500,,,,,,,,,
0.022,0.010491378605365753,2.4043303984377677e-06,2.76,80550,,,,,,,,,
0.0161,0.021846076473593712,2.3872006577820413e-06,2.76,80600,,,,,,,,,
0.0326,0.09011124074459076,2.370070917126315e-06,2.76,80650,,,,,,,,,
0.021,0.14188328385353088,2.3529411764705885e-06,2.76,80700,,,,,,,,,
0.021,0.006862482521682978,2.3358114358148616e-06,2.77,80750,,,,,,,,,
0.0297,0.017091047018766403,2.318681695159135e-06,2.77,80800,,,,,,,,,
0.0374,11.0929536819458,2.3015519545034087e-06,2.77,80850,,,,,,,,,
0.0278,30.137948989868164,2.2844222138476823e-06,2.77,80900,,,,,,,,,
0.0272,0.03399156033992767,2.267292473191956e-06,2.77,80950,,,,,,,,,
0.0416,0.07398197054862976,2.2501627325362294e-06,2.78,81000,,,,,,,,,
0.0065,1.8669582605361938,2.233032991880503e-06,2.78,81050,,,,,,,,,
0.0227,0.06012788042426109,2.2159032512247766e-06,2.78,81100,,,,,,,,,
0.0291,0.00012614240404218435,2.19877351056905e-06,2.78,81150,,,,,,,,,
0.0337,0.5371896028518677,2.1816437699133237e-06,2.78,81200,,,,,,,,,
0.0338,0.06910061836242676,2.1645140292575973e-06,2.78,81250,,,,,,,,,
0.02,1.274179458618164,2.1473842886018704e-06,2.79,81300,,,,,,,,,
0.0134,0.013830761425197124,2.130254547946144e-06,2.79,81350,,,,,,,,,
0.0095,0.2311403900384903,2.1131248072904176e-06,2.79,81400,,,,,,,,,
0.0131,0.3344159722328186,2.095995066634691e-06,2.79,81450,,,,,,,,,
0.016,0.013921738602221012,2.0788653259789647e-06,2.79,81500,,,,,,,,,
0.0271,0.1494029313325882,2.0617355853232383e-06,2.79,81550,,,,,,,,,
0.0109,0.03646237775683403,2.044605844667512e-06,2.8,81600,,,,,,,,,
0.0116,0.009881027042865753,2.0274761040117854e-06,2.8,81650,,,,,,,,,
0.0358,0.00798991322517395,2.010346363356059e-06,2.8,81700,,,,,,,,,
0.0207,0.0011805957183241844,1.9932166227003325e-06,2.8,81750,,,,,,,,,
0.0265,0.26463523507118225,1.976086882044606e-06,2.8,81800,,,,,,,,,
0.0093,0.13476012647151947,1.9589571413888797e-06,2.8,81850,,,,,,,,,
0.0223,25.685640335083008,1.941827400733153e-06,2.81,81900,,,,,,,,,
0.027,0.6037938594818115,1.9246976600774264e-06,2.81,81950,,,,,,,,,
0.0273,0.2976786494255066,1.9075679194217e-06,2.81,82000,,,,,,,,,
0.017,0.006685217842459679,1.8904381787659735e-06,2.81,82050,,,,,,,,,
0.0152,0.010699951089918613,1.873308438110247e-06,2.81,82100,,,,,,,,,
0.0264,0.017757896333932877,1.8561786974545207e-06,2.81,82150,,,,,,,,,
0.0203,12.256019592285156,1.8390489567987942e-06,2.82,82200,,,,,,,,,
0.0154,1.688913106918335,1.8219192161430676e-06,2.82,82250,,,,,,,,,
0.0222,0.009956532157957554,1.8047894754873412e-06,2.82,82300,,,,,,,,,
0.0153,1.9007703065872192,1.7876597348316147e-06,2.82,82350,,,,,,,,,
0.0369,15.32585334777832,1.7705299941758883e-06,2.82,82400,,,,,,,,,
0.0201,9.266947746276855,1.7534002535201619e-06,2.82,82450,,,,,,,,,
0.0135,0.09673283994197845,1.7362705128644352e-06,2.83,82500,,,,,,,,,
0.0197,3.0541751384735107,1.7191407722087088e-06,2.83,82550,,,,,,,,,
0.0351,0.005684731062501669,1.7020110315529823e-06,2.83,82600,,,,,,,,,
0.0284,0.04911215230822563,1.6848812908972557e-06,2.83,82650,,,,,,,,,
0.021,0.07368570566177368,1.6677515502415293e-06,2.83,82700,,,,,,,,,
0.0169,8.876134872436523,1.650621809585803e-06,2.83,82750,,,,,,,,,
0.0151,5.182423114776611,1.6334920689300764e-06,2.84,82800,,,,,,,,,
0.0236,0.07950273901224136,1.61636232827435e-06,2.84,82850,,,,,,,,,
0.0129,0.05080282688140869,1.5992325876186235e-06,2.84,82900,,,,,,,,,
0.0241,0.13384845852851868,1.582102846962897e-06,2.84,82950,,,,,,,,,
0.0184,1.4769494533538818,1.5649731063071705e-06,2.84,83000,,,,,,,,,
0.0246,0.08469551801681519,1.5478433656514443e-06,2.85,83050,,,,,,,,,
0.0116,0.055578894913196564,1.5307136249957176e-06,2.85,83100,,,,,,,,,
0.0235,0.00936133787035942,1.5135838843399912e-06,2.85,83150,,,,,,,,,
0.0286,0.02845306508243084,1.4964541436842647e-06,2.85,83200,,,,,,,,,
0.0203,0.008426927030086517,1.479324403028538e-06,2.85,83250,,,,,,,,,
0.0145,1.4417259693145752,1.4621946623728117e-06,2.85,83300,,,,,,,,,
0.0289,0.36658018827438354,1.4450649217170852e-06,2.86,83350,,,,,,,,,
0.0262,0.016346720978617668,1.4279351810613588e-06,2.86,83400,,,,,,,,,
0.014,0.010234402492642403,1.4108054404056324e-06,2.86,83450,,,,,,,,,
0.0317,0.8980680704116821,1.3936756997499057e-06,2.86,83500,,,,,,,,,
0.009,0.17023377120494843,1.3765459590941793e-06,2.86,83550,,,,,,,,,
0.0214,0.015955965965986252,1.3594162184384529e-06,2.86,83600,,,,,,,,,
0.0243,7.064154148101807,1.3422864777827264e-06,2.87,83650,,,,,,,,,
0.0136,0.006735652219504118,1.325156737127e-06,2.87,83700,,,,,,,,,
0.0259,0.00692126527428627,1.3080269964712736e-06,2.87,83750,,,,,,,,,
0.0178,0.010375157929956913,1.290897255815547e-06,2.87,83800,,,,,,,,,
0.0108,0.008827055804431438,1.2737675151598205e-06,2.87,83850,,,,,,,,,
0.029,4.597265720367432,1.256637774504094e-06,2.87,83900,,,,,,,,,
0.0198,1.1263610124588013,1.2395080338483674e-06,2.88,83950,,,,,,,,,
0.027,0.5734002590179443,1.2223782931926412e-06,2.88,84000,,,,,,,,,
0.0205,0.15519598126411438,1.2052485525369148e-06,2.88,84050,,,,,,,,,
0.0394,0.24695764482021332,1.1881188118811881e-06,2.88,84100,,,,,,,,,
0.0117,0.005557309370487928,1.1709890712254617e-06,2.88,84150,,,,,,,,,
0.013,5.9602484703063965,1.153859330569735e-06,2.88,84200,,,,,,,,,
0.024,0.0007697937544435263,1.1367295899140086e-06,2.89,84250,,,,,,,,,
0.0153,0.044664520770311356,1.1195998492582824e-06,2.89,84300,,,,,,,,,
0.0228,0.061798520386219025,1.1024701086025558e-06,2.89,84350,,,,,,,,,
0.0253,0.009257613681256771,1.0853403679468293e-06,2.89,84400,,,,,,,,,
0.0031,0.09158360958099365,1.0682106272911029e-06,2.89,84450,,,,,,,,,
0.0159,1.2526071071624756,1.0510808866353762e-06,2.89,84500,,,,,,,,,
0.0095,1.5374724864959717,1.0339511459796498e-06,2.9,84550,,,,,,,,,
0.0208,5.5931501388549805,1.0168214053239236e-06,2.9,84600,,,,,,,,,
0.0108,0.0014945988077670336,9.99691664668197e-07,2.9,84650,,,,,,,,,
0.0125,0.0015712238382548094,9.825619240124705e-07,2.9,84700,,,,,,,,,
0.0356,0.3219658434391022,9.65432183356744e-07,2.9,84750,,,,,,,,,
0.0297,4.178646087646484,9.483024427010175e-07,2.91,84800,,,,,,,,,
0.0197,0.011690140701830387,9.311727020452911e-07,2.91,84850,,,,,,,,,
0.0265,0.12278541177511215,9.140429613895646e-07,2.91,84900,,,,,,,,,
0.042,10.297900199890137,8.96913220733838e-07,2.91,84950,,,,,,,,,
0.0145,0.1332176923751831,8.797834800781117e-07,2.91,85000,,,,,,,,,
,,,2.91,85000,0.1572452336549759,295.8316,395.945,24.747,,,,,
0.0152,2.7665257453918457,8.626537394223852e-07,2.91,85050,,,,,,,,,
0.0233,12.640715599060059,8.455239987666586e-07,2.92,85100,,,,,,,,,
0.052,0.007795032579451799,8.283942581109323e-07,2.92,85150,,,,,,,,,
0.0314,4.756331920623779,8.112645174552058e-07,2.92,85200,,,,,,,,,
0.0484,6.088110446929932,7.941347767994792e-07,2.92,85250,,,,,,,,,
0.0168,0.006827728357166052,7.770050361437528e-07,2.92,85300,,,,,,,,,
0.0233,6.322490215301514,7.598752954880264e-07,2.92,85350,,,,,,,,,
0.0109,0.012249705381691456,7.427455548322998e-07,2.93,85400,,,,,,,,,
0.0191,0.005609821528196335,7.256158141765733e-07,2.93,85450,,,,,,,,,
0.0245,0.10677317529916763,7.08486073520847e-07,2.93,85500,,,,,,,,,
0.0359,0.006360242143273354,6.913563328651204e-07,2.93,85550,,,,,,,,,
0.0186,5.076591491699219,6.742265922093939e-07,2.93,85600,,,,,,,,,
0.0107,0.0015019795391708612,6.570968515536676e-07,2.93,85650,,,,,,,,,
0.0224,8.978231430053711,6.39967110897941e-07,2.94,85700,,,,,,,,,
0.0425,0.05874314159154892,6.228373702422145e-07,2.94,85750,,,,,,,,,
0.021,0.0017772829160094261,6.057076295864881e-07,2.94,85800,,,,,,,,,
0.0249,0.003931430634111166,5.885778889307616e-07,2.94,85850,,,,,,,,,
0.0349,5.676053047180176,5.714481482750351e-07,2.94,85900,,,,,,,,,
0.0119,0.2995278537273407,5.543184076193087e-07,2.94,85950,,,,,,,,,
0.0179,0.09912029653787613,5.371886669635822e-07,2.95,86000,,,,,,,,,
0.0141,0.10874544084072113,5.200589263078557e-07,2.95,86050,,,,,,,,,
0.0177,0.011902859434485435,5.029291856521293e-07,2.95,86100,,,,,,,,,
0.0316,1.821766972541809,4.857994449964028e-07,2.95,86150,,,,,,,,,
0.014,5.390395164489746,4.686697043406763e-07,2.95,86200,,,,,,,,,
0.0359,10.717385292053223,4.515399636849498e-07,2.95,86250,,,,,,,,,
0.0261,0.0010192773770540953,4.344102230292234e-07,2.96,86300,,,,,,,,,
0.0325,0.018351523205637932,4.1728048237349684e-07,2.96,86350,,,,,,,,,
0.0079,0.0007261382415890694,4.001507417177704e-07,2.96,86400,,,,,,,,,
0.0214,0.029660753905773163,3.83021001062044e-07,2.96,86450,,,,,,,,,
0.0122,0.00949905626475811,3.6589126040631744e-07,2.96,86500,,,,,,,,,
0.0168,65.70226287841797,3.48761519750591e-07,2.97,86550,,,,,,,,,
0.0168,0.04634413868188858,3.3163177909486447e-07,2.97,86600,,,,,,,,,
0.0216,1.4844884872436523,3.1450203843913804e-07,2.97,86650,,,,,,,,,
0.0213,5.810062885284424,2.973722977834116e-07,2.97,86700,,,,,,,,,
0.0146,0.0023246409837156534,2.8024255712768507e-07,2.97,86750,,,,,,,,,
0.0077,0.04230997711420059,2.6311281647195863e-07,2.97,86800,,,,,,,,,
0.0221,0.003964897245168686,2.4598307581623215e-07,2.98,86850,,,,,,,,,
0.0113,0.1061379611492157,2.2885333516050566e-07,2.98,86900,,,,,,,,,
0.0316,14.589608192443848,2.117235945047792e-07,2.98,86950,,,,,,,,,
0.0259,0.019694657996296883,1.9459385384905272e-07,2.98,87000,,,,,,,,,
0.0312,0.1521044671535492,1.7746411319332626e-07,2.98,87050,,,,,,,,,
0.0177,0.035614002496004105,1.6033437253759978e-07,2.98,87100,,,,,,,,,
0.0094,0.3530760407447815,1.4320463188187332e-07,2.99,87150,,,,,,,,,
0.0247,0.012062234804034233,1.2607489122614684e-07,2.99,87200,,,,,,,,,
0.0232,0.31949883699417114,1.0894515057042038e-07,2.99,87250,,,,,,,,,
0.0353,0.08163455873727798,9.181540991469389e-08,2.99,87300,,,,,,,,,
0.0164,0.12393439561128616,7.468566925896742e-08,2.99,87350,,,,,,,,,
0.0536,0.0072110481560230255,5.755592860324094e-08,2.99,87400,,,,,,,,,
0.0299,0.12912233173847198,4.042618794751447e-08,3.0,87450,,,,,,,,,
0.0231,1.887873649597168,2.3296447291788003e-08,3.0,87500,,,,,,,,,
0.0256,0.033393364399671555,6.16670663606153e-09,3.0,87550,,,,,,,,,
,,,3.0,87550,,,,,19221.9648,72.888,4.556,,0.0671349163593398
