loss,grad_norm,learning_rate,epoch,step,eval_loss,eval_runtime,eval_samples_per_second,eval_steps_per_second,train_runtime,train_samples_per_second,train_steps_per_second,total_flos,train_loss
3.066,16.395151138305664,2.9989234081820978e-05,0.0,50,,,,,,,,,
1.7786,14.812450408935547,2.997824845102606e-05,0.0,100,,,,,,,,,
1.5043,14.615815162658691,2.996726282023114e-05,0.0,150,,,,,,,,,
1.2126,20.12066078186035,2.995627718943622e-05,0.0,200,,,,,,,,,
1.0341,21.9177303314209,2.9945291558641297e-05,0.01,250,,,,,,,,,
0.9849,15.025711059570312,2.9934305927846378e-05,0.01,300,,,,,,,,,
0.8587,15.703469276428223,2.9923320297051456e-05,0.01,350,,,,,,,,,
0.8805,16.001920700073242,2.9912334666256538e-05,0.01,400,,,,,,,,,
0.7985,14.962119102478027,2.990134903546162e-05,0.01,450,,,,,,,,,
0.8706,15.21771240234375,2.9890363404666694e-05,0.01,500,,,,,,,,,
0.7961,11.992215156555176,2.9879377773871775e-05,0.01,550,,,,,,,,,
0.7577,12.991476058959961,2.9868392143076857e-05,0.01,600,,,,,,,,,
0.7583,20.5023136138916,2.9857406512281935e-05,0.01,650,,,,,,,,,
0.7338,10.761795043945312,2.9846420881487016e-05,0.02,700,,,,,,,,,
0.74,16.74651336669922,2.9835435250692097e-05,0.02,750,,,,,,,,,
0.7106,8.141368865966797,2.9824449619897176e-05,0.02,800,,,,,,,,,
0.728,12.749611854553223,2.9813463989102254e-05,0.02,850,,,,,,,,,
0.7217,10.955842018127441,2.9802478358307335e-05,0.02,900,,,,,,,,,
0.7599,14.701062202453613,2.9791492727512417e-05,0.02,950,,,,,,,,,
0.6413,15.742103576660156,2.9780507096717495e-05,0.02,1000,,,,,,,,,
0.6076,13.155698776245117,2.9769521465922576e-05,0.02,1050,,,,,,,,,
0.6648,19.926671981811523,2.9758535835127654e-05,0.02,1100,,,,,,,,,
0.6386,19.995254516601562,2.9747550204332732e-05,0.03,1150,,,,,,,,,
0.6799,5.958885192871094,2.9736564573537814e-05,0.03,1200,,,,,,,,,
0.6177,15.430695533752441,2.9725578942742895e-05,0.03,1250,,,,,,,,,
0.7503,13.107096672058105,2.9714593311947973e-05,0.03,1300,,,,,,,,,
0.6334,11.416239738464355,2.970360768115305e-05,0.03,1350,,,,,,,,,
0.6221,29.933046340942383,2.9692622050358133e-05,0.03,1400,,,,,,,,,
0.6027,14.506609916687012,2.968163641956321e-05,0.03,1450,,,,,,,,,
0.5904,15.99051570892334,2.9670650788768292e-05,0.03,1500,,,,,,,,,
0.608,9.596437454223633,2.9659665157973374e-05,0.03,1550,,,,,,,,,
0.7109,15.728805541992188,2.964867952717845e-05,0.04,1600,,,,,,,,,
0.606,17.187965393066406,2.963769389638353e-05,0.04,1650,,,,,,,,,
0.5523,16.38039207458496,2.962670826558861e-05,0.04,1700,,,,,,,,,
0.5689,4.253428936004639,2.961572263479369e-05,0.04,1750,,,,,,,,,
0.6121,15.702935218811035,2.960473700399877e-05,0.04,1800,,,,,,,,,
0.5698,7.83642053604126,2.9593751373203852e-05,0.04,1850,,,,,,,,,
0.6228,12.443178176879883,2.958276574240893e-05,0.04,1900,,,,,,,,,
0.627,8.039637565612793,2.9571780111614008e-05,0.04,1950,,,,,,,,,
0.6412,10.455639839172363,2.956079448081909e-05,0.04,2000,,,,,,,,,
0.6054,4.556652545928955,2.9549808850024168e-05,0.05,2050,,,,,,,,,
0.5941,11.023773193359375,2.953882321922925e-05,0.05,2100,,,,,,,,,
0.5707,14.545573234558105,2.952783758843433e-05,0.05,2150,,,,,,,,,
0.4896,8.371871948242188,2.951685195763941e-05,0.05,2200,,,,,,,,,
0.6299,8.213876724243164,2.9505866326844487e-05,0.05,2250,,,,,,,,,
0.5619,11.90510368347168,2.9494880696049568e-05,0.05,2300,,,,,,,,,
0.4858,9.897911071777344,2.948389506525465e-05,0.05,2350,,,,,,,,,
0.5666,10.841544151306152,2.9472909434459728e-05,0.05,2400,,,,,,,,,
0.5357,15.458280563354492,2.946192380366481e-05,0.05,2450,,,,,,,,,
0.5925,12.64478874206543,2.9450938172869887e-05,0.05,2500,,,,,,,,,
0.6354,12.560147285461426,2.9439952542074965e-05,0.06,2550,,,,,,,,,
0.5502,20.632719039916992,2.9428966911280047e-05,0.06,2600,,,,,,,,,
0.5347,4.122279644012451,2.9417981280485128e-05,0.06,2650,,,,,,,,,
0.5661,16.83477210998535,2.9406995649690206e-05,0.06,2700,,,,,,,,,
0.581,11.903035163879395,2.9396010018895284e-05,0.06,2750,,,,,,,,,
0.5325,14.061774253845215,2.9385024388100366e-05,0.06,2800,,,,,,,,,
0.6249,11.13805103302002,2.9374038757305444e-05,0.06,2850,,,,,,,,,
0.5613,12.333765029907227,2.9363053126510525e-05,0.06,2900,,,,,,,,,
0.5131,20.277557373046875,2.9352067495715607e-05,0.06,2950,,,,,,,,,
0.5484,18.899202346801758,2.9341081864920685e-05,0.07,3000,,,,,,,,,
0.5153,6.02379846572876,2.9330096234125763e-05,0.07,3050,,,,,,,,,
0.6092,13.01992130279541,2.9319110603330844e-05,0.07,3100,,,,,,,,,
0.4662,20.47308349609375,2.9308124972535922e-05,0.07,3150,,,,,,,,,
0.5792,16.38387107849121,2.9297139341741004e-05,0.07,3200,,,,,,,,,
0.5499,15.099396705627441,2.9286153710946085e-05,0.07,3250,,,,,,,,,
0.4888,23.15901756286621,2.9275168080151163e-05,0.07,3300,,,,,,,,,
0.5495,13.454504013061523,2.926418244935624e-05,0.07,3350,,,,,,,,,
0.5394,13.176122665405273,2.9253196818561323e-05,0.07,3400,,,,,,,,,
0.522,11.025748252868652,2.92422111877664e-05,0.08,3450,,,,,,,,,
0.5206,13.32027816772461,2.9231225556971482e-05,0.08,3500,,,,,,,,,
0.55,6.254570007324219,2.9220239926176564e-05,0.08,3550,,,,,,,,,
0.487,8.540742874145508,2.920925429538164e-05,0.08,3600,,,,,,,,,
0.5675,16.34910774230957,2.919826866458672e-05,0.08,3650,,,,,,,,,
0.4829,8.069293975830078,2.91872830337918e-05,0.08,3700,,,,,,,,,
0.4953,13.256767272949219,2.9176297402996883e-05,0.08,3750,,,,,,,,,
0.5176,7.733543872833252,2.916531177220196e-05,0.08,3800,,,,,,,,,
0.509,11.240652084350586,2.9154326141407042e-05,0.08,3850,,,,,,,,,
0.4533,7.252474784851074,2.914334051061212e-05,0.09,3900,,,,,,,,,
0.4506,10.63003158569336,2.9132354879817198e-05,0.09,3950,,,,,,,,,
0.5389,22.331233978271484,2.912136924902228e-05,0.09,4000,,,,,,,,,
0.5554,11.062320709228516,2.911038361822736e-05,0.09,4050,,,,,,,,,
0.5493,14.085332870483398,2.909939798743244e-05,0.09,4100,,,,,,,,,
0.525,16.11336326599121,2.908841235663752e-05,0.09,4150,,,,,,,,,
0.5963,2.0079920291900635,2.90774267258426e-05,0.09,4200,,,,,,,,,
0.5076,10.817437171936035,2.9066441095047677e-05,0.09,4250,,,,,,,,,
0.5006,9.960491180419922,2.9055455464252758e-05,0.09,4300,,,,,,,,,
0.5235,13.809466361999512,2.904446983345784e-05,0.1,4350,,,,,,,,,
0.4583,17.465412139892578,2.9033484202662918e-05,0.1,4400,,,,,,,,,
0.5214,13.25678539276123,2.9022498571867996e-05,0.1,4450,,,,,,,,,
0.5579,7.579830169677734,2.9011512941073077e-05,0.1,4500,,,,,,,,,
0.5191,14.350239753723145,2.9000527310278155e-05,0.1,4550,,,,,,,,,
0.5269,6.545379161834717,2.8989541679483237e-05,0.1,4600,,,,,,,,,
0.4828,6.312340259552002,2.8978556048688318e-05,0.1,4650,,,,,,,,,
0.5138,5.2948994636535645,2.8967570417893396e-05,0.1,4700,,,,,,,,,
0.4585,8.741018295288086,2.8956584787098474e-05,0.1,4750,,,,,,,,,
0.5289,6.356531620025635,2.8945599156303556e-05,0.11,4800,,,,,,,,,
0.479,12.060778617858887,2.8934613525508634e-05,0.11,4850,,,,,,,,,
0.5822,16.01161766052246,2.8923627894713715e-05,0.11,4900,,,,,,,,,
0.4782,12.724157333374023,2.8912642263918797e-05,0.11,4950,,,,,,,,,
0.468,17.12189292907715,2.8901656633123875e-05,0.11,5000,,,,,,,,,
,,,0.11,5000,0.47168970108032227,461.4622,395.528,24.721,,,,,
0.4259,5.636719703674316,2.8890671002328953e-05,0.11,5050,,,,,,,,,
0.5267,7.899652004241943,2.8879685371534034e-05,0.11,5100,,,,,,,,,
0.4779,8.837137222290039,2.8868699740739116e-05,0.11,5150,,,,,,,,,
0.4563,19.156936645507812,2.8857714109944194e-05,0.11,5200,,,,,,,,,
0.4757,19.459352493286133,2.8846728479149275e-05,0.12,5250,,,,,,,,,
0.5003,6.450103759765625,2.8835742848354353e-05,0.12,5300,,,,,,,,,
0.4879,8.334080696105957,2.882475721755943e-05,0.12,5350,,,,,,,,,
0.4923,6.511115550994873,2.8813771586764513e-05,0.12,5400,,,,,,,,,
0.499,9.680537223815918,2.8802785955969594e-05,0.12,5450,,,,,,,,,
0.4862,3.945146322250366,2.8791800325174672e-05,0.12,5500,,,,,,,,,
0.5034,17.780298233032227,2.8780814694379754e-05,0.12,5550,,,,,,,,,
0.5115,4.239071369171143,2.876982906358483e-05,0.12,5600,,,,,,,,,
0.4904,6.290065288543701,2.875884343278991e-05,0.12,5650,,,,,,,,,
0.4322,14.99954891204834,2.874785780199499e-05,0.13,5700,,,,,,,,,
0.4743,12.495033264160156,2.8736872171200073e-05,0.13,5750,,,,,,,,,
0.45,9.89747142791748,2.872588654040515e-05,0.13,5800,,,,,,,,,
0.4666,10.586760520935059,2.8714900909610232e-05,0.13,5850,,,,,,,,,
0.4881,12.40408992767334,2.870391527881531e-05,0.13,5900,,,,,,,,,
0.4938,14.350261688232422,2.8692929648020388e-05,0.13,5950,,,,,,,,,
0.4542,3.9409282207489014,2.868194401722547e-05,0.13,6000,,,,,,,,,
0.4748,9.497589111328125,2.867095838643055e-05,0.13,6050,,,,,,,,,
0.4379,10.401188850402832,2.865997275563563e-05,0.13,6100,,,,,,,,,
0.482,12.185462951660156,2.8648987124840707e-05,0.14,6150,,,,,,,,,
0.4737,10.926651954650879,2.863800149404579e-05,0.14,6200,,,,,,,,,
0.4501,13.277938842773438,2.8627015863250867e-05,0.14,6250,,,,,,,,,
0.4603,3.7170639038085938,2.8616030232455948e-05,0.14,6300,,,,,,,,,
0.4905,9.008935928344727,2.860504460166103e-05,0.14,6350,,,,,,,,,
0.4256,6.893222808837891,2.8594058970866108e-05,0.14,6400,,,,,,,,,
0.4656,6.500226020812988,2.8583073340071186e-05,0.14,6450,,,,,,,,,
0.4588,9.918313026428223,2.8572087709276267e-05,0.14,6500,,,,,,,,,
0.4623,7.4145660400390625,2.856110207848135e-05,0.14,6550,,,,,,,,,
0.4489,13.822227478027344,2.8550116447686427e-05,0.15,6600,,,,,,,,,
0.473,12.326826095581055,2.8539130816891508e-05,0.15,6650,,,,,,,,,
0.3965,14.621328353881836,2.8528145186096586e-05,0.15,6700,,,,,,,,,
0.4991,12.930126190185547,2.8517159555301664e-05,0.15,6750,,,,,,,,,
0.4552,9.639562606811523,2.8506173924506746e-05,0.15,6800,,,,,,,,,
0.4284,13.915533065795898,2.8495188293711827e-05,0.15,6850,,,,,,,,,
0.4039,2.728943347930908,2.8484202662916905e-05,0.15,6900,,,,,,,,,
0.4921,8.123801231384277,2.8473217032121987e-05,0.15,6950,,,,,,,,,
0.4517,11.663886070251465,2.8462231401327065e-05,0.15,7000,,,,,,,,,
0.4367,16.794755935668945,2.8451245770532143e-05,0.15,7050,,,,,,,,,
0.4841,10.803879737854004,2.8440260139737224e-05,0.16,7100,,,,,,,,,
0.5104,7.459352493286133,2.8429274508942306e-05,0.16,7150,,,,,,,,,
0.4447,13.06557559967041,2.8418288878147384e-05,0.16,7200,,,,,,,,,
0.4324,5.820908546447754,2.8407303247352465e-05,0.16,7250,,,,,,,,,
0.5178,8.371942520141602,2.8396317616557543e-05,0.16,7300,,,,,,,,,
0.3962,15.741690635681152,2.838533198576262e-05,0.16,7350,,,,,,,,,
0.443,20.012327194213867,2.8374346354967703e-05,0.16,7400,,,,,,,,,
0.4681,10.86513900756836,2.8363360724172784e-05,0.16,7450,,,,,,,,,
0.4599,7.859830379486084,2.8352375093377862e-05,0.16,7500,,,,,,,,,
0.3882,12.360411643981934,2.834138946258294e-05,0.17,7550,,,,,,,,,
0.4382,9.870556831359863,2.8330403831788022e-05,0.17,7600,,,,,,,,,
0.4596,9.854734420776367,2.83194182009931e-05,0.17,7650,,,,,,,,,
0.4506,5.315685272216797,2.830843257019818e-05,0.17,7700,,,,,,,,,
0.4502,19.9361629486084,2.8297446939403263e-05,0.17,7750,,,,,,,,,
0.4727,15.936623573303223,2.828646130860834e-05,0.17,7800,,,,,,,,,
0.3574,10.634521484375,2.827547567781342e-05,0.17,7850,,,,,,,,,
0.4337,6.958887100219727,2.82644900470185e-05,0.17,7900,,,,,,,,,
0.408,9.787091255187988,2.825350441622358e-05,0.17,7950,,,,,,,,,
0.464,10.277410507202148,2.824251878542866e-05,0.18,8000,,,,,,,,,
0.4346,12.752921104431152,2.823153315463374e-05,0.18,8050,,,,,,,,,
0.4819,8.391425132751465,2.8220547523838823e-05,0.18,8100,,,,,,,,,
0.4837,3.473628520965576,2.8209561893043897e-05,0.18,8150,,,,,,,,,
0.4505,11.650101661682129,2.819857626224898e-05,0.18,8200,,,,,,,,,
0.432,14.792410850524902,2.818759063145406e-05,0.18,8250,,,,,,,,,
0.3722,23.370723724365234,2.8176605000659138e-05,0.18,8300,,,,,,,,,
0.4173,8.255395889282227,2.816561936986422e-05,0.18,8350,,,,,,,,,
0.4602,8.591748237609863,2.8154633739069298e-05,0.18,8400,,,,,,,,,
0.4331,7.853553771972656,2.8143648108274376e-05,0.19,8450,,,,,,,,,
0.3906,4.026325225830078,2.8132662477479457e-05,0.19,8500,,,,,,,,,
0.4156,12.906085968017578,2.812167684668454e-05,0.19,8550,,,,,,,,,
0.3911,9.04202938079834,2.8110691215889617e-05,0.19,8600,,,,,,,,,
0.4028,17.651798248291016,2.8099705585094698e-05,0.19,8650,,,,,,,,,
0.4421,11.714923858642578,2.8088719954299776e-05,0.19,8700,,,,,,,,,
0.4131,17.297595977783203,2.8077734323504854e-05,0.19,8750,,,,,,,,,
0.4733,6.217990398406982,2.8066748692709936e-05,0.19,8800,,,,,,,,,
0.4527,8.405556678771973,2.8055763061915017e-05,0.19,8850,,,,,,,,,
0.4248,3.69561505317688,2.8044777431120095e-05,0.2,8900,,,,,,,,,
0.4707,8.411233901977539,2.8033791800325177e-05,0.2,8950,,,,,,,,,
0.3904,29.089611053466797,2.8022806169530255e-05,0.2,9000,,,,,,,,,
0.402,11.503866195678711,2.8011820538735333e-05,0.2,9050,,,,,,,,,
0.4714,14.920838356018066,2.8000834907940414e-05,0.2,9100,,,,,,,,,
0.3891,15.702659606933594,2.7989849277145496e-05,0.2,9150,,,,,,,,,
0.5018,10.081181526184082,2.7978863646350574e-05,0.2,9200,,,,,,,,,
0.4641,9.611233711242676,2.7967878015555652e-05,0.2,9250,,,,,,,,,
0.393,9.797444343566895,2.7956892384760733e-05,0.2,9300,,,,,,,,,
0.428,8.63679313659668,2.7945906753965815e-05,0.21,9350,,,,,,,,,
0.4096,11.735581398010254,2.7934921123170893e-05,0.21,9400,,,,,,,,,
0.4336,14.370966911315918,2.7923935492375974e-05,0.21,9450,,,,,,,,,
0.4165,8.676956176757812,2.7912949861581056e-05,0.21,9500,,,,,,,,,
0.3843,10.336920738220215,2.790196423078613e-05,0.21,9550,,,,,,,,,
0.4772,16.459827423095703,2.7890978599991212e-05,0.21,9600,,,,,,,,,
0.4859,7.610437870025635,2.7879992969196293e-05,0.21,9650,,,,,,,,,
0.4038,13.467185020446777,2.786900733840137e-05,0.21,9700,,,,,,,,,
0.4093,2.238616704940796,2.7858021707606453e-05,0.21,9750,,,,,,,,,
0.4605,15.386652946472168,2.7847036076811534e-05,0.22,9800,,,,,,,,,
0.4643,8.016592025756836,2.783605044601661e-05,0.22,9850,,,,,,,,,
0.3687,22.843639373779297,2.782506481522169e-05,0.22,9900,,,,,,,,,
0.4893,7.3007283210754395,2.7814079184426772e-05,0.22,9950,,,,,,,,,
0.3879,8.952338218688965,2.780309355363185e-05,0.22,10000,,,,,,,,,
,,,0.22,10000,0.42762869596481323,461.9452,395.114,24.696,,,,,
0.4818,11.250131607055664,2.779210792283693e-05,0.22,10050,,,,,,,,,
0.4196,20.64883804321289,2.778112229204201e-05,0.22,10100,,,,,,,,,
0.4291,8.974403381347656,2.7770136661247087e-05,0.22,10150,,,,,,,,,
0.4408,11.266197204589844,2.775915103045217e-05,0.22,10200,,,,,,,,,
0.4334,15.66559886932373,2.774816539965725e-05,0.23,10250,,,,,,,,,
0.4709,5.683407306671143,2.7737179768862328e-05,0.23,10300,,,,,,,,,
0.4477,3.922757387161255,2.772619413806741e-05,0.23,10350,,,,,,,,,
0.4814,2.070808172225952,2.7715208507272488e-05,0.23,10400,,,,,,,,,
0.4122,9.200233459472656,2.7704222876477566e-05,0.23,10450,,,,,,,,,
0.3785,5.127479076385498,2.7693237245682647e-05,0.23,10500,,,,,,,,,
0.5295,8.404409408569336,2.768225161488773e-05,0.23,10550,,,,,,,,,
0.4109,10.987286567687988,2.7671265984092807e-05,0.23,10600,,,,,,,,,
0.4533,8.788288116455078,2.7660280353297885e-05,0.23,10650,,,,,,,,,
0.4167,19.838302612304688,2.7649294722502966e-05,0.24,10700,,,,,,,,,
0.4086,7.8760504722595215,2.7638309091708048e-05,0.24,10750,,,,,,,,,
0.4476,15.880378723144531,2.7627323460913126e-05,0.24,10800,,,,,,,,,
0.4225,7.663333415985107,2.7616337830118207e-05,0.24,10850,,,,,,,,,
0.4042,10.977005004882812,2.760535219932329e-05,0.24,10900,,,,,,,,,
0.4364,15.626389503479004,2.7594366568528363e-05,0.24,10950,,,,,,,,,
0.4078,5.89084529876709,2.7583380937733445e-05,0.24,11000,,,,,,,,,
0.4606,14.200521469116211,2.7572395306938526e-05,0.24,11050,,,,,,,,,
0.459,7.538455009460449,2.7561409676143604e-05,0.24,11100,,,,,,,,,
0.3894,12.950789451599121,2.7550424045348686e-05,0.24,11150,,,,,,,,,
0.3977,10.215341567993164,2.7539438414553767e-05,0.25,11200,,,,,,,,,
0.458,3.1747450828552246,2.7528452783758842e-05,0.25,11250,,,,,,,,,
0.441,11.815723419189453,2.7517467152963923e-05,0.25,11300,,,,,,,,,
0.3913,15.640689849853516,2.7506481522169005e-05,0.25,11350,,,,,,,,,
0.4113,11.367866516113281,2.7495495891374083e-05,0.25,11400,,,,,,,,,
0.4098,11.69310188293457,2.7484510260579164e-05,0.25,11450,,,,,,,,,
0.4655,8.494449615478516,2.7473524629784242e-05,0.25,11500,,,,,,,,,
0.4301,8.476374626159668,2.746253899898932e-05,0.25,11550,,,,,,,,,
0.4493,9.566956520080566,2.7451553368194402e-05,0.25,11600,,,,,,,,,
0.4119,2.8079400062561035,2.7440567737399483e-05,0.26,11650,,,,,,,,,
0.3587,9.782307624816895,2.742958210660456e-05,0.26,11700,,,,,,,,,
0.513,14.083474159240723,2.7418596475809643e-05,0.26,11750,,,,,,,,,
0.4268,11.770608901977539,2.740761084501472e-05,0.26,11800,,,,,,,,,
0.4294,8.03439998626709,2.73966252142198e-05,0.26,11850,,,,,,,,,
0.3795,5.516535758972168,2.738563958342488e-05,0.26,11900,,,,,,,,,
0.457,7.273124694824219,2.7374653952629962e-05,0.26,11950,,,,,,,,,
0.3804,15.17474365234375,2.736366832183504e-05,0.26,12000,,,,,,,,,
0.4477,12.060115814208984,2.735268269104012e-05,0.26,12050,,,,,,,,,
0.3963,4.179483413696289,2.73416970602452e-05,0.27,12100,,,,,,,,,
0.4203,14.691198348999023,2.733071142945028e-05,0.27,12150,,,,,,,,,
0.4541,3.7420613765716553,2.731972579865536e-05,0.27,12200,,,,,,,,,
0.4327,13.348365783691406,2.730874016786044e-05,0.27,12250,,,,,,,,,
0.4591,5.966934680938721,2.7297754537065522e-05,0.27,12300,,,,,,,,,
0.4203,7.475612640380859,2.7286768906270596e-05,0.27,12350,,,,,,,,,
0.427,7.818422794342041,2.7275783275475678e-05,0.27,12400,,,,,,,,,
0.36,17.236690521240234,2.726479764468076e-05,0.27,12450,,,,,,,,,
0.4736,17.003742218017578,2.7253812013885837e-05,0.27,12500,,,,,,,,,
0.4215,14.018340110778809,2.724282638309092e-05,0.28,12550,,,,,,,,,
0.4587,9.490762710571289,2.7231840752296e-05,0.28,12600,,,,,,,,,
0.4335,9.760882377624512,2.7220855121501075e-05,0.28,12650,,,,,,,,,
0.4151,6.1635823249816895,2.7209869490706156e-05,0.28,12700,,,,,,,,,
0.4878,10.109312057495117,2.7198883859911238e-05,0.28,12750,,,,,,,,,
0.4445,6.239951133728027,2.7187898229116316e-05,0.28,12800,,,,,,,,,
0.3668,5.229424953460693,2.7176912598321397e-05,0.28,12850,,,,,,,,,
0.3611,12.660646438598633,2.716592696752648e-05,0.28,12900,,,,,,,,,
0.4573,11.078032493591309,2.7154941336731553e-05,0.28,12950,,,,,,,,,
0.424,4.145220756530762,2.7143955705936635e-05,0.29,13000,,,,,,,,,
0.4378,5.414386749267578,2.7132970075141716e-05,0.29,13050,,,,,,,,,
0.4173,13.7334566116333,2.7121984444346794e-05,0.29,13100,,,,,,,,,
0.4079,14.893521308898926,2.7110998813551876e-05,0.29,13150,,,,,,,,,
0.3665,9.376399040222168,2.7100013182756954e-05,0.29,13200,,,,,,,,,
0.3668,12.780989646911621,2.7089027551962032e-05,0.29,13250,,,,,,,,,
0.4728,12.139017105102539,2.7078041921167113e-05,0.29,13300,,,,,,,,,
0.4149,4.4641218185424805,2.7067056290372195e-05,0.29,13350,,,,,,,,,
0.4437,7.637582302093506,2.7056070659577273e-05,0.29,13400,,,,,,,,,
0.4211,11.978782653808594,2.7045085028782354e-05,0.3,13450,,,,,,,,,
0.3874,14.394453048706055,2.7034099397987432e-05,0.3,13500,,,,,,,,,
0.4287,14.17242431640625,2.7023113767192514e-05,0.3,13550,,,,,,,,,
0.3325,15.454389572143555,2.7012128136397592e-05,0.3,13600,,,,,,,,,
0.3974,2.5508129596710205,2.7001142505602673e-05,0.3,13650,,,,,,,,,
0.3986,18.538660049438477,2.6990156874807755e-05,0.3,13700,,,,,,,,,
0.3937,10.903286933898926,2.6979171244012833e-05,0.3,13750,,,,,,,,,
0.4102,7.4921088218688965,2.696818561321791e-05,0.3,13800,,,,,,,,,
0.4132,11.630521774291992,2.6957199982422992e-05,0.3,13850,,,,,,,,,
0.428,8.311843872070312,2.694621435162807e-05,0.31,13900,,,,,,,,,
0.4826,4.8009796142578125,2.6935228720833152e-05,0.31,13950,,,,,,,,,
0.4081,6.399286270141602,2.6924243090038233e-05,0.31,14000,,,,,,,,,
0.4251,8.013505935668945,2.6913257459243308e-05,0.31,14050,,,,,,,,,
0.473,8.27477741241455,2.690227182844839e-05,0.31,14100,,,,,,,,,
0.4103,6.740394115447998,2.689128619765347e-05,0.31,14150,,,,,,,,,
0.3869,7.725931644439697,2.688030056685855e-05,0.31,14200,,,,,,,,,
0.4285,17.443954467773438,2.686931493606363e-05,0.31,14250,,,,,,,,,
0.3775,8.042621612548828,2.6858329305268712e-05,0.31,14300,,,,,,,,,
0.4476,4.129681587219238,2.6847343674473786e-05,0.32,14350,,,,,,,,,
0.4208,6.091646671295166,2.6836358043678868e-05,0.32,14400,,,,,,,,,
0.3947,7.846182823181152,2.682537241288395e-05,0.32,14450,,,,,,,,,
0.4119,6.630827903747559,2.6814386782089027e-05,0.32,14500,,,,,,,,,
0.4646,8.9406156539917,2.680340115129411e-05,0.32,14550,,,,,,,,,
0.4015,4.47045373916626,2.6792415520499187e-05,0.32,14600,,,,,,,,,
0.372,21.276044845581055,2.6781429889704265e-05,0.32,14650,,,,,,,,,
0.3991,8.060751914978027,2.6770444258909346e-05,0.32,14700,,,,,,,,,
0.3993,7.112933158874512,2.6759458628114428e-05,0.32,14750,,,,,,,,,
0.3987,20.69866943359375,2.6748472997319506e-05,0.33,14800,,,,,,,,,
0.4504,8.9356689453125,2.6737487366524587e-05,0.33,14850,,,,,,,,,
0.4123,5.662772178649902,2.6726501735729665e-05,0.33,14900,,,,,,,,,
0.4735,12.567434310913086,2.6715516104934747e-05,0.33,14950,,,,,,,,,
0.4097,16.18294334411621,2.6704530474139825e-05,0.33,15000,,,,,,,,,
,,,0.33,15000,0.3909367322921753,461.9515,395.109,24.695,,,,,
0.3701,16.75895881652832,2.6693544843344906e-05,0.33,15050,,,,,,,,,
0.4187,8.195030212402344,2.6682559212549988e-05,0.33,15100,,,,,,,,,
0.3683,11.58889102935791,2.6671573581755066e-05,0.33,15150,,,,,,,,,
0.3635,3.425884485244751,2.6660587950960144e-05,0.33,15200,,,,,,,,,
0.4493,5.265676975250244,2.6649602320165225e-05,0.34,15250,,,,,,,,,
0.3572,9.847864151000977,2.6638616689370303e-05,0.34,15300,,,,,,,,,
0.3119,11.685754776000977,2.6627631058575385e-05,0.34,15350,,,,,,,,,
0.4956,14.881367683410645,2.6616645427780466e-05,0.34,15400,,,,,,,,,
0.4483,5.849966049194336,2.660565979698554e-05,0.34,15450,,,,,,,,,
0.4433,9.101868629455566,2.6594674166190622e-05,0.34,15500,,,,,,,,,
0.3934,4.617781639099121,2.6583688535395704e-05,0.34,15550,,,,,,,,,
0.4552,19.924535751342773,2.6572702904600782e-05,0.34,15600,,,,,,,,,
0.4144,9.43204402923584,2.6561717273805863e-05,0.34,15650,,,,,,,,,
0.4154,13.63541316986084,2.6550731643010945e-05,0.34,15700,,,,,,,,,
0.4302,10.064820289611816,2.653974601221602e-05,0.35,15750,,,,,,,,,
0.3727,17.786399841308594,2.65287603814211e-05,0.35,15800,,,,,,,,,
0.3806,8.638623237609863,2.6517774750626182e-05,0.35,15850,,,,,,,,,
0.4371,7.281346797943115,2.650678911983126e-05,0.35,15900,,,,,,,,,
0.4046,10.864639282226562,2.6495803489036342e-05,0.35,15950,,,,,,,,,
0.4226,3.2241756916046143,2.6484817858241423e-05,0.35,16000,,,,,,,,,
0.4238,12.012386322021484,2.6473832227446498e-05,0.35,16050,,,,,,,,,
0.4069,6.838322639465332,2.646284659665158e-05,0.35,16100,,,,,,,,,
0.3792,10.645017623901367,2.645186096585666e-05,0.35,16150,,,,,,,,,
0.3635,11.067108154296875,2.644087533506174e-05,0.36,16200,,,,,,,,,
0.4429,5.603150844573975,2.642988970426682e-05,0.36,16250,,,,,,,,,
0.4028,11.69648551940918,2.64189040734719e-05,0.36,16300,,,,,,,,,
0.4409,2.1651952266693115,2.640791844267698e-05,0.36,16350,,,,,,,,,
0.3927,6.832891464233398,2.6396932811882058e-05,0.36,16400,,,,,,,,,
0.4296,16.10483741760254,2.638594718108714e-05,0.36,16450,,,,,,,,,
0.3872,8.274340629577637,2.637496155029222e-05,0.36,16500,,,,,,,,,
0.452,11.520108222961426,2.63639759194973e-05,0.36,16550,,,,,,,,,
0.4503,13.834811210632324,2.6352990288702377e-05,0.36,16600,,,,,,,,,
0.3968,4.579043865203857,2.634200465790746e-05,0.37,16650,,,,,,,,,
0.3845,9.865449905395508,2.6331019027112536e-05,0.37,16700,,,,,,,,,
0.3945,16.984298706054688,2.6320033396317618e-05,0.37,16750,,,,,,,,,
0.4524,11.0642728805542,2.63090477655227e-05,0.37,16800,,,,,,,,,
0.4453,9.969972610473633,2.6298062134727777e-05,0.37,16850,,,,,,,,,
0.4254,14.40689468383789,2.6287076503932855e-05,0.37,16900,,,,,,,,,
0.35,9.78033447265625,2.6276090873137937e-05,0.37,16950,,,,,,,,,
0.3943,5.958827972412109,2.6265105242343015e-05,0.37,17000,,,,,,,,,
0.3558,9.206886291503906,2.6254119611548096e-05,0.37,17050,,,,,,,,,
0.4148,5.321855068206787,2.6243133980753178e-05,0.38,17100,,,,,,,,,
0.4538,4.277358531951904,2.6232148349958253e-05,0.38,17150,,,,,,,,,
0.39,7.226231098175049,2.6221162719163334e-05,0.38,17200,,,,,,,,,
0.3551,4.655032634735107,2.6210177088368415e-05,0.38,17250,,,,,,,,,
0.4407,2.980527400970459,2.6199191457573493e-05,0.38,17300,,,,,,,,,
0.393,8.274615287780762,2.6188205826778575e-05,0.38,17350,,,,,,,,,
0.3861,7.900609016418457,2.6177220195983656e-05,0.38,17400,,,,,,,,,
0.3416,4.412887096405029,2.616623456518873e-05,0.38,17450,,,,,,,,,
0.4238,18.753883361816406,2.6155248934393812e-05,0.38,17500,,,,,,,,,
0.3824,11.464795112609863,2.6144263303598894e-05,0.39,17550,,,,,,,,,
0.3798,13.22304916381836,2.6133277672803972e-05,0.39,17600,,,,,,,,,
0.3551,6.834906578063965,2.6122292042009053e-05,0.39,17650,,,,,,,,,
0.4527,6.772146701812744,2.6111306411214135e-05,0.39,17700,,,,,,,,,
0.4151,7.323599815368652,2.610032078041921e-05,0.39,17750,,,,,,,,,
0.3892,12.245471000671387,2.608933514962429e-05,0.39,17800,,,,,,,,,
0.4052,4.919127464294434,2.6078349518829372e-05,0.39,17850,,,,,,,,,
0.3744,22.314481735229492,2.6067363888034454e-05,0.39,17900,,,,,,,,,
0.399,9.978399276733398,2.6056378257239532e-05,0.39,17950,,,,,,,,,
0.3844,4.889817714691162,2.604539262644461e-05,0.4,18000,,,,,,,,,
0.4109,6.159700393676758,2.603440699564969e-05,0.4,18050,,,,,,,,,
0.3887,7.81401252746582,2.602342136485477e-05,0.4,18100,,,,,,,,,
0.384,6.405026435852051,2.601243573405985e-05,0.4,18150,,,,,,,,,
0.3711,18.987022399902344,2.6001450103264932e-05,0.4,18200,,,,,,,,,
0.4293,10.66373062133789,2.599046447247001e-05,0.4,18250,,,,,,,,,
0.3952,18.452011108398438,2.597947884167509e-05,0.4,18300,,,,,,,,,
0.4162,19.12830352783203,2.596849321088017e-05,0.4,18350,,,,,,,,,
0.3518,5.79965353012085,2.5957507580085248e-05,0.4,18400,,,,,,,,,
0.3381,6.136734485626221,2.594652194929033e-05,0.41,18450,,,,,,,,,
0.4437,8.564659118652344,2.593553631849541e-05,0.41,18500,,,,,,,,,
0.3731,8.66411304473877,2.592455068770049e-05,0.41,18550,,,,,,,,,
0.4196,14.904328346252441,2.5913565056905567e-05,0.41,18600,,,,,,,,,
0.4109,7.446262836456299,2.590257942611065e-05,0.41,18650,,,,,,,,,
0.3286,15.347103118896484,2.5891593795315726e-05,0.41,18700,,,,,,,,,
0.3624,11.36147403717041,2.5880608164520808e-05,0.41,18750,,,,,,,,,
0.3489,18.16875648498535,2.586962253372589e-05,0.41,18800,,,,,,,,,
0.4054,9.821792602539062,2.5858636902930964e-05,0.41,18850,,,,,,,,,
0.3596,4.352848052978516,2.5847651272136045e-05,0.42,18900,,,,,,,,,
0.3904,5.293554782867432,2.5836665641341127e-05,0.42,18950,,,,,,,,,
0.4386,6.1094512939453125,2.5825680010546205e-05,0.42,19000,,,,,,,,,
0.4116,6.300698280334473,2.5814694379751286e-05,0.42,19050,,,,,,,,,
0.415,9.710004806518555,2.5803708748956368e-05,0.42,19100,,,,,,,,,
0.3626,4.167041778564453,2.5792723118161443e-05,0.42,19150,,,,,,,,,
0.3821,5.467685222625732,2.5781737487366524e-05,0.42,19200,,,,,,,,,
0.3988,8.940526962280273,2.5770751856571605e-05,0.42,19250,,,,,,,,,
0.3316,16.15819549560547,2.5759766225776687e-05,0.42,19300,,,,,,,,,
0.3277,8.935456275939941,2.5748780594981765e-05,0.43,19350,,,,,,,,,
0.3975,6.976654529571533,2.5737794964186843e-05,0.43,19400,,,,,,,,,
0.3546,3.9027018547058105,2.5726809333391924e-05,0.43,19450,,,,,,,,,
0.3773,15.803009033203125,2.5715823702597003e-05,0.43,19500,,,,,,,,,
0.3642,11.544744491577148,2.5704838071802084e-05,0.43,19550,,,,,,,,,
0.3644,12.435713768005371,2.5693852441007165e-05,0.43,19600,,,,,,,,,
0.3745,17.96194839477539,2.5682866810212243e-05,0.43,19650,,,,,,,,,
0.4094,9.032795906066895,2.567188117941732e-05,0.43,19700,,,,,,,,,
0.365,6.006729602813721,2.5660895548622403e-05,0.43,19750,,,,,,,,,
0.3776,11.134588241577148,2.564990991782748e-05,0.44,19800,,,,,,,,,
0.4279,11.797157287597656,2.5638924287032562e-05,0.44,19850,,,,,,,,,
0.3115,10.009653091430664,2.5627938656237644e-05,0.44,19900,,,,,,,,,
0.4175,6.958735942840576,2.5616953025442722e-05,0.44,19950,,,,,,,,,
0.4068,20.864892959594727,2.56059673946478e-05,0.44,20000,,,,,,,,,
,,,0.44,20000,0.38569414615631104,462.1523,394.937,24.685,,,,,
0.3676,1.3999089002609253,2.559498176385288e-05,0.44,20050,,,,,,,,,
0.41,6.695599555969238,2.558399613305796e-05,0.44,20100,,,,,,,,,
0.4108,4.724674701690674,2.557301050226304e-05,0.44,20150,,,,,,,,,
0.4391,14.095492362976074,2.5562024871468122e-05,0.44,20200,,,,,,,,,
0.3884,13.833924293518066,2.5551039240673197e-05,0.44,20250,,,,,,,,,
0.4061,5.928158283233643,2.554005360987828e-05,0.45,20300,,,,,,,,,
0.3642,9.401137351989746,2.552906797908336e-05,0.45,20350,,,,,,,,,
0.3938,8.008687019348145,2.5518082348288438e-05,0.45,20400,,,,,,,,,
0.381,3.9949960708618164,2.550709671749352e-05,0.45,20450,,,,,,,,,
0.3909,2.8052914142608643,2.54961110866986e-05,0.45,20500,,,,,,,,,
0.3677,15.281867027282715,2.5485125455903676e-05,0.45,20550,,,,,,,,,
0.4496,7.391398906707764,2.5474139825108757e-05,0.45,20600,,,,,,,,,
0.4388,10.537116050720215,2.546315419431384e-05,0.45,20650,,,,,,,,,
0.3568,12.931215286254883,2.545216856351892e-05,0.45,20700,,,,,,,,,
0.3407,22.83340835571289,2.5441182932723998e-05,0.46,20750,,,,,,,,,
0.4443,11.097864151000977,2.543019730192908e-05,0.46,20800,,,,,,,,,
0.35,9.166868209838867,2.5419211671134157e-05,0.46,20850,,,,,,,,,
0.3361,17.7998104095459,2.5408226040339236e-05,0.46,20900,,,,,,,,,
0.3733,5.38858699798584,2.5397240409544317e-05,0.46,20950,,,,,,,,,
0.3406,4.857114315032959,2.53862547787494e-05,0.46,21000,,,,,,,,,
0.359,4.994611740112305,2.5375269147954476e-05,0.46,21050,,,,,,,,,
0.3799,8.051021575927734,2.5364283517159555e-05,0.46,21100,,,,,,,,,
0.3891,5.323805809020996,2.5353297886364636e-05,0.46,21150,,,,,,,,,
0.4424,6.753848552703857,2.5342312255569714e-05,0.47,21200,,,,,,,,,
0.3314,4.098409652709961,2.5331326624774795e-05,0.47,21250,,,,,,,,,
0.3793,4.259636402130127,2.5320340993979877e-05,0.47,21300,,,,,,,,,
0.3551,7.621826171875,2.5309355363184955e-05,0.47,21350,,,,,,,,,
0.3365,8.812259674072266,2.5298369732390033e-05,0.47,21400,,,,,,,,,
0.3901,0.7808350324630737,2.5287384101595114e-05,0.47,21450,,,,,,,,,
0.4152,14.15774917602539,2.5276398470800193e-05,0.47,21500,,,,,,,,,
0.3999,5.210322856903076,2.5265412840005274e-05,0.47,21550,,,,,,,,,
0.4219,12.357634544372559,2.5254427209210355e-05,0.47,21600,,,,,,,,,
0.4089,17.73392677307129,2.5243441578415434e-05,0.48,21650,,,,,,,,,
0.3601,15.427946090698242,2.523245594762051e-05,0.48,21700,,,,,,,,,
0.3493,4.798282623291016,2.5221470316825593e-05,0.48,21750,,,,,,,,,
0.3726,11.12381649017334,2.521048468603067e-05,0.48,21800,,,,,,,,,
0.4231,10.785721778869629,2.5199499055235753e-05,0.48,21850,,,,,,,,,
0.3677,10.95361042022705,2.5188513424440834e-05,0.48,21900,,,,,,,,,
0.3457,3.8606812953948975,2.517752779364591e-05,0.48,21950,,,,,,,,,
0.3783,7.52333402633667,2.516654216285099e-05,0.48,22000,,,,,,,,,
0.3977,12.446135520935059,2.515555653205607e-05,0.48,22050,,,,,,,,,
0.4219,8.744465827941895,2.5144570901261153e-05,0.49,22100,,,,,,,,,
0.3781,9.407257080078125,2.513358527046623e-05,0.49,22150,,,,,,,,,
0.3696,11.540059089660645,2.5122599639671312e-05,0.49,22200,,,,,,,,,
0.3598,3.0495519638061523,2.511161400887639e-05,0.49,22250,,,,,,,,,
0.3851,6.084400177001953,2.510062837808147e-05,0.49,22300,,,,,,,,,
0.4386,4.392091751098633,2.508964274728655e-05,0.49,22350,,,,,,,,,
0.328,6.276734828948975,2.507865711649163e-05,0.49,22400,,,,,,,,,
0.3171,2.735208034515381,2.506767148569671e-05,0.49,22450,,,,,,,,,
0.3703,10.51967716217041,2.505668585490179e-05,0.49,22500,,,,,,,,,
0.4275,14.806282043457031,2.504570022410687e-05,0.5,22550,,,,,,,,,
0.3722,6.81583309173584,2.5034714593311947e-05,0.5,22600,,,,,,,,,
0.3345,13.063260078430176,2.502372896251703e-05,0.5,22650,,,,,,,,,
0.3441,6.1864914894104,2.501274333172211e-05,0.5,22700,,,,,,,,,
0.362,0.3308137059211731,2.5001757700927188e-05,0.5,22750,,,,,,,,,
0.3763,8.989694595336914,2.4990772070132266e-05,0.5,22800,,,,,,,,,
0.2969,15.894787788391113,2.4979786439337348e-05,0.5,22850,,,,,,,,,
0.3839,8.376725196838379,2.4968800808542426e-05,0.5,22900,,,,,,,,,
0.3562,5.706979274749756,2.4957815177747507e-05,0.5,22950,,,,,,,,,
0.3528,2.892787218093872,2.494682954695259e-05,0.51,23000,,,,,,,,,
0.346,4.878823757171631,2.4935843916157667e-05,0.51,23050,,,,,,,,,
0.3915,15.975170135498047,2.4924858285362745e-05,0.51,23100,,,,,,,,,
0.3504,17.155254364013672,2.4913872654567826e-05,0.51,23150,,,,,,,,,
0.3777,8.324883460998535,2.4902887023772904e-05,0.51,23200,,,,,,,,,
0.3797,9.789548873901367,2.4891901392977986e-05,0.51,23250,,,,,,,,,
0.3659,8.395716667175293,2.4880915762183067e-05,0.51,23300,,,,,,,,,
0.3479,7.789402484893799,2.486993013138814e-05,0.51,23350,,,,,,,,,
0.3762,11.354879379272461,2.4858944500593223e-05,0.51,23400,,,,,,,,,
0.3134,3.357001543045044,2.4847958869798305e-05,0.52,23450,,,,,,,,,
0.4179,12.712363243103027,2.4836973239003386e-05,0.52,23500,,,,,,,,,
0.4041,6.2970170974731445,2.4825987608208464e-05,0.52,23550,,,,,,,,,
0.3669,9.689621925354004,2.4815001977413545e-05,0.52,23600,,,,,,,,,
0.3648,6.303315162658691,2.4804016346618624e-05,0.52,23650,,,,,,,,,
0.4027,10.273037910461426,2.47930307158237e-05,0.52,23700,,,,,,,,,
0.3588,4.427972793579102,2.4782045085028783e-05,0.52,23750,,,,,,,,,
0.3555,10.29124927520752,2.4771059454233865e-05,0.52,23800,,,,,,,,,
0.3894,16.08657455444336,2.4760073823438943e-05,0.52,23850,,,,,,,,,
0.3566,11.966747283935547,2.4749088192644024e-05,0.53,23900,,,,,,,,,
0.3739,7.864918231964111,2.4738102561849102e-05,0.53,23950,,,,,,,,,
0.3852,7.794210910797119,2.472711693105418e-05,0.53,24000,,,,,,,,,
0.4427,10.516165733337402,2.471613130025926e-05,0.53,24050,,,,,,,,,
0.3786,2.655923366546631,2.4705145669464343e-05,0.53,24100,,,,,,,,,
0.4391,21.94937515258789,2.469416003866942e-05,0.53,24150,,,,,,,,,
0.3566,13.00938892364502,2.46831744078745e-05,0.53,24200,,,,,,,,,
0.375,2.8627374172210693,2.467218877707958e-05,0.53,24250,,,,,,,,,
0.3467,12.210938453674316,2.466120314628466e-05,0.53,24300,,,,,,,,,
0.4066,13.483500480651855,2.465021751548974e-05,0.54,24350,,,,,,,,,
0.3999,10.376495361328125,2.463923188469482e-05,0.54,24400,,,,,,,,,
0.3872,4.506317615509033,2.46282462538999e-05,0.54,24450,,,,,,,,,
0.3915,12.96872329711914,2.4617260623104978e-05,0.54,24500,,,,,,,,,
0.3803,15.238028526306152,2.460627499231006e-05,0.54,24550,,,,,,,,,
0.3926,6.0930256843566895,2.4595289361515137e-05,0.54,24600,,,,,,,,,
0.3859,7.118776321411133,2.458430373072022e-05,0.54,24650,,,,,,,,,
0.3709,2.7556850910186768,2.45733180999253e-05,0.54,24700,,,,,,,,,
0.3795,10.040338516235352,2.4562332469130378e-05,0.54,24750,,,,,,,,,
0.4206,5.254053115844727,2.4551346838335456e-05,0.54,24800,,,,,,,,,
0.3268,6.453102111816406,2.4540361207540538e-05,0.55,24850,,,,,,,,,
0.3537,8.188319206237793,2.452937557674562e-05,0.55,24900,,,,,,,,,
0.3597,13.657076835632324,2.4518389945950697e-05,0.55,24950,,,,,,,,,
0.3822,15.07619571685791,2.450740431515578e-05,0.55,25000,,,,,,,,,
,,,0.55,25000,0.38834893703460693,462.3763,394.746,24.673,,,,,
0.3786,11.852919578552246,2.4496418684360857e-05,0.55,25050,,,,,,,,,
0.3544,7.432555675506592,2.4485433053565935e-05,0.55,25100,,,,,,,,,
0.4097,21.355117797851562,2.4474447422771016e-05,0.55,25150,,,,,,,,,
0.377,4.957301139831543,2.4463461791976098e-05,0.55,25200,,,,,,,,,
0.4391,9.623039245605469,2.4452476161181176e-05,0.55,25250,,,,,,,,,
0.3451,6.812836647033691,2.4441490530386257e-05,0.56,25300,,,,,,,,,
0.3202,9.818692207336426,2.4430504899591335e-05,0.56,25350,,,,,,,,,
0.3858,14.362025260925293,2.4419519268796413e-05,0.56,25400,,,,,,,,,
0.3651,7.8029465675354,2.4408533638001495e-05,0.56,25450,,,,,,,,,
0.3827,4.296478271484375,2.4397548007206576e-05,0.56,25500,,,,,,,,,
0.3408,2.9408187866210938,2.4386562376411654e-05,0.56,25550,,,,,,,,,
0.3641,8.487751007080078,2.4375576745616736e-05,0.56,25600,,,,,,,,,
0.3531,12.40368938446045,2.4364591114821814e-05,0.56,25650,,,,,,,,,
0.3753,9.755105972290039,2.435360548402689e-05,0.56,25700,,,,,,,,,
0.3786,6.128273963928223,2.4342619853231973e-05,0.57,25750,,,,,,,,,
0.3568,1.967936396598816,2.4331634222437055e-05,0.57,25800,,,,,,,,,
0.3447,7.017355918884277,2.4320648591642133e-05,0.57,25850,,,,,,,,,
0.3754,10.086129188537598,2.430966296084721e-05,0.57,25900,,,,,,,,,
0.3486,3.015648126602173,2.4298677330052292e-05,0.57,25950,,,,,,,,,
0.3293,13.238029479980469,2.428769169925737e-05,0.57,26000,,,,,,,,,
0.3192,5.818122863769531,2.427670606846245e-05,0.57,26050,,,,,,,,,
0.399,16.673200607299805,2.4265720437667533e-05,0.57,26100,,,,,,,,,
0.3234,10.657715797424316,2.425473480687261e-05,0.57,26150,,,,,,,,,
0.318,8.973301887512207,2.424374917607769e-05,0.58,26200,,,,,,,,,
0.2953,16.06087875366211,2.423276354528277e-05,0.58,26250,,,,,,,,,
0.3538,6.263338565826416,2.4221777914487852e-05,0.58,26300,,,,,,,,,
0.3373,4.68756628036499,2.421079228369293e-05,0.58,26350,,,,,,,,,
0.3226,30.878868103027344,2.419980665289801e-05,0.58,26400,,,,,,,,,
0.3902,6.571361064910889,2.4188821022103093e-05,0.58,26450,,,,,,,,,
0.3299,10.82502555847168,2.4177835391308168e-05,0.58,26500,,,,,,,,,
0.3957,11.158191680908203,2.416684976051325e-05,0.58,26550,,,,,,,,,
0.3453,9.743034362792969,2.415586412971833e-05,0.58,26600,,,,,,,,,
0.3941,2.315250873565674,2.414487849892341e-05,0.59,26650,,,,,,,,,
0.3375,18.099023818969727,2.413389286812849e-05,0.59,26700,,,,,,,,,
0.4139,10.61187744140625,2.4122907237333568e-05,0.59,26750,,,,,,,,,
0.4144,8.206610679626465,2.4111921606538646e-05,0.59,26800,,,,,,,,,
0.3521,9.383525848388672,2.4100935975743728e-05,0.59,26850,,,,,,,,,
0.3554,12.622553825378418,2.408995034494881e-05,0.59,26900,,,,,,,,,
0.3894,14.434316635131836,2.4078964714153887e-05,0.59,26950,,,,,,,,,
0.3446,13.848864555358887,2.406797908335897e-05,0.59,27000,,,,,,,,,
0.3902,12.66286849975586,2.4056993452564047e-05,0.59,27050,,,,,,,,,
0.3637,3.9222171306610107,2.4046007821769125e-05,0.6,27100,,,,,,,,,
0.3787,8.637649536132812,2.4035022190974206e-05,0.6,27150,,,,,,,,,
0.3665,22.30717658996582,2.4024036560179288e-05,0.6,27200,,,,,,,,,
0.3735,5.518078804016113,2.4013050929384366e-05,0.6,27250,,,,,,,,,
0.3623,18.200836181640625,2.4002065298589444e-05,0.6,27300,,,,,,,,,
0.3641,12.795671463012695,2.3991079667794525e-05,0.6,27350,,,,,,,,,
0.4582,9.497359275817871,2.3980094036999603e-05,0.6,27400,,,,,,,,,
0.3671,8.368327140808105,2.3969108406204685e-05,0.6,27450,,,,,,,,,
0.3535,2.7578413486480713,2.3958122775409766e-05,0.6,27500,,,,,,,,,
0.3792,7.9382219314575195,2.3947137144614844e-05,0.61,27550,,,,,,,,,
0.3719,1.122626543045044,2.3936151513819922e-05,0.61,27600,,,,,,,,,
0.3639,4.048215866088867,2.3925165883025004e-05,0.61,27650,,,,,,,,,
0.3288,15.293351173400879,2.3914180252230085e-05,0.61,27700,,,,,,,,,
0.3726,7.601471424102783,2.3903194621435163e-05,0.61,27750,,,,,,,,,
0.3845,16.8192081451416,2.3892208990640245e-05,0.61,27800,,,,,,,,,
0.362,5.957783222198486,2.3881223359845326e-05,0.61,27850,,,,,,,,,
0.35,6.690273761749268,2.38702377290504e-05,0.61,27900,,,,,,,,,
0.3843,13.986360549926758,2.3859252098255482e-05,0.61,27950,,,,,,,,,
0.3606,12.786333084106445,2.3848266467460564e-05,0.62,28000,,,,,,,,,
0.3587,9.332140922546387,2.383728083666564e-05,0.62,28050,,,,,,,,,
0.3491,12.50405502319336,2.3826295205870723e-05,0.62,28100,,,,,,,,,
0.3128,7.052729606628418,2.38153095750758e-05,0.62,28150,,,,,,,,,
0.3284,15.27783489227295,2.380432394428088e-05,0.62,28200,,,,,,,,,
0.3485,5.625896453857422,2.379333831348596e-05,0.62,28250,,,,,,,,,
0.4083,9.16317367553711,2.3782352682691042e-05,0.62,28300,,,,,,,,,
0.3445,11.531171798706055,2.377136705189612e-05,0.62,28350,,,,,,,,,
0.366,20.272165298461914,2.37603814211012e-05,0.62,28400,,,,,,,,,
0.369,6.596862316131592,2.374939579030628e-05,0.63,28450,,,,,,,,,
0.3825,10.336116790771484,2.3738410159511358e-05,0.63,28500,,,,,,,,,
0.3295,16.129257202148438,2.372742452871644e-05,0.63,28550,,,,,,,,,
0.3533,2.239975929260254,2.371643889792152e-05,0.63,28600,,,,,,,,,
0.3378,17.337818145751953,2.37054532671266e-05,0.63,28650,,,,,,,,,
0.3291,4.2161431312561035,2.369446763633168e-05,0.63,28700,,,,,,,,,
0.3837,7.083012104034424,2.3683482005536758e-05,0.63,28750,,,,,,,,,
0.3408,3.7198543548583984,2.3672496374741836e-05,0.63,28800,,,,,,,,,
0.3168,21.39655113220215,2.3661510743946918e-05,0.63,28850,,,,,,,,,
0.3464,15.147516250610352,2.3650525113152e-05,0.63,28900,,,,,,,,,
0.4207,6.636568069458008,2.3639539482357077e-05,0.64,28950,,,,,,,,,
0.3931,14.520726203918457,2.3628553851562155e-05,0.64,29000,,,,,,,,,
0.3391,4.710289478302002,2.3617568220767237e-05,0.64,29050,,,,,,,,,
0.3653,5.675865650177002,2.3606582589972318e-05,0.64,29100,,,,,,,,,
0.3536,15.66834831237793,2.3595596959177396e-05,0.64,29150,,,,,,,,,
0.3516,10.006220817565918,2.3584611328382478e-05,0.64,29200,,,,,,,,,
0.3274,2.7154347896575928,2.357362569758756e-05,0.64,29250,,,,,,,,,
0.3589,16.876882553100586,2.3562640066792634e-05,0.64,29300,,,,,,,,,
0.3539,10.542733192443848,2.3551654435997715e-05,0.64,29350,,,,,,,,,
0.3503,18.82267189025879,2.3540668805202797e-05,0.65,29400,,,,,,,,,
0.3429,5.590212345123291,2.3529683174407875e-05,0.65,29450,,,,,,,,,
0.371,9.194998741149902,2.3518697543612956e-05,0.65,29500,,,,,,,,,
0.3451,9.210394859313965,2.3507711912818038e-05,0.65,29550,,,,,,,,,
0.3626,13.984575271606445,2.3496726282023112e-05,0.65,29600,,,,,,,,,
0.3258,2.073971748352051,2.3485740651228194e-05,0.65,29650,,,,,,,,,
0.3617,10.200791358947754,2.3474755020433275e-05,0.65,29700,,,,,,,,,
0.3157,3.1551506519317627,2.3463769389638353e-05,0.65,29750,,,,,,,,,
0.3434,4.033690929412842,2.3452783758843435e-05,0.65,29800,,,,,,,,,
0.3338,9.959607124328613,2.3441798128048513e-05,0.66,29850,,,,,,,,,
0.3471,10.159335136413574,2.343081249725359e-05,0.66,29900,,,,,,,,,
0.3527,1.7107535600662231,2.3419826866458672e-05,0.66,29950,,,,,,,,,
0.3463,8.976078987121582,2.3408841235663754e-05,0.66,30000,,,,,,,,,
,,,0.66,30000,0.38204464316368103,461.8892,395.162,24.699,,,,,
0.4013,5.845795631408691,2.3397855604868832e-05,0.66,30050,,,,,,,,,
0.3161,6.25424861907959,2.3386869974073913e-05,0.66,30100,,,,,,,,,
0.3555,12.373948097229004,2.337588434327899e-05,0.66,30150,,,,,,,,,
0.3551,1.8486181497573853,2.336489871248407e-05,0.66,30200,,,,,,,,,
0.3077,8.919075012207031,2.335391308168915e-05,0.66,30250,,,,,,,,,
0.3523,0.5443435907363892,2.3342927450894232e-05,0.67,30300,,,,,,,,,
0.3931,5.994181156158447,2.333194182009931e-05,0.67,30350,,,,,,,,,
0.3113,11.136880874633789,2.332095618930439e-05,0.67,30400,,,,,,,,,
0.3369,17.69780158996582,2.330997055850947e-05,0.67,30450,,,,,,,,,
0.3597,8.093392372131348,2.3298984927714548e-05,0.67,30500,,,,,,,,,
0.3231,13.82253646850586,2.328799929691963e-05,0.67,30550,,,,,,,,,
0.3004,9.734820365905762,2.327701366612471e-05,0.67,30600,,,,,,,,,
0.321,9.730515480041504,2.3266028035329792e-05,0.67,30650,,,,,,,,,
0.3233,3.6398794651031494,2.3255042404534867e-05,0.67,30700,,,,,,,,,
0.3704,6.866220951080322,2.3244056773739948e-05,0.68,30750,,,,,,,,,
0.3925,3.478775978088379,2.323307114294503e-05,0.68,30800,,,,,,,,,
0.3321,14.99694538116455,2.3222085512150108e-05,0.68,30850,,,,,,,,,
0.3463,11.823037147521973,2.321109988135519e-05,0.68,30900,,,,,,,,,
0.4139,8.2606782913208,2.320011425056027e-05,0.68,30950,,,,,,,,,
0.3465,6.583074569702148,2.3189128619765345e-05,0.68,31000,,,,,,,,,
0.315,9.042837142944336,2.3178142988970427e-05,0.68,31050,,,,,,,,,
0.3586,2.3643958568573,2.3167157358175508e-05,0.68,31100,,,,,,,,,
0.3456,4.358830451965332,2.3156171727380586e-05,0.68,31150,,,,,,,,,
0.3248,7.89682674407959,2.3145186096585668e-05,0.69,31200,,,,,,,,,
0.3696,8.886470794677734,2.3134200465790746e-05,0.69,31250,,,,,,,,,
0.3376,6.585678577423096,2.3123214834995824e-05,0.69,31300,,,,,,,,,
0.3235,12.164327621459961,2.3112229204200905e-05,0.69,31350,,,,,,,,,
0.3475,4.61374568939209,2.3101243573405987e-05,0.69,31400,,,,,,,,,
0.3802,4.202772617340088,2.3090257942611065e-05,0.69,31450,,,,,,,,,
0.3822,16.3836727142334,2.3079272311816146e-05,0.69,31500,,,,,,,,,
0.2932,1.8078705072402954,2.3068286681021224e-05,0.69,31550,,,,,,,,,
0.2838,7.5905656814575195,2.3057301050226302e-05,0.69,31600,,,,,,,,,
0.3693,12.63846492767334,2.3046315419431384e-05,0.7,31650,,,,,,,,,
0.3221,11.75575065612793,2.3035329788636465e-05,0.7,31700,,,,,,,,,
0.3183,16.13258934020996,2.3024344157841543e-05,0.7,31750,,,,,,,,,
0.3768,22.402910232543945,2.3013358527046625e-05,0.7,31800,,,,,,,,,
0.3383,7.682945251464844,2.3002372896251703e-05,0.7,31850,,,,,,,,,
0.3608,5.090362071990967,2.299138726545678e-05,0.7,31900,,,,,,,,,
0.4159,6.745957374572754,2.2980401634661862e-05,0.7,31950,,,,,,,,,
0.2993,8.582535743713379,2.2969416003866944e-05,0.7,32000,,,,,,,,,
0.3227,20.35265350341797,2.2958430373072025e-05,0.7,32050,,,,,,,,,
0.3586,5.725502014160156,2.29474447422771e-05,0.71,32100,,,,,,,,,
0.3472,18.215375900268555,2.293645911148218e-05,0.71,32150,,,,,,,,,
0.4545,6.523714542388916,2.2925473480687263e-05,0.71,32200,,,,,,,,,
0.3564,11.161992073059082,2.291448784989234e-05,0.71,32250,,,,,,,,,
0.361,13.911150932312012,2.2903502219097422e-05,0.71,32300,,,,,,,,,
0.369,9.204825401306152,2.2892516588302504e-05,0.71,32350,,,,,,,,,
0.4644,20.86847686767578,2.288153095750758e-05,0.71,32400,,,,,,,,,
0.346,7.315061092376709,2.287054532671266e-05,0.71,32450,,,,,,,,,
0.3285,4.876567840576172,2.285955969591774e-05,0.71,32500,,,,,,,,,
0.3915,12.6892728805542,2.284857406512282e-05,0.72,32550,,,,,,,,,
0.2941,15.610023498535156,2.28375884343279e-05,0.72,32600,,,,,,,,,
0.3762,1.8169265985488892,2.2826602803532982e-05,0.72,32650,,,,,,,,,
0.2903,13.190963745117188,2.2815617172738057e-05,0.72,32700,,,,,,,,,
0.365,16.895374298095703,2.2804631541943138e-05,0.72,32750,,,,,,,,,
0.3376,9.46267318725586,2.279364591114822e-05,0.72,32800,,,,,,,,,
0.3499,13.848539352416992,2.2782660280353298e-05,0.72,32850,,,,,,,,,
0.346,3.3466944694519043,2.277167464955838e-05,0.72,32900,,,,,,,,,
0.3221,7.049994945526123,2.2760689018763457e-05,0.72,32950,,,,,,,,,
0.2677,5.651991367340088,2.2749703387968535e-05,0.73,33000,,,,,,,,,
0.319,5.157111167907715,2.2738717757173617e-05,0.73,33050,,,,,,,,,
0.4379,12.300724029541016,2.2727732126378698e-05,0.73,33100,,,,,,,,,
0.2977,11.762975692749023,2.2716746495583776e-05,0.73,33150,,,,,,,,,
0.2913,6.155274868011475,2.2705760864788858e-05,0.73,33200,,,,,,,,,
0.3844,14.807121276855469,2.2694775233993936e-05,0.73,33250,,,,,,,,,
0.314,13.002145767211914,2.2683789603199014e-05,0.73,33300,,,,,,,,,
0.3208,5.188704490661621,2.2672803972404095e-05,0.73,33350,,,,,,,,,
0.349,8.210824012756348,2.2661818341609177e-05,0.73,33400,,,,,,,,,
0.3632,10.249622344970703,2.2650832710814258e-05,0.73,33450,,,,,,,,,
0.3351,12.989795684814453,2.2639847080019336e-05,0.74,33500,,,,,,,,,
0.3187,20.485187530517578,2.2628861449224414e-05,0.74,33550,,,,,,,,,
0.3629,4.900425910949707,2.2617875818429496e-05,0.74,33600,,,,,,,,,
0.3219,15.81846809387207,2.2606890187634574e-05,0.74,33650,,,,,,,,,
0.3493,13.743155479431152,2.2595904556839655e-05,0.74,33700,,,,,,,,,
0.3336,6.549752235412598,2.2584918926044737e-05,0.74,33750,,,,,,,,,
0.3372,5.380183219909668,2.257393329524981e-05,0.74,33800,,,,,,,,,
0.2874,12.488531112670898,2.2562947664454893e-05,0.74,33850,,,,,,,,,
0.2988,5.9490275382995605,2.2551962033659974e-05,0.74,33900,,,,,,,,,
0.3777,16.438480377197266,2.2540976402865052e-05,0.75,33950,,,,,,,,,
0.344,13.538707733154297,2.2529990772070134e-05,0.75,34000,,,,,,,,,
0.3318,4.937735557556152,2.2519005141275215e-05,0.75,34050,,,,,,,,,
0.3229,13.19577693939209,2.250801951048029e-05,0.75,34100,,,,,,,,,
0.3864,9.6254243850708,2.249703387968537e-05,0.75,34150,,,,,,,,,
0.2942,13.887594223022461,2.2486048248890453e-05,0.75,34200,,,,,,,,,
0.3895,5.993696212768555,2.247506261809553e-05,0.75,34250,,,,,,,,,
0.3238,8.662652015686035,2.2464076987300612e-05,0.75,34300,,,,,,,,,
0.3352,6.011987209320068,2.2453091356505694e-05,0.75,34350,,,,,,,,,
0.2957,3.3732736110687256,2.244210572571077e-05,0.76,34400,,,,,,,,,
0.3563,4.22538423538208,2.243112009491585e-05,0.76,34450,,,,,,,,,
0.3594,10.187936782836914,2.242013446412093e-05,0.76,34500,,,,,,,,,
0.3418,4.141828536987305,2.240914883332601e-05,0.76,34550,,,,,,,,,
0.3316,4.828577041625977,2.239816320253109e-05,0.76,34600,,,,,,,,,
0.3655,0.8012524843215942,2.238717757173617e-05,0.76,34650,,,,,,,,,
0.3396,5.560705184936523,2.2376191940941247e-05,0.76,34700,,,,,,,,,
0.3262,3.2274436950683594,2.236520631014633e-05,0.76,34750,,,,,,,,,
0.3273,11.307356834411621,2.235422067935141e-05,0.76,34800,,,,,,,,,
0.3739,8.681994438171387,2.234323504855649e-05,0.77,34850,,,,,,,,,
0.2999,6.952558994293213,2.233224941776157e-05,0.77,34900,,,,,,,,,
0.3087,20.921737670898438,2.2321263786966647e-05,0.77,34950,,,,,,,,,
0.3494,17.306550979614258,2.231027815617173e-05,0.77,35000,,,,,,,,,
,,,0.77,35000,0.37071141600608826,461.6462,395.37,24.712,,,,,
0.3286,13.124069213867188,2.2299292525376807e-05,0.77,35050,,,,,,,,,
0.3291,5.358386039733887,2.2288306894581888e-05,0.77,35100,,,,,,,,,
0.332,7.956085205078125,2.227732126378697e-05,0.77,35150,,,,,,,,,
0.3285,7.613280296325684,2.2266335632992044e-05,0.77,35200,,,,,,,,,
0.3386,8.883909225463867,2.2255350002197126e-05,0.77,35250,,,,,,,,,
0.369,11.123501777648926,2.2244364371402207e-05,0.78,35300,,,,,,,,,
0.3653,8.4242582321167,2.2233378740607285e-05,0.78,35350,,,,,,,,,
0.3535,4.661548614501953,2.2222393109812367e-05,0.78,35400,,,,,,,,,
0.348,5.996200084686279,2.2211407479017448e-05,0.78,35450,,,,,,,,,
0.3466,12.720870971679688,2.2200421848222523e-05,0.78,35500,,,,,,,,,
0.3082,8.952067375183105,2.2189436217427604e-05,0.78,35550,,,,,,,,,
0.3729,3.3990626335144043,2.2178450586632686e-05,0.78,35600,,,,,,,,,
0.3664,10.546221733093262,2.2167464955837764e-05,0.78,35650,,,,,,,,,
0.381,11.435932159423828,2.2156479325042845e-05,0.78,35700,,,,,,,,,
0.3828,9.144306182861328,2.2145493694247927e-05,0.79,35750,,,,,,,,,
0.3341,9.758421897888184,2.2134508063453e-05,0.79,35800,,,,,,,,,
0.3711,11.069896697998047,2.2123522432658083e-05,0.79,35850,,,,,,,,,
0.3241,6.702912330627441,2.2112536801863164e-05,0.79,35900,,,,,,,,,
0.3092,6.476739883422852,2.2101551171068242e-05,0.79,35950,,,,,,,,,
0.3977,5.490243911743164,2.2090565540273324e-05,0.79,36000,,,,,,,,,
0.3558,12.61755657196045,2.2079579909478402e-05,0.79,36050,,,,,,,,,
0.2846,12.181819915771484,2.206859427868348e-05,0.79,36100,,,,,,,,,
0.3967,7.621889114379883,2.205760864788856e-05,0.79,36150,,,,,,,,,
0.3383,12.253706932067871,2.2046623017093643e-05,0.8,36200,,,,,,,,,
0.366,12.003778457641602,2.2035637386298724e-05,0.8,36250,,,,,,,,,
0.3457,0.7486817240715027,2.2024651755503802e-05,0.8,36300,,,,,,,,,
0.3136,5.0879974365234375,2.201366612470888e-05,0.8,36350,,,,,,,,,
0.3605,14.473797798156738,2.2002680493913962e-05,0.8,36400,,,,,,,,,
0.3013,5.518162250518799,2.199169486311904e-05,0.8,36450,,,,,,,,,
0.3746,7.318681716918945,2.198070923232412e-05,0.8,36500,,,,,,,,,
0.3131,10.233619689941406,2.1969723601529203e-05,0.8,36550,,,,,,,,,
0.3038,5.61043643951416,2.195873797073428e-05,0.8,36600,,,,,,,,,
0.3406,2.857410192489624,2.194775233993936e-05,0.81,36650,,,,,,,,,
0.3435,7.698670387268066,2.193676670914444e-05,0.81,36700,,,,,,,,,
0.3199,3.845808744430542,2.192578107834952e-05,0.81,36750,,,,,,,,,
0.3526,17.287158966064453,2.19147954475546e-05,0.81,36800,,,,,,,,,
0.3224,12.226804733276367,2.190380981675968e-05,0.81,36850,,,,,,,,,
0.3163,9.788413047790527,2.1892824185964756e-05,0.81,36900,,,,,,,,,
0.3523,10.166276931762695,2.1881838555169837e-05,0.81,36950,,,,,,,,,
0.3397,4.492576599121094,2.187085292437492e-05,0.81,37000,,,,,,,,,
0.3577,12.516548156738281,2.1859867293579997e-05,0.81,37050,,,,,,,,,
0.3161,5.839015007019043,2.184888166278508e-05,0.82,37100,,,,,,,,,
0.3104,13.532825469970703,2.183789603199016e-05,0.82,37150,,,,,,,,,
0.3056,5.32481050491333,2.1826910401195234e-05,0.82,37200,,,,,,,,,
0.3668,20.445425033569336,2.1815924770400316e-05,0.82,37250,,,,,,,,,
0.38,8.190591812133789,2.1804939139605397e-05,0.82,37300,,,,,,,,,
0.3439,9.419022560119629,2.1793953508810475e-05,0.82,37350,,,,,,,,,
0.2728,8.79593276977539,2.1782967878015557e-05,0.82,37400,,,,,,,,,
0.3241,5.246973037719727,2.1771982247220638e-05,0.82,37450,,,,,,,,,
0.3236,11.406352043151855,2.1760996616425713e-05,0.82,37500,,,,,,,,,
0.3615,10.882660865783691,2.1750010985630794e-05,0.83,37550,,,,,,,,,
0.3473,5.976028919219971,2.1739025354835876e-05,0.83,37600,,,,,,,,,
0.3394,0.8009147644042969,2.1728039724040957e-05,0.83,37650,,,,,,,,,
0.3775,17.948705673217773,2.1717054093246035e-05,0.83,37700,,,,,,,,,
0.3641,3.7965590953826904,2.1706068462451113e-05,0.83,37750,,,,,,,,,
0.3884,11.802103042602539,2.1695082831656195e-05,0.83,37800,,,,,,,,,
0.2985,9.10050106048584,2.1684097200861273e-05,0.83,37850,,,,,,,,,
0.3246,5.927359104156494,2.1673111570066354e-05,0.83,37900,,,,,,,,,
0.3574,5.002023696899414,2.1662125939271436e-05,0.83,37950,,,,,,,,,
0.305,12.355612754821777,2.1651140308476514e-05,0.83,38000,,,,,,,,,
0.3529,9.489765167236328,2.1640154677681592e-05,0.84,38050,,,,,,,,,
0.3007,9.893633842468262,2.1629169046886673e-05,0.84,38100,,,,,,,,,
0.3132,9.77589225769043,2.161818341609175e-05,0.84,38150,,,,,,,,,
0.359,3.716585636138916,2.1607197785296833e-05,0.84,38200,,,,,,,,,
0.355,7.358607769012451,2.1596212154501914e-05,0.84,38250,,,,,,,,,
0.3647,5.639803409576416,2.1585226523706992e-05,0.84,38300,,,,,,,,,
0.346,11.48092269897461,2.157424089291207e-05,0.84,38350,,,,,,,,,
0.3167,1.1676081418991089,2.1563255262117152e-05,0.84,38400,,,,,,,,,
0.2933,10.175224304199219,2.155226963132223e-05,0.84,38450,,,,,,,,,
0.3546,11.257437705993652,2.154128400052731e-05,0.85,38500,,,,,,,,,
0.2815,6.114882946014404,2.1530298369732393e-05,0.85,38550,,,,,,,,,
0.3507,3.824378728866577,2.1519312738937467e-05,0.85,38600,,,,,,,,,
0.3286,14.272684097290039,2.150832710814255e-05,0.85,38650,,,,,,,,,
0.3583,3.1803667545318604,2.149734147734763e-05,0.85,38700,,,,,,,,,
0.3065,12.585868835449219,2.148635584655271e-05,0.85,38750,,,,,,,,,
0.3519,6.46171760559082,2.147537021575779e-05,0.85,38800,,,,,,,,,
0.3488,19.68787956237793,2.146438458496287e-05,0.85,38850,,,,,,,,,
0.2995,13.216103553771973,2.1453398954167946e-05,0.85,38900,,,,,,,,,
0.3275,10.683618545532227,2.1442413323373027e-05,0.86,38950,,,,,,,,,
0.3101,22.783428192138672,2.143142769257811e-05,0.86,39000,,,,,,,,,
0.3302,4.062434196472168,2.142044206178319e-05,0.86,39050,,,,,,,,,
0.3433,8.35745906829834,2.140945643098827e-05,0.86,39100,,,,,,,,,
0.3484,1.6135118007659912,2.1398470800193346e-05,0.86,39150,,,,,,,,,
0.3033,9.002958297729492,2.1387485169398428e-05,0.86,39200,,,,,,,,,
0.3276,8.427912712097168,2.1376499538603506e-05,0.86,39250,,,,,,,,,
0.3236,30.43997573852539,2.1365513907808587e-05,0.86,39300,,,,,,,,,
0.4435,21.636180877685547,2.135452827701367e-05,0.86,39350,,,,,,,,,
0.3083,14.947196960449219,2.1343542646218747e-05,0.87,39400,,,,,,,,,
0.3251,23.606552124023438,2.1332557015423825e-05,0.87,39450,,,,,,,,,
0.3171,15.667725563049316,2.1321571384628906e-05,0.87,39500,,,,,,,,,
0.2851,4.862001895904541,2.1310585753833984e-05,0.87,39550,,,,,,,,,
0.3298,17.968130111694336,2.1299600123039066e-05,0.87,39600,,,,,,,,,
0.3172,12.886167526245117,2.1288614492244147e-05,0.87,39650,,,,,,,,,
0.3569,13.274480819702148,2.1277628861449225e-05,0.87,39700,,,,,,,,,
0.3438,19.174299240112305,2.1266643230654303e-05,0.87,39750,,,,,,,,,
0.3014,12.436309814453125,2.1255657599859385e-05,0.87,39800,,,,,,,,,
0.35,22.76105308532715,2.1244671969064463e-05,0.88,39850,,,,,,,,,
0.3069,5.6739888191223145,2.1233686338269544e-05,0.88,39900,,,,,,,,,
0.3856,12.984454154968262,2.1222700707474626e-05,0.88,39950,,,,,,,,,
0.2784,12.388362884521484,2.12117150766797e-05,0.88,40000,,,,,,,,,
,,,0.88,40000,0.37419992685317993,461.7283,395.3,24.707,,,,,
0.3706,8.20966625213623,2.1200729445884782e-05,0.88,40050,,,,,,,,,
0.3102,1.6330759525299072,2.1189743815089863e-05,0.88,40100,,,,,,,,,
0.293,6.617806434631348,2.117875818429494e-05,0.88,40150,,,,,,,,,
0.3456,3.8132104873657227,2.1167772553500023e-05,0.88,40200,,,,,,,,,
0.282,9.598599433898926,2.1156786922705104e-05,0.88,40250,,,,,,,,,
0.3501,3.8102145195007324,2.114580129191018e-05,0.89,40300,,,,,,,,,
0.3135,11.382987976074219,2.113481566111526e-05,0.89,40350,,,,,,,,,
0.3098,3.0418102741241455,2.1123830030320342e-05,0.89,40400,,,,,,,,,
0.3418,9.318026542663574,2.1112844399525423e-05,0.89,40450,,,,,,,,,
0.3593,15.68753719329834,2.11018587687305e-05,0.89,40500,,,,,,,,,
0.3035,9.580883979797363,2.1090873137935583e-05,0.89,40550,,,,,,,,,
0.2924,16.426170349121094,2.107988750714066e-05,0.89,40600,,,,,,,,,
0.3081,11.940242767333984,2.106890187634574e-05,0.89,40650,,,,,,,,,
0.3454,9.711292266845703,2.105791624555082e-05,0.89,40700,,,,,,,,,
0.2823,0.6730878353118896,2.1046930614755902e-05,0.9,40750,,,,,,,,,
0.3502,1.4630367755889893,2.103594498396098e-05,0.9,40800,,,,,,,,,
0.3038,22.418302536010742,2.1024959353166058e-05,0.9,40850,,,,,,,,,
0.352,29.050840377807617,2.101397372237114e-05,0.9,40900,,,,,,,,,
0.29,10.895970344543457,2.1002988091576217e-05,0.9,40950,,,,,,,,,
0.3166,15.244322776794434,2.09920024607813e-05,0.9,41000,,,,,,,,,
0.2692,2.8227574825286865,2.098101682998638e-05,0.9,41050,,,,,,,,,
0.2797,5.682485580444336,2.097003119919146e-05,0.9,41100,,,,,,,,,
0.3411,5.41308069229126,2.0959045568396536e-05,0.9,41150,,,,,,,,,
0.3768,1.1540443897247314,2.0948059937601618e-05,0.91,41200,,,,,,,,,
0.3781,8.759561538696289,2.0937074306806696e-05,0.91,41250,,,,,,,,,
0.3132,8.134536743164062,2.0926088676011777e-05,0.91,41300,,,,,,,,,
0.337,8.702556610107422,2.091510304521686e-05,0.91,41350,,,,,,,,,
0.3501,4.67357063293457,2.0904117414421937e-05,0.91,41400,,,,,,,,,
0.3108,2.0465638637542725,2.0893131783627015e-05,0.91,41450,,,,,,,,,
0.3356,9.255805969238281,2.0882146152832096e-05,0.91,41500,,,,,,,,,
0.325,7.773712635040283,2.0871160522037174e-05,0.91,41550,,,,,,,,,
0.3656,14.769100189208984,2.0860174891242256e-05,0.91,41600,,,,,,,,,
0.3342,8.002768516540527,2.0849189260447337e-05,0.92,41650,,,,,,,,,
0.2883,4.82813835144043,2.0838203629652412e-05,0.92,41700,,,,,,,,,
0.3356,8.316993713378906,2.0827217998857493e-05,0.92,41750,,,,,,,,,
0.2843,7.433396816253662,2.0816232368062575e-05,0.92,41800,,,,,,,,,
0.29,1.871288776397705,2.0805246737267656e-05,0.92,41850,,,,,,,,,
0.3064,16.56641387939453,2.0794261106472734e-05,0.92,41900,,,,,,,,,
0.3155,15.040287971496582,2.0783275475677816e-05,0.92,41950,,,,,,,,,
0.352,11.181768417358398,2.0772289844882894e-05,0.92,42000,,,,,,,,,
0.2985,13.167665481567383,2.0761304214087972e-05,0.92,42050,,,,,,,,,
0.2961,11.615477561950684,2.0750318583293053e-05,0.92,42100,,,,,,,,,
0.3373,15.646631240844727,2.0739332952498135e-05,0.93,42150,,,,,,,,,
0.3106,11.999978065490723,2.0728347321703213e-05,0.93,42200,,,,,,,,,
0.3299,5.0719523429870605,2.0717361690908294e-05,0.93,42250,,,,,,,,,
0.3126,14.979976654052734,2.0706376060113372e-05,0.93,42300,,,,,,,,,
0.3088,18.450979232788086,2.069539042931845e-05,0.93,42350,,,,,,,,,
0.3254,5.89886474609375,2.0684404798523532e-05,0.93,42400,,,,,,,,,
0.3136,11.33148193359375,2.0673419167728613e-05,0.93,42450,,,,,,,,,
0.3128,3.1489012241363525,2.066243353693369e-05,0.93,42500,,,,,,,,,
0.3556,13.721672058105469,2.065144790613877e-05,0.93,42550,,,,,,,,,
0.2557,6.4938249588012695,2.064046227534385e-05,0.94,42600,,,,,,,,,
0.2993,14.099833488464355,2.062947664454893e-05,0.94,42650,,,,,,,,,
0.3043,8.013291358947754,2.061849101375401e-05,0.94,42700,,,,,,,,,
0.35,10.221498489379883,2.0607505382959092e-05,0.94,42750,,,,,,,,,
0.3244,7.73881721496582,2.059651975216417e-05,0.94,42800,,,,,,,,,
0.286,18.58357048034668,2.0585534121369248e-05,0.94,42850,,,,,,,,,
0.3116,13.351993560791016,2.057454849057433e-05,0.94,42900,,,,,,,,,
0.2743,11.196409225463867,2.0563562859779408e-05,0.94,42950,,,,,,,,,
0.3605,8.231518745422363,2.055257722898449e-05,0.94,43000,,,,,,,,,
0.3046,4.246137619018555,2.054159159818957e-05,0.95,43050,,,,,,,,,
0.3198,10.13642406463623,2.0530605967394645e-05,0.95,43100,,,,,,,,,
0.3373,5.004664897918701,2.0519620336599727e-05,0.95,43150,,,,,,,,,
0.3658,21.438913345336914,2.0508634705804808e-05,0.95,43200,,,,,,,,,
0.3115,4.971059799194336,2.0497649075009886e-05,0.95,43250,,,,,,,,,
0.3303,11.032544136047363,2.0486663444214967e-05,0.95,43300,,,,,,,,,
0.2677,19.361507415771484,2.047567781342005e-05,0.95,43350,,,,,,,,,
0.3167,8.416817665100098,2.0464692182625127e-05,0.95,43400,,,,,,,,,
0.3121,6.393604755401611,2.0453706551830205e-05,0.95,43450,,,,,,,,,
0.3227,2.79933762550354,2.0442720921035286e-05,0.96,43500,,,,,,,,,
0.4338,1.2090904712677002,2.0431735290240368e-05,0.96,43550,,,,,,,,,
0.3062,6.2821221351623535,2.0420749659445446e-05,0.96,43600,,,,,,,,,
0.348,6.570160388946533,2.0409764028650527e-05,0.96,43650,,,,,,,,,
0.3195,10.617253303527832,2.0398778397855605e-05,0.96,43700,,,,,,,,,
0.3027,9.10487174987793,2.0387792767060684e-05,0.96,43750,,,,,,,,,
0.2955,9.279803276062012,2.0376807136265765e-05,0.96,43800,,,,,,,,,
0.3006,8.741106986999512,2.0365821505470846e-05,0.96,43850,,,,,,,,,
0.2797,16.701303482055664,2.0354835874675924e-05,0.96,43900,,,,,,,,,
0.2685,9.110156059265137,2.0343850243881003e-05,0.97,43950,,,,,,,,,
0.3234,4.008809566497803,2.0332864613086084e-05,0.97,44000,,,,,,,,,
0.3531,12.86362361907959,2.0321878982291162e-05,0.97,44050,,,,,,,,,
0.2734,13.691208839416504,2.0310893351496243e-05,0.97,44100,,,,,,,,,
0.2944,8.260969161987305,2.0299907720701325e-05,0.97,44150,,,,,,,,,
0.3452,10.719079971313477,2.0288922089906403e-05,0.97,44200,,,,,,,,,
0.3102,8.944477081298828,2.027793645911148e-05,0.97,44250,,,,,,,,,
0.3981,12.202461242675781,2.0266950828316562e-05,0.97,44300,,,,,,,,,
0.3434,8.112842559814453,2.025596519752164e-05,0.97,44350,,,,,,,,,
0.3256,4.922717571258545,2.0244979566726722e-05,0.98,44400,,,,,,,,,
0.326,5.578184127807617,2.0233993935931803e-05,0.98,44450,,,,,,,,,
0.3488,15.330924987792969,2.022300830513688e-05,0.98,44500,,,,,,,,,
0.3247,9.71609115600586,2.021202267434196e-05,0.98,44550,,,,,,,,,
0.3774,15.630505561828613,2.020103704354704e-05,0.98,44600,,,,,,,,,
0.3579,7.549513816833496,2.019005141275212e-05,0.98,44650,,,,,,,,,
0.3543,11.204726219177246,2.01790657819572e-05,0.98,44700,,,,,,,,,
0.3094,5.927078723907471,2.0168080151162282e-05,0.98,44750,,,,,,,,,
0.3263,14.561945915222168,2.015709452036736e-05,0.98,44800,,,,,,,,,
0.2995,9.471906661987305,2.0146108889572438e-05,0.99,44850,,,,,,,,,
0.3361,9.403517723083496,2.013512325877752e-05,0.99,44900,,,,,,,,,
0.3286,8.847201347351074,2.01241376279826e-05,0.99,44950,,,,,,,,,
0.3865,6.662353992462158,2.011315199718768e-05,0.99,45000,,,,,,,,,
,,,0.99,45000,0.34142807126045227,461.8506,395.195,24.701,,,,,
0.3108,24.421981811523438,2.010216636639276e-05,0.99,45050,,,,,,,,,
0.362,10.380328178405762,2.009118073559784e-05,0.99,45100,,,,,,,,,
0.2885,23.213516235351562,2.0080195104802917e-05,0.99,45150,,,,,,,,,
0.2935,20.77313804626465,2.0069209474007998e-05,0.99,45200,,,,,,,,,
0.2329,2.785522937774658,2.005822384321308e-05,0.99,45250,,,,,,,,,
0.3717,8.832730293273926,2.0047238212418158e-05,1.0,45300,,,,,,,,,
0.3429,1.7819421291351318,2.003625258162324e-05,1.0,45350,,,,,,,,,
0.3129,5.733442306518555,2.0025266950828317e-05,1.0,45400,,,,,,,,,
0.3336,9.244917869567871,2.0014281320033395e-05,1.0,45450,,,,,,,,,
0.2985,26.75948143005371,2.0003295689238477e-05,1.0,45500,,,,,,,,,
0.2067,8.378273963928223,1.9992310058443558e-05,1.0,45550,,,,,,,,,
0.2496,18.20393943786621,1.9981324427648636e-05,1.0,45600,,,,,,,,,
0.2124,4.691901683807373,1.9970338796853714e-05,1.0,45650,,,,,,,,,
0.2497,13.185417175292969,1.9959353166058796e-05,1.0,45700,,,,,,,,,
0.2478,8.041816711425781,1.9948367535263874e-05,1.01,45750,,,,,,,,,
0.2908,4.733187198638916,1.9937381904468955e-05,1.01,45800,,,,,,,,,
0.2374,4.768141746520996,1.9926396273674036e-05,1.01,45850,,,,,,,,,
0.2149,9.315410614013672,1.9915410642879115e-05,1.01,45900,,,,,,,,,
0.2503,5.586452007293701,1.9904425012084193e-05,1.01,45950,,,,,,,,,
0.2545,10.95732307434082,1.9893439381289274e-05,1.01,46000,,,,,,,,,
0.216,9.26830768585205,1.9882453750494352e-05,1.01,46050,,,,,,,,,
0.2103,10.726200103759766,1.9871468119699434e-05,1.01,46100,,,,,,,,,
0.2478,5.952089309692383,1.9860482488904515e-05,1.01,46150,,,,,,,,,
0.2172,0.7522722482681274,1.9849496858109596e-05,1.02,46200,,,,,,,,,
0.2432,13.40914249420166,1.983851122731467e-05,1.02,46250,,,,,,,,,
0.2549,15.903958320617676,1.9827525596519753e-05,1.02,46300,,,,,,,,,
0.209,7.258306503295898,1.9816539965724834e-05,1.02,46350,,,,,,,,,
0.2509,8.750564575195312,1.9805554334929912e-05,1.02,46400,,,,,,,,,
0.1854,12.850053787231445,1.9794568704134993e-05,1.02,46450,,,,,,,,,
0.2841,13.698226928710938,1.978358307334007e-05,1.02,46500,,,,,,,,,
0.2653,9.347689628601074,1.977259744254515e-05,1.02,46550,,,,,,,,,
0.2782,5.373165607452393,1.976161181175023e-05,1.02,46600,,,,,,,,,
0.2361,8.424960136413574,1.9750626180955312e-05,1.02,46650,,,,,,,,,
0.2799,11.556875228881836,1.973964055016039e-05,1.03,46700,,,,,,,,,
0.2291,4.165628910064697,1.9728654919365472e-05,1.03,46750,,,,,,,,,
0.2523,9.28344440460205,1.971766928857055e-05,1.03,46800,,,,,,,,,
0.2567,9.666868209838867,1.9706683657775628e-05,1.03,46850,,,,,,,,,
0.2673,5.915363788604736,1.969569802698071e-05,1.03,46900,,,,,,,,,
0.183,20.34088706970215,1.968471239618579e-05,1.03,46950,,,,,,,,,
0.2988,21.820226669311523,1.967372676539087e-05,1.03,47000,,,,,,,,,
0.2595,3.124844789505005,1.9662741134595947e-05,1.03,47050,,,,,,,,,
0.2312,5.103745460510254,1.965175550380103e-05,1.03,47100,,,,,,,,,
0.2527,16.415258407592773,1.9640769873006107e-05,1.04,47150,,,,,,,,,
0.3201,1.5560344457626343,1.9629784242211188e-05,1.04,47200,,,,,,,,,
0.2354,23.5006160736084,1.961879861141627e-05,1.04,47250,,,,,,,,,
0.213,11.198068618774414,1.9607812980621348e-05,1.04,47300,,,,,,,,,
0.189,9.424199104309082,1.9596827349826426e-05,1.04,47350,,,,,,,,,
0.2254,18.925228118896484,1.9585841719031507e-05,1.04,47400,,,,,,,,,
0.264,6.084424018859863,1.9574856088236585e-05,1.04,47450,,,,,,,,,
0.2628,7.037117958068848,1.9563870457441667e-05,1.04,47500,,,,,,,,,
0.2723,10.403369903564453,1.9552884826646748e-05,1.04,47550,,,,,,,,,
0.2439,13.406615257263184,1.954189919585183e-05,1.05,47600,,,,,,,,,
0.2616,12.177779197692871,1.9530913565056904e-05,1.05,47650,,,,,,,,,
0.2991,17.504289627075195,1.9519927934261986e-05,1.05,47700,,,,,,,,,
0.2207,22.84455108642578,1.9508942303467067e-05,1.05,47750,,,,,,,,,
0.2808,3.7981858253479004,1.9497956672672145e-05,1.05,47800,,,,,,,,,
0.2347,18.35721206665039,1.9486971041877227e-05,1.05,47850,,,,,,,,,
0.2029,5.870937347412109,1.9475985411082305e-05,1.05,47900,,,,,,,,,
0.2485,12.388449668884277,1.9464999780287383e-05,1.05,47950,,,,,,,,,
0.2173,16.31234359741211,1.9454014149492464e-05,1.05,48000,,,,,,,,,
0.2439,2.4687931537628174,1.9443028518697546e-05,1.06,48050,,,,,,,,,
0.209,7.5725016593933105,1.9432042887902624e-05,1.06,48100,,,,,,,,,
0.2279,9.922886848449707,1.9421057257107705e-05,1.06,48150,,,,,,,,,
0.2451,1.8869807720184326,1.9410071626312783e-05,1.06,48200,,,,,,,,,
0.2559,5.62897253036499,1.939908599551786e-05,1.06,48250,,,,,,,,,
0.2421,35.38068771362305,1.9388100364722943e-05,1.06,48300,,,,,,,,,
0.2518,10.203526496887207,1.9377114733928024e-05,1.06,48350,,,,,,,,,
0.2715,2.3745577335357666,1.9366129103133102e-05,1.06,48400,,,,,,,,,
0.2365,3.3602678775787354,1.9355143472338184e-05,1.06,48450,,,,,,,,,
0.2372,9.805378913879395,1.934415784154326e-05,1.07,48500,,,,,,,,,
0.2187,5.602543830871582,1.933317221074834e-05,1.07,48550,,,,,,,,,
0.2943,7.834182262420654,1.932218657995342e-05,1.07,48600,,,,,,,,,
0.2775,6.245566368103027,1.9311200949158503e-05,1.07,48650,,,,,,,,,
0.2504,22.84500503540039,1.930021531836358e-05,1.07,48700,,,,,,,,,
0.2591,13.13202953338623,1.928922968756866e-05,1.07,48750,,,,,,,,,
0.2407,9.991568565368652,1.927824405677374e-05,1.07,48800,,,,,,,,,
0.1966,2.2294530868530273,1.9267258425978818e-05,1.07,48850,,,,,,,,,
0.2645,0.2858736217021942,1.92562727951839e-05,1.07,48900,,,,,,,,,
0.2897,6.829479217529297,1.924528716438898e-05,1.08,48950,,,,,,,,,
0.2343,30.896623611450195,1.9234301533594062e-05,1.08,49000,,,,,,,,,
0.2188,10.250624656677246,1.9223315902799137e-05,1.08,49050,,,,,,,,,
0.2014,16.1477108001709,1.921233027200422e-05,1.08,49100,,,,,,,,,
0.2196,11.367091178894043,1.92013446412093e-05,1.08,49150,,,,,,,,,
0.1983,12.13568115234375,1.9190359010414378e-05,1.08,49200,,,,,,,,,
0.227,12.493452072143555,1.917937337961946e-05,1.08,49250,,,,,,,,,
0.1835,4.070178985595703,1.916838774882454e-05,1.08,49300,,,,,,,,,
0.2226,4.533220291137695,1.9157402118029616e-05,1.08,49350,,,,,,,,,
0.2122,10.065471649169922,1.9146416487234697e-05,1.09,49400,,,,,,,,,
0.2351,10.749421119689941,1.913543085643978e-05,1.09,49450,,,,,,,,,
0.2452,5.29222297668457,1.9124445225644857e-05,1.09,49500,,,,,,,,,
0.2295,13.650612831115723,1.9113459594849938e-05,1.09,49550,,,,,,,,,
0.2289,1.5213388204574585,1.9102473964055016e-05,1.09,49600,,,,,,,,,
0.2488,8.599180221557617,1.9091488333260094e-05,1.09,49650,,,,,,,,,
0.2305,16.61804962158203,1.9080502702465176e-05,1.09,49700,,,,,,,,,
0.2217,13.017902374267578,1.9069517071670257e-05,1.09,49750,,,,,,,,,
0.1929,5.37880802154541,1.9058531440875335e-05,1.09,49800,,,,,,,,,
0.2189,29.489282608032227,1.9047545810080417e-05,1.1,49850,,,,,,,,,
0.262,6.892594337463379,1.9036560179285495e-05,1.1,49900,,,,,,,,,
0.236,20.42067527770996,1.9025574548490573e-05,1.1,49950,,,,,,,,,
0.2326,11.213774681091309,1.9014588917695654e-05,1.1,50000,,,,,,,,,
,,,1.1,50000,0.4096582233905792,461.8052,395.234,24.703,,,,,
0.267,20.801647186279297,1.9003603286900736e-05,1.1,50050,,,,,,,,,
0.2616,6.079553127288818,1.8992617656105814e-05,1.1,50100,,,,,,,,,
0.2404,21.713687896728516,1.8981632025310895e-05,1.1,50150,,,,,,,,,
0.2218,12.321545600891113,1.8970646394515973e-05,1.1,50200,,,,,,,,,
0.2536,4.4596405029296875,1.895966076372105e-05,1.1,50250,,,,,,,,,
0.2649,10.612345695495605,1.8948675132926133e-05,1.11,50300,,,,,,,,,
0.2703,16.795137405395508,1.8937689502131214e-05,1.11,50350,,,,,,,,,
0.2514,12.991548538208008,1.8926703871336296e-05,1.11,50400,,,,,,,,,
0.2057,4.5241241455078125,1.891571824054137e-05,1.11,50450,,,,,,,,,
0.2614,9.752697944641113,1.890473260974645e-05,1.11,50500,,,,,,,,,
0.1947,16.245824813842773,1.8893746978951533e-05,1.11,50550,,,,,,,,,
0.2178,6.800166606903076,1.888276134815661e-05,1.11,50600,,,,,,,,,
0.2862,12.625100135803223,1.8871775717361693e-05,1.11,50650,,,,,,,,,
0.2472,3.6684811115264893,1.8860790086566774e-05,1.11,50700,,,,,,,,,
0.2625,8.546976089477539,1.884980445577185e-05,1.12,50750,,,,,,,,,
0.2325,14.629048347473145,1.883881882497693e-05,1.12,50800,,,,,,,,,
0.2013,7.112135887145996,1.882783319418201e-05,1.12,50850,,,,,,,,,
0.2458,10.210119247436523,1.881684756338709e-05,1.12,50900,,,,,,,,,
0.2058,7.776546001434326,1.880586193259217e-05,1.12,50950,,,,,,,,,
0.2498,8.850425720214844,1.879487630179725e-05,1.12,51000,,,,,,,,,
0.1784,1.193405270576477,1.8783890671002327e-05,1.12,51050,,,,,,,,,
0.2319,7.969655990600586,1.877290504020741e-05,1.12,51100,,,,,,,,,
0.1994,0.6771249175071716,1.876191940941249e-05,1.12,51150,,,,,,,,,
0.2709,23.91693687438965,1.8750933778617568e-05,1.12,51200,,,,,,,,,
0.2318,2.3485732078552246,1.873994814782265e-05,1.13,51250,,,,,,,,,
0.2586,7.4058146476745605,1.8728962517027728e-05,1.13,51300,,,,,,,,,
0.1959,7.926079750061035,1.8717976886232806e-05,1.13,51350,,,,,,,,,
0.2342,6.266686916351318,1.8706991255437887e-05,1.13,51400,,,,,,,,,
0.1978,2.9072749614715576,1.869600562464297e-05,1.13,51450,,,,,,,,,
0.2487,15.132089614868164,1.8685019993848047e-05,1.13,51500,,,,,,,,,
0.2368,5.4562225341796875,1.8674034363053128e-05,1.13,51550,,,,,,,,,
0.2643,28.481348037719727,1.8663048732258206e-05,1.13,51600,,,,,,,,,
0.2271,16.667659759521484,1.8652063101463284e-05,1.13,51650,,,,,,,,,
0.2528,11.244979858398438,1.8641077470668366e-05,1.14,51700,,,,,,,,,
0.2141,1.6424096822738647,1.8630091839873447e-05,1.14,51750,,,,,,,,,
0.2481,8.240395545959473,1.861910620907853e-05,1.14,51800,,,,,,,,,
0.2556,7.121434211730957,1.8608120578283603e-05,1.14,51850,,,,,,,,,
0.2525,0.26217177510261536,1.8597134947488685e-05,1.14,51900,,,,,,,,,
0.2737,7.299401760101318,1.8586149316693766e-05,1.14,51950,,,,,,,,,
0.2944,7.8501739501953125,1.8575163685898844e-05,1.14,52000,,,,,,,,,
0.2209,7.851696968078613,1.8564178055103926e-05,1.14,52050,,,,,,,,,
0.266,8.710314750671387,1.8553192424309007e-05,1.14,52100,,,,,,,,,
0.2932,13.5072660446167,1.8542206793514082e-05,1.15,52150,,,,,,,,,
0.2302,8.921417236328125,1.8531221162719163e-05,1.15,52200,,,,,,,,,
0.2687,21.290002822875977,1.8520235531924245e-05,1.15,52250,,,,,,,,,
0.2194,6.59712553024292,1.8509249901129323e-05,1.15,52300,,,,,,,,,
0.2463,12.582921028137207,1.8498264270334404e-05,1.15,52350,,,,,,,,,
0.2184,3.3018243312835693,1.8487278639539486e-05,1.15,52400,,,,,,,,,
0.2633,30.159788131713867,1.847629300874456e-05,1.15,52450,,,,,,,,,
0.2059,8.568099975585938,1.846530737794964e-05,1.15,52500,,,,,,,,,
0.2529,3.197749614715576,1.8454321747154723e-05,1.15,52550,,,,,,,,,
0.2508,8.970210075378418,1.84433361163598e-05,1.16,52600,,,,,,,,,
0.2174,0.8174302577972412,1.8432350485564883e-05,1.16,52650,,,,,,,,,
0.2681,12.318094253540039,1.842136485476996e-05,1.16,52700,,,,,,,,,
0.2332,2.516425609588623,1.841037922397504e-05,1.16,52750,,,,,,,,,
0.257,7.691947937011719,1.839939359318012e-05,1.16,52800,,,,,,,,,
0.2488,14.809490203857422,1.83884079623852e-05,1.16,52850,,,,,,,,,
0.2385,6.513289928436279,1.837742233159028e-05,1.16,52900,,,,,,,,,
0.2363,19.091632843017578,1.836643670079536e-05,1.16,52950,,,,,,,,,
0.2542,10.109864234924316,1.835545107000044e-05,1.16,53000,,,,,,,,,
0.2225,11.01475715637207,1.8344465439205517e-05,1.17,53050,,,,,,,,,
0.2487,3.7620298862457275,1.83334798084106e-05,1.17,53100,,,,,,,,,
0.2465,19.84419822692871,1.832249417761568e-05,1.17,53150,,,,,,,,,
0.2365,7.998682975769043,1.831150854682076e-05,1.17,53200,,,,,,,,,
0.2538,22.969257354736328,1.830052291602584e-05,1.17,53250,,,,,,,,,
0.2441,10.115093231201172,1.8289537285230918e-05,1.17,53300,,,,,,,,,
0.2429,3.969633102416992,1.8278551654436e-05,1.17,53350,,,,,,,,,
0.2785,11.414119720458984,1.8267566023641077e-05,1.17,53400,,,,,,,,,
0.2375,2.0849785804748535,1.825658039284616e-05,1.17,53450,,,,,,,,,
0.22,14.429911613464355,1.824559476205124e-05,1.18,53500,,,,,,,,,
0.1995,12.661859512329102,1.8234609131256315e-05,1.18,53550,,,,,,,,,
0.2336,15.508852005004883,1.8223623500461396e-05,1.18,53600,,,,,,,,,
0.2251,6.8113789558410645,1.8212637869666478e-05,1.18,53650,,,,,,,,,
0.2476,14.944973945617676,1.8201652238871556e-05,1.18,53700,,,,,,,,,
0.2493,3.0582046508789062,1.8190666608076637e-05,1.18,53750,,,,,,,,,
0.2547,6.64569616317749,1.817968097728172e-05,1.18,53800,,,,,,,,,
0.2691,3.035978317260742,1.8168695346486793e-05,1.18,53850,,,,,,,,,
0.2363,13.129368782043457,1.8157709715691875e-05,1.18,53900,,,,,,,,,
0.2669,32.087650299072266,1.8146724084896956e-05,1.19,53950,,,,,,,,,
0.2014,3.7457997798919678,1.8135738454102034e-05,1.19,54000,,,,,,,,,
0.1901,4.699047565460205,1.8124752823307116e-05,1.19,54050,,,,,,,,,
0.3028,11.462016105651855,1.8113767192512197e-05,1.19,54100,,,,,,,,,
0.2501,9.641144752502441,1.8102781561717272e-05,1.19,54150,,,,,,,,,
0.2583,8.375590324401855,1.8091795930922353e-05,1.19,54200,,,,,,,,,
0.2425,1.7740592956542969,1.8080810300127435e-05,1.19,54250,,,,,,,,,
0.199,36.24409484863281,1.8069824669332513e-05,1.19,54300,,,,,,,,,
0.2114,11.388602256774902,1.8058839038537594e-05,1.19,54350,,,,,,,,,
0.231,4.8600568771362305,1.8047853407742672e-05,1.2,54400,,,,,,,,,
0.2272,13.80782413482666,1.803686777694775e-05,1.2,54450,,,,,,,,,
0.23,4.464674949645996,1.8025882146152832e-05,1.2,54500,,,,,,,,,
0.2346,20.31795310974121,1.8014896515357913e-05,1.2,54550,,,,,,,,,
0.2287,12.841351509094238,1.8003910884562995e-05,1.2,54600,,,,,,,,,
0.239,10.174786567687988,1.7992925253768073e-05,1.2,54650,,,,,,,,,
0.2037,1.2560442686080933,1.798193962297315e-05,1.2,54700,,,,,,,,,
0.2756,21.72365951538086,1.7970953992178232e-05,1.2,54750,,,,,,,,,
0.1959,4.708964824676514,1.795996836138331e-05,1.2,54800,,,,,,,,,
0.2797,5.749074935913086,1.7948982730588392e-05,1.21,54850,,,,,,,,,
0.2142,5.988922595977783,1.7937997099793473e-05,1.21,54900,,,,,,,,,
0.2805,12.428526878356934,1.7927011468998548e-05,1.21,54950,,,,,,,,,
0.2424,1.0534837245941162,1.791602583820363e-05,1.21,55000,,,,,,,,,
,,,1.21,55000,0.38447630405426025,461.6703,395.349,24.71,,,,,
0.2435,4.231790542602539,1.790504020740871e-05,1.21,55050,,,,,,,,,
0.2388,19.615234375,1.789405457661379e-05,1.21,55100,,,,,,,,,
0.2681,3.2712080478668213,1.788306894581887e-05,1.21,55150,,,,,,,,,
0.2665,21.325950622558594,1.787208331502395e-05,1.21,55200,,,,,,,,,
0.2227,17.414100646972656,1.7861097684229026e-05,1.21,55250,,,,,,,,,
0.2614,7.627294540405273,1.7850112053434108e-05,1.22,55300,,,,,,,,,
0.236,12.12412166595459,1.783912642263919e-05,1.22,55350,,,,,,,,,
0.2479,9.584416389465332,1.7828140791844267e-05,1.22,55400,,,,,,,,,
0.2642,6.684032917022705,1.781715516104935e-05,1.22,55450,,,,,,,,,
0.2514,12.630019187927246,1.780616953025443e-05,1.22,55500,,,,,,,,,
0.2509,12.142183303833008,1.7795183899459505e-05,1.22,55550,,,,,,,,,
0.3009,8.178580284118652,1.7784198268664586e-05,1.22,55600,,,,,,,,,
0.2142,8.337485313415527,1.7773212637869668e-05,1.22,55650,,,,,,,,,
0.2231,9.584656715393066,1.7762227007074746e-05,1.22,55700,,,,,,,,,
0.2339,19.270566940307617,1.7751241376279827e-05,1.22,55750,,,,,,,,,
0.2161,6.612734317779541,1.7740255745484905e-05,1.23,55800,,,,,,,,,
0.2009,11.234844207763672,1.7729270114689983e-05,1.23,55850,,,,,,,,,
0.2582,13.40609359741211,1.7718284483895065e-05,1.23,55900,,,,,,,,,
0.2079,6.6073994636535645,1.7707298853100146e-05,1.23,55950,,,,,,,,,
0.1908,7.433178424835205,1.7696313222305224e-05,1.23,56000,,,,,,,,,
0.2577,20.657636642456055,1.7685327591510306e-05,1.23,56050,,,,,,,,,
0.2594,3.5895793437957764,1.7674341960715384e-05,1.23,56100,,,,,,,,,
0.2597,11.84711742401123,1.7663356329920465e-05,1.23,56150,,,,,,,,,
0.2443,18.261947631835938,1.7652370699125543e-05,1.23,56200,,,,,,,,,
0.2232,12.734477996826172,1.7641385068330625e-05,1.24,56250,,,,,,,,,
0.274,14.535540580749512,1.7630399437535706e-05,1.24,56300,,,,,,,,,
0.2489,8.541481018066406,1.7619413806740784e-05,1.24,56350,,,,,,,,,
0.2148,6.025824069976807,1.7608428175945862e-05,1.24,56400,,,,,,,,,
0.2515,4.983236789703369,1.7597442545150944e-05,1.24,56450,,,,,,,,,
0.2732,9.464733123779297,1.7586456914356022e-05,1.24,56500,,,,,,,,,
0.2525,3.2365148067474365,1.7575471283561103e-05,1.24,56550,,,,,,,,,
0.1858,4.795032501220703,1.7564485652766185e-05,1.24,56600,,,,,,,,,
0.2285,4.603267192840576,1.755350002197126e-05,1.24,56650,,,,,,,,,
0.2696,11.920272827148438,1.754251439117634e-05,1.25,56700,,,,,,,,,
0.234,8.998176574707031,1.7531528760381422e-05,1.25,56750,,,,,,,,,
0.2589,26.19256591796875,1.75205431295865e-05,1.25,56800,,,,,,,,,
0.2133,1.2111035585403442,1.7509557498791582e-05,1.25,56850,,,,,,,,,
0.2204,4.355892181396484,1.7498571867996663e-05,1.25,56900,,,,,,,,,
0.2341,13.35823917388916,1.7487586237201738e-05,1.25,56950,,,,,,,,,
0.2629,0.73774254322052,1.747660060640682e-05,1.25,57000,,,,,,,,,
0.2468,4.031102657318115,1.74656149756119e-05,1.25,57050,,,,,,,,,
0.1443,4.96218729019165,1.745462934481698e-05,1.25,57100,,,,,,,,,
0.215,9.682455062866211,1.744364371402206e-05,1.26,57150,,,,,,,,,
0.221,6.627220630645752,1.7432658083227142e-05,1.26,57200,,,,,,,,,
0.2728,1.8894951343536377,1.7421672452432216e-05,1.26,57250,,,,,,,,,
0.2071,6.011374473571777,1.7410686821637298e-05,1.26,57300,,,,,,,,,
0.2234,8.357892036437988,1.739970119084238e-05,1.26,57350,,,,,,,,,
0.21,2.487075090408325,1.7388715560047457e-05,1.26,57400,,,,,,,,,
0.2017,4.887937545776367,1.737772992925254e-05,1.26,57450,,,,,,,,,
0.2111,10.035690307617188,1.7366744298457617e-05,1.26,57500,,,,,,,,,
0.2362,10.541420936584473,1.7355758667662698e-05,1.26,57550,,,,,,,,,
0.2358,10.058012962341309,1.7344773036867776e-05,1.27,57600,,,,,,,,,
0.3053,7.555710792541504,1.7333787406072858e-05,1.27,57650,,,,,,,,,
0.2202,9.644404411315918,1.732280177527794e-05,1.27,57700,,,,,,,,,
0.2585,3.8290061950683594,1.7311816144483017e-05,1.27,57750,,,,,,,,,
0.2749,11.274815559387207,1.7300830513688095e-05,1.27,57800,,,,,,,,,
0.2022,5.8820672035217285,1.7289844882893177e-05,1.27,57850,,,,,,,,,
0.2459,20.53373146057129,1.7278859252098255e-05,1.27,57900,,,,,,,,,
0.2377,2.1308248043060303,1.7267873621303336e-05,1.27,57950,,,,,,,,,
0.2172,10.22006607055664,1.7256887990508418e-05,1.27,58000,,,,,,,,,
0.2235,13.61192512512207,1.7245902359713496e-05,1.28,58050,,,,,,,,,
0.2492,10.014578819274902,1.7234916728918574e-05,1.28,58100,,,,,,,,,
0.2606,4.535547256469727,1.7223931098123655e-05,1.28,58150,,,,,,,,,
0.2337,9.757011413574219,1.7212945467328733e-05,1.28,58200,,,,,,,,,
0.2342,11.20054817199707,1.7201959836533815e-05,1.28,58250,,,,,,,,,
0.2089,13.525666236877441,1.7190974205738896e-05,1.28,58300,,,,,,,,,
0.2264,3.9842212200164795,1.717998857494397e-05,1.28,58350,,,,,,,,,
0.2348,5.186822414398193,1.7169002944149052e-05,1.28,58400,,,,,,,,,
0.2523,20.3176326751709,1.7158017313354134e-05,1.28,58450,,,,,,,,,
0.2312,2.9227821826934814,1.7147031682559212e-05,1.29,58500,,,,,,,,,
0.2541,18.592491149902344,1.7136046051764293e-05,1.29,58550,,,,,,,,,
0.2276,8.570830345153809,1.7125060420969375e-05,1.29,58600,,,,,,,,,
0.2697,2.0143115520477295,1.711407479017445e-05,1.29,58650,,,,,,,,,
0.2403,9.083783149719238,1.710308915937953e-05,1.29,58700,,,,,,,,,
0.2498,3.241455554962158,1.7092103528584612e-05,1.29,58750,,,,,,,,,
0.2387,11.766990661621094,1.708111789778969e-05,1.29,58800,,,,,,,,,
0.2108,13.588171005249023,1.7070132266994772e-05,1.29,58850,,,,,,,,,
0.2033,1.627537727355957,1.705914663619985e-05,1.29,58900,,,,,,,,,
0.2591,11.724260330200195,1.704816100540493e-05,1.3,58950,,,,,,,,,
0.2378,10.085874557495117,1.703717537461001e-05,1.3,59000,,,,,,,,,
0.243,13.605673789978027,1.702618974381509e-05,1.3,59050,,,,,,,,,
0.226,14.651435852050781,1.7015204113020172e-05,1.3,59100,,,,,,,,,
0.2223,6.182496070861816,1.700421848222525e-05,1.3,59150,,,,,,,,,
0.2301,7.154411315917969,1.699323285143033e-05,1.3,59200,,,,,,,,,
0.2782,4.593098163604736,1.698224722063541e-05,1.3,59250,,,,,,,,,
0.2356,27.546764373779297,1.6971261589840488e-05,1.3,59300,,,,,,,,,
0.221,6.852144718170166,1.696027595904557e-05,1.3,59350,,,,,,,,,
0.2625,7.050564765930176,1.694929032825065e-05,1.31,59400,,,,,,,,,
0.1845,7.89806604385376,1.693830469745573e-05,1.31,59450,,,,,,,,,
0.2513,14.533424377441406,1.6927319066660807e-05,1.31,59500,,,,,,,,,
0.2409,4.671785354614258,1.691633343586589e-05,1.31,59550,,,,,,,,,
0.2344,10.05522632598877,1.6905347805070966e-05,1.31,59600,,,,,,,,,
0.213,14.65755844116211,1.6894362174276048e-05,1.31,59650,,,,,,,,,
0.2556,8.915190696716309,1.688337654348113e-05,1.31,59700,,,,,,,,,
0.2392,9.956293106079102,1.6872390912686204e-05,1.31,59750,,,,,,,,,
0.2347,5.476528167724609,1.6861405281891285e-05,1.31,59800,,,,,,,,,
0.2378,0.2952237129211426,1.6850419651096367e-05,1.31,59850,,,,,,,,,
0.2491,8.16590404510498,1.6839434020301445e-05,1.32,59900,,,,,,,,,
0.2138,13.546963691711426,1.6828448389506526e-05,1.32,59950,,,,,,,,,
0.2334,13.923124313354492,1.6817462758711608e-05,1.32,60000,,,,,,,,,
,,,1.32,60000,0.4121251404285431,460.4043,396.436,24.778,,,,,
0.2243,13.53152847290039,1.6806477127916682e-05,1.32,60050,,,,,,,,,
0.2688,15.737723350524902,1.6795491497121764e-05,1.32,60100,,,,,,,,,
0.2279,8.742500305175781,1.6784505866326845e-05,1.32,60150,,,,,,,,,
0.2345,0.6759499311447144,1.6773520235531923e-05,1.32,60200,,,,,,,,,
0.1927,19.622276306152344,1.6762534604737005e-05,1.32,60250,,,,,,,,,
0.1838,0.987579345703125,1.6751548973942086e-05,1.32,60300,,,,,,,,,
0.2646,19.321229934692383,1.6740563343147164e-05,1.33,60350,,,,,,,,,
0.2417,5.686045169830322,1.6729577712352242e-05,1.33,60400,,,,,,,,,
0.2127,2.8890597820281982,1.6718592081557324e-05,1.33,60450,,,,,,,,,
0.2631,19.755250930786133,1.6707606450762405e-05,1.33,60500,,,,,,,,,
0.2491,12.280393600463867,1.6696620819967483e-05,1.33,60550,,,,,,,,,
0.2393,16.182769775390625,1.668563518917256e-05,1.33,60600,,,,,,,,,
0.1967,4.736879348754883,1.6674649558377643e-05,1.33,60650,,,,,,,,,
0.2706,10.650132179260254,1.666366392758272e-05,1.33,60700,,,,,,,,,
0.2264,33.960689544677734,1.6652678296787802e-05,1.33,60750,,,,,,,,,
0.2467,2.250936985015869,1.6641692665992884e-05,1.34,60800,,,,,,,,,
0.2632,17.909236907958984,1.6630707035197962e-05,1.34,60850,,,,,,,,,
0.2079,8.5888032913208,1.661972140440304e-05,1.34,60900,,,,,,,,,
0.2705,5.381264686584473,1.660873577360812e-05,1.34,60950,,,,,,,,,
0.2386,6.687300205230713,1.65977501428132e-05,1.34,61000,,,,,,,,,
0.2148,3.583561658859253,1.658676451201828e-05,1.34,61050,,,,,,,,,
0.2004,19.283540725708008,1.6575778881223362e-05,1.34,61100,,,,,,,,,
0.2539,13.13102912902832,1.656479325042844e-05,1.34,61150,,,,,,,,,
0.2224,8.100912094116211,1.655380761963352e-05,1.34,61200,,,,,,,,,
0.2387,15.364495277404785,1.65428219888386e-05,1.35,61250,,,,,,,,,
0.2198,1.2879436016082764,1.6531836358043678e-05,1.35,61300,,,,,,,,,
0.2081,5.173045635223389,1.652085072724876e-05,1.35,61350,,,,,,,,,
0.2182,9.469588279724121,1.650986509645384e-05,1.35,61400,,,,,,,,,
0.2411,0.9041968584060669,1.6498879465658915e-05,1.35,61450,,,,,,,,,
0.2093,15.631808280944824,1.6487893834863997e-05,1.35,61500,,,,,,,,,
0.1832,21.101146697998047,1.647690820406908e-05,1.35,61550,,,,,,,,,
0.2751,2.529221296310425,1.6465922573274156e-05,1.35,61600,,,,,,,,,
0.2598,11.033336639404297,1.6454936942479238e-05,1.35,61650,,,,,,,,,
0.2835,22.138391494750977,1.644395131168432e-05,1.36,61700,,,,,,,,,
0.1921,17.997896194458008,1.6432965680889397e-05,1.36,61750,,,,,,,,,
0.1857,7.522945404052734,1.6421980050094475e-05,1.36,61800,,,,,,,,,
0.2301,20.664138793945312,1.6410994419299557e-05,1.36,61850,,,,,,,,,
0.2332,5.080408573150635,1.640000878850464e-05,1.36,61900,,,,,,,,,
0.2211,9.362998008728027,1.6389023157709716e-05,1.36,61950,,,,,,,,,
0.2799,2.9811198711395264,1.6378037526914798e-05,1.36,62000,,,,,,,,,
0.2752,10.72152042388916,1.6367051896119876e-05,1.36,62050,,,,,,,,,
0.187,4.7521748542785645,1.6356066265324954e-05,1.36,62100,,,,,,,,,
0.2501,7.909664154052734,1.6345080634530035e-05,1.37,62150,,,,,,,,,
0.2075,2.346774101257324,1.6334095003735117e-05,1.37,62200,,,,,,,,,
0.2597,9.120424270629883,1.6323109372940195e-05,1.37,62250,,,,,,,,,
0.258,9.464974403381348,1.6312123742145273e-05,1.37,62300,,,,,,,,,
0.2339,7.062814235687256,1.6301138111350354e-05,1.37,62350,,,,,,,,,
0.2039,9.001200675964355,1.6290152480555432e-05,1.37,62400,,,,,,,,,
0.2257,2.5537712574005127,1.6279166849760514e-05,1.37,62450,,,,,,,,,
0.2181,5.450038909912109,1.6268181218965595e-05,1.37,62500,,,,,,,,,
0.2637,15.661531448364258,1.6257195588170673e-05,1.37,62550,,,,,,,,,
0.2545,19.12703514099121,1.624620995737575e-05,1.38,62600,,,,,,,,,
0.275,12.602376937866211,1.6235224326580833e-05,1.38,62650,,,,,,,,,
0.2942,10.46670150756836,1.622423869578591e-05,1.38,62700,,,,,,,,,
0.1948,18.71162986755371,1.6213253064990992e-05,1.38,62750,,,,,,,,,
0.2547,8.465478897094727,1.6202267434196074e-05,1.38,62800,,,,,,,,,
0.2078,5.831510543823242,1.619128180340115e-05,1.38,62850,,,,,,,,,
0.2445,4.906915187835693,1.618029617260623e-05,1.38,62900,,,,,,,,,
0.1981,6.9124345779418945,1.616931054181131e-05,1.38,62950,,,,,,,,,
0.2245,18.08388328552246,1.615832491101639e-05,1.38,63000,,,,,,,,,
0.2424,4.346920013427734,1.614733928022147e-05,1.39,63050,,,,,,,,,
0.2512,4.50689172744751,1.6136353649426552e-05,1.39,63100,,,,,,,,,
0.2147,2.321164131164551,1.612536801863163e-05,1.39,63150,,,,,,,,,
0.1835,3.633807897567749,1.611438238783671e-05,1.39,63200,,,,,,,,,
0.23,33.602691650390625,1.610339675704179e-05,1.39,63250,,,,,,,,,
0.2191,1.2424499988555908,1.609241112624687e-05,1.39,63300,,,,,,,,,
0.2142,10.558609962463379,1.608142549545195e-05,1.39,63350,,,,,,,,,
0.1958,6.219376564025879,1.607043986465703e-05,1.39,63400,,,,,,,,,
0.289,12.79567813873291,1.605945423386211e-05,1.39,63450,,,,,,,,,
0.2116,0.9517297744750977,1.6048468603067187e-05,1.4,63500,,,,,,,,,
0.2501,6.093355178833008,1.603748297227227e-05,1.4,63550,,,,,,,,,
0.2552,19.43617820739746,1.602649734147735e-05,1.4,63600,,,,,,,,,
0.2879,12.312935829162598,1.6015511710682428e-05,1.4,63650,,,,,,,,,
0.2571,6.445307731628418,1.6004526079887506e-05,1.4,63700,,,,,,,,,
0.2365,5.501163482666016,1.5993540449092587e-05,1.4,63750,,,,,,,,,
0.2359,3.4974091053009033,1.5982554818297665e-05,1.4,63800,,,,,,,,,
0.2399,2.9014060497283936,1.5971569187502747e-05,1.4,63850,,,,,,,,,
0.2112,17.383838653564453,1.596058355670783e-05,1.4,63900,,,,,,,,,
0.2518,37.99392318725586,1.5949597925912906e-05,1.41,63950,,,,,,,,,
0.2601,26.568588256835938,1.5938612295117984e-05,1.41,64000,,,,,,,,,
0.2515,2.873955249786377,1.5927626664323066e-05,1.41,64050,,,,,,,,,
0.2392,0.8074179291725159,1.5916641033528144e-05,1.41,64100,,,,,,,,,
0.2491,14.669709205627441,1.5905655402733225e-05,1.41,64150,,,,,,,,,
0.2103,7.865839004516602,1.5894669771938307e-05,1.41,64200,,,,,,,,,
0.2642,10.473786354064941,1.5883684141143385e-05,1.41,64250,,,,,,,,,
0.2531,8.537365913391113,1.5872698510348463e-05,1.41,64300,,,,,,,,,
0.2381,9.744876861572266,1.5861712879553544e-05,1.41,64350,,,,,,,,,
0.2617,6.856656074523926,1.5850727248758622e-05,1.41,64400,,,,,,,,,
0.1897,16.417999267578125,1.5839741617963704e-05,1.42,64450,,,,,,,,,
0.2467,16.693267822265625,1.5828755987168785e-05,1.42,64500,,,,,,,,,
0.25,14.664390563964844,1.5817770356373863e-05,1.42,64550,,,,,,,,,
0.2125,8.551656723022461,1.580678472557894e-05,1.42,64600,,,,,,,,,
0.2278,1.6529924869537354,1.5795799094784023e-05,1.42,64650,,,,,,,,,
0.2297,16.75957489013672,1.5784813463989104e-05,1.42,64700,,,,,,,,,
0.2786,19.6747989654541,1.5773827833194182e-05,1.42,64750,,,,,,,,,
0.1934,8.478137016296387,1.5762842202399264e-05,1.42,64800,,,,,,,,,
0.22,7.483387470245361,1.5751856571604342e-05,1.42,64850,,,,,,,,,
0.237,5.654929161071777,1.574087094080942e-05,1.43,64900,,,,,,,,,
0.2096,5.798712253570557,1.57298853100145e-05,1.43,64950,,,,,,,,,
0.2605,2.035419225692749,1.5718899679219583e-05,1.43,65000,,,,,,,,,
,,,1.43,65000,0.3876363933086395,459.9792,396.803,24.801,,,,,
0.2671,5.210682392120361,1.570791404842466e-05,1.43,65050,,,,,,,,,
0.2178,19.061466217041016,1.5696928417629742e-05,1.43,65100,,,,,,,,,
0.2249,7.638449192047119,1.568594278683482e-05,1.43,65150,,,,,,,,,
0.2393,14.121285438537598,1.56749571560399e-05,1.43,65200,,,,,,,,,
0.2434,28.624134063720703,1.566397152524498e-05,1.43,65250,,,,,,,,,
0.2083,9.597371101379395,1.565298589445006e-05,1.43,65300,,,,,,,,,
0.1757,1.1282389163970947,1.564200026365514e-05,1.44,65350,,,,,,,,,
0.2071,7.966545581817627,1.5631014632860218e-05,1.44,65400,,,,,,,,,
0.1796,2.3143813610076904,1.56200290020653e-05,1.44,65450,,,,,,,,,
0.192,16.63495635986328,1.5609043371270377e-05,1.44,65500,,,,,,,,,
0.2737,3.6476335525512695,1.559805774047546e-05,1.44,65550,,,,,,,,,
0.2756,3.5535385608673096,1.558707210968054e-05,1.44,65600,,,,,,,,,
0.2115,8.284025192260742,1.5576086478885618e-05,1.44,65650,,,,,,,,,
0.2534,13.775053977966309,1.5565100848090696e-05,1.44,65700,,,,,,,,,
0.199,4.657742977142334,1.5554115217295777e-05,1.44,65750,,,,,,,,,
0.1605,5.2351837158203125,1.5543129586500856e-05,1.45,65800,,,,,,,,,
0.2311,5.035028457641602,1.5532143955705937e-05,1.45,65850,,,,,,,,,
0.2145,10.9669189453125,1.552115832491102e-05,1.45,65900,,,,,,,,,
0.2532,14.024795532226562,1.55101726941161e-05,1.45,65950,,,,,,,,,
0.2416,8.478612899780273,1.5499187063321175e-05,1.45,66000,,,,,,,,,
0.2404,8.215195655822754,1.5488201432526256e-05,1.45,66050,,,,,,,,,
0.2654,11.032718658447266,1.5477215801731337e-05,1.45,66100,,,,,,,,,
0.2328,10.974891662597656,1.5466230170936415e-05,1.45,66150,,,,,,,,,
0.2331,6.190547466278076,1.5455244540141497e-05,1.45,66200,,,,,,,,,
0.2411,19.021709442138672,1.5444258909346575e-05,1.46,66250,,,,,,,,,
0.2197,14.387543678283691,1.5433273278551653e-05,1.46,66300,,,,,,,,,
0.2456,27.482410430908203,1.5422287647756734e-05,1.46,66350,,,,,,,,,
0.1989,17.61037254333496,1.5411302016961816e-05,1.46,66400,,,,,,,,,
0.2317,2.939561367034912,1.5400316386166894e-05,1.46,66450,,,,,,,,,
0.2222,11.544110298156738,1.5389330755371975e-05,1.46,66500,,,,,,,,,
0.2605,1.0458687543869019,1.5378345124577053e-05,1.46,66550,,,,,,,,,
0.2177,16.721370697021484,1.536735949378213e-05,1.46,66600,,,,,,,,,
0.2542,25.602128982543945,1.5356373862987213e-05,1.46,66650,,,,,,,,,
0.2433,9.161698341369629,1.5345388232192294e-05,1.47,66700,,,,,,,,,
0.2296,6.32803201675415,1.5334402601397372e-05,1.47,66750,,,,,,,,,
0.2556,2.9255800247192383,1.532341697060245e-05,1.47,66800,,,,,,,,,
0.2369,8.849630355834961,1.5312431339807532e-05,1.47,66850,,,,,,,,,
0.2223,11.251803398132324,1.530144570901261e-05,1.47,66900,,,,,,,,,
0.2099,9.768152236938477,1.529046007821769e-05,1.47,66950,,,,,,,,,
0.221,30.775789260864258,1.5279474447422773e-05,1.47,67000,,,,,,,,,
0.211,12.057942390441895,1.526848881662785e-05,1.47,67050,,,,,,,,,
0.2038,0.665513277053833,1.5257503185832929e-05,1.47,67100,,,,,,,,,
0.2168,3.542552947998047,1.524651755503801e-05,1.48,67150,,,,,,,,,
0.2514,12.430477142333984,1.523553192424309e-05,1.48,67200,,,,,,,,,
0.2362,8.728625297546387,1.522454629344817e-05,1.48,67250,,,,,,,,,
0.162,34.56193923950195,1.5213560662653251e-05,1.48,67300,,,,,,,,,
0.1905,16.524885177612305,1.5202575031858331e-05,1.48,67350,,,,,,,,,
0.2605,22.428220748901367,1.5191589401063408e-05,1.48,67400,,,,,,,,,
0.2394,5.5556159019470215,1.5180603770268489e-05,1.48,67450,,,,,,,,,
0.2424,23.17165184020996,1.5169618139473569e-05,1.48,67500,,,,,,,,,
0.2492,3.511854887008667,1.5158632508678649e-05,1.48,67550,,,,,,,,,
0.2438,9.350622177124023,1.514764687788373e-05,1.49,67600,,,,,,,,,
0.2613,5.055464744567871,1.5136661247088806e-05,1.49,67650,,,,,,,,,
0.2022,1.3331632614135742,1.5125675616293888e-05,1.49,67700,,,,,,,,,
0.2771,0.7870965600013733,1.5114689985498968e-05,1.49,67750,,,,,,,,,
0.2503,4.972952842712402,1.5103704354704047e-05,1.49,67800,,,,,,,,,
0.1894,10.515896797180176,1.5092718723909129e-05,1.49,67850,,,,,,,,,
0.2038,5.883711338043213,1.5081733093114208e-05,1.49,67900,,,,,,,,,
0.1986,24.514556884765625,1.5070747462319285e-05,1.49,67950,,,,,,,,,
0.2961,17.531166076660156,1.5059761831524366e-05,1.49,68000,,,,,,,,,
0.234,11.720681190490723,1.5048776200729446e-05,1.5,68050,,,,,,,,,
0.2217,10.210779190063477,1.5037790569934526e-05,1.5,68100,,,,,,,,,
0.1943,0.991247832775116,1.5026804939139607e-05,1.5,68150,,,,,,,,,
0.1772,12.31347942352295,1.5015819308344687e-05,1.5,68200,,,,,,,,,
0.2305,14.169373512268066,1.5004833677549763e-05,1.5,68250,,,,,,,,,
0.2466,7.631443977355957,1.4993848046754845e-05,1.5,68300,,,,,,,,,
0.2214,2.6488983631134033,1.4982862415959925e-05,1.5,68350,,,,,,,,,
0.1861,14.28673267364502,1.4971876785165006e-05,1.5,68400,,,,,,,,,
0.246,3.5577900409698486,1.4960891154370084e-05,1.5,68450,,,,,,,,,
0.2156,8.14514446258545,1.4949905523575164e-05,1.51,68500,,,,,,,,,
0.1969,26.671585083007812,1.4938919892780245e-05,1.51,68550,,,,,,,,,
0.2185,10.990106582641602,1.4927934261985323e-05,1.51,68600,,,,,,,,,
0.2308,3.1878793239593506,1.4916948631190403e-05,1.51,68650,,,,,,,,,
0.2397,4.8601837158203125,1.4905963000395484e-05,1.51,68700,,,,,,,,,
0.2558,6.008196830749512,1.4894977369600563e-05,1.51,68750,,,,,,,,,
0.2029,15.47103500366211,1.4883991738805642e-05,1.51,68800,,,,,,,,,
0.2679,5.5824198722839355,1.4873006108010722e-05,1.51,68850,,,,,,,,,
0.2112,7.740106105804443,1.4862020477215802e-05,1.51,68900,,,,,,,,,
0.2839,2.866184711456299,1.4851034846420882e-05,1.51,68950,,,,,,,,,
0.3016,23.205402374267578,1.4840049215625961e-05,1.52,69000,,,,,,,,,
0.2338,13.063657760620117,1.4829063584831041e-05,1.52,69050,,,,,,,,,
0.2029,7.135505676269531,1.4818077954036122e-05,1.52,69100,,,,,,,,,
0.2254,16.652103424072266,1.48070923232412e-05,1.52,69150,,,,,,,,,
0.2798,9.499641418457031,1.479610669244628e-05,1.52,69200,,,,,,,,,
0.1747,1.989458441734314,1.4785121061651362e-05,1.52,69250,,,,,,,,,
0.2621,22.0286808013916,1.477413543085644e-05,1.52,69300,,,,,,,,,
0.206,12.140207290649414,1.476314980006152e-05,1.52,69350,,,,,,,,,
0.1736,3.5898683071136475,1.4752164169266601e-05,1.52,69400,,,,,,,,,
0.2267,5.876473903656006,1.4741178538471679e-05,1.53,69450,,,,,,,,,
0.2202,3.5013344287872314,1.4730192907676759e-05,1.53,69500,,,,,,,,,
0.2414,18.630483627319336,1.471920727688184e-05,1.53,69550,,,,,,,,,
0.2513,9.338939666748047,1.4708221646086918e-05,1.53,69600,,,,,,,,,
0.2141,4.024055004119873,1.4697236015291998e-05,1.53,69650,,,,,,,,,
0.2155,13.045208930969238,1.4686250384497078e-05,1.53,69700,,,,,,,,,
0.2237,4.7152791023254395,1.4675264753702158e-05,1.53,69750,,,,,,,,,
0.2273,11.656709671020508,1.4664279122907239e-05,1.53,69800,,,,,,,,,
0.2925,12.729205131530762,1.4653293492112317e-05,1.53,69850,,,,,,,,,
0.2613,8.198436737060547,1.4642307861317397e-05,1.54,69900,,,,,,,,,
0.2432,7.985291004180908,1.4631322230522478e-05,1.54,69950,,,,,,,,,
0.1887,3.2459144592285156,1.4620336599727556e-05,1.54,70000,,,,,,,,,
,,,1.54,70000,0.39625218510627747,459.7985,396.959,24.811,,,,,
0.1988,17.90726661682129,1.4609350968932636e-05,1.54,70050,,,,,,,,,
0.221,4.502094745635986,1.4598365338137718e-05,1.54,70100,,,,,,,,,
0.2411,8.31855297088623,1.4587379707342796e-05,1.54,70150,,,,,,,,,
0.2054,0.3907245397567749,1.4576394076547875e-05,1.54,70200,,,,,,,,,
0.2468,16.538211822509766,1.4565408445752957e-05,1.54,70250,,,,,,,,,
0.2767,7.440091609954834,1.4554422814958035e-05,1.54,70300,,,,,,,,,
0.1644,4.228339195251465,1.4543437184163115e-05,1.55,70350,,,,,,,,,
0.2646,6.258009433746338,1.4532451553368194e-05,1.55,70400,,,,,,,,,
0.2388,14.23653507232666,1.4521465922573274e-05,1.55,70450,,,,,,,,,
0.2066,38.138065338134766,1.4510480291778354e-05,1.55,70500,,,,,,,,,
0.2116,4.912964344024658,1.4499494660983434e-05,1.55,70550,,,,,,,,,
0.2316,22.43208122253418,1.4488509030188513e-05,1.55,70600,,,,,,,,,
0.2544,7.840213775634766,1.4477523399393595e-05,1.55,70650,,,,,,,,,
0.2231,11.091896057128906,1.4466537768598673e-05,1.55,70700,,,,,,,,,
0.1852,9.408931732177734,1.4455552137803753e-05,1.55,70750,,,,,,,,,
0.2299,3.725700855255127,1.4444566507008834e-05,1.56,70800,,,,,,,,,
0.2445,7.743075847625732,1.4433580876213912e-05,1.56,70850,,,,,,,,,
0.2582,7.190242290496826,1.4422595245418992e-05,1.56,70900,,,,,,,,,
0.2003,7.240274906158447,1.4411609614624073e-05,1.56,70950,,,,,,,,,
0.2006,7.268977165222168,1.4400623983829151e-05,1.56,71000,,,,,,,,,
0.2458,6.5742902755737305,1.4389638353034231e-05,1.56,71050,,,,,,,,,
0.2314,6.4915666580200195,1.4378652722239313e-05,1.56,71100,,,,,,,,,
0.2211,24.3752384185791,1.436766709144439e-05,1.56,71150,,,,,,,,,
0.2311,23.530603408813477,1.435668146064947e-05,1.56,71200,,,,,,,,,
0.1923,7.5598554611206055,1.434569582985455e-05,1.57,71250,,,,,,,,,
0.1896,10.214503288269043,1.433471019905963e-05,1.57,71300,,,,,,,,,
0.2005,22.121675491333008,1.4323724568264711e-05,1.57,71350,,,,,,,,,
0.2094,17.377979278564453,1.431273893746979e-05,1.57,71400,,,,,,,,,
0.2387,6.002700328826904,1.4301753306674869e-05,1.57,71450,,,,,,,,,
0.2787,10.571025848388672,1.429076767587995e-05,1.57,71500,,,,,,,,,
0.2137,9.031362533569336,1.4279782045085029e-05,1.57,71550,,,,,,,,,
0.2295,9.496861457824707,1.4268796414290108e-05,1.57,71600,,,,,,,,,
0.2338,4.431657314300537,1.425781078349519e-05,1.57,71650,,,,,,,,,
0.2061,5.178849697113037,1.4246825152700268e-05,1.58,71700,,,,,,,,,
0.2287,6.031734943389893,1.4235839521905348e-05,1.58,71750,,,,,,,,,
0.1816,13.858207702636719,1.4224853891110429e-05,1.58,71800,,,,,,,,,
0.2347,14.224637031555176,1.4213868260315507e-05,1.58,71850,,,,,,,,,
0.2267,16.559301376342773,1.4202882629520587e-05,1.58,71900,,,,,,,,,
0.2374,10.045531272888184,1.4191896998725667e-05,1.58,71950,,,,,,,,,
0.2694,5.765747547149658,1.4180911367930746e-05,1.58,72000,,,,,,,,,
0.2523,4.631476879119873,1.4169925737135828e-05,1.58,72050,,,,,,,,,
0.2048,13.032941818237305,1.4158940106340906e-05,1.58,72100,,,,,,,,,
0.2178,5.674908638000488,1.4147954475545986e-05,1.59,72150,,,,,,,,,
0.2455,2.3601906299591064,1.4136968844751067e-05,1.59,72200,,,,,,,,,
0.2367,13.128600120544434,1.4125983213956145e-05,1.59,72250,,,,,,,,,
0.2254,24.454004287719727,1.4114997583161225e-05,1.59,72300,,,,,,,,,
0.1698,2.82747745513916,1.4104011952366306e-05,1.59,72350,,,,,,,,,
0.2554,1.5780186653137207,1.4093026321571384e-05,1.59,72400,,,,,,,,,
0.2055,12.441455841064453,1.4082040690776464e-05,1.59,72450,,,,,,,,,
0.233,24.839767456054688,1.4071055059981546e-05,1.59,72500,,,,,,,,,
0.2199,41.330299377441406,1.4060069429186624e-05,1.59,72550,,,,,,,,,
0.1832,3.6627185344696045,1.4049083798391703e-05,1.6,72600,,,,,,,,,
0.2133,1.0869401693344116,1.4038098167596785e-05,1.6,72650,,,,,,,,,
0.2117,2.427945613861084,1.4027112536801863e-05,1.6,72700,,,,,,,,,
0.1882,1.9485936164855957,1.4016126906006944e-05,1.6,72750,,,,,,,,,
0.2647,11.758673667907715,1.4005141275212022e-05,1.6,72800,,,,,,,,,
0.2517,9.109869003295898,1.3994155644417102e-05,1.6,72850,,,,,,,,,
0.2593,7.173070430755615,1.3983170013622184e-05,1.6,72900,,,,,,,,,
0.2247,8.086545944213867,1.3972184382827262e-05,1.6,72950,,,,,,,,,
0.1999,1.6682274341583252,1.3961198752032341e-05,1.6,73000,,,,,,,,,
0.2051,0.8496138453483582,1.3950213121237423e-05,1.61,73050,,,,,,,,,
0.2119,12.33785629272461,1.3939227490442501e-05,1.61,73100,,,,,,,,,
0.2171,14.142555236816406,1.392824185964758e-05,1.61,73150,,,,,,,,,
0.186,5.093189716339111,1.3917256228852662e-05,1.61,73200,,,,,,,,,
0.2197,0.31085100769996643,1.390627059805774e-05,1.61,73250,,,,,,,,,
0.2377,8.453536033630371,1.389528496726282e-05,1.61,73300,,,,,,,,,
0.2126,8.860824584960938,1.3884299336467901e-05,1.61,73350,,,,,,,,,
0.216,15.335968017578125,1.387331370567298e-05,1.61,73400,,,,,,,,,
0.2151,1.0599164962768555,1.386232807487806e-05,1.61,73450,,,,,,,,,
0.2124,1.1057922840118408,1.385134244408314e-05,1.61,73500,,,,,,,,,
0.2668,4.690878391265869,1.3840356813288219e-05,1.62,73550,,,,,,,,,
0.2112,19.038782119750977,1.38293711824933e-05,1.62,73600,,,,,,,,,
0.2184,2.2343997955322266,1.3818385551698378e-05,1.62,73650,,,,,,,,,
0.1717,10.225262641906738,1.3807399920903458e-05,1.62,73700,,,,,,,,,
0.2639,5.262940883636475,1.379641429010854e-05,1.62,73750,,,,,,,,,
0.3014,4.079187870025635,1.3785428659313617e-05,1.62,73800,,,,,,,,,
0.2255,3.7690811157226562,1.3774443028518697e-05,1.62,73850,,,,,,,,,
0.2531,15.879042625427246,1.3763457397723779e-05,1.62,73900,,,,,,,,,
0.2059,18.83379554748535,1.3752471766928857e-05,1.62,73950,,,,,,,,,
0.2495,5.7920403480529785,1.3741486136133936e-05,1.63,74000,,,,,,,,,
0.2534,3.6559343338012695,1.3730500505339018e-05,1.63,74050,,,,,,,,,
0.2182,6.559242248535156,1.3719514874544096e-05,1.63,74100,,,,,,,,,
0.2233,10.823078155517578,1.3708529243749177e-05,1.63,74150,,,,,,,,,
0.2256,17.388927459716797,1.3697543612954257e-05,1.63,74200,,,,,,,,,
0.2472,2.833333730697632,1.3686557982159335e-05,1.63,74250,,,,,,,,,
0.2001,1.1042759418487549,1.3675572351364417e-05,1.63,74300,,,,,,,,,
0.1969,7.69415807723999,1.3664586720569495e-05,1.63,74350,,,,,,,,,
0.266,9.062742233276367,1.3653601089774574e-05,1.63,74400,,,,,,,,,
0.2292,1.7147797346115112,1.3642615458979656e-05,1.64,74450,,,,,,,,,
0.2029,6.435012340545654,1.3631629828184734e-05,1.64,74500,,,,,,,,,
0.2344,16.219602584838867,1.3620644197389814e-05,1.64,74550,,,,,,,,,
0.2232,15.921553611755371,1.3609658566594895e-05,1.64,74600,,,,,,,,,
0.2213,15.678478240966797,1.3598672935799973e-05,1.64,74650,,,,,,,,,
0.221,14.512474060058594,1.3587687305005053e-05,1.64,74700,,,,,,,,,
0.2299,10.227277755737305,1.3576701674210134e-05,1.64,74750,,,,,,,,,
0.2302,2.142526388168335,1.3565716043415212e-05,1.64,74800,,,,,,,,,
0.2251,6.29038143157959,1.3554730412620294e-05,1.64,74850,,,,,,,,,
0.2228,22.644872665405273,1.3543744781825374e-05,1.65,74900,,,,,,,,,
0.2055,35.106727600097656,1.3532759151030452e-05,1.65,74950,,,,,,,,,
0.2306,8.816553115844727,1.3521773520235533e-05,1.65,75000,,,,,,,,,
,,,1.65,75000,0.4101831614971161,459.935,396.841,24.804,,,,,
0.2112,8.862639427185059,1.3510787889440613e-05,1.65,75050,,,,,,,,,
0.2263,19.353565216064453,1.3499802258645691e-05,1.65,75100,,,,,,,,,
0.2156,11.10003662109375,1.3488816627850772e-05,1.65,75150,,,,,,,,,
0.1893,29.45747947692871,1.347783099705585e-05,1.65,75200,,,,,,,,,
0.1966,9.867630958557129,1.346684536626093e-05,1.65,75250,,,,,,,,,
0.2887,10.35753345489502,1.3455859735466012e-05,1.65,75300,,,,,,,,,
0.2633,2.377530336380005,1.344487410467109e-05,1.66,75350,,,,,,,,,
0.2022,12.347452163696289,1.343388847387617e-05,1.66,75400,,,,,,,,,
0.2185,4.492349624633789,1.3422902843081251e-05,1.66,75450,,,,,,,,,
0.2215,6.078216552734375,1.3411917212286329e-05,1.66,75500,,,,,,,,,
0.21,15.03923511505127,1.340093158149141e-05,1.66,75550,,,,,,,,,
0.1739,1.4375083446502686,1.338994595069649e-05,1.66,75600,,,,,,,,,
0.2231,6.453230381011963,1.3378960319901568e-05,1.66,75650,,,,,,,,,
0.2402,13.73878002166748,1.336797468910665e-05,1.66,75700,,,,,,,,,
0.2303,9.541515350341797,1.335698905831173e-05,1.66,75750,,,,,,,,,
0.2458,12.576987266540527,1.3346003427516807e-05,1.67,75800,,,,,,,,,
0.2066,19.20831871032715,1.3335017796721889e-05,1.67,75850,,,,,,,,,
0.2727,26.866458892822266,1.3324032165926967e-05,1.67,75900,,,,,,,,,
0.2123,22.63771629333496,1.3313046535132047e-05,1.67,75950,,,,,,,,,
0.2389,10.819366455078125,1.3302060904337128e-05,1.67,76000,,,,,,,,,
0.1829,2.0561676025390625,1.3291075273542206e-05,1.67,76050,,,,,,,,,
0.2406,30.105159759521484,1.3280089642747286e-05,1.67,76100,,,,,,,,,
0.2187,2.949810743331909,1.3269104011952367e-05,1.67,76150,,,,,,,,,
0.2301,7.797296047210693,1.3258118381157445e-05,1.67,76200,,,,,,,,,
0.1995,20.591800689697266,1.3247132750362527e-05,1.68,76250,,,,,,,,,
0.2152,19.036176681518555,1.3236147119567607e-05,1.68,76300,,,,,,,,,
0.2372,16.697553634643555,1.3225161488772685e-05,1.68,76350,,,,,,,,,
0.1907,11.496647834777832,1.3214175857977766e-05,1.68,76400,,,,,,,,,
0.2363,21.957378387451172,1.3203190227182846e-05,1.68,76450,,,,,,,,,
0.1832,21.68549346923828,1.3192204596387924e-05,1.68,76500,,,,,,,,,
0.2521,5.117137908935547,1.3181218965593005e-05,1.68,76550,,,,,,,,,
0.249,7.65493631362915,1.3170233334798085e-05,1.68,76600,,,,,,,,,
0.2034,8.630757331848145,1.3159247704003163e-05,1.68,76650,,,,,,,,,
0.2044,2.2395453453063965,1.3148262073208245e-05,1.69,76700,,,,,,,,,
0.2647,13.39184284210205,1.3137276442413323e-05,1.69,76750,,,,,,,,,
0.2743,7.777778148651123,1.3126290811618402e-05,1.69,76800,,,,,,,,,
0.2566,8.321550369262695,1.3115305180823484e-05,1.69,76850,,,,,,,,,
0.2421,7.867283344268799,1.3104319550028562e-05,1.69,76900,,,,,,,,,
0.243,4.446047306060791,1.3093333919233643e-05,1.69,76950,,,,,,,,,
0.209,8.777671813964844,1.3082348288438723e-05,1.69,77000,,,,,,,,,
0.2036,6.97858190536499,1.3071362657643801e-05,1.69,77050,,,,,,,,,
0.2246,7.6235198974609375,1.3060377026848883e-05,1.69,77100,,,,,,,,,
0.2385,18.171276092529297,1.3049391396053962e-05,1.7,77150,,,,,,,,,
0.2838,19.174827575683594,1.303840576525904e-05,1.7,77200,,,,,,,,,
0.2339,2.074619770050049,1.3027420134464122e-05,1.7,77250,,,,,,,,,
0.2451,8.925108909606934,1.3016434503669202e-05,1.7,77300,,,,,,,,,
0.2215,10.779001235961914,1.300544887287428e-05,1.7,77350,,,,,,,,,
0.1999,22.431758880615234,1.2994463242079361e-05,1.7,77400,,,,,,,,,
0.2232,8.841612815856934,1.2983477611284441e-05,1.7,77450,,,,,,,,,
0.2189,9.336718559265137,1.2972491980489519e-05,1.7,77500,,,,,,,,,
0.2514,2.918947219848633,1.29615063496946e-05,1.7,77550,,,,,,,,,
0.2112,7.954597473144531,1.2950520718899678e-05,1.7,77600,,,,,,,,,
0.1645,8.718751907348633,1.293953508810476e-05,1.71,77650,,,,,,,,,
0.2328,8.01302719116211,1.292854945730984e-05,1.71,77700,,,,,,,,,
0.1725,5.54290246963501,1.2917563826514918e-05,1.71,77750,,,,,,,,,
0.2351,18.919509887695312,1.290657819572e-05,1.71,77800,,,,,,,,,
0.2449,9.177913665771484,1.2895592564925079e-05,1.71,77850,,,,,,,,,
0.2186,15.62521743774414,1.2884606934130157e-05,1.71,77900,,,,,,,,,
0.2438,15.951395988464355,1.2873621303335238e-05,1.71,77950,,,,,,,,,
0.2147,20.65555191040039,1.2862635672540318e-05,1.71,78000,,,,,,,,,
0.2481,12.933170318603516,1.2851650041745396e-05,1.71,78050,,,,,,,,,
0.2329,31.26982307434082,1.2840664410950478e-05,1.72,78100,,,,,,,,,
0.2217,11.118268966674805,1.2829678780155557e-05,1.72,78150,,,,,,,,,
0.2158,2.489806652069092,1.2818693149360636e-05,1.72,78200,,,,,,,,,
0.2111,13.69782829284668,1.2807707518565717e-05,1.72,78250,,,,,,,,,
0.2627,18.878618240356445,1.2796721887770795e-05,1.72,78300,,,,,,,,,
0.1835,8.537955284118652,1.2785736256975876e-05,1.72,78350,,,,,,,,,
0.2102,12.302597999572754,1.2774750626180956e-05,1.72,78400,,,,,,,,,
0.2412,13.580242156982422,1.2763764995386034e-05,1.72,78450,,,,,,,,,
0.2729,18.828378677368164,1.2752779364591116e-05,1.72,78500,,,,,,,,,
0.2181,1.7795789241790771,1.2741793733796195e-05,1.73,78550,,,,,,,,,
0.2542,0.41739562153816223,1.2730808103001274e-05,1.73,78600,,,,,,,,,
0.1894,8.381686210632324,1.2719822472206355e-05,1.73,78650,,,,,,,,,
0.2508,17.17214584350586,1.2708836841411435e-05,1.73,78700,,,,,,,,,
0.2103,6.929632663726807,1.2697851210616513e-05,1.73,78750,,,,,,,,,
0.2321,2.8912811279296875,1.2686865579821594e-05,1.73,78800,,,,,,,,,
0.1815,4.073657512664795,1.2675879949026674e-05,1.73,78850,,,,,,,,,
0.2538,1.0099033117294312,1.2664894318231752e-05,1.73,78900,,,,,,,,,
0.2386,1.9048675298690796,1.2653908687436833e-05,1.73,78950,,,,,,,,,
0.1804,9.162428855895996,1.2642923056641913e-05,1.74,79000,,,,,,,,,
0.2344,28.16459846496582,1.2631937425846993e-05,1.74,79050,,,,,,,,,
0.2423,16.495038986206055,1.2620951795052073e-05,1.74,79100,,,,,,,,,
0.1987,14.212018966674805,1.260996616425715e-05,1.74,79150,,,,,,,,,
0.2087,31.185270309448242,1.2598980533462232e-05,1.74,79200,,,,,,,,,
0.2463,2.423814296722412,1.2587994902667312e-05,1.74,79250,,,,,,,,,
0.2026,3.264042377471924,1.257700927187239e-05,1.74,79300,,,,,,,,,
0.2071,1.5617518424987793,1.2566023641077471e-05,1.74,79350,,,,,,,,,
0.2382,8.482586860656738,1.2555038010282551e-05,1.74,79400,,,,,,,,,
0.229,21.06326675415039,1.254405237948763e-05,1.75,79450,,,,,,,,,
0.2254,2.65433406829834,1.253306674869271e-05,1.75,79500,,,,,,,,,
0.1653,10.41657829284668,1.252208111789779e-05,1.75,79550,,,,,,,,,
0.2294,19.373720169067383,1.2511095487102869e-05,1.75,79600,,,,,,,,,
0.1835,1.8863189220428467,1.250010985630795e-05,1.75,79650,,,,,,,,,
0.1675,12.029951095581055,1.248912422551303e-05,1.75,79700,,,,,,,,,
0.2152,18.44440460205078,1.247813859471811e-05,1.75,79750,,,,,,,,,
0.2403,7.2775774002075195,1.246715296392319e-05,1.75,79800,,,,,,,,,
0.2363,29.2320613861084,1.2456167333128267e-05,1.75,79850,,,,,,,,,
0.1715,0.855004072189331,1.2445181702333349e-05,1.76,79900,,,,,,,,,
0.1896,25.290388107299805,1.2434196071538428e-05,1.76,79950,,,,,,,,,
0.1904,7.552549362182617,1.2423210440743507e-05,1.76,80000,,,,,,,,,
,,,1.76,80000,0.42258089780807495,459.6343,397.1,24.82,,,,,
0.2123,10.038981437683105,1.2412224809948588e-05,1.76,80050,,,,,,,,,
0.208,4.060178756713867,1.2401239179153668e-05,1.76,80100,,,,,,,,,
0.2012,10.892007827758789,1.2390253548358746e-05,1.76,80150,,,,,,,,,
0.2402,1.8032684326171875,1.2379267917563827e-05,1.76,80200,,,,,,,,,
0.2334,5.82881498336792,1.2368282286768907e-05,1.76,80250,,,,,,,,,
0.1989,20.68879508972168,1.2357296655973985e-05,1.76,80300,,,,,,,,,
0.1993,2.7504994869232178,1.2346311025179067e-05,1.77,80350,,,,,,,,,
0.2296,17.574447631835938,1.2335325394384146e-05,1.77,80400,,,,,,,,,
0.1767,4.689953327178955,1.2324339763589226e-05,1.77,80450,,,,,,,,,
0.239,2.011664628982544,1.2313354132794306e-05,1.77,80500,,,,,,,,,
0.2243,8.614347457885742,1.2302368501999386e-05,1.77,80550,,,,,,,,,
0.1834,20.229589462280273,1.2291382871204465e-05,1.77,80600,,,,,,,,,
0.2383,6.266748905181885,1.2280397240409545e-05,1.77,80650,,,,,,,,,
0.2487,8.783368110656738,1.2269411609614623e-05,1.77,80700,,,,,,,,,
0.2401,11.196089744567871,1.2258425978819705e-05,1.77,80750,,,,,,,,,
0.217,7.317575931549072,1.2247440348024784e-05,1.78,80800,,,,,,,,,
0.1941,1.8873010873794556,1.2236454717229862e-05,1.78,80850,,,,,,,,,
0.2507,2.0150482654571533,1.2225469086434944e-05,1.78,80900,,,,,,,,,
0.2354,8.550113677978516,1.2214483455640024e-05,1.78,80950,,,,,,,,,
0.2122,1.6334185600280762,1.2203497824845102e-05,1.78,81000,,,,,,,,,
0.2259,23.67942237854004,1.2192512194050183e-05,1.78,81050,,,,,,,,,
0.2378,18.941434860229492,1.2181526563255263e-05,1.78,81100,,,,,,,,,
0.188,10.9905424118042,1.2170540932460343e-05,1.78,81150,,,,,,,,,
0.1877,12.154793739318848,1.2159555301665422e-05,1.78,81200,,,,,,,,,
0.1967,11.334190368652344,1.2148569670870502e-05,1.79,81250,,,,,,,,,
0.1753,0.7402603626251221,1.2137584040075582e-05,1.79,81300,,,,,,,,,
0.2873,7.645190238952637,1.2126598409280662e-05,1.79,81350,,,,,,,,,
0.2458,16.462270736694336,1.2115612778485741e-05,1.79,81400,,,,,,,,,
0.2241,10.448994636535645,1.2104627147690821e-05,1.79,81450,,,,,,,,,
0.2099,18.597328186035156,1.20936415168959e-05,1.79,81500,,,,,,,,,
0.2334,8.343222618103027,1.2082655886100979e-05,1.79,81550,,,,,,,,,
0.18,11.9307861328125,1.207167025530606e-05,1.79,81600,,,,,,,,,
0.229,7.475734710693359,1.206068462451114e-05,1.79,81650,,,,,,,,,
0.2467,12.0651273727417,1.2049698993716218e-05,1.8,81700,,,,,,,,,
0.224,5.5242438316345215,1.20387133629213e-05,1.8,81750,,,,,,,,,
0.1619,6.090766906738281,1.202772773212638e-05,1.8,81800,,,,,,,,,
0.2141,9.175652503967285,1.2016742101331459e-05,1.8,81850,,,,,,,,,
0.2484,10.39393424987793,1.2005756470536539e-05,1.8,81900,,,,,,,,,
0.1828,7.409334659576416,1.1994770839741619e-05,1.8,81950,,,,,,,,,
0.2076,1.6690678596496582,1.1983785208946698e-05,1.8,82000,,,,,,,,,
0.2037,3.4884676933288574,1.1972799578151778e-05,1.8,82050,,,,,,,,,
0.2275,11.440292358398438,1.1961813947356858e-05,1.8,82100,,,,,,,,,
0.2079,6.37958288192749,1.1950828316561938e-05,1.8,82150,,,,,,,,,
0.2339,14.960558891296387,1.1939842685767017e-05,1.81,82200,,,,,,,,,
0.2315,13.721439361572266,1.1928857054972095e-05,1.81,82250,,,,,,,,,
0.1728,6.70097541809082,1.1917871424177177e-05,1.81,82300,,,,,,,,,
0.2317,8.241326332092285,1.1906885793382257e-05,1.81,82350,,,,,,,,,
0.1895,6.126121997833252,1.1895900162587335e-05,1.81,82400,,,,,,,,,
0.2109,9.065524101257324,1.1884914531792416e-05,1.81,82450,,,,,,,,,
0.224,11.39585018157959,1.1873928900997496e-05,1.81,82500,,,,,,,,,
0.2256,14.02977466583252,1.1862943270202576e-05,1.81,82550,,,,,,,,,
0.2262,22.154029846191406,1.1851957639407655e-05,1.81,82600,,,,,,,,,
0.2064,10.758478164672852,1.1840972008612735e-05,1.82,82650,,,,,,,,,
0.2756,13.734419822692871,1.1829986377817815e-05,1.82,82700,,,,,,,,,
0.2111,1.0617833137512207,1.1819000747022895e-05,1.82,82750,,,,,,,,,
0.1745,9.833735466003418,1.1808015116227974e-05,1.82,82800,,,,,,,,,
0.2469,25.898534774780273,1.1797029485433054e-05,1.82,82850,,,,,,,,,
0.2041,4.56872034072876,1.1786043854638134e-05,1.82,82900,,,,,,,,,
0.2132,1.5560137033462524,1.1775058223843214e-05,1.82,82950,,,,,,,,,
0.2665,3.2422661781311035,1.1764072593048293e-05,1.82,83000,,,,,,,,,
0.219,8.014638900756836,1.1753086962253373e-05,1.82,83050,,,,,,,,,
0.2232,5.166088581085205,1.1742101331458451e-05,1.83,83100,,,,,,,,,
0.198,1.8162012100219727,1.1731115700663533e-05,1.83,83150,,,,,,,,,
0.2404,9.186758041381836,1.1720130069868612e-05,1.83,83200,,,,,,,,,
0.1921,9.17255687713623,1.1709144439073692e-05,1.83,83250,,,,,,,,,
0.2108,13.188217163085938,1.1698158808278772e-05,1.83,83300,,,,,,,,,
0.1893,11.07852554321289,1.1687173177483852e-05,1.83,83350,,,,,,,,,
0.2848,26.52764129638672,1.1676187546688931e-05,1.83,83400,,,,,,,,,
0.1821,2.6493663787841797,1.1665201915894011e-05,1.83,83450,,,,,,,,,
0.2406,1.3119138479232788,1.165421628509909e-05,1.83,83500,,,,,,,,,
0.2432,16.34185028076172,1.164323065430417e-05,1.84,83550,,,,,,,,,
0.2237,26.926124572753906,1.163224502350925e-05,1.84,83600,,,,,,,,,
0.2028,3.711229085922241,1.162125939271433e-05,1.84,83650,,,,,,,,,
0.2007,1.9859509468078613,1.161027376191941e-05,1.84,83700,,,,,,,,,
0.1904,1.0173068046569824,1.159928813112449e-05,1.84,83750,,,,,,,,,
0.2068,21.651426315307617,1.1588302500329568e-05,1.84,83800,,,,,,,,,
0.1957,5.388087272644043,1.1577316869534649e-05,1.84,83850,,,,,,,,,
0.229,8.451440811157227,1.1566331238739729e-05,1.84,83900,,,,,,,,,
0.2327,8.849422454833984,1.1555345607944809e-05,1.84,83950,,,,,,,,,
0.1913,4.659644603729248,1.1544359977149888e-05,1.85,84000,,,,,,,,,
0.1477,26.52233123779297,1.1533374346354968e-05,1.85,84050,,,,,,,,,
0.1813,15.709246635437012,1.1522388715560048e-05,1.85,84100,,,,,,,,,
0.2192,22.90677833557129,1.1511403084765128e-05,1.85,84150,,,,,,,,,
0.1961,2.926792621612549,1.1500417453970207e-05,1.85,84200,,,,,,,,,
0.2073,2.2200496196746826,1.1489431823175287e-05,1.85,84250,,,,,,,,,
0.1929,12.861213684082031,1.1478446192380367e-05,1.85,84300,,,,,,,,,
0.2369,8.271445274353027,1.1467460561585447e-05,1.85,84350,,,,,,,,,
0.1866,2.0835909843444824,1.1456474930790526e-05,1.85,84400,,,,,,,,,
0.2238,7.33357048034668,1.1445489299995606e-05,1.86,84450,,,,,,,,,
0.2458,12.728851318359375,1.1434503669200686e-05,1.86,84500,,,,,,,,,
0.222,7.487174034118652,1.1423518038405766e-05,1.86,84550,,,,,,,,,
0.2141,21.52737045288086,1.1412532407610845e-05,1.86,84600,,,,,,,,,
0.2231,7.187201976776123,1.1401546776815925e-05,1.86,84650,,,,,,,,,
0.2318,22.253210067749023,1.1390561146021005e-05,1.86,84700,,,,,,,,,
0.2342,8.042430877685547,1.1379575515226085e-05,1.86,84750,,,,,,,,,
0.2126,9.064033508300781,1.1368589884431164e-05,1.86,84800,,,,,,,,,
0.2005,12.883440971374512,1.1357604253636244e-05,1.86,84850,,,,,,,,,
0.1794,6.461241245269775,1.1346618622841324e-05,1.87,84900,,,,,,,,,
0.2307,5.66164493560791,1.1335632992046404e-05,1.87,84950,,,,,,,,,
0.1982,7.469165802001953,1.1324647361251483e-05,1.87,85000,,,,,,,,,
,,,1.87,85000,0.4185381531715393,459.5237,397.196,24.826,,,,,
0.1895,2.2196507453918457,1.1313661730456563e-05,1.87,85050,,,,,,,,,
0.3042,12.043474197387695,1.1302676099661643e-05,1.87,85100,,,,,,,,,
0.2139,8.361959457397461,1.1291690468866723e-05,1.87,85150,,,,,,,,,
0.2458,15.301613807678223,1.1280704838071802e-05,1.87,85200,,,,,,,,,
0.2179,17.5629940032959,1.1269719207276882e-05,1.87,85250,,,,,,,,,
0.1895,6.246757984161377,1.1258733576481962e-05,1.87,85300,,,,,,,,,
0.1519,1.3548502922058105,1.1247747945687042e-05,1.88,85350,,,,,,,,,
0.2001,15.72603702545166,1.1236762314892121e-05,1.88,85400,,,,,,,,,
0.2333,10.705245018005371,1.1225776684097201e-05,1.88,85450,,,,,,,,,
0.2728,3.370407819747925,1.1214791053302281e-05,1.88,85500,,,,,,,,,
0.203,11.684497833251953,1.120380542250736e-05,1.88,85550,,,,,,,,,
0.2456,1.9616352319717407,1.119281979171244e-05,1.88,85600,,,,,,,,,
0.1911,8.512418746948242,1.118183416091752e-05,1.88,85650,,,,,,,,,
0.1894,18.271276473999023,1.11708485301226e-05,1.88,85700,,,,,,,,,
0.2214,15.504050254821777,1.115986289932768e-05,1.88,85750,,,,,,,,,
0.2157,24.00836181640625,1.114887726853276e-05,1.89,85800,,,,,,,,,
0.2054,3.7806475162506104,1.1137891637737839e-05,1.89,85850,,,,,,,,,
0.1744,13.750781059265137,1.1126906006942919e-05,1.89,85900,,,,,,,,,
0.2178,17.034337997436523,1.1115920376147999e-05,1.89,85950,,,,,,,,,
0.2184,39.94455337524414,1.1104934745353078e-05,1.89,86000,,,,,,,,,
0.2066,19.086477279663086,1.1093949114558158e-05,1.89,86050,,,,,,,,,
0.1975,1.7962524890899658,1.1082963483763238e-05,1.89,86100,,,,,,,,,
0.2001,3.344614267349243,1.1071977852968318e-05,1.89,86150,,,,,,,,,
0.2618,2.377810001373291,1.1060992222173397e-05,1.89,86200,,,,,,,,,
0.2286,13.140894889831543,1.1050006591378477e-05,1.9,86250,,,,,,,,,
0.1961,12.721781730651855,1.1039020960583557e-05,1.9,86300,,,,,,,,,
0.1896,17.004657745361328,1.1028035329788637e-05,1.9,86350,,,,,,,,,
0.1536,11.599853515625,1.1017049698993716e-05,1.9,86400,,,,,,,,,
0.195,6.750705718994141,1.1006064068198796e-05,1.9,86450,,,,,,,,,
0.2475,0.2873547375202179,1.0995078437403876e-05,1.9,86500,,,,,,,,,
0.2646,1.6636161804199219,1.0984092806608956e-05,1.9,86550,,,,,,,,,
0.1681,1.2215766906738281,1.0973107175814035e-05,1.9,86600,,,,,,,,,
0.2083,5.9263129234313965,1.0962121545019115e-05,1.9,86650,,,,,,,,,
0.2056,12.874161720275879,1.0951135914224195e-05,1.9,86700,,,,,,,,,
0.2525,19.21320915222168,1.0940150283429275e-05,1.91,86750,,,,,,,,,
0.1756,4.254918575286865,1.0929164652634354e-05,1.91,86800,,,,,,,,,
0.1689,18.41404914855957,1.0918179021839434e-05,1.91,86850,,,,,,,,,
0.2023,9.317235946655273,1.0907193391044516e-05,1.91,86900,,,,,,,,,
0.2005,23.462631225585938,1.0896207760249594e-05,1.91,86950,,,,,,,,,
0.2438,9.082849502563477,1.0885222129454673e-05,1.91,87000,,,,,,,,,
0.2216,15.597105026245117,1.0874236498659753e-05,1.91,87050,,,,,,,,,
0.1923,14.979205131530762,1.0863250867864833e-05,1.91,87100,,,,,,,,,
0.1723,5.853794097900391,1.0852265237069913e-05,1.91,87150,,,,,,,,,
0.2032,14.747207641601562,1.0841279606274992e-05,1.92,87200,,,,,,,,,
0.1709,15.111841201782227,1.0830293975480072e-05,1.92,87250,,,,,,,,,
0.2517,4.3474626541137695,1.0819308344685152e-05,1.92,87300,,,,,,,,,
0.2029,10.479586601257324,1.0808322713890232e-05,1.92,87350,,,,,,,,,
0.2388,7.905895709991455,1.0797337083095311e-05,1.92,87400,,,,,,,,,
0.1723,10.264371871948242,1.0786351452300391e-05,1.92,87450,,,,,,,,,
0.1971,11.118719100952148,1.0775365821505471e-05,1.92,87500,,,,,,,,,
0.1882,15.772595405578613,1.076438019071055e-05,1.92,87550,,,,,,,,,
0.2029,8.593910217285156,1.0753394559915632e-05,1.92,87600,,,,,,,,,
0.2068,10.341670989990234,1.074240892912071e-05,1.93,87650,,,,,,,,,
0.2431,21.387224197387695,1.073142329832579e-05,1.93,87700,,,,,,,,,
0.2327,13.406707763671875,1.072043766753087e-05,1.93,87750,,,,,,,,,
0.2316,11.744226455688477,1.070945203673595e-05,1.93,87800,,,,,,,,,
0.1905,15.246278762817383,1.069846640594103e-05,1.93,87850,,,,,,,,,
0.2028,1.118128776550293,1.0687480775146109e-05,1.93,87900,,,,,,,,,
0.2187,11.12112045288086,1.0676495144351189e-05,1.93,87950,,,,,,,,,
0.2475,21.939838409423828,1.0665509513556268e-05,1.93,88000,,,,,,,,,
0.1914,2.516913652420044,1.0654523882761348e-05,1.93,88050,,,,,,,,,
0.2326,13.153827667236328,1.0643538251966428e-05,1.94,88100,,,,,,,,,
0.2143,23.61874008178711,1.0632552621171508e-05,1.94,88150,,,,,,,,,
0.2075,23.494298934936523,1.0621566990376587e-05,1.94,88200,,,,,,,,,
0.2057,4.802093505859375,1.0610581359581667e-05,1.94,88250,,,,,,,,,
0.1831,16.526031494140625,1.0599595728786749e-05,1.94,88300,,,,,,,,,
0.215,18.32372283935547,1.0588610097991827e-05,1.94,88350,,,,,,,,,
0.2366,6.09393835067749,1.0577624467196906e-05,1.94,88400,,,,,,,,,
0.2184,7.2879557609558105,1.0566638836401988e-05,1.94,88450,,,,,,,,,
0.2513,4.325263500213623,1.0555653205607066e-05,1.94,88500,,,,,,,,,
0.1973,10.289287567138672,1.0544667574812146e-05,1.95,88550,,,,,,,,,
0.213,7.091241836547852,1.0533681944017225e-05,1.95,88600,,,,,,,,,
0.2291,10.816381454467773,1.0522696313222305e-05,1.95,88650,,,,,,,,,
0.2385,5.9534759521484375,1.0511710682427385e-05,1.95,88700,,,,,,,,,
0.2105,13.43907642364502,1.0500725051632465e-05,1.95,88750,,,,,,,,,
0.2001,11.392705917358398,1.0489739420837544e-05,1.95,88800,,,,,,,,,
0.1888,1.046964406967163,1.0478753790042624e-05,1.95,88850,,,,,,,,,
0.1704,2.8976848125457764,1.0467768159247704e-05,1.95,88900,,,,,,,,,
0.2378,22.37083625793457,1.0456782528452784e-05,1.95,88950,,,,,,,,,
0.2146,2.027460813522339,1.0445796897657865e-05,1.96,89000,,,,,,,,,
0.2727,12.208346366882324,1.0434811266862943e-05,1.96,89050,,,,,,,,,
0.2051,11.004206657409668,1.0423825636068023e-05,1.96,89100,,,,,,,,,
0.216,27.158945083618164,1.0412840005273104e-05,1.96,89150,,,,,,,,,
0.1428,10.380647659301758,1.0401854374478182e-05,1.96,89200,,,,,,,,,
0.1923,54.08913040161133,1.0390868743683262e-05,1.96,89250,,,,,,,,,
0.2345,27.610427856445312,1.0379883112888344e-05,1.96,89300,,,,,,,,,
0.2106,5.7671685218811035,1.0368897482093422e-05,1.96,89350,,,,,,,,,
0.2238,12.217373847961426,1.0357911851298501e-05,1.96,89400,,,,,,,,,
0.2339,19.47736167907715,1.0346926220503581e-05,1.97,89450,,,,,,,,,
0.2264,6.867559909820557,1.0335940589708661e-05,1.97,89500,,,,,,,,,
0.2211,28.830486297607422,1.032495495891374e-05,1.97,89550,,,,,,,,,
0.2115,6.121307373046875,1.031396932811882e-05,1.97,89600,,,,,,,,,
0.2099,5.232759475708008,1.03029836973239e-05,1.97,89650,,,,,,,,,
0.2429,24.773527145385742,1.0291998066528982e-05,1.97,89700,,,,,,,,,
0.1858,5.843141555786133,1.028101243573406e-05,1.97,89750,,,,,,,,,
0.2333,10.501001358032227,1.027002680493914e-05,1.97,89800,,,,,,,,,
0.1953,6.749778747558594,1.0259041174144221e-05,1.97,89850,,,,,,,,,
0.2541,12.774347305297852,1.0248055543349299e-05,1.98,89900,,,,,,,,,
0.1751,11.60639476776123,1.0237069912554379e-05,1.98,89950,,,,,,,,,
0.173,16.523956298828125,1.022608428175946e-05,1.98,90000,,,,,,,,,
,,,1.98,90000,0.41373252868652344,459.483,397.231,24.828,,,,,
0.1802,6.682962417602539,1.0215098650964538e-05,1.98,90050,,,,,,,,,
0.2092,15.747794151306152,1.0204113020169618e-05,1.98,90100,,,,,,,,,
0.1913,2.9486820697784424,1.0193127389374698e-05,1.98,90150,,,,,,,,,
0.2427,2.9886932373046875,1.0182141758579777e-05,1.98,90200,,,,,,,,,
0.2134,12.817173957824707,1.0171156127784857e-05,1.98,90250,,,,,,,,,
0.2251,1.5498346090316772,1.0160170496989937e-05,1.98,90300,,,,,,,,,
0.2074,11.028315544128418,1.0149184866195017e-05,1.99,90350,,,,,,,,,
0.1632,1.9250097274780273,1.0138199235400098e-05,1.99,90400,,,,,,,,,
0.2345,17.14419174194336,1.0127213604605176e-05,1.99,90450,,,,,,,,,
0.2424,4.05349063873291,1.0116227973810256e-05,1.99,90500,,,,,,,,,
0.1504,1.8560739755630493,1.0105242343015337e-05,1.99,90550,,,,,,,,,
0.1794,3.2725634574890137,1.0094256712220416e-05,1.99,90600,,,,,,,,,
0.195,4.774545669555664,1.0083271081425495e-05,1.99,90650,,,,,,,,,
0.2611,1.4851096868515015,1.0072285450630577e-05,1.99,90700,,,,,,,,,
0.1827,7.239704132080078,1.0061299819835655e-05,1.99,90750,,,,,,,,,
0.1619,6.949227809906006,1.0050314189040735e-05,1.99,90800,,,,,,,,,
0.2723,18.327646255493164,1.0039328558245816e-05,2.0,90850,,,,,,,,,
0.1843,5.570521831512451,1.0028342927450894e-05,2.0,90900,,,,,,,,,
0.1946,9.767374038696289,1.0017357296655974e-05,2.0,90950,,,,,,,,,
0.1987,13.614747047424316,1.0006371665861054e-05,2.0,91000,,,,,,,,,
0.1584,13.937735557556152,9.995386035066133e-06,2.0,91050,,,,,,,,,
0.17,23.835979461669922,9.984400404271215e-06,2.0,91100,,,,,,,,,
0.1665,7.521361351013184,9.973414773476293e-06,2.0,91150,,,,,,,,,
0.136,26.47901725769043,9.962429142681373e-06,2.0,91200,,,,,,,,,
0.0967,0.8592309951782227,9.951443511886454e-06,2.0,91250,,,,,,,,,
0.1244,1.5636388063430786,9.940457881091532e-06,2.01,91300,,,,,,,,,
0.126,0.9105007648468018,9.929472250296612e-06,2.01,91350,,,,,,,,,
0.1161,22.630373001098633,9.918486619501693e-06,2.01,91400,,,,,,,,,
0.1951,9.734000205993652,9.907500988706771e-06,2.01,91450,,,,,,,,,
0.1488,20.172866821289062,9.896515357911851e-06,2.01,91500,,,,,,,,,
0.0883,4.474701404571533,9.885529727116932e-06,2.01,91550,,,,,,,,,
0.1437,2.7996132373809814,9.87454409632201e-06,2.01,91600,,,,,,,,,
0.0973,2.5900275707244873,9.86355846552709e-06,2.01,91650,,,,,,,,,
0.1259,13.819643020629883,9.85257283473217e-06,2.01,91700,,,,,,,,,
0.1678,7.224534511566162,9.84158720393725e-06,2.02,91750,,,,,,,,,
0.1385,8.41750717163086,9.830601573142331e-06,2.02,91800,,,,,,,,,
0.1065,9.991302490234375,9.81961594234741e-06,2.02,91850,,,,,,,,,
0.1455,1.1096131801605225,9.808630311552489e-06,2.02,91900,,,,,,,,,
0.1507,10.468149185180664,9.79764468075757e-06,2.02,91950,,,,,,,,,
0.154,12.823049545288086,9.786659049962649e-06,2.02,92000,,,,,,,,,
0.1511,36.643707275390625,9.775673419167728e-06,2.02,92050,,,,,,,,,
0.1421,0.8300327658653259,9.76468778837281e-06,2.02,92100,,,,,,,,,
0.1716,6.801529407501221,9.753702157577888e-06,2.02,92150,,,,,,,,,
0.131,1.46304452419281,9.742716526782968e-06,2.03,92200,,,,,,,,,
0.1433,13.376263618469238,9.731730895988049e-06,2.03,92250,,,,,,,,,
0.156,15.271757125854492,9.720745265193127e-06,2.03,92300,,,,,,,,,
0.133,23.823272705078125,9.709759634398207e-06,2.03,92350,,,,,,,,,
0.1728,11.31826114654541,9.698774003603288e-06,2.03,92400,,,,,,,,,
0.1537,15.832070350646973,9.687788372808366e-06,2.03,92450,,,,,,,,,
0.1123,22.803157806396484,9.676802742013448e-06,2.03,92500,,,,,,,,,
0.1491,7.958768367767334,9.665817111218526e-06,2.03,92550,,,,,,,,,
0.1441,6.704084396362305,9.654831480423606e-06,2.03,92600,,,,,,,,,
0.1086,7.474790573120117,9.643845849628687e-06,2.04,92650,,,,,,,,,
0.1133,1.8255976438522339,9.632860218833765e-06,2.04,92700,,,,,,,,,
0.1294,1.4893590211868286,9.621874588038845e-06,2.04,92750,,,,,,,,,
0.14,17.755569458007812,9.610888957243926e-06,2.04,92800,,,,,,,,,
0.1931,14.480218887329102,9.599903326449004e-06,2.04,92850,,,,,,,,,
0.1349,5.968880653381348,9.588917695654084e-06,2.04,92900,,,,,,,,,
0.1355,1.2543517351150513,9.577932064859166e-06,2.04,92950,,,,,,,,,
0.1403,1.9877070188522339,9.566946434064244e-06,2.04,93000,,,,,,,,,
0.1453,6.98759651184082,9.555960803269323e-06,2.04,93050,,,,,,,,,
0.1037,1.8876519203186035,9.544975172474405e-06,2.05,93100,,,,,,,,,
0.1609,6.164981365203857,9.533989541679483e-06,2.05,93150,,,,,,,,,
0.1142,1.3458791971206665,9.523003910884564e-06,2.05,93200,,,,,,,,,
0.1384,1.2863032817840576,9.512018280089644e-06,2.05,93250,,,,,,,,,
0.1243,0.13498234748840332,9.501032649294722e-06,2.05,93300,,,,,,,,,
0.1448,2.236485242843628,9.490047018499804e-06,2.05,93350,,,,,,,,,
0.1489,4.208856582641602,9.479061387704882e-06,2.05,93400,,,,,,,,,
0.1238,0.04444226250052452,9.468075756909961e-06,2.05,93450,,,,,,,,,
0.1383,18.079471588134766,9.457090126115043e-06,2.05,93500,,,,,,,,,
0.1273,0.12652155756950378,9.44610449532012e-06,2.06,93550,,,,,,,,,
0.1173,0.06717593222856522,9.4351188645252e-06,2.06,93600,,,,,,,,,
0.1523,11.758068084716797,9.424133233730282e-06,2.06,93650,,,,,,,,,
0.1792,9.481575012207031,9.41314760293536e-06,2.06,93700,,,,,,,,,
0.1247,4.218875885009766,9.40216197214044e-06,2.06,93750,,,,,,,,,
0.1561,25.563751220703125,9.391176341345521e-06,2.06,93800,,,,,,,,,
0.0897,11.0931396484375,9.3801907105506e-06,2.06,93850,,,,,,,,,
0.1174,2.0203909873962402,9.36920507975568e-06,2.06,93900,,,,,,,,,
0.1402,12.857076644897461,9.35821944896076e-06,2.06,93950,,,,,,,,,
0.1228,6.572856903076172,9.347233818165839e-06,2.07,94000,,,,,,,,,
0.155,1.9072694778442383,9.33624818737092e-06,2.07,94050,,,,,,,,,
0.1673,22.700162887573242,9.325262556575998e-06,2.07,94100,,,,,,,,,
0.1579,1.990215539932251,9.314276925781078e-06,2.07,94150,,,,,,,,,
0.0982,37.9658088684082,9.30329129498616e-06,2.07,94200,,,,,,,,,
0.1179,11.615757942199707,9.292305664191237e-06,2.07,94250,,,,,,,,,
0.1166,43.70652389526367,9.281320033396317e-06,2.07,94300,,,,,,,,,
0.1723,3.471207857131958,9.270334402601399e-06,2.07,94350,,,,,,,,,
0.1166,11.75389575958252,9.259348771806477e-06,2.07,94400,,,,,,,,,
0.1473,2.4704716205596924,9.248363141011556e-06,2.08,94450,,,,,,,,,
0.1037,7.985074520111084,9.237377510216638e-06,2.08,94500,,,,,,,,,
0.1427,6.757314205169678,9.226391879421716e-06,2.08,94550,,,,,,,,,
0.1362,1.8653374910354614,9.215406248626797e-06,2.08,94600,,,,,,,,,
0.1721,5.19987154006958,9.204420617831877e-06,2.08,94650,,,,,,,,,
0.1119,13.325448989868164,9.193434987036955e-06,2.08,94700,,,,,,,,,
0.0975,12.438200950622559,9.182449356242037e-06,2.08,94750,,,,,,,,,
0.163,24.728208541870117,9.171463725447116e-06,2.08,94800,,,,,,,,,
0.1354,27.29380226135254,9.160478094652194e-06,2.08,94850,,,,,,,,,
0.1326,22.220624923706055,9.149492463857276e-06,2.09,94900,,,,,,,,,
0.194,3.3838162422180176,9.138506833062354e-06,2.09,94950,,,,,,,,,
0.1346,15.38810920715332,9.127521202267434e-06,2.09,95000,,,,,,,,,
,,,2.09,95000,0.5041396617889404,459.68,397.061,24.817,,,,,
0.1563,12.162274360656738,9.116535571472515e-06,2.09,95050,,,,,,,,,
0.1281,2.3087642192840576,9.105549940677593e-06,2.09,95100,,,,,,,,,
0.1658,20.504013061523438,9.094564309882673e-06,2.09,95150,,,,,,,,,
0.1411,12.269497871398926,9.083578679087754e-06,2.09,95200,,,,,,,,,
0.1553,24.313562393188477,9.072593048292832e-06,2.09,95250,,,,,,,,,
0.1393,0.47112786769866943,9.061607417497914e-06,2.09,95300,,,,,,,,,
0.1389,4.574230670928955,9.050621786702994e-06,2.09,95350,,,,,,,,,
0.1021,22.92512321472168,9.039636155908072e-06,2.1,95400,,,,,,,,,
0.144,12.368379592895508,9.028650525113153e-06,2.1,95450,,,,,,,,,
0.1218,0.49176159501075745,9.017664894318233e-06,2.1,95500,,,,,,,,,
0.1017,3.795595407485962,9.006679263523311e-06,2.1,95550,,,,,,,,,
0.1847,23.3179931640625,8.995693632728392e-06,2.1,95600,,,,,,,,,
0.1575,18.546709060668945,8.98470800193347e-06,2.1,95650,,,,,,,,,
0.1081,18.021976470947266,8.97372237113855e-06,2.1,95700,,,,,,,,,
0.1398,7.670681953430176,8.962736740343632e-06,2.1,95750,,,,,,,,,
0.1106,4.933988571166992,8.95175110954871e-06,2.1,95800,,,,,,,,,
0.15,0.346413254737854,8.94076547875379e-06,2.11,95850,,,,,,,,,
0.1364,10.438920021057129,8.92977984795887e-06,2.11,95900,,,,,,,,,
0.1549,31.05984878540039,8.918794217163949e-06,2.11,95950,,,,,,,,,
0.1891,9.648588180541992,8.90780858636903e-06,2.11,96000,,,,,,,,,
0.137,2.6393909454345703,8.89682295557411e-06,2.11,96050,,,,,,,,,
0.1182,3.002047538757324,8.885837324779188e-06,2.11,96100,,,,,,,,,
0.1179,10.889684677124023,8.87485169398427e-06,2.11,96150,,,,,,,,,
0.1484,5.697580814361572,8.86386606318935e-06,2.11,96200,,,,,,,,,
0.1205,2.9853687286376953,8.852880432394427e-06,2.11,96250,,,,,,,,,
0.157,12.988302230834961,8.841894801599509e-06,2.12,96300,,,,,,,,,
0.1438,10.717668533325195,8.830909170804589e-06,2.12,96350,,,,,,,,,
0.101,11.472369194030762,8.819923540009667e-06,2.12,96400,,,,,,,,,
0.1305,1.0847715139389038,8.808937909214748e-06,2.12,96450,,,,,,,,,
0.0949,1.64837646484375,8.797952278419826e-06,2.12,96500,,,,,,,,,
0.1519,4.265018939971924,8.786966647624906e-06,2.12,96550,,,,,,,,,
0.1325,8.016728401184082,8.775981016829987e-06,2.12,96600,,,,,,,,,
0.1512,40.16661071777344,8.764995386035065e-06,2.12,96650,,,,,,,,,
0.1185,0.21747054159641266,8.754009755240147e-06,2.12,96700,,,,,,,,,
0.1235,39.24137878417969,8.743024124445227e-06,2.13,96750,,,,,,,,,
0.163,14.120845794677734,8.732038493650305e-06,2.13,96800,,,,,,,,,
0.1759,9.78072738647461,8.721052862855386e-06,2.13,96850,,,,,,,,,
0.152,15.894762992858887,8.710067232060466e-06,2.13,96900,,,,,,,,,
0.1508,3.439110279083252,8.699081601265544e-06,2.13,96950,,,,,,,,,
0.0873,1.3799139261245728,8.688095970470625e-06,2.13,97000,,,,,,,,,
0.1767,1.6200672388076782,8.677110339675705e-06,2.13,97050,,,,,,,,,
0.1142,17.559646606445312,8.666124708880783e-06,2.13,97100,,,,,,,,,
0.1314,36.612613677978516,8.655139078085865e-06,2.13,97150,,,,,,,,,
0.1194,0.3978540897369385,8.644153447290944e-06,2.14,97200,,,,,,,,,
0.1435,0.6138192415237427,8.633167816496022e-06,2.14,97250,,,,,,,,,
0.1162,1.9624667167663574,8.622182185701104e-06,2.14,97300,,,,,,,,,
0.1395,10.592900276184082,8.611196554906182e-06,2.14,97350,,,,,,,,,
0.1188,3.312023401260376,8.600210924111263e-06,2.14,97400,,,,,,,,,
0.1482,2.4768805503845215,8.589225293316343e-06,2.14,97450,,,,,,,,,
0.0909,1.5268745422363281,8.578239662521421e-06,2.14,97500,,,,,,,,,
0.1454,0.6585198044776917,8.567254031726503e-06,2.14,97550,,,,,,,,,
0.1242,10.900670051574707,8.556268400931582e-06,2.14,97600,,,,,,,,,
0.2128,12.948869705200195,8.54528277013666e-06,2.15,97650,,,,,,,,,
0.1191,26.276092529296875,8.534297139341742e-06,2.15,97700,,,,,,,,,
0.1344,54.32673263549805,8.523311508546822e-06,2.15,97750,,,,,,,,,
0.141,9.723798751831055,8.5123258777519e-06,2.15,97800,,,,,,,,,
0.1289,14.954096794128418,8.501340246956981e-06,2.15,97850,,,,,,,,,
0.139,15.002833366394043,8.490354616162061e-06,2.15,97900,,,,,,,,,
0.1284,15.720135688781738,8.479368985367139e-06,2.15,97950,,,,,,,,,
0.147,9.79926586151123,8.46838335457222e-06,2.15,98000,,,,,,,,,
0.1141,7.424087047576904,8.457397723777298e-06,2.15,98050,,,,,,,,,
0.1098,14.364056587219238,8.44641209298238e-06,2.16,98100,,,,,,,,,
0.1408,0.16480067372322083,8.43542646218746e-06,2.16,98150,,,,,,,,,
0.1357,0.5064934492111206,8.424440831392538e-06,2.16,98200,,,,,,,,,
0.0995,5.760049343109131,8.413455200597619e-06,2.16,98250,,,,,,,,,
0.1478,19.49420738220215,8.402469569802699e-06,2.16,98300,,,,,,,,,
0.17,7.447194576263428,8.391483939007777e-06,2.16,98350,,,,,,,,,
0.1318,46.27435302734375,8.380498308212858e-06,2.16,98400,,,,,,,,,
0.1381,17.28139305114746,8.369512677417938e-06,2.16,98450,,,,,,,,,
0.1835,11.06607437133789,8.358527046623016e-06,2.16,98500,,,,,,,,,
0.1323,24.460153579711914,8.347541415828098e-06,2.17,98550,,,,,,,,,
0.1676,0.9971903562545776,8.336555785033177e-06,2.17,98600,,,,,,,,,
0.1092,0.1642158180475235,8.325570154238255e-06,2.17,98650,,,,,,,,,
0.1105,14.661361694335938,8.314584523443337e-06,2.17,98700,,,,,,,,,
0.1253,17.272775650024414,8.303598892648417e-06,2.17,98750,,,,,,,,,
0.1389,22.54220962524414,8.292613261853496e-06,2.17,98800,,,,,,,,,
0.1098,18.422555923461914,8.281627631058576e-06,2.17,98850,,,,,,,,,
0.1617,8.67184066772461,8.270642000263654e-06,2.17,98900,,,,,,,,,
0.1428,19.837182998657227,8.259656369468736e-06,2.17,98950,,,,,,,,,
0.175,0.29880478978157043,8.248670738673815e-06,2.18,99000,,,,,,,,,
0.1378,2.282468795776367,8.237685107878893e-06,2.18,99050,,,,,,,,,
0.1431,2.6492676734924316,8.226699477083975e-06,2.18,99100,,,,,,,,,
0.166,0.8462890386581421,8.215713846289055e-06,2.18,99150,,,,,,,,,
0.1018,2.8181889057159424,8.204728215494133e-06,2.18,99200,,,,,,,,,
0.1421,21.590303421020508,8.193742584699214e-06,2.18,99250,,,,,,,,,
0.1421,29.656288146972656,8.182756953904294e-06,2.18,99300,,,,,,,,,
0.1349,8.945746421813965,8.171771323109372e-06,2.18,99350,,,,,,,,,
0.1633,1.6643544435501099,8.160785692314453e-06,2.18,99400,,,,,,,,,
0.1456,0.1918654441833496,8.149800061519533e-06,2.19,99450,,,,,,,,,
0.1229,7.711592674255371,8.138814430724613e-06,2.19,99500,,,,,,,,,
0.1453,0.15363381803035736,8.127828799929693e-06,2.19,99550,,,,,,,,,
0.1053,13.633512496948242,8.116843169134772e-06,2.19,99600,,,,,,,,,
0.1388,44.8085823059082,8.105857538339852e-06,2.19,99650,,,,,,,,,
0.1411,1.156467318534851,8.094871907544932e-06,2.19,99700,,,,,,,,,
0.1609,41.07740020751953,8.08388627675001e-06,2.19,99750,,,,,,,,,
0.118,0.5688249468803406,8.072900645955091e-06,2.19,99800,,,,,,,,,
0.1157,22.227039337158203,8.061915015160171e-06,2.19,99850,,,,,,,,,
0.1703,0.5144315958023071,8.05092938436525e-06,2.19,99900,,,,,,,,,
0.1418,0.24698254466056824,8.03994375357033e-06,2.2,99950,,,,,,,,,
0.1289,14.60476303100586,8.02895812277541e-06,2.2,100000,,,,,,,,,
,,,2.2,100000,0.5204749703407288,459.6577,397.08,24.818,,,,,
0.1039,3.7278177738189697,8.017972491980488e-06,2.2,100050,,,,,,,,,
0.1816,8.666760444641113,8.00698686118557e-06,2.2,100100,,,,,,,,,
0.0935,20.179147720336914,7.99600123039065e-06,2.2,100150,,,,,,,,,
0.1253,1.6895877122879028,7.985015599595728e-06,2.2,100200,,,,,,,,,
0.1714,13.839486122131348,7.97402996880081e-06,2.2,100250,,,,,,,,,
0.155,24.03156089782715,7.963044338005889e-06,2.2,100300,,,,,,,,,
0.1338,2.370771884918213,7.952058707210969e-06,2.2,100350,,,,,,,,,
0.1515,8.394695281982422,7.941073076416048e-06,2.21,100400,,,,,,,,,
0.125,17.34417724609375,7.930087445621126e-06,2.21,100450,,,,,,,,,
0.1014,1.3574813604354858,7.919101814826208e-06,2.21,100500,,,,,,,,,
0.136,45.62287521362305,7.908116184031288e-06,2.21,100550,,,,,,,,,
0.1149,15.869207382202148,7.897130553236366e-06,2.21,100600,,,,,,,,,
0.1417,8.667771339416504,7.886144922441447e-06,2.21,100650,,,,,,,,,
0.193,10.008249282836914,7.875159291646527e-06,2.21,100700,,,,,,,,,
0.1325,49.962318420410156,7.864173660851605e-06,2.21,100750,,,,,,,,,
0.1347,19.848960876464844,7.853188030056686e-06,2.21,100800,,,,,,,,,
0.1131,3.6231610774993896,7.842202399261766e-06,2.22,100850,,,,,,,,,
0.1364,0.40402135252952576,7.831216768466844e-06,2.22,100900,,,,,,,,,
0.154,0.048516757786273956,7.820231137671926e-06,2.22,100950,,,,,,,,,
0.1429,7.011643886566162,7.809245506877005e-06,2.22,101000,,,,,,,,,
0.1575,24.229799270629883,7.798259876082085e-06,2.22,101050,,,,,,,,,
0.1092,7.3251519203186035,7.787274245287165e-06,2.22,101100,,,,,,,,,
0.1197,11.936623573303223,7.776288614492245e-06,2.22,101150,,,,,,,,,
0.1475,5.3239030838012695,7.765302983697324e-06,2.22,101200,,,,,,,,,
0.1506,29.783126831054688,7.754317352902404e-06,2.22,101250,,,,,,,,,
0.1321,13.580999374389648,7.743331722107482e-06,2.23,101300,,,,,,,,,
0.1603,36.85313034057617,7.732346091312564e-06,2.23,101350,,,,,,,,,
0.1035,14.397880554199219,7.721360460517643e-06,2.23,101400,,,,,,,,,
0.1207,6.10464334487915,7.710374829722722e-06,2.23,101450,,,,,,,,,
0.0972,6.723313331604004,7.699389198927803e-06,2.23,101500,,,,,,,,,
0.179,47.934696197509766,7.688403568132883e-06,2.23,101550,,,,,,,,,
0.1844,0.8168244957923889,7.67741793733796e-06,2.23,101600,,,,,,,,,
0.1075,5.168062686920166,7.666432306543042e-06,2.23,101650,,,,,,,,,
0.1433,16.05520248413086,7.655446675748122e-06,2.23,101700,,,,,,,,,
0.1112,0.17930443584918976,7.644461044953202e-06,2.24,101750,,,,,,,,,
0.13,6.492163181304932,7.633475414158281e-06,2.24,101800,,,,,,,,,
0.1139,14.821365356445312,7.622489783363362e-06,2.24,101850,,,,,,,,,
0.0867,7.790483474731445,7.61150415256844e-06,2.24,101900,,,,,,,,,
0.1684,6.998059272766113,7.600518521773521e-06,2.24,101950,,,,,,,,,
0.141,6.549202919006348,7.5895328909786e-06,2.24,102000,,,,,,,,,
0.1485,4.431035995483398,7.578547260183679e-06,2.24,102050,,,,,,,,,
0.1438,18.822175979614258,7.56756162938876e-06,2.24,102100,,,,,,,,,
0.1644,14.736991882324219,7.556575998593839e-06,2.24,102150,,,,,,,,,
0.1203,3.4317071437835693,7.5455903677989195e-06,2.25,102200,,,,,,,,,
0.1757,10.674524307250977,7.534604737003999e-06,2.25,102250,,,,,,,,,
0.1,2.3412811756134033,7.523619106209078e-06,2.25,102300,,,,,,,,,
0.1475,0.1534290462732315,7.512633475414159e-06,2.25,102350,,,,,,,,,
0.1618,3.197460651397705,7.5016478446192385e-06,2.25,102400,,,,,,,,,
0.169,13.92459774017334,7.490662213824318e-06,2.25,102450,,,,,,,,,
0.1371,40.029869079589844,7.479676583029398e-06,2.25,102500,,,,,,,,,
0.1695,21.94915771484375,7.468690952234478e-06,2.25,102550,,,,,,,,,
0.1212,15.25386905670166,7.457705321439557e-06,2.25,102600,,,,,,,,,
0.1403,34.82041549682617,7.446719690644637e-06,2.26,102650,,,,,,,,,
0.1289,17.37957763671875,7.435734059849717e-06,2.26,102700,,,,,,,,,
0.1406,11.198022842407227,7.424748429054796e-06,2.26,102750,,,,,,,,,
0.1234,4.770877361297607,7.4137627982598765e-06,2.26,102800,,,,,,,,,
0.1082,0.1914658397436142,7.402777167464956e-06,2.26,102850,,,,,,,,,
0.0981,10.31710147857666,7.391791536670036e-06,2.26,102900,,,,,,,,,
0.1558,12.395745277404785,7.380805905875116e-06,2.26,102950,,,,,,,,,
0.1133,52.83536911010742,7.3698202750801955e-06,2.26,103000,,,,,,,,,
0.1052,4.756072044372559,7.358834644285275e-06,2.26,103050,,,,,,,,,
0.1338,2.223043918609619,7.347849013490354e-06,2.27,103100,,,,,,,,,
0.1227,0.34433701634407043,7.336863382695435e-06,2.27,103150,,,,,,,,,
0.1397,4.762854099273682,7.3258777519005145e-06,2.27,103200,,,,,,,,,
0.1376,5.495494365692139,7.314892121105594e-06,2.27,103250,,,,,,,,,
0.1298,4.304203510284424,7.303906490310674e-06,2.27,103300,,,,,,,,,
0.1092,0.08699774742126465,7.292920859515754e-06,2.27,103350,,,,,,,,,
0.1622,15.301264762878418,7.2819352287208335e-06,2.27,103400,,,,,,,,,
0.1561,7.818506717681885,7.270949597925912e-06,2.27,103450,,,,,,,,,
0.1393,5.136128902435303,7.259963967130993e-06,2.27,103500,,,,,,,,,
0.1198,3.082045555114746,7.248978336336073e-06,2.28,103550,,,,,,,,,
0.1124,43.41508865356445,7.2379927055411525e-06,2.28,103600,,,,,,,,,
0.1428,8.109918594360352,7.227007074746232e-06,2.28,103650,,,,,,,,,
0.1152,0.6351797580718994,7.216021443951312e-06,2.28,103700,,,,,,,,,
0.1317,5.876791477203369,7.205035813156392e-06,2.28,103750,,,,,,,,,
0.1736,8.468738555908203,7.194050182361471e-06,2.28,103800,,,,,,,,,
0.0982,12.640127182006836,7.183064551566551e-06,2.28,103850,,,,,,,,,
0.1241,8.61353588104248,7.172078920771631e-06,2.28,103900,,,,,,,,,
0.1204,37.98390579223633,7.161093289976711e-06,2.28,103950,,,,,,,,,
0.1344,11.102849006652832,7.1501076591817905e-06,2.29,104000,,,,,,,,,
0.1374,12.00753402709961,7.13912202838687e-06,2.29,104050,,,,,,,,,
0.127,1.3629412651062012,7.12813639759195e-06,2.29,104100,,,,,,,,,
0.0971,4.636707305908203,7.117150766797029e-06,2.29,104150,,,,,,,,,
0.1272,5.566776752471924,7.1061651360021095e-06,2.29,104200,,,,,,,,,
0.1215,22.395313262939453,7.095179505207189e-06,2.29,104250,,,,,,,,,
0.173,0.07448545098304749,7.084193874412269e-06,2.29,104300,,,,,,,,,
0.1556,3.9788739681243896,7.073208243617349e-06,2.29,104350,,,,,,,,,
0.1514,8.790268898010254,7.0622226128224285e-06,2.29,104400,,,,,,,,,
0.1522,28.79782485961914,7.051236982027508e-06,2.29,104450,,,,,,,,,
0.1388,17.920637130737305,7.040251351232588e-06,2.3,104500,,,,,,,,,
0.0863,1.207472801208496,7.029265720437668e-06,2.3,104550,,,,,,,,,
0.1916,10.17613697052002,7.0182800896427475e-06,2.3,104600,,,,,,,,,
0.1749,11.929821968078613,7.007294458847827e-06,2.3,104650,,,,,,,,,
0.151,4.994916915893555,6.996308828052907e-06,2.3,104700,,,,,,,,,
0.1141,7.993429660797119,6.985323197257987e-06,2.3,104750,,,,,,,,,
0.1411,41.95004653930664,6.9743375664630665e-06,2.3,104800,,,,,,,,,
0.0867,14.164916038513184,6.963351935668146e-06,2.3,104850,,,,,,,,,
0.1613,23.937929153442383,6.952366304873226e-06,2.3,104900,,,,,,,,,
0.1368,9.657909393310547,6.941380674078306e-06,2.31,104950,,,,,,,,,
0.0938,22.764278411865234,6.9303950432833855e-06,2.31,105000,,,,,,,,,
,,,2.31,105000,0.5378889441490173,461.0131,395.913,24.746,,,,,
0.1772,13.256800651550293,6.919409412488465e-06,2.31,105050,,,,,,,,,
0.1226,7.153745174407959,6.908423781693545e-06,2.31,105100,,,,,,,,,
0.1329,4.661627292633057,6.897438150898625e-06,2.31,105150,,,,,,,,,
0.1201,19.526458740234375,6.8864525201037045e-06,2.31,105200,,,,,,,,,
0.1432,21.14801597595215,6.875466889308784e-06,2.31,105250,,,,,,,,,
0.1144,9.93665885925293,6.864481258513864e-06,2.31,105300,,,,,,,,,
0.1327,7.749157428741455,6.853495627718944e-06,2.31,105350,,,,,,,,,
0.161,2.4987223148345947,6.8425099969240236e-06,2.32,105400,,,,,,,,,
0.1318,0.6818374395370483,6.831524366129103e-06,2.32,105450,,,,,,,,,
0.1822,1.4981173276901245,6.820538735334183e-06,2.32,105500,,,,,,,,,
0.1384,0.4204551577568054,6.809553104539263e-06,2.32,105550,,,,,,,,,
0.1588,7.246268272399902,6.7985674737443426e-06,2.32,105600,,,,,,,,,
0.1639,7.855945110321045,6.787581842949422e-06,2.32,105650,,,,,,,,,
0.0987,1.372063159942627,6.776596212154502e-06,2.32,105700,,,,,,,,,
0.1536,1.7052080631256104,6.765610581359582e-06,2.32,105750,,,,,,,,,
0.1311,0.17590682208538055,6.7546249505646616e-06,2.32,105800,,,,,,,,,
0.1078,4.186835289001465,6.743639319769741e-06,2.33,105850,,,,,,,,,
0.1568,32.4957160949707,6.732653688974821e-06,2.33,105900,,,,,,,,,
0.1633,17.177736282348633,6.721668058179901e-06,2.33,105950,,,,,,,,,
0.1067,33.06818389892578,6.7106824273849806e-06,2.33,106000,,,,,,,,,
0.15,0.3121473491191864,6.69969679659006e-06,2.33,106050,,,,,,,,,
0.1715,0.8140221238136292,6.68871116579514e-06,2.33,106100,,,,,,,,,
0.1353,0.19186116755008698,6.67772553500022e-06,2.33,106150,,,,,,,,,
0.1141,31.66464614868164,6.6667399042052996e-06,2.33,106200,,,,,,,,,
0.1482,10.18753719329834,6.655754273410379e-06,2.33,106250,,,,,,,,,
0.1473,43.44882583618164,6.644768642615459e-06,2.34,106300,,,,,,,,,
0.1167,7.539297580718994,6.633783011820539e-06,2.34,106350,,,,,,,,,
0.0993,7.611741542816162,6.622797381025619e-06,2.34,106400,,,,,,,,,
0.1056,1.3383500576019287,6.611811750230698e-06,2.34,106450,,,,,,,,,
0.1538,0.10676195472478867,6.600826119435778e-06,2.34,106500,,,,,,,,,
0.1445,0.10980279743671417,6.589840488640858e-06,2.34,106550,,,,,,,,,
0.1433,38.136474609375,6.578854857845938e-06,2.34,106600,,,,,,,,,
0.1106,1.6399152278900146,6.567869227051017e-06,2.34,106650,,,,,,,,,
0.1311,13.943574905395508,6.556883596256097e-06,2.34,106700,,,,,,,,,
0.1552,0.4643574059009552,6.545897965461177e-06,2.35,106750,,,,,,,,,
0.1436,10.528298377990723,6.534912334666257e-06,2.35,106800,,,,,,,,,
0.0898,12.401634216308594,6.523926703871336e-06,2.35,106850,,,,,,,,,
0.1285,19.29537582397461,6.512941073076417e-06,2.35,106900,,,,,,,,,
0.1176,0.4978044033050537,6.501955442281496e-06,2.35,106950,,,,,,,,,
0.1801,27.00652313232422,6.490969811486576e-06,2.35,107000,,,,,,,,,
0.1407,30.538616180419922,6.479984180691655e-06,2.35,107050,,,,,,,,,
0.0936,0.03102257288992405,6.468998549896735e-06,2.35,107100,,,,,,,,,
0.1487,14.435806274414062,6.458012919101815e-06,2.35,107150,,,,,,,,,
0.154,10.499792098999023,6.447027288306895e-06,2.36,107200,,,,,,,,,
0.1243,8.76370906829834,6.436041657511975e-06,2.36,107250,,,,,,,,,
0.1273,25.425474166870117,6.425056026717054e-06,2.36,107300,,,,,,,,,
0.0927,0.6706509590148926,6.414070395922134e-06,2.36,107350,,,,,,,,,
0.1078,18.328516006469727,6.403084765127214e-06,2.36,107400,,,,,,,,,
0.1528,25.264394760131836,6.392099134332293e-06,2.36,107450,,,,,,,,,
0.1123,0.40630027651786804,6.381113503537373e-06,2.36,107500,,,,,,,,,
0.1858,8.628035545349121,6.370127872742453e-06,2.36,107550,,,,,,,,,
0.1605,1.383859395980835,6.3591422419475335e-06,2.36,107600,,,,,,,,,
0.1104,23.93059730529785,6.348156611152612e-06,2.37,107650,,,,,,,,,
0.1626,0.5255414843559265,6.337170980357692e-06,2.37,107700,,,,,,,,,
0.0986,3.28670072555542,6.326185349562772e-06,2.37,107750,,,,,,,,,
0.1282,22.50619888305664,6.315199718767852e-06,2.37,107800,,,,,,,,,
0.1589,0.12139125168323517,6.304214087972931e-06,2.37,107850,,,,,,,,,
0.1453,15.748047828674316,6.293228457178011e-06,2.37,107900,,,,,,,,,
0.1582,14.963324546813965,6.282242826383092e-06,2.37,107950,,,,,,,,,
0.1392,36.3160514831543,6.271257195588171e-06,2.37,108000,,,,,,,,,
0.1354,4.364172458648682,6.26027156479325e-06,2.37,108050,,,,,,,,,
0.1513,2.3869071006774902,6.249285933998331e-06,2.38,108100,,,,,,,,,
0.1382,15.92097282409668,6.23830030320341e-06,2.38,108150,,,,,,,,,
0.1071,0.12404871731996536,6.22731467240849e-06,2.38,108200,,,,,,,,,
0.1649,4.098787307739258,6.216329041613569e-06,2.38,108250,,,,,,,,,
0.1705,17.813276290893555,6.20534341081865e-06,2.38,108300,,,,,,,,,
0.1541,0.9178882837295532,6.194357780023729e-06,2.38,108350,,,,,,,,,
0.164,0.14978457987308502,6.183372149228809e-06,2.38,108400,,,,,,,,,
0.0991,0.1497657597064972,6.172386518433889e-06,2.38,108450,,,,,,,,,
0.1321,28.10873031616211,6.161400887638968e-06,2.38,108500,,,,,,,,,
0.1449,2.128840684890747,6.150415256844048e-06,2.38,108550,,,,,,,,,
0.1332,7.980422019958496,6.139429626049128e-06,2.39,108600,,,,,,,,,
0.0917,5.746998310089111,6.128443995254208e-06,2.39,108650,,,,,,,,,
0.1861,1.6044971942901611,6.117458364459287e-06,2.39,108700,,,,,,,,,
0.1313,7.627761363983154,6.106472733664367e-06,2.39,108750,,,,,,,,,
0.1932,25.89974594116211,6.0954871028694475e-06,2.39,108800,,,,,,,,,
0.1145,4.971179485321045,6.084501472074526e-06,2.39,108850,,,,,,,,,
0.1401,6.017597198486328,6.073515841279606e-06,2.39,108900,,,,,,,,,
0.1813,44.866294860839844,6.062530210484686e-06,2.39,108950,,,,,,,,,
0.1433,3.6456339359283447,6.0515445796897665e-06,2.39,109000,,,,,,,,,
0.1303,12.96084213256836,6.040558948894845e-06,2.4,109050,,,,,,,,,
0.1399,30.423107147216797,6.029573318099925e-06,2.4,109100,,,,,,,,,
0.1695,0.18653862178325653,6.018587687305006e-06,2.4,109150,,,,,,,,,
0.1008,11.203058242797852,6.007602056510085e-06,2.4,109200,,,,,,,,,
0.1417,13.073108673095703,5.996616425715164e-06,2.4,109250,,,,,,,,,
0.1735,19.416528701782227,5.985630794920244e-06,2.4,109300,,,,,,,,,
0.1113,16.48981475830078,5.974645164125325e-06,2.4,109350,,,,,,,,,
0.172,3.779726028442383,5.963659533330404e-06,2.4,109400,,,,,,,,,
0.1081,0.35173001885414124,5.952673902535483e-06,2.4,109450,,,,,,,,,
0.1233,18.180177688598633,5.941688271740564e-06,2.41,109500,,,,,,,,,
0.1061,11.105040550231934,5.930702640945643e-06,2.41,109550,,,,,,,,,
0.127,12.850385665893555,5.919717010150723e-06,2.41,109600,,,,,,,,,
0.1732,9.976996421813965,5.908731379355803e-06,2.41,109650,,,,,,,,,
0.1328,3.8725740909576416,5.897745748560883e-06,2.41,109700,,,,,,,,,
0.1088,0.030913421884179115,5.886760117765962e-06,2.41,109750,,,,,,,,,
0.1239,5.576345443725586,5.875774486971042e-06,2.41,109800,,,,,,,,,
0.1204,5.246919631958008,5.864788856176122e-06,2.41,109850,,,,,,,,,
0.1077,0.9265927076339722,5.853803225381201e-06,2.41,109900,,,,,,,,,
0.1159,0.1760973185300827,5.842817594586281e-06,2.42,109950,,,,,,,,,
0.1021,0.3606266975402832,5.8318319637913615e-06,2.42,110000,,,,,,,,,
,,,2.42,110000,0.5441126227378845,459.6979,397.046,24.816,,,,,
0.1292,0.2524583637714386,5.820846332996441e-06,2.42,110050,,,,,,,,,
0.165,3.204253911972046,5.80986070220152e-06,2.42,110100,,,,,,,,,
0.1408,6.065228462219238,5.7988750714066e-06,2.42,110150,,,,,,,,,
0.1188,22.041162490844727,5.7878894406116805e-06,2.42,110200,,,,,,,,,
0.146,15.85692310333252,5.776903809816759e-06,2.42,110250,,,,,,,,,
0.1139,2.913445472717285,5.765918179021839e-06,2.42,110300,,,,,,,,,
0.1558,9.95961856842041,5.75493254822692e-06,2.42,110350,,,,,,,,,
0.1229,19.256637573242188,5.7439469174319995e-06,2.43,110400,,,,,,,,,
0.1799,4.371493339538574,5.7329612866370784e-06,2.43,110450,,,,,,,,,
0.148,0.03533940017223358,5.721975655842158e-06,2.43,110500,,,,,,,,,
0.1309,0.13254043459892273,5.710990025047239e-06,2.43,110550,,,,,,,,,
0.1453,7.262367248535156,5.700004394252318e-06,2.43,110600,,,,,,,,,
0.1061,8.772303581237793,5.6890187634573974e-06,2.43,110650,,,,,,,,,
0.1156,0.6953140497207642,5.678033132662478e-06,2.43,110700,,,,,,,,,
0.1278,0.33580392599105835,5.667047501867558e-06,2.43,110750,,,,,,,,,
0.1205,20.968780517578125,5.656061871072637e-06,2.43,110800,,,,,,,,,
0.1712,35.14506530761719,5.645076240277717e-06,2.44,110850,,,,,,,,,
0.1196,26.349220275878906,5.634090609482797e-06,2.44,110900,,,,,,,,,
0.0884,0.23439857363700867,5.623104978687876e-06,2.44,110950,,,,,,,,,
0.1668,22.531633377075195,5.612119347892956e-06,2.44,111000,,,,,,,,,
0.0985,2.103257894515991,5.601133717098036e-06,2.44,111050,,,,,,,,,
0.119,2.0760068893432617,5.590148086303116e-06,2.44,111100,,,,,,,,,
0.1041,8.217121124267578,5.579162455508195e-06,2.44,111150,,,,,,,,,
0.1379,19.23996925354004,5.5681768247132755e-06,2.44,111200,,,,,,,,,
0.1076,42.02070617675781,5.557191193918355e-06,2.44,111250,,,,,,,,,
0.1278,20.945301055908203,5.546205563123434e-06,2.45,111300,,,,,,,,,
0.1738,0.38731735944747925,5.535219932328514e-06,2.45,111350,,,,,,,,,
0.1064,2.0287554264068604,5.5242343015335945e-06,2.45,111400,,,,,,,,,
0.1235,39.01157760620117,5.513248670738674e-06,2.45,111450,,,,,,,,,
0.1481,21.897371292114258,5.502263039943753e-06,2.45,111500,,,,,,,,,
0.127,31.017017364501953,5.491277409148834e-06,2.45,111550,,,,,,,,,
0.0836,13.253996849060059,5.4802917783539136e-06,2.45,111600,,,,,,,,,
0.1457,2.1289327144622803,5.4693061475589925e-06,2.45,111650,,,,,,,,,
0.1281,24.1978816986084,5.458320516764072e-06,2.45,111700,,,,,,,,,
0.0948,5.16755485534668,5.447334885969153e-06,2.46,111750,,,,,,,,,
0.089,14.115289688110352,5.4363492551742326e-06,2.46,111800,,,,,,,,,
0.1198,5.145982265472412,5.4253636243793115e-06,2.46,111850,,,,,,,,,
0.1189,13.909906387329102,5.414377993584392e-06,2.46,111900,,,,,,,,,
0.1365,5.080485820770264,5.403392362789472e-06,2.46,111950,,,,,,,,,
0.1472,8.785380363464355,5.392406731994551e-06,2.46,112000,,,,,,,,,
0.1004,4.913558483123779,5.381421101199631e-06,2.46,112050,,,,,,,,,
0.1545,9.740079879760742,5.370435470404711e-06,2.46,112100,,,,,,,,,
0.1275,4.49330997467041,5.359449839609791e-06,2.46,112150,,,,,,,,,
0.1578,5.2973527908325195,5.34846420881487e-06,2.47,112200,,,,,,,,,
0.1194,23.421215057373047,5.33747857801995e-06,2.47,112250,,,,,,,,,
0.1096,2.4479751586914062,5.32649294722503e-06,2.47,112300,,,,,,,,,
0.1345,5.022243022918701,5.315507316430109e-06,2.47,112350,,,,,,,,,
0.1426,0.4076099693775177,5.3045216856351896e-06,2.47,112400,,,,,,,,,
0.1278,3.757582902908325,5.293536054840269e-06,2.47,112450,,,,,,,,,
0.1394,19.475196838378906,5.282550424045349e-06,2.47,112500,,,,,,,,,
0.1424,37.95639419555664,5.271564793250428e-06,2.47,112550,,,,,,,,,
0.1149,8.504128456115723,5.2605791624555086e-06,2.47,112600,,,,,,,,,
0.1522,0.25428372621536255,5.249593531660588e-06,2.48,112650,,,,,,,,,
0.146,5.6787028312683105,5.238607900865667e-06,2.48,112700,,,,,,,,,
0.1,0.22575445473194122,5.227622270070748e-06,2.48,112750,,,,,,,,,
0.1048,3.3236215114593506,5.216636639275828e-06,2.48,112800,,,,,,,,,
0.1753,37.87965393066406,5.205651008480907e-06,2.48,112850,,,,,,,,,
0.1186,25.482709884643555,5.194665377685986e-06,2.48,112900,,,,,,,,,
0.1587,24.024721145629883,5.183679746891067e-06,2.48,112950,,,,,,,,,
0.1319,0.10514592379331589,5.172694116096147e-06,2.48,113000,,,,,,,,,
0.1255,2.3866405487060547,5.1617084853012255e-06,2.48,113050,,,,,,,,,
0.1686,0.8027715682983398,5.150722854506306e-06,2.48,113100,,,,,,,,,
0.1202,10.40941333770752,5.139737223711386e-06,2.49,113150,,,,,,,,,
0.0949,2.1624703407287598,5.128751592916466e-06,2.49,113200,,,,,,,,,
0.1036,0.6375545859336853,5.1177659621215445e-06,2.49,113250,,,,,,,,,
0.1225,3.435823917388916,5.106780331326625e-06,2.49,113300,,,,,,,,,
0.1739,10.063396453857422,5.095794700531705e-06,2.49,113350,,,,,,,,,
0.1214,3.9921631813049316,5.084809069736784e-06,2.49,113400,,,,,,,,,
0.1414,41.25703430175781,5.073823438941864e-06,2.49,113450,,,,,,,,,
0.1246,0.11882849782705307,5.062837808146944e-06,2.49,113500,,,,,,,,,
0.0924,1.412597894668579,5.051852177352024e-06,2.49,113550,,,,,,,,,
0.1202,3.465367555618286,5.040866546557104e-06,2.5,113600,,,,,,,,,
0.2121,4.053328037261963,5.029880915762183e-06,2.5,113650,,,,,,,,,
0.1473,6.113409042358398,5.018895284967263e-06,2.5,113700,,,,,,,,,
0.1492,50.86648178100586,5.007909654172342e-06,2.5,113750,,,,,,,,,
0.1218,0.12318302690982819,4.996924023377423e-06,2.5,113800,,,,,,,,,
0.1766,6.698219299316406,4.985938392582502e-06,2.5,113850,,,,,,,,,
0.1306,3.176161766052246,4.974952761787582e-06,2.5,113900,,,,,,,,,
0.1251,0.9100609421730042,4.963967130992662e-06,2.5,113950,,,,,,,,,
0.0961,6.968573570251465,4.952981500197742e-06,2.5,114000,,,,,,,,,
0.112,14.158549308776855,4.941995869402821e-06,2.51,114050,,,,,,,,,
0.1477,5.773813247680664,4.9310102386079e-06,2.51,114100,,,,,,,,,
0.122,22.452274322509766,4.920024607812981e-06,2.51,114150,,,,,,,,,
0.1138,1.3222987651824951,4.909038977018061e-06,2.51,114200,,,,,,,,,
0.1716,8.989262580871582,4.89805334622314e-06,2.51,114250,,,,,,,,,
0.1243,14.213324546813965,4.88706771542822e-06,2.51,114300,,,,,,,,,
0.1232,6.97052001953125,4.8760820846333e-06,2.51,114350,,,,,,,,,
0.0831,0.08327840268611908,4.86509645383838e-06,2.51,114400,,,,,,,,,
0.131,31.439970016479492,4.8541108230434585e-06,2.51,114450,,,,,,,,,
0.1169,1.7874062061309814,4.843125192248539e-06,2.52,114500,,,,,,,,,
0.0999,2.841155529022217,4.832139561453619e-06,2.52,114550,,,,,,,,,
0.1238,21.970705032348633,4.821153930658699e-06,2.52,114600,,,,,,,,,
0.1648,13.95997142791748,4.810168299863778e-06,2.52,114650,,,,,,,,,
0.1286,0.5363090634346008,4.799182669068858e-06,2.52,114700,,,,,,,,,
0.0839,22.371021270751953,4.788197038273938e-06,2.52,114750,,,,,,,,,
0.1371,0.22084194421768188,4.777211407479018e-06,2.52,114800,,,,,,,,,
0.1187,29.365083694458008,4.766225776684097e-06,2.52,114850,,,,,,,,,
0.1256,0.1380656212568283,4.755240145889177e-06,2.52,114900,,,,,,,,,
0.1091,1.384758710861206,4.744254515094257e-06,2.53,114950,,,,,,,,,
0.1634,0.07153274118900299,4.733268884299337e-06,2.53,115000,,,,,,,,,
,,,2.53,115000,0.5283665657043457,459.6203,397.113,24.82,,,,,
0.1621,17.853586196899414,4.722283253504416e-06,2.53,115050,,,,,,,,,
0.082,1.4448996782302856,4.711297622709496e-06,2.53,115100,,,,,,,,,
0.1005,0.41029369831085205,4.700311991914576e-06,2.53,115150,,,,,,,,,
0.1446,0.12672573328018188,4.689326361119656e-06,2.53,115200,,,,,,,,,
0.1282,25.57232093811035,4.678340730324735e-06,2.53,115250,,,,,,,,,
0.1361,7.030066013336182,4.667355099529815e-06,2.53,115300,,,,,,,,,
0.1688,14.640557289123535,4.656369468734895e-06,2.53,115350,,,,,,,,,
0.1164,2.284665107727051,4.645383837939975e-06,2.54,115400,,,,,,,,,
0.0887,17.901554107666016,4.634398207145054e-06,2.54,115450,,,,,,,,,
0.1419,18.61056137084961,4.623412576350134e-06,2.54,115500,,,,,,,,,
0.1162,16.507478713989258,4.612426945555214e-06,2.54,115550,,,,,,,,,
0.0931,0.6322338581085205,4.601441314760294e-06,2.54,115600,,,,,,,,,
0.1235,11.181775093078613,4.590455683965373e-06,2.54,115650,,,,,,,,,
0.1147,1.5073020458221436,4.579470053170453e-06,2.54,115700,,,,,,,,,
0.1356,4.916080951690674,4.568484422375533e-06,2.54,115750,,,,,,,,,
0.114,11.848528861999512,4.557498791580613e-06,2.54,115800,,,,,,,,,
0.175,22.037837982177734,4.546513160785692e-06,2.55,115850,,,,,,,,,
0.1353,0.6148223876953125,4.535527529990772e-06,2.55,115900,,,,,,,,,
0.0914,3.6501033306121826,4.524541899195852e-06,2.55,115950,,,,,,,,,
0.1138,59.94554901123047,4.5135562684009325e-06,2.55,116000,,,,,,,,,
0.1022,52.28020095825195,4.502570637606011e-06,2.55,116050,,,,,,,,,
0.1397,14.911048889160156,4.491585006811091e-06,2.55,116100,,,,,,,,,
0.1379,3.617248296737671,4.480599376016171e-06,2.55,116150,,,,,,,,,
0.1122,12.324835777282715,4.469613745221251e-06,2.55,116200,,,,,,,,,
0.1141,0.9719693660736084,4.45862811442633e-06,2.55,116250,,,,,,,,,
0.101,4.840872764587402,4.44764248363141e-06,2.56,116300,,,,,,,,,
0.1378,0.303262323141098,4.436656852836491e-06,2.56,116350,,,,,,,,,
0.1236,0.3338600993156433,4.42567122204157e-06,2.56,116400,,,,,,,,,
0.1811,9.988847732543945,4.414685591246649e-06,2.56,116450,,,,,,,,,
0.1728,11.928888320922852,4.403699960451729e-06,2.56,116500,,,,,,,,,
0.1118,0.24708910286426544,4.392714329656809e-06,2.56,116550,,,,,,,,,
0.0994,11.403524398803711,4.381728698861889e-06,2.56,116600,,,,,,,,,
0.1154,23.592132568359375,4.370743068066968e-06,2.56,116650,,,,,,,,,
0.0864,13.997002601623535,4.359757437272049e-06,2.56,116700,,,,,,,,,
0.1323,0.8355249762535095,4.348771806477128e-06,2.57,116750,,,,,,,,,
0.1558,10.007043838500977,4.337786175682208e-06,2.57,116800,,,,,,,,,
0.0869,4.591681003570557,4.3268005448872874e-06,2.57,116850,,,,,,,,,
0.1638,0.18157486617565155,4.315814914092367e-06,2.57,116900,,,,,,,,,
0.0931,9.322429656982422,4.304829283297447e-06,2.57,116950,,,,,,,,,
0.089,13.528923034667969,4.293843652502527e-06,2.57,117000,,,,,,,,,
0.0861,8.309650421142578,4.282858021707607e-06,2.57,117050,,,,,,,,,
0.1075,11.56033706665039,4.271872390912686e-06,2.57,117100,,,,,,,,,
0.1447,22.5671329498291,4.260886760117766e-06,2.57,117150,,,,,,,,,
0.1846,7.4961161613464355,4.249901129322846e-06,2.58,117200,,,,,,,,,
0.1636,15.699075698852539,4.2389154985279254e-06,2.58,117250,,,,,,,,,
0.1049,27.351253509521484,4.227929867733005e-06,2.58,117300,,,,,,,,,
0.0978,0.6884259581565857,4.216944236938085e-06,2.58,117350,,,,,,,,,
0.1103,4.015413761138916,4.2059586061431655e-06,2.58,117400,,,,,,,,,
0.0946,14.659736633300781,4.1949729753482444e-06,2.58,117450,,,,,,,,,
0.1161,4.449591159820557,4.183987344553324e-06,2.58,117500,,,,,,,,,
0.1374,30.543447494506836,4.173001713758405e-06,2.58,117550,,,,,,,,,
0.1511,8.644392967224121,4.162016082963484e-06,2.58,117600,,,,,,,,,
0.1583,7.552995681762695,4.1510304521685634e-06,2.58,117650,,,,,,,,,
0.127,5.584433078765869,4.140044821373643e-06,2.59,117700,,,,,,,,,
0.1511,6.2392072677612305,4.129059190578724e-06,2.59,117750,,,,,,,,,
0.1347,0.10835284739732742,4.118073559783803e-06,2.59,117800,,,,,,,,,
0.1353,32.427886962890625,4.1070879289888825e-06,2.59,117850,,,,,,,,,
0.1039,8.784974098205566,4.096102298193963e-06,2.59,117900,,,,,,,,,
0.1612,5.549471378326416,4.085116667399042e-06,2.59,117950,,,,,,,,,
0.164,9.87601089477539,4.074131036604122e-06,2.59,118000,,,,,,,,,
0.1357,5.460163593292236,4.0631454058092015e-06,2.59,118050,,,,,,,,,
0.1064,18.205791473388672,4.052159775014282e-06,2.59,118100,,,,,,,,,
0.1201,35.900352478027344,4.041174144219361e-06,2.6,118150,,,,,,,,,
0.1714,13.991739273071289,4.030188513424441e-06,2.6,118200,,,,,,,,,
0.114,0.5793666243553162,4.019202882629521e-06,2.6,118250,,,,,,,,,
0.1331,3.8612608909606934,4.0082172518346e-06,2.6,118300,,,,,,,,,
0.1736,13.556123733520508,3.99723162103968e-06,2.6,118350,,,,,,,,,
0.1319,10.160996437072754,3.98624599024476e-06,2.6,118400,,,,,,,,,
0.1622,0.23811914026737213,3.97526035944984e-06,2.6,118450,,,,,,,,,
0.1102,24.77396011352539,3.964274728654919e-06,2.6,118500,,,,,,,,,
0.106,14.606608390808105,3.953289097859999e-06,2.6,118550,,,,,,,,,
0.1022,7.127261638641357,3.9423034670650796e-06,2.61,118600,,,,,,,,,
0.1554,5.192070484161377,3.9313178362701585e-06,2.61,118650,,,,,,,,,
0.1126,9.276789665222168,3.920332205475238e-06,2.61,118700,,,,,,,,,
0.1006,13.776034355163574,3.909346574680319e-06,2.61,118750,,,,,,,,,
0.1237,13.444596290588379,3.8983609438853986e-06,2.61,118800,,,,,,,,,
0.1334,0.7249981164932251,3.8873753130904775e-06,2.61,118850,,,,,,,,,
0.095,3.2623820304870605,3.876389682295557e-06,2.61,118900,,,,,,,,,
0.1334,16.642892837524414,3.865404051500638e-06,2.61,118950,,,,,,,,,
0.0721,0.4805986285209656,3.854418420705717e-06,2.61,119000,,,,,,,,,
0.1227,6.6501312255859375,3.8434327899107965e-06,2.62,119050,,,,,,,,,
0.1193,3.654097080230713,3.832447159115877e-06,2.62,119100,,,,,,,,,
0.1303,1.0606547594070435,3.821461528320957e-06,2.62,119150,,,,,,,,,
0.1083,1.2272570133209229,3.8104758975260357e-06,2.62,119200,,,,,,,,,
0.1361,20.514522552490234,3.7994902667311155e-06,2.62,119250,,,,,,,,,
0.1116,2.3294193744659424,3.7885046359361957e-06,2.62,119300,,,,,,,,,
0.1186,3.741239547729492,3.7775190051412754e-06,2.62,119350,,,,,,,,,
0.1612,3.7796781063079834,3.7665333743463547e-06,2.62,119400,,,,,,,,,
0.1226,1.8042999505996704,3.7555477435514353e-06,2.62,119450,,,,,,,,,
0.1347,17.086833953857422,3.7445621127565147e-06,2.63,119500,,,,,,,,,
0.1159,0.17028966546058655,3.733576481961594e-06,2.63,119550,,,,,,,,,
0.1108,0.35117360949516296,3.722590851166674e-06,2.63,119600,,,,,,,,,
0.1318,1.2586677074432373,3.711605220371754e-06,2.63,119650,,,,,,,,,
0.0718,25.79414939880371,3.7006195895768337e-06,2.63,119700,,,,,,,,,
0.1917,17.9488468170166,3.6896339587819134e-06,2.63,119750,,,,,,,,,
0.094,0.08901003003120422,3.678648327986993e-06,2.63,119800,,,,,,,,,
0.1088,0.6973084211349487,3.667662697192073e-06,2.63,119850,,,,,,,,,
0.1253,1.1011675596237183,3.6566770663971523e-06,2.63,119900,,,,,,,,,
0.1393,32.23552322387695,3.6456914356022324e-06,2.64,119950,,,,,,,,,
0.1327,7.943755149841309,3.634705804807312e-06,2.64,120000,,,,,,,,,
,,,2.64,120000,0.5519037246704102,459.8148,396.945,24.81,,,,,
0.1539,32.29892349243164,3.623720174012392e-06,2.64,120050,,,,,,,,,
0.1589,1.608625888824463,3.6127345432174717e-06,2.64,120100,,,,,,,,,
0.13,19.848608016967773,3.6017489124225514e-06,2.64,120150,,,,,,,,,
0.1189,10.73861312866211,3.590763281627631e-06,2.64,120200,,,,,,,,,
0.1403,4.12523889541626,3.579777650832711e-06,2.64,120250,,,,,,,,,
0.1472,11.191950798034668,3.5687920200377907e-06,2.64,120300,,,,,,,,,
0.1476,3.2870736122131348,3.5578063892428704e-06,2.64,120350,,,,,,,,,
0.1374,14.103530883789062,3.54682075844795e-06,2.65,120400,,,,,,,,,
0.1183,2.596311569213867,3.53583512765303e-06,2.65,120450,,,,,,,,,
0.1408,10.79532241821289,3.5248494968581097e-06,2.65,120500,,,,,,,,,
0.1198,0.11329001188278198,3.5138638660631894e-06,2.65,120550,,,,,,,,,
0.0859,0.5217698812484741,3.502878235268269e-06,2.65,120600,,,,,,,,,
0.1189,43.18321228027344,3.491892604473349e-06,2.65,120650,,,,,,,,,
0.1554,0.345477819442749,3.4809069736784287e-06,2.65,120700,,,,,,,,,
0.1904,10.031343460083008,3.4699213428835084e-06,2.65,120750,,,,,,,,,
0.1199,8.85153579711914,3.458935712088588e-06,2.65,120800,,,,,,,,,
0.1358,4.8755340576171875,3.4479500812936684e-06,2.66,120850,,,,,,,,,
0.1267,8.452167510986328,3.4369644504987477e-06,2.66,120900,,,,,,,,,
0.1216,21.225963592529297,3.4259788197038275e-06,2.66,120950,,,,,,,,,
0.1187,9.325218200683594,3.414993188908907e-06,2.66,121000,,,,,,,,,
0.1217,16.995588302612305,3.404007558113987e-06,2.66,121050,,,,,,,,,
0.1299,0.23180429637432098,3.3930219273190667e-06,2.66,121100,,,,,,,,,
0.1731,26.886085510253906,3.3820362965241465e-06,2.66,121150,,,,,,,,,
0.1274,53.82328414916992,3.3710506657292266e-06,2.66,121200,,,,,,,,,
0.0988,4.727541446685791,3.360065034934306e-06,2.66,121250,,,,,,,,,
0.1138,0.08446124941110611,3.3490794041393857e-06,2.67,121300,,,,,,,,,
0.1274,8.352883338928223,3.3380937733444655e-06,2.67,121350,,,,,,,,,
0.1637,0.06344625353813171,3.327108142549545e-06,2.67,121400,,,,,,,,,
0.1191,5.011193752288818,3.316122511754625e-06,2.67,121450,,,,,,,,,
0.151,14.151657104492188,3.3051368809597047e-06,2.67,121500,,,,,,,,,
0.0926,5.8934550285339355,3.294151250164785e-06,2.67,121550,,,,,,,,,
0.1245,2.4825072288513184,3.2831656193698642e-06,2.67,121600,,,,,,,,,
0.1227,20.466039657592773,3.272179988574944e-06,2.67,121650,,,,,,,,,
0.1446,3.062445878982544,3.2611943577800237e-06,2.67,121700,,,,,,,,,
0.1329,0.7588942646980286,3.2502087269851035e-06,2.68,121750,,,,,,,,,
0.1018,0.08541267365217209,3.2392230961901836e-06,2.68,121800,,,,,,,,,
0.1171,1.9285560846328735,3.228237465395263e-06,2.68,121850,,,,,,,,,
0.1241,4.690483570098877,3.217251834600343e-06,2.68,121900,,,,,,,,,
0.123,11.574387550354004,3.2062662038054225e-06,2.68,121950,,,,,,,,,
0.1202,4.781214714050293,3.1952805730105022e-06,2.68,122000,,,,,,,,,
0.0928,1.6258387565612793,3.184294942215582e-06,2.68,122050,,,,,,,,,
0.1462,18.763168334960938,3.1733093114206617e-06,2.68,122100,,,,,,,,,
0.0995,1.7319467067718506,3.162323680625742e-06,2.68,122150,,,,,,,,,
0.1183,12.530290603637695,3.1513380498308212e-06,2.68,122200,,,,,,,,,
0.1114,0.4098412096500397,3.1403524190359014e-06,2.69,122250,,,,,,,,,
0.1291,15.499409675598145,3.1293667882409807e-06,2.69,122300,,,,,,,,,
0.1144,0.194428488612175,3.1183811574460605e-06,2.69,122350,,,,,,,,,
0.1444,0.1101251170039177,3.1073955266511407e-06,2.69,122400,,,,,,,,,
0.1323,9.529898643493652,3.09640989585622e-06,2.69,122450,,,,,,,,,
0.1356,23.544721603393555,3.0854242650613e-06,2.69,122500,,,,,,,,,
0.1066,3.968181848526001,3.0744386342663795e-06,2.69,122550,,,,,,,,,
0.1381,6.61799430847168,3.0634530034714597e-06,2.69,122600,,,,,,,,,
0.1314,21.028976440429688,3.052467372676539e-06,2.69,122650,,,,,,,,,
0.1288,29.248136520385742,3.0414817418816187e-06,2.7,122700,,,,,,,,,
0.1708,1.198856234550476,3.030496111086699e-06,2.7,122750,,,,,,,,,
0.1609,10.960752487182617,3.0195104802917782e-06,2.7,122800,,,,,,,,,
0.1125,0.22083744406700134,3.0085248494968584e-06,2.7,122850,,,,,,,,,
0.0949,18.55740737915039,2.9975392187019377e-06,2.7,122900,,,,,,,,,
0.1328,19.717058181762695,2.986553587907018e-06,2.7,122950,,,,,,,,,
0.1054,21.01129150390625,2.9755679571120977e-06,2.7,123000,,,,,,,,,
0.1264,18.39975357055664,2.964582326317177e-06,2.7,123050,,,,,,,,,
0.1344,27.7309513092041,2.953596695522257e-06,2.7,123100,,,,,,,,,
0.1366,11.301793098449707,2.9426110647273365e-06,2.71,123150,,,,,,,,,
0.0905,0.20477719604969025,2.9316254339324167e-06,2.71,123200,,,,,,,,,
0.1413,0.5193031430244446,2.920639803137496e-06,2.71,123250,,,,,,,,,
0.1458,4.391785621643066,2.909654172342576e-06,2.71,123300,,,,,,,,,
0.1246,9.621627807617188,2.898668541547656e-06,2.71,123350,,,,,,,,,
0.1443,0.6000920534133911,2.8876829107527353e-06,2.71,123400,,,,,,,,,
0.1471,1.2398040294647217,2.8766972799578154e-06,2.71,123450,,,,,,,,,
0.1241,39.80933380126953,2.8657116491628948e-06,2.71,123500,,,,,,,,,
0.0886,0.1955045908689499,2.854726018367975e-06,2.71,123550,,,,,,,,,
0.0852,10.545455932617188,2.8437403875730547e-06,2.72,123600,,,,,,,,,
0.1445,60.58938217163086,2.832754756778134e-06,2.72,123650,,,,,,,,,
0.1624,3.0207176208496094,2.821769125983214e-06,2.72,123700,,,,,,,,,
0.1124,8.783513069152832,2.8107834951882935e-06,2.72,123750,,,,,,,,,
0.1471,27.52097511291504,2.7997978643933737e-06,2.72,123800,,,,,,,,,
0.1308,2.412705421447754,2.788812233598453e-06,2.72,123850,,,,,,,,,
0.0857,24.797256469726562,2.777826602803533e-06,2.72,123900,,,,,,,,,
0.163,2.487661123275757,2.766840972008613e-06,2.72,123950,,,,,,,,,
0.1275,7.516695022583008,2.7558553412136923e-06,2.72,124000,,,,,,,,,
0.1217,31.35049819946289,2.7448697104187724e-06,2.73,124050,,,,,,,,,
0.1038,2.369717836380005,2.7338840796238518e-06,2.73,124100,,,,,,,,,
0.126,4.182343006134033,2.722898448828932e-06,2.73,124150,,,,,,,,,
0.1104,0.7197396159172058,2.7119128180340117e-06,2.73,124200,,,,,,,,,
0.1102,0.9235091805458069,2.7009271872390915e-06,2.73,124250,,,,,,,,,
0.1553,8.731955528259277,2.689941556444171e-06,2.73,124300,,,,,,,,,
0.1038,3.214184522628784,2.6789559256492505e-06,2.73,124350,,,,,,,,,
0.1486,9.117925643920898,2.6679702948543307e-06,2.73,124400,,,,,,,,,
0.1496,0.13918040692806244,2.65698466405941e-06,2.73,124450,,,,,,,,,
0.1404,29.022119522094727,2.64599903326449e-06,2.74,124500,,,,,,,,,
0.1258,3.8917577266693115,2.63501340246957e-06,2.74,124550,,,,,,,,,
0.1188,3.8697896003723145,2.6240277716746497e-06,2.74,124600,,,,,,,,,
0.1296,4.120196342468262,2.6130421408797295e-06,2.74,124650,,,,,,,,,
0.1225,7.656864643096924,2.602056510084809e-06,2.74,124700,,,,,,,,,
0.1473,17.090721130371094,2.591070879289889e-06,2.74,124750,,,,,,,,,
0.1224,0.4928641617298126,2.5800852484949687e-06,2.74,124800,,,,,,,,,
0.1455,9.032171249389648,2.5690996177000485e-06,2.74,124850,,,,,,,,,
0.1326,0.7050592303276062,2.5581139869051282e-06,2.74,124900,,,,,,,,,
0.1118,28.508102416992188,2.547128356110208e-06,2.75,124950,,,,,,,,,
0.0986,7.4723944664001465,2.5361427253152877e-06,2.75,125000,,,,,,,,,
,,,2.75,125000,0.5318548679351807,459.666,397.073,24.818,,,,,
0.0967,1.4085711240768433,2.525157094520367e-06,2.75,125050,,,,,,,,,
0.0911,26.239072799682617,2.5141714637254472e-06,2.75,125100,,,,,,,,,
0.0995,2.5415306091308594,2.503185832930527e-06,2.75,125150,,,,,,,,,
0.1596,3.0751893520355225,2.4922002021356067e-06,2.75,125200,,,,,,,,,
0.1544,16.658082962036133,2.4812145713406865e-06,2.75,125250,,,,,,,,,
0.1281,53.634071350097656,2.4702289405457662e-06,2.75,125300,,,,,,,,,
0.1164,32.86554718017578,2.459243309750846e-06,2.75,125350,,,,,,,,,
0.172,7.64407205581665,2.4482576789559253e-06,2.76,125400,,,,,,,,,
0.0913,0.99860018491745,2.4372720481610055e-06,2.76,125450,,,,,,,,,
0.12,26.045764923095703,2.4262864173660852e-06,2.76,125500,,,,,,,,,
0.1228,27.820636749267578,2.415300786571165e-06,2.76,125550,,,,,,,,,
0.1232,1.7085829973220825,2.4043151557762447e-06,2.76,125600,,,,,,,,,
0.1175,7.276483535766602,2.3933295249813245e-06,2.76,125650,,,,,,,,,
0.1615,2.2366738319396973,2.3823438941864042e-06,2.76,125700,,,,,,,,,
0.1289,17.236522674560547,2.371358263391484e-06,2.76,125750,,,,,,,,,
0.1174,1.2075952291488647,2.3603726325965637e-06,2.76,125800,,,,,,,,,
0.1565,0.998120129108429,2.3493870018016435e-06,2.77,125850,,,,,,,,,
0.1212,0.31190019845962524,2.3384013710067232e-06,2.77,125900,,,,,,,,,
0.1061,4.8740315437316895,2.327415740211803e-06,2.77,125950,,,,,,,,,
0.1239,3.961862564086914,2.3164301094168827e-06,2.77,126000,,,,,,,,,
0.1571,20.181453704833984,2.3054444786219625e-06,2.77,126050,,,,,,,,,
0.139,7.769962310791016,2.2944588478270422e-06,2.77,126100,,,,,,,,,
0.1352,7.031711578369141,2.283473217032122e-06,2.77,126150,,,,,,,,,
0.1183,28.08014678955078,2.2724875862372018e-06,2.77,126200,,,,,,,,,
0.121,18.48863983154297,2.2615019554422815e-06,2.77,126250,,,,,,,,,
0.0787,81.00923156738281,2.2505163246473613e-06,2.77,126300,,,,,,,,,
0.1303,60.50386428833008,2.2395306938524414e-06,2.78,126350,,,,,,,,,
0.1279,0.17402565479278564,2.2285450630575208e-06,2.78,126400,,,,,,,,,
0.0976,0.12472572922706604,2.2175594322626005e-06,2.78,126450,,,,,,,,,
0.1475,1.2146861553192139,2.2065738014676803e-06,2.78,126500,,,,,,,,,
0.1454,12.526148796081543,2.19558817067276e-06,2.78,126550,,,,,,,,,
0.1349,16.665632247924805,2.1846025398778398e-06,2.78,126600,,,,,,,,,
0.0891,0.04254328832030296,2.1736169090829195e-06,2.78,126650,,,,,,,,,
0.097,0.4700872004032135,2.1626312782879997e-06,2.78,126700,,,,,,,,,
0.1206,7.856080532073975,2.151645647493079e-06,2.78,126750,,,,,,,,,
0.1126,11.401972770690918,2.1406600166981588e-06,2.79,126800,,,,,,,,,
0.1111,2.8648629188537598,2.1296743859032385e-06,2.79,126850,,,,,,,,,
0.1219,5.590662956237793,2.1186887551083183e-06,2.79,126900,,,,,,,,,
0.1115,0.12272030860185623,2.1077031243133984e-06,2.79,126950,,,,,,,,,
0.1199,31.240005493164062,2.0967174935184778e-06,2.79,127000,,,,,,,,,
0.1047,10.727490425109863,2.085731862723558e-06,2.79,127050,,,,,,,,,
0.1353,24.63440704345703,2.0747462319286373e-06,2.79,127100,,,,,,,,,
0.1323,14.09937858581543,2.063760601133717e-06,2.79,127150,,,,,,,,,
0.1029,0.2594274580478668,2.0527749703387968e-06,2.79,127200,,,,,,,,,
0.1718,2.3896288871765137,2.0417893395438765e-06,2.8,127250,,,,,,,,,
0.0935,1.8946213722229004,2.0308037087489567e-06,2.8,127300,,,,,,,,,
0.176,8.60175895690918,2.019818077954036e-06,2.8,127350,,,,,,,,,
0.1328,14.242180824279785,2.008832447159116e-06,2.8,127400,,,,,,,,,
0.1185,6.147277355194092,1.9978468163641955e-06,2.8,127450,,,,,,,,,
0.1437,0.204609677195549,1.9868611855692753e-06,2.8,127500,,,,,,,,,
0.0966,7.615817546844482,1.9758755547743555e-06,2.8,127550,,,,,,,,,
0.1148,25.497041702270508,1.9648899239794348e-06,2.8,127600,,,,,,,,,
0.1277,23.446224212646484,1.953904293184515e-06,2.8,127650,,,,,,,,,
0.1561,21.143613815307617,1.9429186623895943e-06,2.81,127700,,,,,,,,,
0.1084,0.5508019328117371,1.9319330315946745e-06,2.81,127750,,,,,,,,,
0.0961,15.082898139953613,1.920947400799754e-06,2.81,127800,,,,,,,,,
0.1388,22.93431282043457,1.9099617700048335e-06,2.81,127850,,,,,,,,,
0.1211,0.08682558685541153,1.8989761392099137e-06,2.81,127900,,,,,,,,,
0.1076,1.5081654787063599,1.8879905084149933e-06,2.81,127950,,,,,,,,,
0.128,11.351264953613281,1.877004877620073e-06,2.81,128000,,,,,,,,,
0.1406,20.78780746459961,1.8660192468251528e-06,2.81,128050,,,,,,,,,
0.1456,9.972236633300781,1.8550336160302325e-06,2.81,128100,,,,,,,,,
0.1485,2.466499090194702,1.8440479852353123e-06,2.82,128150,,,,,,,,,
0.1386,13.578851699829102,1.833062354440392e-06,2.82,128200,,,,,,,,,
0.1362,10.717594146728516,1.8220767236454718e-06,2.82,128250,,,,,,,,,
0.1265,8.502107620239258,1.8110910928505517e-06,2.82,128300,,,,,,,,,
0.1267,27.480140686035156,1.8001054620556313e-06,2.82,128350,,,,,,,,,
0.0996,5.530147552490234,1.789119831260711e-06,2.82,128400,,,,,,,,,
0.1047,24.397693634033203,1.7781342004657908e-06,2.82,128450,,,,,,,,,
0.1676,12.163764953613281,1.7671485696708705e-06,2.82,128500,,,,,,,,,
0.1566,6.581447601318359,1.7561629388759503e-06,2.82,128550,,,,,,,,,
0.1426,0.21378003060817719,1.7451773080810302e-06,2.83,128600,,,,,,,,,
0.1068,2.0420589447021484,1.7341916772861098e-06,2.83,128650,,,,,,,,,
0.1408,27.757307052612305,1.7232060464911895e-06,2.83,128700,,,,,,,,,
0.1068,3.5088446140289307,1.7122204156962693e-06,2.83,128750,,,,,,,,,
0.1188,10.444050788879395,1.701234784901349e-06,2.83,128800,,,,,,,,,
0.1062,16.11711883544922,1.6902491541064288e-06,2.83,128850,,,,,,,,,
0.0975,29.277631759643555,1.6792635233115087e-06,2.83,128900,,,,,,,,,
0.15,5.83019495010376,1.6682778925165885e-06,2.83,128950,,,,,,,,,
0.148,0.28022655844688416,1.657292261721668e-06,2.83,129000,,,,,,,,,
0.1411,0.04588303342461586,1.6463066309267478e-06,2.84,129050,,,,,,,,,
0.1576,11.52910041809082,1.6353210001318275e-06,2.84,129100,,,,,,,,,
0.1231,5.414747714996338,1.6243353693369073e-06,2.84,129150,,,,,,,,,
0.1419,42.9066162109375,1.6133497385419872e-06,2.84,129200,,,,,,,,,
0.1143,0.24045446515083313,1.602364107747067e-06,2.84,129250,,,,,,,,,
0.1229,8.17790412902832,1.5913784769521467e-06,2.84,129300,,,,,,,,,
0.1124,0.26647481322288513,1.5803928461572263e-06,2.84,129350,,,,,,,,,
0.1126,0.14598116278648376,1.569407215362306e-06,2.84,129400,,,,,,,,,
0.1318,28.89557647705078,1.5584215845673858e-06,2.84,129450,,,,,,,,,
0.1068,4.4982590675354,1.5474359537724655e-06,2.85,129500,,,,,,,,,
0.0782,6.111036777496338,1.5364503229775455e-06,2.85,129550,,,,,,,,,
0.1043,9.924443244934082,1.5254646921826253e-06,2.85,129600,,,,,,,,,
0.1821,25.523019790649414,1.514479061387705e-06,2.85,129650,,,,,,,,,
0.1215,0.1479101926088333,1.5034934305927845e-06,2.85,129700,,,,,,,,,
0.1282,2.914994716644287,1.4925077997978643e-06,2.85,129750,,,,,,,,,
0.1468,11.137097358703613,1.481522169002944e-06,2.85,129800,,,,,,,,,
0.1518,12.591846466064453,1.470536538208024e-06,2.85,129850,,,,,,,,,
0.1025,1.784328818321228,1.4595509074131038e-06,2.85,129900,,,,,,,,,
0.1378,0.45862510800361633,1.4485652766181835e-06,2.86,129950,,,,,,,,,
0.1426,6.569282531738281,1.4375796458232633e-06,2.86,130000,,,,,,,,,
,,,2.86,130000,0.5241758823394775,459.6906,397.052,24.817,,,,,
0.1309,2.197270631790161,1.4265940150283428e-06,2.86,130050,,,,,,,,,
0.0911,22.816972732543945,1.4156083842334226e-06,2.86,130100,,,,,,,,,
0.0985,25.798107147216797,1.4046227534385025e-06,2.86,130150,,,,,,,,,
0.0926,0.1320618987083435,1.3936371226435823e-06,2.86,130200,,,,,,,,,
0.1113,0.03968508914113045,1.382651491848662e-06,2.86,130250,,,,,,,,,
0.0739,17.58660888671875,1.3716658610537418e-06,2.86,130300,,,,,,,,,
0.1299,2.6906888484954834,1.3606802302588215e-06,2.86,130350,,,,,,,,,
0.1393,0.189226433634758,1.349694599463901e-06,2.87,130400,,,,,,,,,
0.1372,4.590902805328369,1.338708968668981e-06,2.87,130450,,,,,,,,,
0.0942,3.4294865131378174,1.3277233378740608e-06,2.87,130500,,,,,,,,,
0.132,0.9228904843330383,1.3167377070791405e-06,2.87,130550,,,,,,,,,
0.1588,1.6570674180984497,1.3057520762842203e-06,2.87,130600,,,,,,,,,
0.103,7.739436149597168,1.2947664454893e-06,2.87,130650,,,,,,,,,
0.1253,1.02212655544281,1.2837808146943798e-06,2.87,130700,,,,,,,,,
0.0992,1.7762062549591064,1.2727951838994595e-06,2.87,130750,,,,,,,,,
0.1066,27.350475311279297,1.2618095531045393e-06,2.87,130800,,,,,,,,,
0.0967,9.684123992919922,1.250823922309619e-06,2.87,130850,,,,,,,,,
0.0902,25.80752944946289,1.2398382915146988e-06,2.88,130900,,,,,,,,,
0.1203,11.937777519226074,1.2288526607197785e-06,2.88,130950,,,,,,,,,
0.1202,1.0478827953338623,1.2178670299248583e-06,2.88,131000,,,,,,,,,
0.1119,15.26207447052002,1.2068813991299383e-06,2.88,131050,,,,,,,,,
0.0963,19.554302215576172,1.1958957683350178e-06,2.88,131100,,,,,,,,,
0.1293,8.67928409576416,1.1849101375400975e-06,2.88,131150,,,,,,,,,
0.1267,19.26186752319336,1.1739245067451773e-06,2.88,131200,,,,,,,,,
0.111,0.138501837849617,1.162938875950257e-06,2.88,131250,,,,,,,,,
0.15,2.2786948680877686,1.1519532451553368e-06,2.88,131300,,,,,,,,,
0.142,18.278072357177734,1.1409676143604168e-06,2.89,131350,,,,,,,,,
0.1542,0.5101589560508728,1.1299819835654965e-06,2.89,131400,,,,,,,,,
0.1385,0.19425998628139496,1.118996352770576e-06,2.89,131450,,,,,,,,,
0.0947,4.833621978759766,1.1080107219756558e-06,2.89,131500,,,,,,,,,
0.1402,53.94781494140625,1.0970250911807356e-06,2.89,131550,,,,,,,,,
0.1241,5.611832141876221,1.0860394603858153e-06,2.89,131600,,,,,,,,,
0.0887,4.832589626312256,1.0750538295908953e-06,2.89,131650,,,,,,,,,
0.1185,0.42815425992012024,1.064068198795975e-06,2.89,131700,,,,,,,,,
0.0867,0.2584936320781708,1.0530825680010548e-06,2.89,131750,,,,,,,,,
0.1069,0.041985299438238144,1.0420969372061343e-06,2.9,131800,,,,,,,,,
0.1186,16.649518966674805,1.031111306411214e-06,2.9,131850,,,,,,,,,
0.1369,5.282313823699951,1.0201256756162938e-06,2.9,131900,,,,,,,,,
0.134,0.2928939759731293,1.0091400448213738e-06,2.9,131950,,,,,,,,,
0.14,13.604900360107422,9.981544140264535e-07,2.9,132000,,,,,,,,,
0.0981,10.444883346557617,9.871687832315333e-07,2.9,132050,,,,,,,,,
0.1134,1.8822349309921265,9.761831524366128e-07,2.9,132100,,,,,,,,,
0.1173,18.90974998474121,9.651975216416926e-07,2.9,132150,,,,,,,,,
0.089,0.3938809037208557,9.542118908467723e-07,2.9,132200,,,,,,,,,
0.1271,0.37066179513931274,9.432262600518523e-07,2.91,132250,,,,,,,,,
0.1822,8.529497146606445,9.322406292569319e-07,2.91,132300,,,,,,,,,
0.1435,34.887046813964844,9.212549984620118e-07,2.91,132350,,,,,,,,,
0.0817,1.5464838743209839,9.102693676670914e-07,2.91,132400,,,,,,,,,
0.088,0.22920913994312286,8.992837368721712e-07,2.91,132450,,,,,,,,,
0.1225,15.336343765258789,8.88298106077251e-07,2.91,132500,,,,,,,,,
0.1115,15.04005241394043,8.773124752823307e-07,2.91,132550,,,,,,,,,
0.1185,15.285894393920898,8.663268444874104e-07,2.91,132600,,,,,,,,,
0.1052,19.47825050354004,8.553412136924903e-07,2.91,132650,,,,,,,,,
0.0861,3.0399630069732666,8.4435558289757e-07,2.92,132700,,,,,,,,,
0.1105,1.031917691230774,8.333699521026497e-07,2.92,132750,,,,,,,,,
0.0876,0.061819784343242645,8.223843213077295e-07,2.92,132800,,,,,,,,,
0.1048,6.3692851066589355,8.113986905128093e-07,2.92,132850,,,,,,,,,
0.1683,0.5835158824920654,8.004130597178889e-07,2.92,132900,,,,,,,,,
0.0707,41.58599090576172,7.894274289229688e-07,2.92,132950,,,,,,,,,
0.1579,0.40468141436576843,7.784417981280485e-07,2.92,133000,,,,,,,,,
0.1112,3.224165678024292,7.674561673331282e-07,2.92,133050,,,,,,,,,
0.1139,5.732280254364014,7.56470536538208e-07,2.92,133100,,,,,,,,,
0.1544,25.88831901550293,7.454849057432878e-07,2.93,133150,,,,,,,,,
0.1151,10.98415470123291,7.344992749483676e-07,2.93,133200,,,,,,,,,
0.1138,28.493953704833984,7.235136441534473e-07,2.93,133250,,,,,,,,,
0.1348,47.7756233215332,7.125280133585271e-07,2.93,133300,,,,,,,,,
0.0873,0.07889211922883987,7.015423825636068e-07,2.93,133350,,,,,,,,,
0.0909,16.109710693359375,6.905567517686866e-07,2.93,133400,,,,,,,,,
0.1248,13.391152381896973,6.795711209737663e-07,2.93,133450,,,,,,,,,
0.1064,1.476885437965393,6.685854901788461e-07,2.93,133500,,,,,,,,,
0.1193,5.557746887207031,6.575998593839259e-07,2.93,133550,,,,,,,,,
0.1117,0.7845266461372375,6.466142285890056e-07,2.94,133600,,,,,,,,,
0.0848,9.046472549438477,6.356285977940853e-07,2.94,133650,,,,,,,,,
0.1252,30.299875259399414,6.246429669991652e-07,2.94,133700,,,,,,,,,
0.1123,4.704206466674805,6.136573362042448e-07,2.94,133750,,,,,,,,,
0.1224,2.081620931625366,6.026717054093246e-07,2.94,133800,,,,,,,,,
0.1125,16.909252166748047,5.916860746144044e-07,2.94,133850,,,,,,,,,
0.0897,3.885862112045288,5.807004438194842e-07,2.94,133900,,,,,,,,,
0.0574,0.7317377328872681,5.697148130245638e-07,2.94,133950,,,,,,,,,
0.1453,6.3923468589782715,5.587291822296437e-07,2.94,134000,,,,,,,,,
0.1126,9.038886070251465,5.477435514347234e-07,2.95,134050,,,,,,,,,
0.1504,5.799663066864014,5.367579206398031e-07,2.95,134100,,,,,,,,,
0.1212,0.9254866242408752,5.257722898448829e-07,2.95,134150,,,,,,,,,
0.0993,0.5072848200798035,5.147866590499627e-07,2.95,134200,,,,,,,,,
0.1423,3.835667610168457,5.038010282550424e-07,2.95,134250,,,,,,,,,
0.1196,42.84662628173828,4.928153974601222e-07,2.95,134300,,,,,,,,,
0.1409,1.4533754587173462,4.818297666652019e-07,2.95,134350,,,,,,,,,
0.1265,3.3168179988861084,4.7084413587028164e-07,2.95,134400,,,,,,,,,
0.1476,0.595209538936615,4.5985850507536144e-07,2.95,134450,,,,,,,,,
0.1152,0.14217041432857513,4.488728742804412e-07,2.96,134500,,,,,,,,,
0.1272,27.35370445251465,4.37887243485521e-07,2.96,134550,,,,,,,,,
0.1183,3.1538519859313965,4.269016126906007e-07,2.96,134600,,,,,,,,,
0.1531,11.640742301940918,4.1591598189568045e-07,2.96,134650,,,,,,,,,
0.1218,8.676260948181152,4.0493035110076025e-07,2.96,134700,,,,,,,,,
0.1277,1.7969855070114136,3.9394472030583995e-07,2.96,134750,,,,,,,,,
0.115,1.819143533706665,3.8295908951091975e-07,2.96,134800,,,,,,,,,
0.1419,10.460049629211426,3.7197345871599945e-07,2.96,134850,,,,,,,,,
0.0864,5.60249662399292,3.6098782792107925e-07,2.96,134900,,,,,,,,,
0.1295,14.783745765686035,3.50002197126159e-07,2.97,134950,,,,,,,,,
0.109,0.8611984848976135,3.390165663312387e-07,2.97,135000,,,,,,,,,
,,,2.97,135000,0.5458006262779236,459.6412,397.094,24.819,,,,,
0.073,31.074586868286133,3.280309355363185e-07,2.97,135050,,,,,,,,,
0.1054,2.7365641593933105,3.1704530474139826e-07,2.97,135100,,,,,,,,,
0.104,0.5682700276374817,3.06059673946478e-07,2.97,135150,,,,,,,,,
0.142,0.26281508803367615,2.9507404315155776e-07,2.97,135200,,,,,,,,,
0.1393,8.47558307647705,2.840884123566375e-07,2.97,135250,,,,,,,,,
0.1324,5.399260520935059,2.7310278156171726e-07,2.97,135300,,,,,,,,,
0.1237,17.314165115356445,2.62117150766797e-07,2.97,135350,,,,,,,,,
0.1103,16.33168601989746,2.511315199718768e-07,2.97,135400,,,,,,,,,
0.1085,9.839404106140137,2.401458891769565e-07,2.98,135450,,,,,,,,,
0.1416,0.12415722012519836,2.291602583820363e-07,2.98,135500,,,,,,,,,
0.1417,0.41122326254844666,2.1817462758711605e-07,2.98,135550,,,,,,,,,
0.1247,6.57857084274292,2.0718899679219582e-07,2.98,135600,,,,,,,,,
0.1549,25.205493927001953,1.9620336599727558e-07,2.98,135650,,,,,,,,,
0.059,3.0611660480499268,1.8521773520235533e-07,2.98,135700,,,,,,,,,
0.1154,6.943833827972412,1.7423210440743508e-07,2.98,135750,,,,,,,,,
0.1463,0.09616829454898834,1.6324647361251483e-07,2.98,135800,,,,,,,,,
0.0985,8.325018882751465,1.5226084281759458e-07,2.98,135850,,,,,,,,,
0.0965,13.290242195129395,1.4127521202267436e-07,2.99,135900,,,,,,,,,
0.1001,16.68962287902832,1.302895812277541e-07,2.99,135950,,,,,,,,,
0.0959,3.6342740058898926,1.1930395043283386e-07,2.99,136000,,,,,,,,,
0.1398,2.968301773071289,1.0831831963791361e-07,2.99,136050,,,,,,,,,
0.109,31.96351432800293,9.733268884299336e-08,2.99,136100,,,,,,,,,
0.0863,6.664714336395264,8.634705804807311e-08,2.99,136150,,,,,,,,,
0.0763,17.949697494506836,7.536142725315288e-08,2.99,136200,,,,,,,,,
0.085,0.47026851773262024,6.437579645823264e-08,2.99,136250,,,,,,,,,
0.1378,7.907412052154541,5.339016566331239e-08,2.99,136300,,,,,,,,,
0.1138,2.215437889099121,4.2404534868392146e-08,3.0,136350,,,,,,,,,
0.1048,0.271190345287323,3.14189040734719e-08,3.0,136400,,,,,,,,,
0.1208,16.848703384399414,2.0433273278551655e-08,3.0,136450,,,,,,,,,
0.0963,0.7874158620834351,9.447642483631409e-09,3.0,136500,,,,,,,,,
,,,3.0,136500,,,,,34717.3506,62.927,3.933,,0.2542975642511364
