loss,grad_norm,learning_rate,epoch,step,eval_loss,eval_runtime,eval_samples_per_second,eval_steps_per_second,train_runtime,train_samples_per_second,train_steps_per_second,total_flos,train_loss
3.97,15.417771339416504,2.997733894464228e-05,0.0023123525875225455,50,,,,,,,,,
2.6745,14.384294509887695,2.9954215418767054e-05,0.004624705175045091,100,,,,,,,,,
2.0336,17.09892463684082,2.9931091892891827e-05,0.006937057762567637,150,,,,,,,,,
1.8338,20.814208984375,2.9907968367016606e-05,0.009249410350090182,200,,,,,,,,,
1.6281,13.98080825805664,2.988484484114138e-05,0.011561762937612727,250,,,,,,,,,
1.5242,23.83469009399414,2.9861721315266154e-05,0.013874115525135273,300,,,,,,,,,
1.4953,16.5767879486084,2.9838597789390926e-05,0.01618646811265782,350,,,,,,,,,
1.4703,20.589717864990234,2.9815474263515702e-05,0.018498820700180364,400,,,,,,,,,
1.4056,15.667236328125,2.9792350737640475e-05,0.02081117328770291,450,,,,,,,,,
1.304,12.535497665405273,2.976922721176525e-05,0.023123525875225454,500,,,,,,,,,
1.314,21.844459533691406,2.9746103685890026e-05,0.025435878462747998,550,,,,,,,,,
1.2625,20.292484283447266,2.97229801600148e-05,0.027748231050270546,600,,,,,,,,,
1.2708,27.01766014099121,2.9699856634139574e-05,0.03006058363779309,650,,,,,,,,,
1.3003,13.679443359375,2.9676733108264346e-05,0.03237293622531564,700,,,,,,,,,
1.1593,24.89653968811035,2.9653609582389122e-05,0.03468528881283818,750,,,,,,,,,
1.1157,15.03927230834961,2.9630486056513898e-05,0.03699764140036073,800,,,,,,,,,
1.1958,15.577868461608887,2.9607362530638674e-05,0.03930999398788327,850,,,,,,,,,
1.1543,20.84615707397461,2.9584239004763446e-05,0.04162234657540582,900,,,,,,,,,
1.2692,17.582502365112305,2.9561115478888222e-05,0.043934699162928366,950,,,,,,,,,
1.1452,16.896425247192383,2.9537991953012994e-05,0.04624705175045091,1000,,,,,,,,,
1.121,12.066802024841309,2.9514868427137773e-05,0.048559404337973455,1050,,,,,,,,,
1.1848,16.892087936401367,2.9491744901262546e-05,0.050871756925495996,1100,,,,,,,,,
1.1575,16.583913803100586,2.946862137538732e-05,0.053184109513018545,1150,,,,,,,,,
1.1703,16.866823196411133,2.9445497849512094e-05,0.05549646210054109,1200,,,,,,,,,
1.1526,11.814330101013184,2.942237432363687e-05,0.057808814688063634,1250,,,,,,,,,
1.1052,16.309307098388672,2.9399250797761642e-05,0.06012116727558618,1300,,,,,,,,,
0.9998,17.018892288208008,2.937612727188642e-05,0.06243351986310873,1350,,,,,,,,,
1.091,14.382952690124512,2.9353003746011193e-05,0.06474587245063128,1400,,,,,,,,,
1.0482,10.58459758758545,2.9329880220135966e-05,0.06705822503815381,1450,,,,,,,,,
1.0049,10.456778526306152,2.930675669426074e-05,0.06937057762567636,1500,,,,,,,,,
1.0734,7.020677089691162,2.9283633168385514e-05,0.07168293021319891,1550,,,,,,,,,
1.0738,17.567729949951172,2.926050964251029e-05,0.07399528280072146,1600,,,,,,,,,
1.0309,19.64618682861328,2.9237386116635065e-05,0.076307635388244,1650,,,,,,,,,
1.0178,12.467595100402832,2.921426259075984e-05,0.07861998797576654,1700,,,,,,,,,
1.0826,10.076801300048828,2.9191139064884613e-05,0.08093234056328909,1750,,,,,,,,,
0.9878,18.952024459838867,2.916801553900939e-05,0.08324469315081164,1800,,,,,,,,,
1.0317,17.22034454345703,2.914489201313416e-05,0.08555704573833418,1850,,,,,,,,,
1.0754,18.341358184814453,2.912176848725894e-05,0.08786939832585673,1900,,,,,,,,,
1.0222,18.80876922607422,2.9098644961383713e-05,0.09018175091337927,1950,,,,,,,,,
0.9716,13.138949394226074,2.907552143550849e-05,0.09249410350090181,2000,,,,,,,,,
0.9972,12.48408031463623,2.905239790963326e-05,0.09480645608842436,2050,,,,,,,,,
0.9766,15.808887481689453,2.9029274383758037e-05,0.09711880867594691,2100,,,,,,,,,
0.8881,10.824789047241211,2.900615085788281e-05,0.09943116126346946,2150,,,,,,,,,
0.9912,25.469966888427734,2.898302733200759e-05,0.10174351385099199,2200,,,,,,,,,
1.033,22.1132755279541,2.895990380613236e-05,0.10405586643851454,2250,,,,,,,,,
0.9784,15.31251335144043,2.8936780280257133e-05,0.10636821902603709,2300,,,,,,,,,
0.9071,15.84165096282959,2.891365675438191e-05,0.10868057161355964,2350,,,,,,,,,
0.9998,15.97369384765625,2.889053322850668e-05,0.11099292420108219,2400,,,,,,,,,
0.9723,14.77756118774414,2.8867409702631457e-05,0.11330527678860472,2450,,,,,,,,,
1.0408,14.871864318847656,2.8844286176756233e-05,0.11561762937612727,2500,,,,,,,,,
0.9078,10.27552318572998,2.882116265088101e-05,0.11792998196364982,2550,,,,,,,,,
0.9866,inf,2.879803912500578e-05,0.12024233455117236,2600,,,,,,,,,
0.9058,13.298497200012207,2.8774915599130557e-05,0.12255468713869491,2650,,,,,,,,,
0.9906,25.241968154907227,2.875179207325533e-05,0.12486703972621746,2700,,,,,,,,,
0.877,9.739716529846191,2.8728668547380105e-05,0.12717939231374,2750,,,,,,,,,
0.9649,19.367839813232422,2.870554502150488e-05,0.12949174490126256,2800,,,,,,,,,
0.9334,21.378448486328125,2.8682421495629656e-05,0.13180409748878508,2850,,,,,,,,,
0.9252,24.264020919799805,2.865929796975443e-05,0.13411645007630763,2900,,,,,,,,,
0.9534,20.269317626953125,2.8636174443879204e-05,0.13642880266383017,2950,,,,,,,,,
0.9361,8.70156192779541,2.8613050918003977e-05,0.13874115525135272,3000,,,,,,,,,
0.8379,13.882818222045898,2.8589927392128756e-05,0.14105350783887527,3050,,,,,,,,,
0.8713,15.083187103271484,2.8566803866253528e-05,0.14336586042639782,3100,,,,,,,,,
0.9448,12.3218355178833,2.85436803403783e-05,0.14567821301392037,3150,,,,,,,,,
0.9407,16.988319396972656,2.8520556814503076e-05,0.1479905656014429,3200,,,,,,,,,
0.961,9.02050495147705,2.849743328862785e-05,0.15030291818896546,3250,,,,,,,,,
0.9144,12.091586112976074,2.8474309762752624e-05,0.152615270776488,3300,,,,,,,,,
0.8515,11.844223022460938,2.84511862368774e-05,0.15492762336401053,3350,,,,,,,,,
0.7957,15.485017776489258,2.8428062711002176e-05,0.15723997595153308,3400,,,,,,,,,
0.8596,8.853185653686523,2.8404939185126948e-05,0.15955232853905563,3450,,,,,,,,,
0.8566,16.93666648864746,2.8381815659251724e-05,0.16186468112657817,3500,,,,,,,,,
0.8589,9.272852897644043,2.8358692133376496e-05,0.16417703371410072,3550,,,,,,,,,
0.9671,12.205682754516602,2.8335568607501272e-05,0.16648938630162327,3600,,,,,,,,,
0.7809,22.3316650390625,2.8312445081626048e-05,0.16880173888914582,3650,,,,,,,,,
0.9134,11.568060874938965,2.8289321555750823e-05,0.17111409147666837,3700,,,,,,,,,
0.9013,10.444488525390625,2.8266198029875596e-05,0.17342644406419092,3750,,,,,,,,,
0.8998,12.522608757019043,2.824307450400037e-05,0.17573879665171346,3800,,,,,,,,,
0.8984,10.921111106872559,2.8219950978125144e-05,0.178051149239236,3850,,,,,,,,,
0.9636,12.985137939453125,2.8196827452249923e-05,0.18036350182675853,3900,,,,,,,,,
0.9543,16.36716651916504,2.8173703926374695e-05,0.18267585441428108,3950,,,,,,,,,
0.8837,17.927669525146484,2.8150580400499468e-05,0.18498820700180363,4000,,,,,,,,,
0.9076,18.485803604125977,2.8127456874624243e-05,0.18730055958932618,4050,,,,,,,,,
0.8805,16.798429489135742,2.8104333348749016e-05,0.18961291217684872,4100,,,,,,,,,
0.8583,13.659841537475586,2.808120982287379e-05,0.19192526476437127,4150,,,,,,,,,
0.8304,9.035117149353027,2.8058086296998567e-05,0.19423761735189382,4200,,,,,,,,,
0.872,11.710869789123535,2.8034962771123343e-05,0.19654996993941637,4250,,,,,,,,,
0.8681,11.374584197998047,2.8011839245248115e-05,0.19886232252693892,4300,,,,,,,,,
0.8681,16.57825469970703,2.798871571937289e-05,0.20117467511446147,4350,,,,,,,,,
0.8596,15.153399467468262,2.7965592193497664e-05,0.20348702770198399,4400,,,,,,,,,
0.8651,11.832541465759277,2.794246866762244e-05,0.20579938028950653,4450,,,,,,,,,
0.7988,19.66214370727539,2.7919345141747215e-05,0.20811173287702908,4500,,,,,,,,,
0.8838,15.61562728881836,2.789622161587199e-05,0.21042408546455163,4550,,,,,,,,,
0.884,15.874953269958496,2.7873098089996763e-05,0.21273643805207418,4600,,,,,,,,,
0.8539,7.3616228103637695,2.784997456412154e-05,0.21504879063959673,4650,,,,,,,,,
0.8698,10.362455368041992,2.782685103824631e-05,0.21736114322711927,4700,,,,,,,,,
0.9048,16.049745559692383,2.7803727512371087e-05,0.21967349581464182,4750,,,,,,,,,
0.8094,18.20307159423828,2.7780603986495863e-05,0.22198584840216437,4800,,,,,,,,,
0.8746,17.295299530029297,2.7757480460620635e-05,0.22429820098968692,4850,,,,,,,,,
0.808,16.075178146362305,2.773435693474541e-05,0.22661055357720944,4900,,,,,,,,,
0.8632,14.564850807189941,2.7711233408870183e-05,0.228922906164732,4950,,,,,,,,,
0.834,9.59676456451416,2.768810988299496e-05,0.23123525875225454,5000,,,,,,,,,
,,,0.23123525875225454,5000,0.8017075061798096,218.7765,396.19,24.765,,,,,
0.8831,16.61737823486328,2.7664986357119735e-05,0.23354761133977708,5050,,,,,,,,,
0.7966,20.393924713134766,2.764186283124451e-05,0.23585996392729963,5100,,,,,,,,,
0.8144,10.746133804321289,2.7618739305369283e-05,0.23817231651482218,5150,,,,,,,,,
0.9017,9.752429008483887,2.759561577949406e-05,0.24048466910234473,5200,,,,,,,,,
0.8564,16.371761322021484,2.757249225361883e-05,0.24279702168986728,5250,,,,,,,,,
0.7513,15.409574508666992,2.7549368727743607e-05,0.24510937427738982,5300,,,,,,,,,
0.9059,9.092001914978027,2.7526245201868382e-05,0.24742172686491237,5350,,,,,,,,,
0.8566,9.437710762023926,2.7503121675993158e-05,0.24973407945243492,5400,,,,,,,,,
0.7892,13.540900230407715,2.747999815011793e-05,0.25204643203995747,5450,,,,,,,,,
0.8422,10.943838119506836,2.7456874624242706e-05,0.25435878462748,5500,,,,,,,,,
0.8405,15.118307113647461,2.743375109836748e-05,0.25667113721500256,5550,,,,,,,,,
0.8537,18.01827049255371,2.7410627572492254e-05,0.2589834898025251,5600,,,,,,,,,
0.8245,22.483949661254883,2.738750404661703e-05,0.26129584239004766,5650,,,,,,,,,
0.8188,10.752434730529785,2.7364380520741802e-05,0.26360819497757015,5700,,,,,,,,,
0.8456,14.103801727294922,2.7341256994866578e-05,0.2659205475650927,5750,,,,,,,,,
0.8603,12.713661193847656,2.731813346899135e-05,0.26823290015261525,5800,,,,,,,,,
0.7025,16.940814971923828,2.7295009943116126e-05,0.2705452527401378,5850,,,,,,,,,
0.8218,17.46201515197754,2.72718864172409e-05,0.27285760532766035,5900,,,,,,,,,
0.8016,16.009370803833008,2.7248762891365678e-05,0.2751699579151829,5950,,,,,,,,,
0.8014,11.05696964263916,2.722563936549045e-05,0.27748231050270544,6000,,,,,,,,,
0.8217,12.450425148010254,2.7202515839615226e-05,0.279794663090228,6050,,,,,,,,,
0.8169,15.258073806762695,2.7179392313739998e-05,0.28210701567775054,6100,,,,,,,,,
0.8479,15.213713645935059,2.7156268787864774e-05,0.2844193682652731,6150,,,,,,,,,
0.7404,21.52791404724121,2.713314526198955e-05,0.28673172085279564,6200,,,,,,,,,
0.7552,13.986083984375,2.7110021736114325e-05,0.2890440734403182,6250,,,,,,,,,
0.7341,11.501031875610352,2.7086898210239098e-05,0.29135642602784073,6300,,,,,,,,,
0.8394,25.87774085998535,2.7063774684363874e-05,0.2936687786153633,6350,,,,,,,,,
0.8062,13.169150352478027,2.7040651158488646e-05,0.2959811312028858,6400,,,,,,,,,
0.8262,11.387372970581055,2.701752763261342e-05,0.2982934837904084,6450,,,,,,,,,
0.8694,12.662240028381348,2.6994404106738197e-05,0.3006058363779309,6500,,,,,,,,,
0.8379,11.475486755371094,2.6971280580862973e-05,0.30291818896545347,6550,,,,,,,,,
0.8104,16.744258880615234,2.6948157054987745e-05,0.305230541552976,6600,,,,,,,,,
0.867,16.135204315185547,2.6925033529112518e-05,0.30754289414049857,6650,,,,,,,,,
0.7781,11.326128959655762,2.6901910003237294e-05,0.30985524672802106,6700,,,,,,,,,
0.7664,8.601398468017578,2.6878786477362066e-05,0.3121675993155436,6750,,,,,,,,,
0.7603,8.681720733642578,2.6855662951486845e-05,0.31447995190306616,6800,,,,,,,,,
0.7388,11.763358116149902,2.6832539425611617e-05,0.3167923044905887,6850,,,,,,,,,
0.7568,19.453102111816406,2.6809415899736393e-05,0.31910465707811125,6900,,,,,,,,,
0.8033,8.396222114562988,2.6786292373861166e-05,0.3214170096656338,6950,,,,,,,,,
0.7402,21.721994400024414,2.676316884798594e-05,0.32372936225315635,7000,,,,,,,,,
0.8211,17.347938537597656,2.6740045322110717e-05,0.3260417148406789,7050,,,,,,,,,
0.82,10.009050369262695,2.6716921796235493e-05,0.32835406742820145,7100,,,,,,,,,
0.8294,21.701326370239258,2.6693798270360265e-05,0.330666420015724,7150,,,,,,,,,
0.7679,13.515578269958496,2.667067474448504e-05,0.33297877260324654,7200,,,,,,,,,
0.7152,29.113794326782227,2.6647551218609813e-05,0.3352911251907691,7250,,,,,,,,,
0.7327,10.256662368774414,2.662442769273459e-05,0.33760347777829164,7300,,,,,,,,,
0.804,8.37050724029541,2.6601304166859365e-05,0.3399158303658142,7350,,,,,,,,,
0.8317,14.492538452148438,2.657818064098414e-05,0.34222818295333673,7400,,,,,,,,,
0.7786,15.077176094055176,2.6555057115108913e-05,0.3445405355408593,7450,,,,,,,,,
0.6915,15.245532989501953,2.6531933589233685e-05,0.34685288812838183,7500,,,,,,,,,
0.7553,19.459598541259766,2.650881006335846e-05,0.3491652407159044,7550,,,,,,,,,
0.8611,15.1476411819458,2.6485686537483233e-05,0.3514775933034269,7600,,,,,,,,,
0.8269,14.738920211791992,2.6462563011608012e-05,0.3537899458909495,7650,,,,,,,,,
0.8746,17.891878128051758,2.6439439485732785e-05,0.356102298478472,7700,,,,,,,,,
0.7733,19.332632064819336,2.641631595985756e-05,0.3584146510659945,7750,,,,,,,,,
0.7978,17.314245223999023,2.6393192433982333e-05,0.36072700365351706,7800,,,,,,,,,
0.8208,16.593778610229492,2.637006890810711e-05,0.3630393562410396,7850,,,,,,,,,
0.7575,9.664886474609375,2.634694538223188e-05,0.36535170882856216,7900,,,,,,,,,
0.747,10.098155975341797,2.632382185635666e-05,0.3676640614160847,7950,,,,,,,,,
0.848,14.471024513244629,2.6300698330481432e-05,0.36997641400360726,8000,,,,,,,,,
0.7577,17.622671127319336,2.6277574804606208e-05,0.3722887665911298,8050,,,,,,,,,
0.6869,10.969894409179688,2.625445127873098e-05,0.37460111917865235,8100,,,,,,,,,
0.7715,16.755041122436523,2.6231327752855756e-05,0.3769134717661749,8150,,,,,,,,,
0.8409,10.7900390625,2.6208204226980532e-05,0.37922582435369745,8200,,,,,,,,,
0.7747,12.831186294555664,2.6185080701105308e-05,0.38153817694122,8250,,,,,,,,,
0.7516,15.784378051757812,2.616195717523008e-05,0.38385052952874255,8300,,,,,,,,,
0.8229,13.658336639404297,2.6138833649354853e-05,0.3861628821162651,8350,,,,,,,,,
0.7672,19.4394474029541,2.6115710123479628e-05,0.38847523470378764,8400,,,,,,,,,
0.7917,14.422492027282715,2.60925865976044e-05,0.3907875872913102,8450,,,,,,,,,
0.8139,20.02298355102539,2.606946307172918e-05,0.39309993987883274,8500,,,,,,,,,
0.8511,12.292101860046387,2.6046339545853952e-05,0.3954122924663553,8550,,,,,,,,,
0.7224,12.672468185424805,2.6023216019978728e-05,0.39772464505387783,8600,,,,,,,,,
0.8096,11.761311531066895,2.60000924941035e-05,0.4000369976414004,8650,,,,,,,,,
0.7992,4.27170991897583,2.5976968968228276e-05,0.40234935022892293,8700,,,,,,,,,
0.7676,12.957286834716797,2.595384544235305e-05,0.4046617028164455,8750,,,,,,,,,
0.7975,11.982518196105957,2.5930721916477827e-05,0.40697405540396797,8800,,,,,,,,,
0.7454,18.94025421142578,2.59075983906026e-05,0.4092864079914905,8850,,,,,,,,,
0.8068,20.146438598632812,2.5884474864727376e-05,0.41159876057901307,8900,,,,,,,,,
0.6978,17.332307815551758,2.5861351338852148e-05,0.4139111131665356,8950,,,,,,,,,
0.7956,13.388497352600098,2.5838227812976924e-05,0.41622346575405816,9000,,,,,,,,,
0.7475,9.655155181884766,2.58151042871017e-05,0.4185358183415807,9050,,,,,,,,,
0.713,18.00033187866211,2.5791980761226475e-05,0.42084817092910326,9100,,,,,,,,,
0.6986,13.739927291870117,2.5768857235351247e-05,0.4231605235166258,9150,,,,,,,,,
0.804,14.342628479003906,2.574573370947602e-05,0.42547287610414836,9200,,,,,,,,,
0.8481,13.580724716186523,2.5722610183600796e-05,0.4277852286916709,9250,,,,,,,,,
0.7477,12.98007869720459,2.5699486657725568e-05,0.43009758127919345,9300,,,,,,,,,
0.7352,11.94135570526123,2.5676363131850347e-05,0.432409933866716,9350,,,,,,,,,
0.7482,8.988369941711426,2.565323960597512e-05,0.43472228645423855,9400,,,,,,,,,
0.8124,13.196208953857422,2.5630116080099895e-05,0.4370346390417611,9450,,,,,,,,,
0.7831,16.098407745361328,2.5606992554224668e-05,0.43934699162928365,9500,,,,,,,,,
0.7081,12.380765914916992,2.5583869028349443e-05,0.4416593442168062,9550,,,,,,,,,
0.753,14.11768913269043,2.5560745502474216e-05,0.44397169680432874,9600,,,,,,,,,
0.7299,7.4864959716796875,2.5537621976598995e-05,0.4462840493918513,9650,,,,,,,,,
0.796,10.614762306213379,2.5514498450723767e-05,0.44859640197937384,9700,,,,,,,,,
0.719,15.213138580322266,2.5491374924848543e-05,0.4509087545668964,9750,,,,,,,,,
0.7349,17.94438362121582,2.5468251398973315e-05,0.4532211071544189,9800,,,,,,,,,
0.7504,13.286333084106445,2.544512787309809e-05,0.4555334597419414,9850,,,,,,,,,
0.7924,13.902167320251465,2.5422004347222863e-05,0.457845812329464,9900,,,,,,,,,
0.6998,11.438450813293457,2.5398880821347642e-05,0.4601581649169865,9950,,,,,,,,,
0.805,10.871349334716797,2.5375757295472415e-05,0.46247051750450907,10000,,,,,,,,,
,,,0.46247051750450907,10000,0.731208086013794,218.8649,396.03,24.755,,,,,
0.8038,13.56818962097168,2.5352633769597187e-05,0.4647828700920316,10050,,,,,,,,,
0.7932,15.262120246887207,2.5329510243721963e-05,0.46709522267955417,10100,,,,,,,,,
0.7396,7.189336776733398,2.5306386717846735e-05,0.4694075752670767,10150,,,,,,,,,
0.7572,13.735636711120605,2.5283263191971514e-05,0.47171992785459926,10200,,,,,,,,,
0.7337,13.502296447753906,2.5260139666096287e-05,0.4740322804421218,10250,,,,,,,,,
0.7989,16.312618255615234,2.5237016140221063e-05,0.47634463302964436,10300,,,,,,,,,
0.7175,7.403197765350342,2.5213892614345835e-05,0.4786569856171669,10350,,,,,,,,,
0.7587,16.38449478149414,2.519076908847061e-05,0.48096933820468946,10400,,,,,,,,,
0.7799,20.720680236816406,2.5167645562595383e-05,0.483281690792212,10450,,,,,,,,,
0.7118,11.798025131225586,2.5144522036720162e-05,0.48559404337973455,10500,,,,,,,,,
0.7294,8.23141098022461,2.5121398510844934e-05,0.4879063959672571,10550,,,,,,,,,
0.7442,9.804038047790527,2.509827498496971e-05,0.49021874855477965,10600,,,,,,,,,
0.8077,12.428776741027832,2.5075151459094483e-05,0.4925311011423022,10650,,,,,,,,,
0.7444,15.588973045349121,2.505202793321926e-05,0.49484345372982474,10700,,,,,,,,,
0.703,9.851001739501953,2.502890440734403e-05,0.4971558063173473,10750,,,,,,,,,
0.7349,4.749992370605469,2.500578088146881e-05,0.49946815890486984,10800,,,,,,,,,
0.7408,9.875899314880371,2.4982657355593582e-05,0.5017805114923923,10850,,,,,,,,,
0.6827,10.48820686340332,2.4959533829718355e-05,0.5040928640799149,10900,,,,,,,,,
0.7187,10.75316333770752,2.493641030384313e-05,0.5064052166674374,10950,,,,,,,,,
0.6578,8.317753791809082,2.4913286777967903e-05,0.50871756925496,11000,,,,,,,,,
0.7598,11.263805389404297,2.489016325209268e-05,0.5110299218424825,11050,,,,,,,,,
0.718,14.076265335083008,2.4867039726217454e-05,0.5133422744300051,11100,,,,,,,,,
0.6337,16.241334915161133,2.484391620034223e-05,0.5156546270175276,11150,,,,,,,,,
0.7411,10.53039264678955,2.4820792674467002e-05,0.5179669796050502,11200,,,,,,,,,
0.6902,21.469478607177734,2.4797669148591778e-05,0.5202793321925727,11250,,,,,,,,,
0.7098,21.652355194091797,2.477454562271655e-05,0.5225916847800953,11300,,,,,,,,,
0.6535,15.29190444946289,2.475142209684133e-05,0.5249040373676178,11350,,,,,,,,,
0.6664,7.586392879486084,2.4728298570966102e-05,0.5272163899551403,11400,,,,,,,,,
0.7261,19.999900817871094,2.4705175045090878e-05,0.5295287425426629,11450,,,,,,,,,
0.7276,7.743955612182617,2.468205151921565e-05,0.5318410951301854,11500,,,,,,,,,
0.8023,8.674592018127441,2.4658927993340426e-05,0.534153447717708,11550,,,,,,,,,
0.7444,9.664324760437012,2.4635804467465198e-05,0.5364658003052305,11600,,,,,,,,,
0.6467,24.616310119628906,2.4612680941589977e-05,0.5387781528927531,11650,,,,,,,,,
0.7153,17.694486618041992,2.458955741571475e-05,0.5410905054802756,11700,,,,,,,,,
0.6909,13.51904010772705,2.4566433889839522e-05,0.5434028580677982,11750,,,,,,,,,
0.7379,14.672846794128418,2.4543310363964298e-05,0.5457152106553207,11800,,,,,,,,,
0.7991,16.036836624145508,2.452018683808907e-05,0.5480275632428433,11850,,,,,,,,,
0.7749,9.41419792175293,2.4497063312213846e-05,0.5503399158303658,11900,,,,,,,,,
0.7317,9.412178039550781,2.447393978633862e-05,0.5526522684178884,11950,,,,,,,,,
0.6811,15.85255241394043,2.4450816260463397e-05,0.5549646210054109,12000,,,,,,,,,
0.7204,9.162848472595215,2.442769273458817e-05,0.5572769735929335,12050,,,,,,,,,
0.7079,11.863163948059082,2.4404569208712945e-05,0.559589326180456,12100,,,,,,,,,
0.7004,9.252565383911133,2.4381445682837718e-05,0.5619016787679786,12150,,,,,,,,,
0.7331,5.3082451820373535,2.4358322156962497e-05,0.5642140313555011,12200,,,,,,,,,
0.7709,19.113468170166016,2.433519863108727e-05,0.5665263839430237,12250,,,,,,,,,
0.7223,12.798439025878906,2.4312075105212045e-05,0.5688387365305462,12300,,,,,,,,,
0.7088,9.776598930358887,2.4288951579336817e-05,0.5711510891180688,12350,,,,,,,,,
0.7819,17.93548011779785,2.4265828053461593e-05,0.5734634417055913,12400,,,,,,,,,
0.7362,15.043749809265137,2.4242704527586365e-05,0.5757757942931138,12450,,,,,,,,,
0.7554,13.49725341796875,2.4219581001711144e-05,0.5780881468806364,12500,,,,,,,,,
0.7298,13.862427711486816,2.4196457475835917e-05,0.5804004994681589,12550,,,,,,,,,
0.7262,9.429740905761719,2.4173333949960693e-05,0.5827128520556815,12600,,,,,,,,,
0.7096,13.840738296508789,2.4150210424085465e-05,0.585025204643204,12650,,,,,,,,,
0.7367,12.90108585357666,2.4127086898210237e-05,0.5873375572307266,12700,,,,,,,,,
0.6926,19.81149673461914,2.4103963372335013e-05,0.589649909818249,12750,,,,,,,,,
0.681,7.812071800231934,2.408083984645979e-05,0.5919622624057717,12800,,,,,,,,,
0.6955,9.73302173614502,2.4057716320584565e-05,0.5942746149932941,12850,,,,,,,,,
0.7047,9.489480018615723,2.4034592794709337e-05,0.5965869675808168,12900,,,,,,,,,
0.7949,17.9926700592041,2.4011469268834113e-05,0.5988993201683392,12950,,,,,,,,,
0.7663,11.978008270263672,2.3988345742958885e-05,0.6012116727558618,13000,,,,,,,,,
0.7625,16.827241897583008,2.396522221708366e-05,0.6035240253433843,13050,,,,,,,,,
0.6894,12.938068389892578,2.3942098691208436e-05,0.6058363779309069,13100,,,,,,,,,
0.7184,13.025538444519043,2.3918975165333212e-05,0.6081487305184294,13150,,,,,,,,,
0.7131,8.7925443649292,2.3895851639457985e-05,0.610461083105952,13200,,,,,,,,,
0.659,15.20634651184082,2.387272811358276e-05,0.6127734356934745,13250,,,,,,,,,
0.6728,10.824027061462402,2.3849604587707533e-05,0.6150857882809971,13300,,,,,,,,,
0.6904,16.09719467163086,2.3826481061832312e-05,0.6173981408685196,13350,,,,,,,,,
0.6973,8.66524600982666,2.3803357535957084e-05,0.6197104934560421,13400,,,,,,,,,
0.7332,16.360088348388672,2.378023401008186e-05,0.6220228460435647,13450,,,,,,,,,
0.7255,14.71479320526123,2.3757110484206632e-05,0.6243351986310872,13500,,,,,,,,,
0.7501,11.087629318237305,2.3733986958331405e-05,0.6266475512186098,13550,,,,,,,,,
0.7087,8.586334228515625,2.371086343245618e-05,0.6289599038061323,13600,,,,,,,,,
0.6753,12.600506782531738,2.3687739906580956e-05,0.6312722563936549,13650,,,,,,,,,
0.7227,18.84111976623535,2.3664616380705732e-05,0.6335846089811774,13700,,,,,,,,,
0.6679,18.572301864624023,2.3641492854830504e-05,0.6358969615687,13750,,,,,,,,,
0.6886,4.733311176300049,2.361836932895528e-05,0.6382093141562225,13800,,,,,,,,,
0.6685,15.024681091308594,2.3595245803080052e-05,0.6405216667437451,13850,,,,,,,,,
0.7321,21.62339210510254,2.3572122277204828e-05,0.6428340193312676,13900,,,,,,,,,
0.648,18.022985458374023,2.3548998751329604e-05,0.6451463719187902,13950,,,,,,,,,
0.6957,25.231243133544922,2.352587522545438e-05,0.6474587245063127,14000,,,,,,,,,
0.6813,13.258947372436523,2.3502751699579152e-05,0.6497710770938353,14050,,,,,,,,,
0.6573,27.484888076782227,2.3479628173703928e-05,0.6520834296813578,14100,,,,,,,,,
0.6868,8.734305381774902,2.34565046478287e-05,0.6543957822688804,14150,,,,,,,,,
0.6951,10.863877296447754,2.343338112195348e-05,0.6567081348564029,14200,,,,,,,,,
0.681,20.011356353759766,2.341025759607825e-05,0.6590204874439255,14250,,,,,,,,,
0.7193,17.75597381591797,2.3387134070203027e-05,0.661332840031448,14300,,,,,,,,,
0.693,12.352681159973145,2.33640105443278e-05,0.6636451926189706,14350,,,,,,,,,
0.7067,10.588054656982422,2.3340887018452572e-05,0.6659575452064931,14400,,,,,,,,,
0.6856,11.807374954223633,2.3317763492577348e-05,0.6682698977940156,14450,,,,,,,,,
0.6122,15.17919921875,2.3294639966702123e-05,0.6705822503815382,14500,,,,,,,,,
0.6702,49.95838928222656,2.32715164408269e-05,0.6728946029690607,14550,,,,,,,,,
0.6787,13.205411911010742,2.324839291495167e-05,0.6752069555565833,14600,,,,,,,,,
0.7373,12.106685638427734,2.3225269389076447e-05,0.6775193081441058,14650,,,,,,,,,
0.7018,8.771477699279785,2.320214586320122e-05,0.6798316607316284,14700,,,,,,,,,
0.7342,8.451035499572754,2.3179022337325995e-05,0.6821440133191509,14750,,,,,,,,,
0.7247,7.340516567230225,2.315589881145077e-05,0.6844563659066735,14800,,,,,,,,,
0.682,9.4330472946167,2.3132775285575547e-05,0.686768718494196,14850,,,,,,,,,
0.7116,11.089853286743164,2.310965175970032e-05,0.6890810710817186,14900,,,,,,,,,
0.7123,8.388582229614258,2.3086528233825095e-05,0.6913934236692411,14950,,,,,,,,,
0.7002,14.45573902130127,2.3063404707949867e-05,0.6937057762567637,15000,,,,,,,,,
,,,0.6937057762567637,15000,0.7035759091377258,218.8639,396.031,24.755,,,,,
0.6913,6.957271099090576,2.3040281182074643e-05,0.6960181288442862,15050,,,,,,,,,
0.6847,13.708091735839844,2.301715765619942e-05,0.6983304814318088,15100,,,,,,,,,
0.7249,10.372333526611328,2.2994034130324195e-05,0.7006428340193313,15150,,,,,,,,,
0.6542,10.546359062194824,2.2970910604448967e-05,0.7029551866068539,15200,,,,,,,,,
0.6659,12.232890129089355,2.294778707857374e-05,0.7052675391943763,15250,,,,,,,,,
0.7573,10.376943588256836,2.2924663552698515e-05,0.707579891781899,15300,,,,,,,,,
0.6616,6.296400547027588,2.290154002682329e-05,0.7098922443694214,15350,,,,,,,,,
0.6871,12.28829288482666,2.2878416500948067e-05,0.712204596956944,15400,,,,,,,,,
0.6689,12.82475757598877,2.285529297507284e-05,0.7145169495444665,15450,,,,,,,,,
0.6641,21.063570022583008,2.2832169449197615e-05,0.716829302131989,15500,,,,,,,,,
0.6154,6.364006519317627,2.2809045923322387e-05,0.7191416547195116,15550,,,,,,,,,
0.7534,12.129304885864258,2.2785922397447163e-05,0.7214540073070341,15600,,,,,,,,,
0.686,9.053248405456543,2.276279887157194e-05,0.7237663598945567,15650,,,,,,,,,
0.6981,14.30263614654541,2.2739675345696714e-05,0.7260787124820792,15700,,,,,,,,,
0.7256,12.925858497619629,2.2716551819821487e-05,0.7283910650696018,15750,,,,,,,,,
0.7138,20.421232223510742,2.2693428293946262e-05,0.7307034176571243,15800,,,,,,,,,
0.7453,8.780860900878906,2.2670304768071035e-05,0.7330157702446469,15850,,,,,,,,,
0.738,7.438182830810547,2.264718124219581e-05,0.7353281228321694,15900,,,,,,,,,
0.6517,14.97990608215332,2.2624057716320586e-05,0.737640475419692,15950,,,,,,,,,
0.6493,12.076506614685059,2.2600934190445362e-05,0.7399528280072145,16000,,,,,,,,,
0.6812,3.7016353607177734,2.2577810664570134e-05,0.7422651805947371,16050,,,,,,,,,
0.6565,22.282194137573242,2.2554687138694907e-05,0.7445775331822596,16100,,,,,,,,,
0.7647,23.188997268676758,2.2531563612819682e-05,0.7468898857697822,16150,,,,,,,,,
0.7237,16.269617080688477,2.2508440086944455e-05,0.7492022383573047,16200,,,,,,,,,
0.6274,13.246256828308105,2.2485316561069234e-05,0.7515145909448273,16250,,,,,,,,,
0.5733,15.696016311645508,2.2462193035194006e-05,0.7538269435323498,16300,,,,,,,,,
0.6106,18.601591110229492,2.2439069509318782e-05,0.7561392961198724,16350,,,,,,,,,
0.666,18.51933479309082,2.2415945983443554e-05,0.7584516487073949,16400,,,,,,,,,
0.6287,9.953665733337402,2.239282245756833e-05,0.7607640012949175,16450,,,,,,,,,
0.6237,10.129968643188477,2.2369698931693106e-05,0.76307635388244,16500,,,,,,,,,
0.6955,15.454442977905273,2.234657540581788e-05,0.7653887064699625,16550,,,,,,,,,
0.7093,12.67475414276123,2.2323451879942654e-05,0.7677010590574851,16600,,,,,,,,,
0.5896,10.199950218200684,2.230032835406743e-05,0.7700134116450076,16650,,,,,,,,,
0.696,20.057199478149414,2.2277204828192202e-05,0.7723257642325302,16700,,,,,,,,,
0.6166,19.343416213989258,2.2254081302316978e-05,0.7746381168200527,16750,,,,,,,,,
0.668,14.169583320617676,2.2230957776441754e-05,0.7769504694075753,16800,,,,,,,,,
0.6194,8.669330596923828,2.220783425056653e-05,0.7792628219950978,16850,,,,,,,,,
0.639,11.923535346984863,2.21847107246913e-05,0.7815751745826204,16900,,,,,,,,,
0.6697,13.821415901184082,2.2161587198816074e-05,0.7838875271701429,16950,,,,,,,,,
0.6873,14.40884017944336,2.213846367294085e-05,0.7861998797576655,17000,,,,,,,,,
0.6888,9.144046783447266,2.2115340147065622e-05,0.788512232345188,17050,,,,,,,,,
0.6702,12.222111701965332,2.20922166211904e-05,0.7908245849327106,17100,,,,,,,,,
0.6049,10.214868545532227,2.2069093095315174e-05,0.7931369375202331,17150,,,,,,,,,
0.6968,10.82227897644043,2.204596956943995e-05,0.7954492901077557,17200,,,,,,,,,
0.6928,13.553772926330566,2.202284604356472e-05,0.7977616426952782,17250,,,,,,,,,
0.6851,15.84403133392334,2.1999722517689497e-05,0.8000739952828008,17300,,,,,,,,,
0.625,12.895215034484863,2.1976598991814273e-05,0.8023863478703233,17350,,,,,,,,,
0.6333,13.479388236999512,2.195347546593905e-05,0.8046987004578459,17400,,,,,,,,,
0.6654,9.709757804870605,2.193035194006382e-05,0.8070110530453684,17450,,,,,,,,,
0.7118,10.1448392868042,2.1907228414188597e-05,0.809323405632891,17500,,,,,,,,,
0.6339,12.694790840148926,2.188410488831337e-05,0.8116357582204135,17550,,,,,,,,,
0.6719,13.263359069824219,2.1860981362438145e-05,0.8139481108079359,17600,,,,,,,,,
0.6422,11.53157901763916,2.183785783656292e-05,0.8162604633954585,17650,,,,,,,,,
0.6248,11.300506591796875,2.1814734310687697e-05,0.818572815982981,17700,,,,,,,,,
0.5857,20.241872787475586,2.179161078481247e-05,0.8208851685705036,17750,,,,,,,,,
0.693,17.017593383789062,2.1768487258937245e-05,0.8231975211580261,17800,,,,,,,,,
0.6856,17.288497924804688,2.1745363733062017e-05,0.8255098737455487,17850,,,,,,,,,
0.6979,9.232995986938477,2.172224020718679e-05,0.8278222263330712,17900,,,,,,,,,
0.7618,11.40391731262207,2.169911668131157e-05,0.8301345789205938,17950,,,,,,,,,
0.6304,11.553793907165527,2.167599315543634e-05,0.8324469315081163,18000,,,,,,,,,
0.7138,13.545998573303223,2.1652869629561117e-05,0.8347592840956389,18050,,,,,,,,,
0.6443,11.69787883758545,2.162974610368589e-05,0.8370716366831614,18100,,,,,,,,,
0.6202,13.75838851928711,2.1606622577810665e-05,0.839383989270684,18150,,,,,,,,,
0.7138,14.981436729431152,2.1583499051935437e-05,0.8416963418582065,18200,,,,,,,,,
0.6248,12.947422981262207,2.1560375526060216e-05,0.8440086944457291,18250,,,,,,,,,
0.6675,11.707474708557129,2.153725200018499e-05,0.8463210470332516,18300,,,,,,,,,
0.7083,12.393506050109863,2.1514128474309764e-05,0.8486333996207742,18350,,,,,,,,,
0.6662,8.144108772277832,2.1491004948434537e-05,0.8509457522082967,18400,,,,,,,,,
0.6389,18.880884170532227,2.1467881422559312e-05,0.8532581047958193,18450,,,,,,,,,
0.6693,12.789168357849121,2.1444757896684088e-05,0.8555704573833418,18500,,,,,,,,,
0.6207,14.782468795776367,2.1421634370808864e-05,0.8578828099708644,18550,,,,,,,,,
0.6828,18.93924903869629,2.1398510844933636e-05,0.8601951625583869,18600,,,,,,,,,
0.6555,18.396203994750977,2.1375387319058412e-05,0.8625075151459094,18650,,,,,,,,,
0.7023,19.366209030151367,2.1352263793183184e-05,0.864819867733432,18700,,,,,,,,,
0.682,17.168495178222656,2.1329140267307957e-05,0.8671322203209545,18750,,,,,,,,,
0.6188,8.157048225402832,2.1306016741432736e-05,0.8694445729084771,18800,,,,,,,,,
0.6439,13.863673210144043,2.1282893215557508e-05,0.8717569254959996,18850,,,,,,,,,
0.6301,11.281344413757324,2.1259769689682284e-05,0.8740692780835222,18900,,,,,,,,,
0.7042,11.22623348236084,2.1236646163807056e-05,0.8763816306710447,18950,,,,,,,,,
0.6358,15.494072914123535,2.1213522637931832e-05,0.8786939832585673,19000,,,,,,,,,
0.6597,15.063940048217773,2.1190399112056604e-05,0.8810063358460898,19050,,,,,,,,,
0.6342,17.062725067138672,2.1167275586181384e-05,0.8833186884336124,19100,,,,,,,,,
0.6111,11.187602043151855,2.1144152060306156e-05,0.8856310410211349,19150,,,,,,,,,
0.6091,10.863767623901367,2.112102853443093e-05,0.8879433936086575,19200,,,,,,,,,
0.671,7.884178161621094,2.1097905008555704e-05,0.89025574619618,19250,,,,,,,,,
0.6697,8.502298355102539,2.107478148268048e-05,0.8925680987837026,19300,,,,,,,,,
0.6319,14.619380950927734,2.1051657956805256e-05,0.8948804513712251,19350,,,,,,,,,
0.6034,16.448509216308594,2.102853443093003e-05,0.8971928039587477,19400,,,,,,,,,
0.6875,11.366352081298828,2.1005410905054804e-05,0.8995051565462702,19450,,,,,,,,,
0.6065,16.38507080078125,2.098228737917958e-05,0.9018175091337928,19500,,,,,,,,,
0.5689,7.067579746246338,2.0959163853304352e-05,0.9041298617213153,19550,,,,,,,,,
0.5958,18.018404006958008,2.0936040327429124e-05,0.9064422143088378,19600,,,,,,,,,
0.6497,13.83055591583252,2.0912916801553903e-05,0.9087545668963604,19650,,,,,,,,,
0.631,21.876148223876953,2.0889793275678676e-05,0.9110669194838829,19700,,,,,,,,,
0.7244,10.461118698120117,2.086666974980345e-05,0.9133792720714055,19750,,,,,,,,,
0.6446,9.038897514343262,2.0843546223928224e-05,0.915691624658928,19800,,,,,,,,,
0.6429,8.34194564819336,2.0820422698053e-05,0.9180039772464506,19850,,,,,,,,,
0.6394,9.078672409057617,2.0797299172177772e-05,0.920316329833973,19900,,,,,,,,,
0.6292,9.176202774047852,2.077417564630255e-05,0.9226286824214956,19950,,,,,,,,,
0.6601,22.18193817138672,2.0751052120427323e-05,0.9249410350090181,20000,,,,,,,,,
,,,0.9249410350090181,20000,0.6887317895889282,219.0284,395.734,24.737,,,,,
0.6949,25.351200103759766,2.07279285945521e-05,0.9272533875965407,20050,,,,,,,,,
0.7443,9.949722290039062,2.070480506867687e-05,0.9295657401840632,20100,,,,,,,,,
0.6563,12.433167457580566,2.0681681542801647e-05,0.9318780927715858,20150,,,,,,,,,
0.6931,13.07719898223877,2.065855801692642e-05,0.9341904453591083,20200,,,,,,,,,
0.7041,16.753313064575195,2.06354344910512e-05,0.9365027979466309,20250,,,,,,,,,
0.6397,15.426955223083496,2.061231096517597e-05,0.9388151505341534,20300,,,,,,,,,
0.6748,12.9179105758667,2.0589187439300747e-05,0.941127503121676,20350,,,,,,,,,
0.6076,8.010391235351562,2.056606391342552e-05,0.9434398557091985,20400,,,,,,,,,
0.6395,8.604825019836426,2.054294038755029e-05,0.9457522082967211,20450,,,,,,,,,
0.6587,15.810348510742188,2.051981686167507e-05,0.9480645608842436,20500,,,,,,,,,
0.6738,27.0556583404541,2.0496693335799843e-05,0.9503769134717662,20550,,,,,,,,,
0.607,13.889461517333984,2.047356980992462e-05,0.9526892660592887,20600,,,,,,,,,
0.6324,7.519137859344482,2.045044628404939e-05,0.9550016186468112,20650,,,,,,,,,
0.632,9.902615547180176,2.0427322758174167e-05,0.9573139712343338,20700,,,,,,,,,
0.6751,11.06395435333252,2.040419923229894e-05,0.9596263238218563,20750,,,,,,,,,
0.6906,14.671221733093262,2.0381075706423718e-05,0.9619386764093789,20800,,,,,,,,,
0.6265,16.06448745727539,2.035795218054849e-05,0.9642510289969014,20850,,,,,,,,,
0.5772,8.895109176635742,2.0334828654673266e-05,0.966563381584424,20900,,,,,,,,,
0.659,2.6815876960754395,2.031170512879804e-05,0.9688757341719465,20950,,,,,,,,,
0.589,8.270451545715332,2.0288581602922814e-05,0.9711880867594691,21000,,,,,,,,,
0.5959,9.672201156616211,2.0265458077047587e-05,0.9735004393469916,21050,,,,,,,,,
0.5919,10.543601036071777,2.0242334551172366e-05,0.9758127919345142,21100,,,,,,,,,
0.6596,9.04231071472168,2.0219211025297138e-05,0.9781251445220367,21150,,,,,,,,,
0.6568,12.584903717041016,2.0196087499421914e-05,0.9804374971095593,21200,,,,,,,,,
0.6076,10.194167137145996,2.0172963973546686e-05,0.9827498496970818,21250,,,,,,,,,
0.6351,20.699138641357422,2.014984044767146e-05,0.9850622022846044,21300,,,,,,,,,
0.6554,11.441704750061035,2.0126716921796234e-05,0.9873745548721269,21350,,,,,,,,,
0.6284,11.591472625732422,2.010359339592101e-05,0.9896869074596495,21400,,,,,,,,,
0.624,18.640316009521484,2.0080469870045786e-05,0.991999260047172,21450,,,,,,,,,
0.5955,21.663555145263672,2.005734634417056e-05,0.9943116126346946,21500,,,,,,,,,
0.6948,8.044731140136719,2.0034222818295334e-05,0.9966239652222171,21550,,,,,,,,,
0.6595,9.029532432556152,2.0011099292420106e-05,0.9989363178097397,21600,,,,,,,,,
0.535,7.985459327697754,1.9987975766544886e-05,1.001248670397262,21650,,,,,,,,,
0.4022,10.162335395812988,1.9964852240669658e-05,1.0035610229847847,21700,,,,,,,,,
0.4542,8.953678131103516,1.9941728714794434e-05,1.0058733755723073,21750,,,,,,,,,
0.4534,8.584329605102539,1.9918605188919206e-05,1.0081857281598299,21800,,,,,,,,,
0.4502,11.262914657592773,1.9895481663043982e-05,1.0104980807473523,21850,,,,,,,,,
0.4589,7.026724338531494,1.9872358137168754e-05,1.0128104333348749,21900,,,,,,,,,
0.4462,20.540058135986328,1.9849234611293533e-05,1.0151227859223975,21950,,,,,,,,,
0.4454,16.01824188232422,1.9826111085418306e-05,1.01743513850992,22000,,,,,,,,,
0.3931,9.923428535461426,1.980298755954308e-05,1.0197474910974424,22050,,,,,,,,,
0.4021,6.133256912231445,1.9779864033667854e-05,1.022059843684965,22100,,,,,,,,,
0.4408,6.1871256828308105,1.9756740507792626e-05,1.0243721962724877,22150,,,,,,,,,
0.4718,9.885995864868164,1.9733616981917402e-05,1.0266845488600103,22200,,,,,,,,,
0.462,23.921361923217773,1.9710493456042178e-05,1.0289969014475326,22250,,,,,,,,,
0.4723,10.126177787780762,1.9687369930166953e-05,1.0313092540350552,22300,,,,,,,,,
0.471,11.299378395080566,1.9664246404291726e-05,1.0336216066225778,22350,,,,,,,,,
0.4455,16.937679290771484,1.96411228784165e-05,1.0359339592101005,22400,,,,,,,,,
0.463,13.259174346923828,1.9617999352541274e-05,1.0382463117976228,22450,,,,,,,,,
0.4209,10.785099029541016,1.9594875826666053e-05,1.0405586643851454,22500,,,,,,,,,
0.4232,12.23830795288086,1.9571752300790825e-05,1.042871016972668,22550,,,,,,,,,
0.4478,24.79384422302246,1.95486287749156e-05,1.0451833695601906,22600,,,,,,,,,
0.4242,7.4163126945495605,1.9525505249040373e-05,1.047495722147713,22650,,,,,,,,,
0.4872,16.086809158325195,1.950238172316515e-05,1.0498080747352356,22700,,,,,,,,,
0.3935,19.104827880859375,1.947925819728992e-05,1.0521204273227582,22750,,,,,,,,,
0.4847,12.511598587036133,1.94561346714147e-05,1.0544327799102806,22800,,,,,,,,,
0.4446,12.518424034118652,1.9433011145539473e-05,1.0567451324978032,22850,,,,,,,,,
0.4633,11.508888244628906,1.940988761966425e-05,1.0590574850853258,22900,,,,,,,,,
0.4518,17.650196075439453,1.938676409378902e-05,1.0613698376728484,22950,,,,,,,,,
0.4563,17.074146270751953,1.9363640567913797e-05,1.0636821902603708,23000,,,,,,,,,
0.5103,3.707875967025757,1.934051704203857e-05,1.0659945428478934,23050,,,,,,,,,
0.4228,9.226583480834961,1.9317393516163345e-05,1.068306895435416,23100,,,,,,,,,
0.495,17.13877296447754,1.929426999028812e-05,1.0706192480229386,23150,,,,,,,,,
0.3725,18.053071975708008,1.9271146464412893e-05,1.072931600610461,23200,,,,,,,,,
0.4231,13.518495559692383,1.924802293853767e-05,1.0752439531979836,23250,,,,,,,,,
0.3918,9.191570281982422,1.922489941266244e-05,1.0775563057855062,23300,,,,,,,,,
0.4462,14.839089393615723,1.9201775886787217e-05,1.0798686583730288,23350,,,,,,,,,
0.4822,6.348842620849609,1.9178652360911993e-05,1.0821810109605512,23400,,,,,,,,,
0.4426,7.193330764770508,1.915552883503677e-05,1.0844933635480738,23450,,,,,,,,,
0.4476,25.265504837036133,1.913240530916154e-05,1.0868057161355964,23500,,,,,,,,,
0.4589,7.911657810211182,1.9109281783286316e-05,1.089118068723119,23550,,,,,,,,,
0.4423,9.640949249267578,1.908615825741109e-05,1.0914304213106414,23600,,,,,,,,,
0.4713,11.798015594482422,1.9063034731535868e-05,1.093742773898164,23650,,,,,,,,,
0.4837,17.181562423706055,1.903991120566064e-05,1.0960551264856866,23700,,,,,,,,,
0.3923,13.889150619506836,1.9016787679785416e-05,1.0983674790732092,23750,,,,,,,,,
0.4555,19.64198112487793,1.899366415391019e-05,1.1006798316607316,23800,,,,,,,,,
0.4554,17.452011108398438,1.8970540628034964e-05,1.1029921842482542,23850,,,,,,,,,
0.401,12.528887748718262,1.8947417102159736e-05,1.1053045368357768,23900,,,,,,,,,
0.4942,9.120504379272461,1.8924293576284512e-05,1.1076168894232992,23950,,,,,,,,,
0.4181,7.738729476928711,1.8901170050409288e-05,1.1099292420108218,24000,,,,,,,,,
0.4605,9.438704490661621,1.887804652453406e-05,1.1122415945983444,24050,,,,,,,,,
0.4563,15.323966979980469,1.8854922998658836e-05,1.114553947185867,24100,,,,,,,,,
0.4051,8.52588176727295,1.883179947278361e-05,1.1168662997733894,24150,,,,,,,,,
0.4336,2.6398046016693115,1.8808675946908384e-05,1.119178652360912,24200,,,,,,,,,
0.4825,11.815885543823242,1.878555242103316e-05,1.1214910049484346,24250,,,,,,,,,
0.4196,14.061999320983887,1.8762428895157936e-05,1.1238033575359572,24300,,,,,,,,,
0.491,14.52859115600586,1.8739305369282708e-05,1.1261157101234796,24350,,,,,,,,,
0.4466,18.933198928833008,1.8716181843407484e-05,1.1284280627110022,24400,,,,,,,,,
0.457,10.77364730834961,1.8693058317532256e-05,1.1307404152985248,24450,,,,,,,,,
0.4491,16.88785743713379,1.8669934791657035e-05,1.1330527678860474,24500,,,,,,,,,
0.4925,15.164641380310059,1.8646811265781808e-05,1.1353651204735697,24550,,,,,,,,,
0.4322,18.463397979736328,1.8623687739906583e-05,1.1376774730610923,24600,,,,,,,,,
0.4137,12.483438491821289,1.8600564214031356e-05,1.139989825648615,24650,,,,,,,,,
0.4413,10.183860778808594,1.857744068815613e-05,1.1423021782361373,24700,,,,,,,,,
0.4283,24.47649383544922,1.8554317162280904e-05,1.14461453082366,24750,,,,,,,,,
0.4537,13.214788436889648,1.853119363640568e-05,1.1469268834111825,24800,,,,,,,,,
0.4939,15.582998275756836,1.8508070110530455e-05,1.1492392359987051,24850,,,,,,,,,
0.5271,20.297502517700195,1.8484946584655228e-05,1.1515515885862277,24900,,,,,,,,,
0.4731,8.892033576965332,1.8461823058780003e-05,1.1538639411737501,24950,,,,,,,,,
0.5005,14.171451568603516,1.8438699532904776e-05,1.1561762937612727,25000,,,,,,,,,
,,,1.1561762937612727,25000,0.7168296575546265,219.0821,395.637,24.73,,,,,
0.419,22.560182571411133,1.841557600702955e-05,1.1584886463487953,25050,,,,,,,,,
0.4783,22.907033920288086,1.8392452481154327e-05,1.1608009989363177,25100,,,,,,,,,
0.4459,15.443292617797852,1.8369328955279103e-05,1.1631133515238403,25150,,,,,,,,,
0.4529,11.004194259643555,1.8346205429403875e-05,1.165425704111363,25200,,,,,,,,,
0.4435,12.954141616821289,1.832308190352865e-05,1.1677380566988855,25250,,,,,,,,,
0.4685,5.761626720428467,1.8299958377653423e-05,1.170050409286408,25300,,,,,,,,,
0.3815,9.230528831481934,1.82768348517782e-05,1.1723627618739305,25350,,,,,,,,,
0.4222,14.566823959350586,1.8253711325902975e-05,1.1746751144614531,25400,,,,,,,,,
0.4666,11.497965812683105,1.823058780002775e-05,1.1769874670489757,25450,,,,,,,,,
0.4409,11.089228630065918,1.8207464274152523e-05,1.179299819636498,25500,,,,,,,,,
0.4301,19.413375854492188,1.81843407482773e-05,1.1816121722240207,25550,,,,,,,,,
0.4591,6.872268199920654,1.816121722240207e-05,1.1839245248115433,25600,,,,,,,,,
0.4684,10.732917785644531,1.8138093696526847e-05,1.186236877399066,25650,,,,,,,,,
0.4842,13.675278663635254,1.8114970170651623e-05,1.1885492299865883,25700,,,,,,,,,
0.4609,11.945496559143066,1.8091846644776395e-05,1.190861582574111,25750,,,,,,,,,
0.435,17.839065551757812,1.806872311890117e-05,1.1931739351616335,25800,,,,,,,,,
0.4244,14.8413667678833,1.8045599593025943e-05,1.1954862877491559,25850,,,,,,,,,
0.4655,16.872520446777344,1.802247606715072e-05,1.1977986403366785,25900,,,,,,,,,
0.4712,8.821370124816895,1.7999352541275495e-05,1.200110992924201,25950,,,,,,,,,
0.4606,18.076419830322266,1.797622901540027e-05,1.2024233455117237,26000,,,,,,,,,
0.4225,13.826457977294922,1.7953105489525043e-05,1.204735698099246,26050,,,,,,,,,
0.3566,7.20869255065918,1.792998196364982e-05,1.2070480506867687,26100,,,,,,,,,
0.4523,12.323787689208984,1.790685843777459e-05,1.2093604032742913,26150,,,,,,,,,
0.4348,12.937723159790039,1.7883734911899367e-05,1.2116727558618139,26200,,,,,,,,,
0.4409,9.654252052307129,1.7860611386024142e-05,1.2139851084493363,26250,,,,,,,,,
0.4784,9.22834300994873,1.7837487860148918e-05,1.2162974610368589,26300,,,,,,,,,
0.4487,12.341583251953125,1.781436433427369e-05,1.2186098136243815,26350,,,,,,,,,
0.4515,8.257098197937012,1.7791240808398466e-05,1.220922166211904,26400,,,,,,,,,
0.4737,9.645581245422363,1.776811728252324e-05,1.2232345187994265,26450,,,,,,,,,
0.4317,18.057323455810547,1.774499375664801e-05,1.225546871386949,26500,,,,,,,,,
0.4588,4.506265163421631,1.772187023077279e-05,1.2278592239744717,26550,,,,,,,,,
0.4379,8.31632137298584,1.7698746704897562e-05,1.230171576561994,26600,,,,,,,,,
0.4807,14.221508026123047,1.7675623179022338e-05,1.2324839291495167,26650,,,,,,,,,
0.4209,12.125528335571289,1.765249965314711e-05,1.2347962817370393,26700,,,,,,,,,
0.5201,15.682489395141602,1.7629376127271886e-05,1.2371086343245619,26750,,,,,,,,,
0.5201,14.326179504394531,1.7606252601396662e-05,1.2394209869120845,26800,,,,,,,,,
0.4174,4.894136905670166,1.7583129075521438e-05,1.2417333394996068,26850,,,,,,,,,
0.4225,11.053627967834473,1.756000554964621e-05,1.2440456920871295,26900,,,,,,,,,
0.4618,9.311525344848633,1.7536882023770986e-05,1.246358044674652,26950,,,,,,,,,
0.3989,13.133700370788574,1.7513758497895758e-05,1.2486703972621744,27000,,,,,,,,,
0.4045,5.456361293792725,1.7490634972020534e-05,1.250982749849697,27050,,,,,,,,,
0.4315,11.590394973754883,1.746751144614531e-05,1.2532951024372196,27100,,,,,,,,,
0.4406,20.75345230102539,1.7444387920270085e-05,1.2556074550247422,27150,,,,,,,,,
0.4325,12.616023063659668,1.7421264394394858e-05,1.2579198076122649,27200,,,,,,,,,
0.4446,21.485774993896484,1.7398140868519633e-05,1.2602321601997872,27250,,,,,,,,,
0.485,10.0289888381958,1.7375017342644406e-05,1.2625445127873098,27300,,,,,,,,,
0.4712,10.996261596679688,1.7351893816769178e-05,1.2648568653748322,27350,,,,,,,,,
0.3786,14.783224105834961,1.7328770290893957e-05,1.2671692179623548,27400,,,,,,,,,
0.4595,17.569881439208984,1.730564676501873e-05,1.2694815705498774,27450,,,,,,,,,
0.4427,22.438955307006836,1.7282523239143505e-05,1.2717939231374,27500,,,,,,,,,
0.4279,18.698558807373047,1.7259399713268278e-05,1.2741062757249226,27550,,,,,,,,,
0.431,18.054197311401367,1.7236276187393054e-05,1.276418628312445,27600,,,,,,,,,
0.4018,12.437522888183594,1.721315266151783e-05,1.2787309808999676,27650,,,,,,,,,
0.4572,18.0352783203125,1.7190029135642605e-05,1.2810433334874902,27700,,,,,,,,,
0.4324,10.49818229675293,1.7166905609767377e-05,1.2833556860750126,27750,,,,,,,,,
0.4151,18.249120712280273,1.7143782083892153e-05,1.2856680386625352,27800,,,,,,,,,
0.3737,13.072797775268555,1.7120658558016925e-05,1.2879803912500578,27850,,,,,,,,,
0.3912,12.87429141998291,1.70975350321417e-05,1.2902927438375804,27900,,,,,,,,,
0.461,16.66126823425293,1.7074411506266477e-05,1.292605096425103,27950,,,,,,,,,
0.5076,18.04869270324707,1.7051287980391253e-05,1.2949174490126254,28000,,,,,,,,,
0.3989,13.190022468566895,1.7028164454516025e-05,1.297229801600148,28050,,,,,,,,,
0.3854,7.907220840454102,1.70050409286408e-05,1.2995421541876706,28100,,,,,,,,,
0.4437,9.90768814086914,1.6981917402765573e-05,1.301854506775193,28150,,,,,,,,,
0.4678,10.28862476348877,1.695879387689035e-05,1.3041668593627156,28200,,,,,,,,,
0.4285,14.328947067260742,1.6935670351015125e-05,1.3064792119502382,28250,,,,,,,,,
0.4563,20.01136016845703,1.6912546825139897e-05,1.3087915645377608,28300,,,,,,,,,
0.4788,20.49823570251465,1.6889423299264673e-05,1.3111039171252832,28350,,,,,,,,,
0.4522,16.225563049316406,1.6866299773389445e-05,1.3134162697128058,28400,,,,,,,,,
0.4169,9.943641662597656,1.684317624751422e-05,1.3157286223003284,28450,,,,,,,,,
0.4408,11.257272720336914,1.6820052721638993e-05,1.3180409748878508,28500,,,,,,,,,
0.4065,26.832426071166992,1.6796929195763772e-05,1.3203533274753734,28550,,,,,,,,,
0.4145,11.389473915100098,1.6773805669888545e-05,1.322665680062896,28600,,,,,,,,,
0.4395,17.68548583984375,1.675068214401332e-05,1.3249780326504186,28650,,,,,,,,,
0.4582,13.683696746826172,1.6727558618138093e-05,1.3272903852379412,28700,,,,,,,,,
0.4217,13.041271209716797,1.670443509226287e-05,1.3296027378254636,28750,,,,,,,,,
0.4992,22.447772979736328,1.6681311566387644e-05,1.3319150904129862,28800,,,,,,,,,
0.4242,5.333452224731445,1.665818804051242e-05,1.3342274430005088,28850,,,,,,,,,
0.4729,12.427132606506348,1.6635064514637192e-05,1.3365397955880312,28900,,,,,,,,,
0.4523,15.78621768951416,1.6611940988761968e-05,1.3388521481755538,28950,,,,,,,,,
0.4048,9.961228370666504,1.658881746288674e-05,1.3411645007630764,29000,,,,,,,,,
0.38,13.992711067199707,1.6565693937011516e-05,1.343476853350599,29050,,,,,,,,,
0.4576,12.836492538452148,1.6542570411136292e-05,1.3457892059381216,29100,,,,,,,,,
0.4916,8.623696327209473,1.6519446885261064e-05,1.348101558525644,29150,,,,,,,,,
0.4559,6.93878698348999,1.649632335938584e-05,1.3504139111131666,29200,,,,,,,,,
0.4378,18.723554611206055,1.6473199833510612e-05,1.3527262637006892,29250,,,,,,,,,
0.4496,18.08957290649414,1.6450076307635388e-05,1.3550386162882115,29300,,,,,,,,,
0.4108,17.639741897583008,1.642695278176016e-05,1.3573509688757341,29350,,,,,,,,,
0.3876,14.772366523742676,1.640382925588494e-05,1.3596633214632567,29400,,,,,,,,,
0.4162,14.721514701843262,1.6380705730009712e-05,1.3619756740507794,29450,,,,,,,,,
0.4521,10.747258186340332,1.6357582204134488e-05,1.3642880266383017,29500,,,,,,,,,
0.4284,11.058606147766113,1.633445867825926e-05,1.3666003792258243,29550,,,,,,,,,
0.417,11.7000732421875,1.6311335152384036e-05,1.368912731813347,29600,,,,,,,,,
0.4408,14.114434242248535,1.628821162650881e-05,1.3712250844008693,29650,,,,,,,,,
0.4868,17.90458869934082,1.6265088100633587e-05,1.373537436988392,29700,,,,,,,,,
0.4132,10.691842079162598,1.624196457475836e-05,1.3758497895759145,29750,,,,,,,,,
0.4778,11.746467590332031,1.6218841048883135e-05,1.3781621421634371,29800,,,,,,,,,
0.4376,17.745786666870117,1.6195717523007908e-05,1.3804744947509597,29850,,,,,,,,,
0.351,10.217095375061035,1.6172593997132684e-05,1.3827868473384821,29900,,,,,,,,,
0.3724,15.38117790222168,1.614947047125746e-05,1.3850991999260047,29950,,,,,,,,,
0.4565,16.833389282226562,1.612634694538223e-05,1.3874115525135273,30000,,,,,,,,,
,,,1.3874115525135273,30000,0.7185449600219727,219.0436,395.707,24.735,,,,,
0.3712,25.691970825195312,1.6103223419507007e-05,1.3897239051010497,30050,,,,,,,,,
0.4097,3.7005012035369873,1.608009989363178e-05,1.3920362576885723,30100,,,,,,,,,
0.3804,16.2321834564209,1.6056976367756556e-05,1.394348610276095,30150,,,,,,,,,
0.4998,9.085631370544434,1.6033852841881328e-05,1.3966609628636175,30200,,,,,,,,,
0.4692,18.932641983032227,1.6010729316006107e-05,1.3989733154511401,30250,,,,,,,,,
0.3867,10.2637300491333,1.598760579013088e-05,1.4012856680386625,30300,,,,,,,,,
0.4489,8.531082153320312,1.5964482264255655e-05,1.403598020626185,30350,,,,,,,,,
0.4489,16.321399688720703,1.5941358738380427e-05,1.4059103732137077,30400,,,,,,,,,
0.4459,8.979510307312012,1.5918235212505203e-05,1.40822272580123,30450,,,,,,,,,
0.4426,8.103093147277832,1.5895111686629976e-05,1.4105350783887527,30500,,,,,,,,,
0.463,25.605972290039062,1.5871988160754755e-05,1.4128474309762753,30550,,,,,,,,,
0.4026,12.281817436218262,1.5848864634879527e-05,1.415159783563798,30600,,,,,,,,,
0.4641,12.42965316772461,1.5825741109004303e-05,1.4174721361513203,30650,,,,,,,,,
0.435,15.728111267089844,1.5802617583129075e-05,1.4197844887388429,30700,,,,,,,,,
0.3819,5.829923152923584,1.577949405725385e-05,1.4220968413263655,30750,,,,,,,,,
0.4343,13.024215698242188,1.5756370531378627e-05,1.4244091939138879,30800,,,,,,,,,
0.4716,8.81865406036377,1.57332470055034e-05,1.4267215465014105,30850,,,,,,,,,
0.3914,11.60854434967041,1.5710123479628175e-05,1.429033899088933,30900,,,,,,,,,
0.4789,9.90442180633545,1.5686999953752947e-05,1.4313462516764557,30950,,,,,,,,,
0.3964,9.63228702545166,1.5663876427877723e-05,1.4336586042639783,31000,,,,,,,,,
0.4212,13.782232284545898,1.5640752902002495e-05,1.4359709568515007,31050,,,,,,,,,
0.4896,12.761231422424316,1.5617629376127274e-05,1.4382833094390233,31100,,,,,,,,,
0.4002,11.144186973571777,1.5594505850252047e-05,1.4405956620265459,31150,,,,,,,,,
0.4458,17.24818992614746,1.5571382324376822e-05,1.4429080146140683,31200,,,,,,,,,
0.4486,25.81663703918457,1.5548258798501595e-05,1.4452203672015909,31250,,,,,,,,,
0.4695,13.129240036010742,1.552513527262637e-05,1.4475327197891135,31300,,,,,,,,,
0.4454,9.18435287475586,1.5502011746751143e-05,1.449845072376636,31350,,,,,,,,,
0.3609,12.121843338012695,1.5478888220875922e-05,1.4521574249641587,31400,,,,,,,,,
0.3999,19.51451301574707,1.5455764695000694e-05,1.454469777551681,31450,,,,,,,,,
0.4168,9.67590045928955,1.543264116912547e-05,1.4567821301392037,31500,,,,,,,,,
0.4382,14.521147727966309,1.5409517643250243e-05,1.459094482726726,31550,,,,,,,,,
0.377,25.759000778198242,1.5386394117375018e-05,1.4614068353142486,31600,,,,,,,,,
0.3692,4.073095798492432,1.536327059149979e-05,1.4637191879017712,31650,,,,,,,,,
0.4506,38.65266799926758,1.5340147065624566e-05,1.4660315404892938,31700,,,,,,,,,
0.4755,27.864768981933594,1.5317023539749342e-05,1.4683438930768165,31750,,,,,,,,,
0.4288,7.939624309539795,1.5293900013874114e-05,1.4706562456643388,31800,,,,,,,,,
0.4324,16.203039169311523,1.527077648799889e-05,1.4729685982518614,31850,,,,,,,,,
0.4209,3.619643211364746,1.5247652962123664e-05,1.475280950839384,31900,,,,,,,,,
0.4412,13.168553352355957,1.5224529436248442e-05,1.4775933034269064,31950,,,,,,,,,
0.4015,7.907402992248535,1.5201405910373216e-05,1.479905656014429,32000,,,,,,,,,
0.4337,10.843536376953125,1.517828238449799e-05,1.4822180086019516,32050,,,,,,,,,
0.3935,6.192576885223389,1.5155158858622762e-05,1.4845303611894742,32100,,,,,,,,,
0.4225,12.676294326782227,1.5132035332747536e-05,1.4868427137769968,32150,,,,,,,,,
0.3724,22.758277893066406,1.510891180687231e-05,1.4891550663645192,32200,,,,,,,,,
0.4404,7.165001392364502,1.5085788280997088e-05,1.4914674189520418,32250,,,,,,,,,
0.416,21.91653823852539,1.5062664755121862e-05,1.4937797715395644,32300,,,,,,,,,
0.4145,12.875765800476074,1.5039541229246636e-05,1.4960921241270868,32350,,,,,,,,,
0.4639,10.50072193145752,1.501641770337141e-05,1.4984044767146094,32400,,,,,,,,,
0.4415,15.417928695678711,1.4993294177496186e-05,1.500716829302132,32450,,,,,,,,,
0.3957,4.444725513458252,1.497017065162096e-05,1.5030291818896546,32500,,,,,,,,,
0.3947,15.756863594055176,1.4947047125745734e-05,1.5053415344771772,32550,,,,,,,,,
0.4133,9.309276580810547,1.492392359987051e-05,1.5076538870646996,32600,,,,,,,,,
0.425,17.934343338012695,1.4900800073995283e-05,1.5099662396522222,32650,,,,,,,,,
0.434,8.310293197631836,1.4877676548120058e-05,1.5122785922397446,32700,,,,,,,,,
0.3957,24.944215774536133,1.4854553022244833e-05,1.5145909448272672,32750,,,,,,,,,
0.4431,8.697893142700195,1.4831429496369607e-05,1.5169032974147898,32800,,,,,,,,,
0.4117,19.86766815185547,1.4808305970494381e-05,1.5192156500023124,32850,,,,,,,,,
0.4486,31.007230758666992,1.4785182444619157e-05,1.521528002589835,32900,,,,,,,,,
0.4495,9.540016174316406,1.476205891874393e-05,1.5238403551773576,32950,,,,,,,,,
0.4585,15.24724006652832,1.4738935392868704e-05,1.52615270776488,33000,,,,,,,,,
0.4346,11.274718284606934,1.471581186699348e-05,1.5284650603524024,33050,,,,,,,,,
0.4301,10.841595649719238,1.4692688341118253e-05,1.530777412939925,33100,,,,,,,,,
0.4817,12.3641939163208,1.4669564815243027e-05,1.5330897655274476,33150,,,,,,,,,
0.4571,14.399240493774414,1.4646441289367803e-05,1.5354021181149702,33200,,,,,,,,,
0.4297,3.8194499015808105,1.4623317763492577e-05,1.5377144707024928,33250,,,,,,,,,
0.3819,7.875802516937256,1.4600194237617353e-05,1.5400268232900154,33300,,,,,,,,,
0.4642,11.82196044921875,1.4577070711742127e-05,1.5423391758775378,33350,,,,,,,,,
0.3916,7.2862138748168945,1.4553947185866901e-05,1.5446515284650604,33400,,,,,,,,,
0.4028,11.925774574279785,1.4530823659991677e-05,1.5469638810525828,33450,,,,,,,,,
0.4116,12.069308280944824,1.450770013411645e-05,1.5492762336401054,33500,,,,,,,,,
0.3975,31.145450592041016,1.4484576608241225e-05,1.551588586227628,33550,,,,,,,,,
0.41,13.318816184997559,1.4461453082366e-05,1.5539009388151506,33600,,,,,,,,,
0.4419,9.211790084838867,1.4438329556490775e-05,1.5562132914026732,33650,,,,,,,,,
0.4091,19.407136917114258,1.4415206030615549e-05,1.5585256439901958,33700,,,,,,,,,
0.4621,16.05892562866211,1.4392082504740324e-05,1.5608379965777182,33750,,,,,,,,,
0.3808,11.020979881286621,1.4368958978865099e-05,1.5631503491652408,33800,,,,,,,,,
0.3924,14.483797073364258,1.4345835452989871e-05,1.5654627017527631,33850,,,,,,,,,
0.4315,13.952542304992676,1.4322711927114647e-05,1.5677750543402857,33900,,,,,,,,,
0.3723,14.094672203063965,1.429958840123942e-05,1.5700874069278083,33950,,,,,,,,,
0.4498,26.58445930480957,1.4276464875364195e-05,1.572399759515331,34000,,,,,,,,,
0.3678,19.788593292236328,1.425334134948897e-05,1.5747121121028536,34050,,,,,,,,,
0.4429,14.423687934875488,1.4230217823613745e-05,1.577024464690376,34100,,,,,,,,,
0.4233,17.473587036132812,1.4207094297738519e-05,1.5793368172778985,34150,,,,,,,,,
0.437,6.654030799865723,1.4183970771863294e-05,1.581649169865421,34200,,,,,,,,,
0.3834,9.955166816711426,1.4160847245988068e-05,1.5839615224529435,34250,,,,,,,,,
0.4322,13.404317855834961,1.4137723720112844e-05,1.5862738750404661,34300,,,,,,,,,
0.3743,7.807723045349121,1.4114600194237618e-05,1.5885862276279887,34350,,,,,,,,,
0.4107,7.676809787750244,1.4091476668362392e-05,1.5908985802155113,34400,,,,,,,,,
0.3971,16.265846252441406,1.4068353142487168e-05,1.593210932803034,34450,,,,,,,,,
0.4046,12.743852615356445,1.4045229616611942e-05,1.5955232853905563,34500,,,,,,,,,
0.3928,4.781012535095215,1.4022106090736716e-05,1.597835637978079,34550,,,,,,,,,
0.4348,20.346128463745117,1.3998982564861492e-05,1.6001479905656013,34600,,,,,,,,,
0.4204,17.60250473022461,1.3975859038986266e-05,1.602460343153124,34650,,,,,,,,,
0.4144,4.65578556060791,1.3952735513111038e-05,1.6047726957406465,34700,,,,,,,,,
0.4296,11.034460067749023,1.3929611987235814e-05,1.6070850483281691,34750,,,,,,,,,
0.3872,4.262389183044434,1.3906488461360588e-05,1.6093974009156917,34800,,,,,,,,,
0.4328,13.403117179870605,1.3883364935485362e-05,1.6117097535032143,34850,,,,,,,,,
0.4344,8.700126647949219,1.3860241409610138e-05,1.6140221060907367,34900,,,,,,,,,
0.3615,7.215012073516846,1.3837117883734912e-05,1.6163344586782593,34950,,,,,,,,,
0.4337,19.81636619567871,1.3813994357859686e-05,1.6186468112657817,35000,,,,,,,,,
,,,1.6186468112657817,35000,0.7150059342384338,219.0668,395.665,24.732,,,,,
0.4368,6.13360595703125,1.3790870831984462e-05,1.6209591638533043,35050,,,,,,,,,
0.4364,10.573515892028809,1.3767747306109236e-05,1.623271516440827,35100,,,,,,,,,
0.4349,14.789656639099121,1.374462378023401e-05,1.6255838690283495,35150,,,,,,,,,
0.3973,11.509532928466797,1.3721500254358785e-05,1.627896221615872,35200,,,,,,,,,
0.4449,14.301507949829102,1.369837672848356e-05,1.6302085742033945,35250,,,,,,,,,
0.4598,8.887310981750488,1.3675253202608335e-05,1.632520926790917,35300,,,,,,,,,
0.5047,15.89759635925293,1.365212967673311e-05,1.6348332793784395,35350,,,,,,,,,
0.3749,9.232954025268555,1.3629006150857883e-05,1.637145631965962,35400,,,,,,,,,
0.4545,13.460268020629883,1.3605882624982659e-05,1.6394579845534847,35450,,,,,,,,,
0.5304,19.193828582763672,1.3582759099107433e-05,1.6417703371410073,35500,,,,,,,,,
0.4182,10.88620662689209,1.3559635573232206e-05,1.64408268972853,35550,,,,,,,,,
0.4285,9.228506088256836,1.3536512047356981e-05,1.6463950423160525,35600,,,,,,,,,
0.3771,15.512206077575684,1.3513388521481755e-05,1.6487073949035749,35650,,,,,,,,,
0.4209,8.265737533569336,1.349026499560653e-05,1.6510197474910975,35700,,,,,,,,,
0.4431,4.442661285400391,1.3467141469731305e-05,1.6533321000786199,35750,,,,,,,,,
0.3873,13.727524757385254,1.344401794385608e-05,1.6556444526661425,35800,,,,,,,,,
0.3876,17.756406784057617,1.3420894417980853e-05,1.657956805253665,35850,,,,,,,,,
0.4573,13.726097106933594,1.3397770892105629e-05,1.6602691578411877,35900,,,,,,,,,
0.4041,33.669010162353516,1.3374647366230403e-05,1.6625815104287103,35950,,,,,,,,,
0.3491,11.370027542114258,1.3351523840355177e-05,1.6648938630162329,36000,,,,,,,,,
0.3665,6.880812644958496,1.3328400314479953e-05,1.6672062156037553,36050,,,,,,,,,
0.41,12.362386703491211,1.3305276788604727e-05,1.6695185681912776,36100,,,,,,,,,
0.3871,11.427766799926758,1.3282153262729501e-05,1.6718309207788002,36150,,,,,,,,,
0.4448,14.964797019958496,1.3259029736854277e-05,1.6741432733663228,36200,,,,,,,,,
0.4488,2.117029905319214,1.323590621097905e-05,1.6764556259538455,36250,,,,,,,,,
0.4191,15.261404991149902,1.3212782685103825e-05,1.678767978541368,36300,,,,,,,,,
0.4478,12.624868392944336,1.31896591592286e-05,1.6810803311288907,36350,,,,,,,,,
0.4687,9.052462577819824,1.3166535633353375e-05,1.683392683716413,36400,,,,,,,,,
0.3758,15.95820140838623,1.3143412107478149e-05,1.6857050363039356,36450,,,,,,,,,
0.4124,9.599637985229492,1.3120288581602923e-05,1.688017388891458,36500,,,,,,,,,
0.3482,9.079874992370605,1.3097165055727697e-05,1.6903297414789806,36550,,,,,,,,,
0.4705,9.083297729492188,1.3074041529852472e-05,1.6926420940665032,36600,,,,,,,,,
0.397,8.946369171142578,1.3050918003977247e-05,1.6949544466540258,36650,,,,,,,,,
0.4038,14.446857452392578,1.302779447810202e-05,1.6972667992415484,36700,,,,,,,,,
0.426,20.605159759521484,1.3004670952226796e-05,1.699579151829071,36750,,,,,,,,,
0.3565,7.769648551940918,1.298154742635157e-05,1.7018915044165934,36800,,,,,,,,,
0.3765,15.830643653869629,1.2958423900476344e-05,1.704203857004116,36850,,,,,,,,,
0.3539,6.571852684020996,1.293530037460112e-05,1.7065162095916384,36900,,,,,,,,,
0.3772,12.413585662841797,1.2912176848725894e-05,1.708828562179161,36950,,,,,,,,,
0.3957,21.41084861755371,1.2889053322850668e-05,1.7111409147666836,37000,,,,,,,,,
0.4164,15.330131530761719,1.2865929796975444e-05,1.7134532673542062,37050,,,,,,,,,
0.3968,18.007295608520508,1.2842806271100218e-05,1.7157656199417288,37100,,,,,,,,,
0.375,17.464357376098633,1.2819682745224992e-05,1.7180779725292512,37150,,,,,,,,,
0.4251,16.816341400146484,1.2796559219349768e-05,1.7203903251167738,37200,,,,,,,,,
0.444,11.777552604675293,1.2773435693474542e-05,1.7227026777042962,37250,,,,,,,,,
0.4447,8.795268058776855,1.2750312167599314e-05,1.7250150302918188,37300,,,,,,,,,
0.4077,3.667956590652466,1.272718864172409e-05,1.7273273828793414,37350,,,,,,,,,
0.4093,14.174779891967773,1.2704065115848864e-05,1.729639735466864,37400,,,,,,,,,
0.3726,12.735472679138184,1.268094158997364e-05,1.7319520880543866,37450,,,,,,,,,
0.3781,12.3491849899292,1.2657818064098414e-05,1.7342644406419092,37500,,,,,,,,,
0.4416,10.201480865478516,1.2634694538223188e-05,1.7365767932294316,37550,,,,,,,,,
0.3942,13.736403465270996,1.2611571012347964e-05,1.7388891458169542,37600,,,,,,,,,
0.4003,23.416624069213867,1.2588447486472738e-05,1.7412014984044766,37650,,,,,,,,,
0.4093,10.166889190673828,1.2565323960597512e-05,1.7435138509919992,37700,,,,,,,,,
0.422,10.985145568847656,1.2542200434722287e-05,1.7458262035795218,37750,,,,,,,,,
0.3809,9.71608829498291,1.2519076908847062e-05,1.7481385561670444,37800,,,,,,,,,
0.3974,2.8385913372039795,1.2495953382971836e-05,1.750450908754567,37850,,,,,,,,,
0.3833,3.6042563915252686,1.2472829857096611e-05,1.7527632613420896,37900,,,,,,,,,
0.4154,8.142671585083008,1.2449706331221385e-05,1.755075613929612,37950,,,,,,,,,
0.4262,26.99847412109375,1.242658280534616e-05,1.7573879665171346,38000,,,,,,,,,
0.4304,20.283533096313477,1.2403459279470935e-05,1.759700319104657,38050,,,,,,,,,
0.3859,14.542034149169922,1.238033575359571e-05,1.7620126716921796,38100,,,,,,,,,
0.3592,6.65665340423584,1.2357212227720482e-05,1.7643250242797022,38150,,,,,,,,,
0.4087,8.36328411102295,1.2334088701845257e-05,1.7666373768672248,38200,,,,,,,,,
0.3952,12.674964904785156,1.2310965175970031e-05,1.7689497294547474,38250,,,,,,,,,
0.4162,20.50132179260254,1.2287841650094805e-05,1.7712620820422698,38300,,,,,,,,,
0.4095,15.459513664245605,1.2264718124219581e-05,1.7735744346297924,38350,,,,,,,,,
0.4188,7.510140895843506,1.2241594598344355e-05,1.7758867872173147,38400,,,,,,,,,
0.3842,10.412288665771484,1.2218471072469131e-05,1.7781991398048373,38450,,,,,,,,,
0.4099,21.474781036376953,1.2195347546593905e-05,1.78051149239236,38500,,,,,,,,,
0.4044,13.139959335327148,1.2172224020718679e-05,1.7828238449798826,38550,,,,,,,,,
0.384,4.492748260498047,1.2149100494843455e-05,1.7851361975674052,38600,,,,,,,,,
0.398,3.3353631496429443,1.2125976968968229e-05,1.7874485501549278,38650,,,,,,,,,
0.3888,11.021025657653809,1.2102853443093003e-05,1.7897609027424501,38700,,,,,,,,,
0.4134,28.291828155517578,1.2079729917217779e-05,1.7920732553299727,38750,,,,,,,,,
0.403,10.610488891601562,1.2056606391342553e-05,1.7943856079174951,38800,,,,,,,,,
0.4205,7.66552209854126,1.2033482865467327e-05,1.7966979605050177,38850,,,,,,,,,
0.4168,8.479992866516113,1.2010359339592103e-05,1.7990103130925403,38900,,,,,,,,,
0.4129,7.394952297210693,1.1987235813716877e-05,1.801322665680063,38950,,,,,,,,,
0.4144,17.798583984375,1.196411228784165e-05,1.8036350182675855,39000,,,,,,,,,
0.3982,10.057745933532715,1.1940988761966425e-05,1.8059473708551081,39050,,,,,,,,,
0.4302,7.182845592498779,1.1917865236091199e-05,1.8082597234426305,39100,,,,,,,,,
0.4369,9.580110549926758,1.1894741710215973e-05,1.8105720760301531,39150,,,,,,,,,
0.4122,14.140772819519043,1.1871618184340749e-05,1.8128844286176755,39200,,,,,,,,,
0.4673,18.446813583374023,1.1848494658465523e-05,1.8151967812051981,39250,,,,,,,,,
0.3777,18.5837459564209,1.1825371132590297e-05,1.8175091337927207,39300,,,,,,,,,
0.3898,3.961620569229126,1.1802247606715072e-05,1.8198214863802433,39350,,,,,,,,,
0.4228,15.775959968566895,1.1779124080839846e-05,1.822133838967766,39400,,,,,,,,,
0.4547,8.663654327392578,1.1756000554964622e-05,1.8244461915552883,39450,,,,,,,,,
0.43,8.715858459472656,1.1732877029089396e-05,1.826758544142811,39500,,,,,,,,,
0.3881,16.985509872436523,1.170975350321417e-05,1.8290708967303333,39550,,,,,,,,,
0.3964,11.879138946533203,1.1686629977338946e-05,1.831383249317856,39600,,,,,,,,,
0.4274,7.606478214263916,1.166350645146372e-05,1.8336956019053785,39650,,,,,,,,,
0.3425,12.816483497619629,1.1640382925588494e-05,1.836007954492901,39700,,,,,,,,,
0.3713,14.360573768615723,1.161725939971327e-05,1.8383203070804237,39750,,,,,,,,,
0.4176,7.9557905197143555,1.1594135873838044e-05,1.8406326596679463,39800,,,,,,,,,
0.4047,16.548856735229492,1.1571012347962818e-05,1.8429450122554687,39850,,,,,,,,,
0.3779,4.695889472961426,1.1547888822087592e-05,1.8452573648429913,39900,,,,,,,,,
0.3453,3.703078269958496,1.1524765296212366e-05,1.8475697174305137,39950,,,,,,,,,
0.3537,2.3843395709991455,1.150164177033714e-05,1.8498820700180363,40000,,,,,,,,,
,,,1.8498820700180363,40000,0.7437960505485535,219.0683,395.662,24.732,,,,,
0.3536,20.875242233276367,1.1478518244461916e-05,1.8521944226055589,40050,,,,,,,,,
0.3711,17.49466896057129,1.145539471858669e-05,1.8545067751930815,40100,,,,,,,,,
0.3696,12.940375328063965,1.1432271192711464e-05,1.856819127780604,40150,,,,,,,,,
0.3373,12.305032730102539,1.140914766683624e-05,1.8591314803681265,40200,,,,,,,,,
0.4052,30.639633178710938,1.1386024140961014e-05,1.861443832955649,40250,,,,,,,,,
0.3933,8.43909740447998,1.1362900615085788e-05,1.8637561855431715,40300,,,,,,,,,
0.3909,7.530677795410156,1.1339777089210564e-05,1.866068538130694,40350,,,,,,,,,
0.355,16.702312469482422,1.1316653563335338e-05,1.8683808907182167,40400,,,,,,,,,
0.3951,15.852828025817871,1.1293530037460113e-05,1.8706932433057393,40450,,,,,,,,,
0.4722,26.66950798034668,1.1270406511584887e-05,1.8730055958932619,40500,,,,,,,,,
0.3722,23.70108413696289,1.1247282985709661e-05,1.8753179484807845,40550,,,,,,,,,
0.4257,12.020641326904297,1.1224159459834437e-05,1.8776303010683069,40600,,,,,,,,,
0.4013,24.626264572143555,1.1201035933959211e-05,1.8799426536558295,40650,,,,,,,,,
0.3792,15.02956485748291,1.1177912408083985e-05,1.8822550062433518,40700,,,,,,,,,
0.3717,12.015436172485352,1.115478888220876e-05,1.8845673588308745,40750,,,,,,,,,
0.3776,9.133708953857422,1.1131665356333533e-05,1.886879711418397,40800,,,,,,,,,
0.4569,17.229869842529297,1.1108541830458307e-05,1.8891920640059197,40850,,,,,,,,,
0.3322,6.105307579040527,1.1085418304583083e-05,1.8915044165934423,40900,,,,,,,,,
0.3944,12.172440528869629,1.1062294778707857e-05,1.8938167691809649,40950,,,,,,,,,
0.4251,11.682999610900879,1.1039171252832631e-05,1.8961291217684872,41000,,,,,,,,,
0.4327,32.503501892089844,1.1016047726957407e-05,1.8984414743560099,41050,,,,,,,,,
0.425,19.540300369262695,1.0992924201082181e-05,1.9007538269435322,41100,,,,,,,,,
0.3566,15.044720649719238,1.0969800675206955e-05,1.9030661795310548,41150,,,,,,,,,
0.3166,9.059497833251953,1.0946677149331731e-05,1.9053785321185774,41200,,,,,,,,,
0.4114,6.264799118041992,1.0923553623456505e-05,1.9076908847061,41250,,,,,,,,,
0.366,18.921417236328125,1.0900430097581279e-05,1.9100032372936226,41300,,,,,,,,,
0.3477,10.499505043029785,1.0877306571706055e-05,1.912315589881145,41350,,,,,,,,,
0.4131,5.813440322875977,1.0854183045830829e-05,1.9146279424686676,41400,,,,,,,,,
0.4029,10.472147941589355,1.0831059519955603e-05,1.91694029505619,41450,,,,,,,,,
0.3928,15.62194538116455,1.0807935994080379e-05,1.9192526476437126,41500,,,,,,,,,
0.3781,14.470819473266602,1.0784812468205153e-05,1.9215650002312352,41550,,,,,,,,,
0.3893,12.142402648925781,1.0761688942329927e-05,1.9238773528187578,41600,,,,,,,,,
0.3678,12.738789558410645,1.07385654164547e-05,1.9261897054062804,41650,,,,,,,,,
0.3736,21.024009704589844,1.0715441890579475e-05,1.928502057993803,41700,,,,,,,,,
0.3989,40.64430618286133,1.069231836470425e-05,1.9308144105813254,41750,,,,,,,,,
0.3881,6.852641582489014,1.0669194838829025e-05,1.933126763168848,41800,,,,,,,,,
0.3947,6.304993629455566,1.0646071312953799e-05,1.9354391157563704,41850,,,,,,,,,
0.4065,16.95022964477539,1.0622947787078574e-05,1.937751468343893,41900,,,,,,,,,
0.4116,16.32689094543457,1.0599824261203348e-05,1.9400638209314156,41950,,,,,,,,,
0.4147,26.05591583251953,1.0576700735328122e-05,1.9423761735189382,42000,,,,,,,,,
0.4239,19.44340705871582,1.0553577209452898e-05,1.9446885261064608,42050,,,,,,,,,
0.4443,18.668731689453125,1.0530453683577672e-05,1.9470008786939834,42100,,,,,,,,,
0.4274,9.401620864868164,1.0507330157702446e-05,1.9493132312815058,42150,,,,,,,,,
0.4171,10.111001014709473,1.0484206631827222e-05,1.9516255838690284,42200,,,,,,,,,
0.3172,4.988266944885254,1.0461083105951996e-05,1.9539379364565508,42250,,,,,,,,,
0.317,16.982656478881836,1.043795958007677e-05,1.9562502890440734,42300,,,,,,,,,
0.3275,5.31748628616333,1.0414836054201546e-05,1.958562641631596,42350,,,,,,,,,
0.4644,30.37153434753418,1.039171252832632e-05,1.9608749942191186,42400,,,,,,,,,
0.4008,19.56982421875,1.0368589002451094e-05,1.9631873468066412,42450,,,,,,,,,
0.4125,8.510602951049805,1.0345465476575868e-05,1.9654996993941636,42500,,,,,,,,,
0.4319,8.076009750366211,1.0322341950700642e-05,1.9678120519816862,42550,,,,,,,,,
0.4097,17.63670539855957,1.0299218424825418e-05,1.9701244045692086,42600,,,,,,,,,
0.3713,5.818173885345459,1.0276094898950192e-05,1.9724367571567312,42650,,,,,,,,,
0.3746,19.654024124145508,1.0252971373074966e-05,1.9747491097442538,42700,,,,,,,,,
0.3896,21.321640014648438,1.0229847847199742e-05,1.9770614623317764,42750,,,,,,,,,
0.3931,27.412525177001953,1.0206724321324516e-05,1.979373814919299,42800,,,,,,,,,
0.4167,4.884946823120117,1.018360079544929e-05,1.9816861675068216,42850,,,,,,,,,
0.4306,16.424087524414062,1.0160477269574066e-05,1.983998520094344,42900,,,,,,,,,
0.4126,13.616924285888672,1.013735374369884e-05,1.9863108726818666,42950,,,,,,,,,
0.348,6.966625690460205,1.0114230217823614e-05,1.988623225269389,43000,,,,,,,,,
0.3963,12.497855186462402,1.009110669194839e-05,1.9909355778569116,43050,,,,,,,,,
0.4609,21.305980682373047,1.0067983166073163e-05,1.9932479304444342,43100,,,,,,,,,
0.3869,20.743297576904297,1.0044859640197937e-05,1.9955602830319568,43150,,,,,,,,,
0.4601,21.90372085571289,1.0021736114322713e-05,1.9978726356194794,43200,,,,,,,,,
0.3947,4.350727081298828,9.998612588447487e-06,2.000184988207002,43250,,,,,,,,,
0.2372,11.24435806274414,9.975489062572261e-06,2.002497340794524,43300,,,,,,,,,
0.2705,10.978864669799805,9.952365536697035e-06,2.0048096933820467,43350,,,,,,,,,
0.2615,1.7456519603729248,9.92924201082181e-06,2.0071220459695693,43400,,,,,,,,,
0.2368,10.487513542175293,9.906118484946583e-06,2.009434398557092,43450,,,,,,,,,
0.206,11.504018783569336,9.88299495907136e-06,2.0117467511446145,43500,,,,,,,,,
0.2452,18.66461753845215,9.859871433196133e-06,2.014059103732137,43550,,,,,,,,,
0.2019,16.4562931060791,9.836747907320909e-06,2.0163714563196597,43600,,,,,,,,,
0.2259,12.188382148742676,9.813624381445683e-06,2.0186838089071824,43650,,,,,,,,,
0.2609,9.109524726867676,9.790500855570457e-06,2.0209961614947045,43700,,,,,,,,,
0.2115,9.73650074005127,9.767377329695233e-06,2.023308514082227,43750,,,,,,,,,
0.2081,11.895323753356934,9.744253803820007e-06,2.0256208666697497,43800,,,,,,,,,
0.2283,13.410414695739746,9.721130277944781e-06,2.0279332192572723,43850,,,,,,,,,
0.2885,2.2394776344299316,9.698006752069557e-06,2.030245571844795,43900,,,,,,,,,
0.2732,23.216676712036133,9.67488322619433e-06,2.0325579244323175,43950,,,,,,,,,
0.2562,5.671307563781738,9.651759700319105e-06,2.03487027701984,44000,,,,,,,,,
0.2512,15.339412689208984,9.62863617444388e-06,2.0371826296073627,44050,,,,,,,,,
0.2362,14.410042762756348,9.605512648568655e-06,2.039494982194885,44100,,,,,,,,,
0.2593,15.455738067626953,9.582389122693429e-06,2.0418073347824075,44150,,,,,,,,,
0.2565,5.745061874389648,9.559265596818203e-06,2.04411968736993,44200,,,,,,,,,
0.2351,9.449453353881836,9.536142070942977e-06,2.0464320399574527,44250,,,,,,,,,
0.2757,9.71850299835205,9.51301854506775e-06,2.0487443925449753,44300,,,,,,,,,
0.2151,19.617748260498047,9.489895019192527e-06,2.051056745132498,44350,,,,,,,,,
0.2431,13.259799003601074,9.4667714933173e-06,2.0533690977200205,44400,,,,,,,,,
0.2658,2.659341335296631,9.443647967442075e-06,2.0556814503075427,44450,,,,,,,,,
0.2583,4.621488094329834,9.42052444156685e-06,2.0579938028950653,44500,,,,,,,,,
0.2764,17.590702056884766,9.397400915691624e-06,2.060306155482588,44550,,,,,,,,,
0.2002,28.477046966552734,9.3742773898164e-06,2.0626185080701105,44600,,,,,,,,,
0.246,10.296119689941406,9.351153863941174e-06,2.064930860657633,44650,,,,,,,,,
0.2579,12.025821685791016,9.328030338065948e-06,2.0672432132451557,44700,,,,,,,,,
0.1847,15.480828285217285,9.304906812190724e-06,2.0695555658326783,44750,,,,,,,,,
0.3009,16.974224090576172,9.281783286315498e-06,2.071867918420201,44800,,,,,,,,,
0.2747,8.009865760803223,9.258659760440272e-06,2.074180271007723,44850,,,,,,,,,
0.2366,21.21385955810547,9.235536234565048e-06,2.0764926235952457,44900,,,,,,,,,
0.2037,7.263597011566162,9.212412708689822e-06,2.0788049761827683,44950,,,,,,,,,
0.2359,16.653053283691406,9.189289182814596e-06,2.081117328770291,45000,,,,,,,,,
,,,2.081117328770291,45000,0.8808600902557373,219.1489,395.517,24.723,,,,,
0.2574,8.554916381835938,9.166165656939372e-06,2.0834296813578135,45050,,,,,,,,,
0.2467,8.563443183898926,9.143042131064144e-06,2.085742033945336,45100,,,,,,,,,
0.2803,2.9494476318359375,9.119918605188918e-06,2.0880543865328587,45150,,,,,,,,,
0.2572,30.79349136352539,9.096795079313694e-06,2.0903667391203813,45200,,,,,,,,,
0.2729,9.353391647338867,9.073671553438468e-06,2.0926790917079034,45250,,,,,,,,,
0.2418,10.317451477050781,9.050548027563242e-06,2.094991444295426,45300,,,,,,,,,
0.2446,7.637659072875977,9.027424501688018e-06,2.0973037968829487,45350,,,,,,,,,
0.2747,10.648140907287598,9.004300975812792e-06,2.0996161494704713,45400,,,,,,,,,
0.2401,14.153485298156738,8.981177449937566e-06,2.101928502057994,45450,,,,,,,,,
0.2158,29.296262741088867,8.958053924062342e-06,2.1042408546455165,45500,,,,,,,,,
0.2491,14.28864574432373,8.934930398187116e-06,2.106553207233039,45550,,,,,,,,,
0.2652,11.365050315856934,8.911806872311891e-06,2.1088655598205612,45600,,,,,,,,,
0.2448,20.49958038330078,8.888683346436665e-06,2.111177912408084,45650,,,,,,,,,
0.2669,5.3956170082092285,8.86555982056144e-06,2.1134902649956064,45700,,,,,,,,,
0.2017,3.9405694007873535,8.842436294686215e-06,2.115802617583129,45750,,,,,,,,,
0.1903,22.37392234802246,8.81931276881099e-06,2.1181149701706516,45800,,,,,,,,,
0.2351,4.840211391448975,8.796189242935763e-06,2.1204273227581742,45850,,,,,,,,,
0.2414,17.125320434570312,8.773065717060539e-06,2.122739675345697,45900,,,,,,,,,
0.2497,11.672845840454102,8.749942191185311e-06,2.1250520279332195,45950,,,,,,,,,
0.2393,18.360965728759766,8.726818665310086e-06,2.1273643805207416,46000,,,,,,,,,
0.2086,6.399907112121582,8.703695139434861e-06,2.129676733108264,46050,,,,,,,,,
0.2665,5.429198265075684,8.680571613559635e-06,2.131989085695787,46100,,,,,,,,,
0.2076,14.94164752960205,8.65744808768441e-06,2.1343014382833094,46150,,,,,,,,,
0.249,25.83541488647461,8.634324561809185e-06,2.136613790870832,46200,,,,,,,,,
0.2279,3.804332733154297,8.611201035933959e-06,2.1389261434583546,46250,,,,,,,,,
0.2592,16.9609432220459,8.588077510058733e-06,2.1412384960458772,46300,,,,,,,,,
0.2807,16.752470016479492,8.564953984183509e-06,2.1435508486333994,46350,,,,,,,,,
0.2277,9.438711166381836,8.541830458308283e-06,2.145863201220922,46400,,,,,,,,,
0.2808,23.021333694458008,8.518706932433057e-06,2.1481755538084446,46450,,,,,,,,,
0.3036,13.266998291015625,8.495583406557833e-06,2.150487906395967,46500,,,,,,,,,
0.2555,16.61336898803711,8.472459880682607e-06,2.15280025898349,46550,,,,,,,,,
0.2442,24.257383346557617,8.449336354807381e-06,2.1551126115710124,46600,,,,,,,,,
0.261,20.16743278503418,8.426212828932157e-06,2.157424964158535,46650,,,,,,,,,
0.2253,17.118375778198242,8.40308930305693e-06,2.1597373167460576,46700,,,,,,,,,
0.2428,9.117777824401855,8.379965777181706e-06,2.16204966933358,46750,,,,,,,,,
0.2686,8.177446365356445,8.356842251306479e-06,2.1643620219211024,46800,,,,,,,,,
0.243,15.32972240447998,8.333718725431253e-06,2.166674374508625,46850,,,,,,,,,
0.2446,12.616653442382812,8.310595199556029e-06,2.1689867270961476,46900,,,,,,,,,
0.2157,16.150754928588867,8.287471673680803e-06,2.17129907968367,46950,,,,,,,,,
0.2369,13.466757774353027,8.264348147805577e-06,2.173611432271193,47000,,,,,,,,,
0.2164,8.658855438232422,8.241224621930352e-06,2.1759237848587154,47050,,,,,,,,,
0.2085,4.91344690322876,8.218101096055126e-06,2.178236137446238,47100,,,,,,,,,
0.2738,7.540175437927246,8.1949775701799e-06,2.18054849003376,47150,,,,,,,,,
0.2393,21.37564468383789,8.171854044304676e-06,2.1828608426212828,47200,,,,,,,,,
0.2701,13.554080963134766,8.14873051842945e-06,2.1851731952088054,47250,,,,,,,,,
0.2349,18.8262939453125,8.125606992554224e-06,2.187485547796328,47300,,,,,,,,,
0.1996,1.4050894975662231,8.102483466679e-06,2.1897979003838506,47350,,,,,,,,,
0.2186,20.61985969543457,8.079359940803774e-06,2.192110252971373,47400,,,,,,,,,
0.2467,12.91709041595459,8.056236414928548e-06,2.194422605558896,47450,,,,,,,,,
0.2078,29.987140655517578,8.033112889053324e-06,2.1967349581464184,47500,,,,,,,,,
0.2535,7.985980033874512,8.009989363178098e-06,2.1990473107339406,47550,,,,,,,,,
0.2506,10.379485130310059,7.986865837302872e-06,2.201359663321463,47600,,,,,,,,,
0.1921,12.18322467803955,7.963742311427648e-06,2.2036720159089858,47650,,,,,,,,,
0.2478,32.40118408203125,7.94061878555242e-06,2.2059843684965084,47700,,,,,,,,,
0.2311,12.114409446716309,7.917495259677196e-06,2.208296721084031,47750,,,,,,,,,
0.202,23.998146057128906,7.89437173380197e-06,2.2106090736715536,47800,,,,,,,,,
0.2744,14.407957077026367,7.871248207926744e-06,2.212921426259076,47850,,,,,,,,,
0.2398,23.2236385345459,7.84812468205152e-06,2.2152337788465983,47900,,,,,,,,,
0.2604,14.60081672668457,7.825001156176294e-06,2.217546131434121,47950,,,,,,,,,
0.2405,27.471010208129883,7.801877630301068e-06,2.2198584840216435,48000,,,,,,,,,
0.216,26.418243408203125,7.778754104425844e-06,2.222170836609166,48050,,,,,,,,,
0.2508,10.664115905761719,7.755630578550618e-06,2.2244831891966887,48100,,,,,,,,,
0.2273,29.877155303955078,7.732507052675392e-06,2.2267955417842114,48150,,,,,,,,,
0.2645,20.640043258666992,7.709383526800167e-06,2.229107894371734,48200,,,,,,,,,
0.2246,33.39946746826172,7.686260000924942e-06,2.2314202469592566,48250,,,,,,,,,
0.2637,38.82600021362305,7.663136475049716e-06,2.2337325995467787,48300,,,,,,,,,
0.2475,19.726566314697266,7.640012949174491e-06,2.2360449521343013,48350,,,,,,,,,
0.2055,15.011341094970703,7.6168894232992645e-06,2.238357304721824,48400,,,,,,,,,
0.2022,16.567670822143555,7.5937658974240386e-06,2.2406696573093465,48450,,,,,,,,,
0.2534,6.3630146980285645,7.570642371548814e-06,2.242982009896869,48500,,,,,,,,,
0.2791,17.56163215637207,7.547518845673588e-06,2.2452943624843917,48550,,,,,,,,,
0.206,35.685428619384766,7.524395319798362e-06,2.2476067150719143,48600,,,,,,,,,
0.2896,9.427227020263672,7.501271793923138e-06,2.2499190676594365,48650,,,,,,,,,
0.2111,18.16495704650879,7.478148268047912e-06,2.252231420246959,48700,,,,,,,,,
0.2444,22.889524459838867,7.455024742172686e-06,2.2545437728344817,48750,,,,,,,,,
0.2705,5.389591693878174,7.431901216297461e-06,2.2568561254220043,48800,,,,,,,,,
0.2146,12.622090339660645,7.408777690422235e-06,2.259168478009527,48850,,,,,,,,,
0.2307,9.731776237487793,7.38565416454701e-06,2.2614808305970495,48900,,,,,,,,,
0.2162,16.93365478515625,7.362530638671785e-06,2.263793183184572,48950,,,,,,,,,
0.2695,23.12639808654785,7.33940711279656e-06,2.2661055357720947,49000,,,,,,,,,
0.2755,30.237802505493164,7.316283586921334e-06,2.268417888359617,49050,,,,,,,,,
0.2664,29.356077194213867,7.293160061046109e-06,2.2707302409471395,49100,,,,,,,,,
0.2282,17.277456283569336,7.270036535170884e-06,2.273042593534662,49150,,,,,,,,,
0.2456,5.528166770935059,7.246913009295657e-06,2.2753549461221847,49200,,,,,,,,,
0.2088,15.246672630310059,7.223789483420432e-06,2.2776672987097073,49250,,,,,,,,,
0.2066,16.843456268310547,7.200665957545207e-06,2.27997965129723,49300,,,,,,,,,
0.287,19.35646629333496,7.177542431669981e-06,2.2822920038847525,49350,,,,,,,,,
0.2319,17.949352264404297,7.154418905794756e-06,2.2846043564722747,49400,,,,,,,,,
0.2377,16.343326568603516,7.131295379919531e-06,2.2869167090597973,49450,,,,,,,,,
0.2616,17.58034896850586,7.1081718540443055e-06,2.28922906164732,49500,,,,,,,,,
0.2319,30.715635299682617,7.0850483281690795e-06,2.2915414142348425,49550,,,,,,,,,
0.1939,5.449735641479492,7.061924802293854e-06,2.293853766822365,49600,,,,,,,,,
0.2162,17.83838653564453,7.0388012764186285e-06,2.2961661194098877,49650,,,,,,,,,
0.2545,7.898341655731201,7.0156777505434025e-06,2.2984784719974103,49700,,,,,,,,,
0.2385,7.137809753417969,6.9925542246681774e-06,2.300790824584933,49750,,,,,,,,,
0.2624,25.065189361572266,6.969430698792952e-06,2.3031031771724555,49800,,,,,,,,,
0.2145,3.4519121646881104,6.946307172917726e-06,2.3054155297599777,49850,,,,,,,,,
0.249,20.248855590820312,6.923183647042501e-06,2.3077278823475003,49900,,,,,,,,,
0.271,13.669417381286621,6.900060121167276e-06,2.310040234935023,49950,,,,,,,,,
0.2089,12.286508560180664,6.876936595292051e-06,2.3123525875225455,50000,,,,,,,,,
,,,2.3123525875225455,50000,0.8932591676712036,219.1465,395.521,24.723,,,,,
0.2562,3.877408266067505,6.853813069416824e-06,2.314664940110068,50050,,,,,,,,,
0.2291,3.0932483673095703,6.830689543541599e-06,2.3169772926975907,50100,,,,,,,,,
0.239,10.651663780212402,6.807566017666374e-06,2.319289645285113,50150,,,,,,,,,
0.2138,17.888723373413086,6.784442491791148e-06,2.3216019978726354,50200,,,,,,,,,
0.2367,15.618454933166504,6.761318965915923e-06,2.323914350460158,50250,,,,,,,,,
0.2425,16.90828514099121,6.738195440040698e-06,2.3262267030476806,50300,,,,,,,,,
0.2225,7.481202125549316,6.715071914165472e-06,2.3285390556352032,50350,,,,,,,,,
0.1813,3.035407066345215,6.691948388290247e-06,2.330851408222726,50400,,,,,,,,,
0.2028,10.013420104980469,6.668824862415022e-06,2.3331637608102485,50450,,,,,,,,,
0.2336,14.863179206848145,6.645701336539796e-06,2.335476113397771,50500,,,,,,,,,
0.2496,7.833356857299805,6.62257781066457e-06,2.3377884659852937,50550,,,,,,,,,
0.2384,12.687335014343262,6.599454284789345e-06,2.340100818572816,50600,,,,,,,,,
0.269,7.071356296539307,6.57633075891412e-06,2.3424131711603384,50650,,,,,,,,,
0.2638,3.750776529312134,6.553207233038894e-06,2.344725523747861,50700,,,,,,,,,
0.2027,11.816620826721191,6.530083707163669e-06,2.3470378763353836,50750,,,,,,,,,
0.2504,4.167166709899902,6.5069601812884435e-06,2.3493502289229062,50800,,,,,,,,,
0.2109,13.638943672180176,6.4838366554132176e-06,2.351662581510429,50850,,,,,,,,,
0.1997,1.3308707475662231,6.460713129537992e-06,2.3539749340979514,50900,,,,,,,,,
0.2534,16.387107849121094,6.4375896036627665e-06,2.3562872866854736,50950,,,,,,,,,
0.2271,18.21018409729004,6.4144660777875406e-06,2.358599639272996,51000,,,,,,,,,
0.2072,10.90655517578125,6.3913425519123155e-06,2.360911991860519,51050,,,,,,,,,
0.2198,6.355605602264404,6.36821902603709e-06,2.3632243444480414,51100,,,,,,,,,
0.1906,11.4717435836792,6.345095500161865e-06,2.365536697035564,51150,,,,,,,,,
0.2472,26.457944869995117,6.321971974286639e-06,2.3678490496230866,51200,,,,,,,,,
0.2745,21.715486526489258,6.298848448411414e-06,2.3701614022106092,51250,,,,,,,,,
0.1992,10.452926635742188,6.275724922536189e-06,2.372473754798132,51300,,,,,,,,,
0.2373,11.806779861450195,6.252601396660962e-06,2.374786107385654,51350,,,,,,,,,
0.2393,8.764030456542969,6.229477870785737e-06,2.3770984599731766,51400,,,,,,,,,
0.2275,9.846938133239746,6.206354344910512e-06,2.379410812560699,51450,,,,,,,,,
0.2456,9.277164459228516,6.183230819035286e-06,2.381723165148222,51500,,,,,,,,,
0.2234,6.102445602416992,6.160107293160061e-06,2.3840355177357444,51550,,,,,,,,,
0.2306,8.740938186645508,6.136983767284836e-06,2.386347870323267,51600,,,,,,,,,
0.2606,5.821547508239746,6.113860241409611e-06,2.3886602229107896,51650,,,,,,,,,
0.2574,19.37452507019043,6.090736715534385e-06,2.3909725754983118,51700,,,,,,,,,
0.2399,15.614272117614746,6.06761318965916e-06,2.3932849280858344,51750,,,,,,,,,
0.2487,4.396884918212891,6.044489663783934e-06,2.395597280673357,51800,,,,,,,,,
0.2181,19.028606414794922,6.021366137908708e-06,2.3979096332608796,51850,,,,,,,,,
0.2675,22.09893798828125,5.998242612033483e-06,2.400221985848402,51900,,,,,,,,,
0.2089,10.188347816467285,5.975119086158258e-06,2.402534338435925,51950,,,,,,,,,
0.1989,1.9392718076705933,5.951995560283032e-06,2.4048466910234474,52000,,,,,,,,,
0.2566,4.666430950164795,5.928872034407807e-06,2.40715904361097,52050,,,,,,,,,
0.2356,6.74965763092041,5.9057485085325815e-06,2.409471396198492,52100,,,,,,,,,
0.2465,24.412776947021484,5.8826249826573564e-06,2.4117837487860148,52150,,,,,,,,,
0.2798,6.194982051849365,5.85950145678213e-06,2.4140961013735374,52200,,,,,,,,,
0.2006,15.379412651062012,5.8363779309069045e-06,2.41640845396106,52250,,,,,,,,,
0.2728,10.210505485534668,5.8132544050316794e-06,2.4187208065485826,52300,,,,,,,,,
0.2398,12.662932395935059,5.7901308791564535e-06,2.421033159136105,52350,,,,,,,,,
0.2548,5.519979476928711,5.767007353281228e-06,2.4233455117236278,52400,,,,,,,,,
0.2419,8.738038063049316,5.743883827406003e-06,2.42565786431115,52450,,,,,,,,,
0.179,6.764352798461914,5.720760301530777e-06,2.4279702168986725,52500,,,,,,,,,
0.2129,5.693551540374756,5.697636775655552e-06,2.430282569486195,52550,,,,,,,,,
0.1962,24.91410255432129,5.674513249780327e-06,2.4325949220737177,52600,,,,,,,,,
0.2257,12.942264556884766,5.651389723905101e-06,2.4349072746612404,52650,,,,,,,,,
0.2338,4.0384297370910645,5.628266198029875e-06,2.437219627248763,52700,,,,,,,,,
0.2726,2.0696942806243896,5.60514267215465e-06,2.4395319798362856,52750,,,,,,,,,
0.2319,16.335771560668945,5.582019146279425e-06,2.441844332423808,52800,,,,,,,,,
0.2386,8.915494918823242,5.558895620404199e-06,2.4441566850113308,52850,,,,,,,,,
0.2695,14.251945495605469,5.535772094528974e-06,2.446469037598853,52900,,,,,,,,,
0.2068,6.837579250335693,5.512648568653749e-06,2.4487813901863755,52950,,,,,,,,,
0.228,9.388887405395508,5.489525042778523e-06,2.451093742773898,53000,,,,,,,,,
0.2342,20.48167610168457,5.466401516903298e-06,2.4534060953614207,53050,,,,,,,,,
0.222,9.385351181030273,5.443277991028072e-06,2.4557184479489433,53100,,,,,,,,,
0.2036,16.459796905517578,5.420154465152847e-06,2.458030800536466,53150,,,,,,,,,
0.2424,4.6834025382995605,5.397030939277621e-06,2.460343153123988,53200,,,,,,,,,
0.2306,22.975492477416992,5.373907413402396e-06,2.4626555057115107,53250,,,,,,,,,
0.2535,11.156872749328613,5.350783887527171e-06,2.4649678582990333,53300,,,,,,,,,
0.2082,11.531638145446777,5.327660361651945e-06,2.467280210886556,53350,,,,,,,,,
0.2043,5.718977928161621,5.3045368357767196e-06,2.4695925634740785,53400,,,,,,,,,
0.2345,36.280670166015625,5.2814133099014945e-06,2.471904916061601,53450,,,,,,,,,
0.2169,8.583271980285645,5.258289784026268e-06,2.4742172686491237,53500,,,,,,,,,
0.2415,19.600719451904297,5.2351662581510426e-06,2.4765296212366463,53550,,,,,,,,,
0.235,30.702096939086914,5.2120427322758175e-06,2.478841973824169,53600,,,,,,,,,
0.2334,34.05986404418945,5.188919206400592e-06,2.481154326411691,53650,,,,,,,,,
0.2145,10.892203330993652,5.165795680525366e-06,2.4834666789992137,53700,,,,,,,,,
0.2028,12.989243507385254,5.142672154650141e-06,2.4857790315867363,53750,,,,,,,,,
0.2686,13.008688926696777,5.119548628774916e-06,2.488091384174259,53800,,,,,,,,,
0.235,14.599442481994629,5.09642510289969e-06,2.4904037367617815,53850,,,,,,,,,
0.2431,32.28925704956055,5.073301577024465e-06,2.492716089349304,53900,,,,,,,,,
0.2518,14.559524536132812,5.050178051149239e-06,2.4950284419368267,53950,,,,,,,,,
0.2318,8.195426940917969,5.027054525274013e-06,2.497340794524349,54000,,,,,,,,,
0.1738,18.734804153442383,5.003930999398788e-06,2.4996531471118715,54050,,,,,,,,,
0.2537,17.693925857543945,4.980807473523563e-06,2.501965499699394,54100,,,,,,,,,
0.2399,13.609068870544434,4.957683947648338e-06,2.5042778522869167,54150,,,,,,,,,
0.2265,7.148918151855469,4.934560421773112e-06,2.5065902048744393,54200,,,,,,,,,
0.1878,1.7238073348999023,4.911436895897887e-06,2.508902557461962,54250,,,,,,,,,
0.2515,28.35753631591797,4.888313370022662e-06,2.5112149100494845,54300,,,,,,,,,
0.2365,13.89491081237793,4.865189844147436e-06,2.513527262637007,54350,,,,,,,,,
0.2519,15.744266510009766,4.84206631827221e-06,2.5158396152245297,54400,,,,,,,,,
0.2642,8.394984245300293,4.818942792396985e-06,2.518151967812052,54450,,,,,,,,,
0.2746,13.829974174499512,4.795819266521759e-06,2.5204643203995745,54500,,,,,,,,,
0.2136,6.017899990081787,4.772695740646534e-06,2.522776672987097,54550,,,,,,,,,
0.2288,17.7662410736084,4.749572214771309e-06,2.5250890255746197,54600,,,,,,,,,
0.2659,30.21046257019043,4.7264486888960835e-06,2.5274013781621423,54650,,,,,,,,,
0.2232,7.104907035827637,4.703325163020858e-06,2.5297137307496644,54700,,,,,,,,,
0.2574,11.65932559967041,4.6802016371456325e-06,2.532026083337187,54750,,,,,,,,,
0.2691,3.1269516944885254,4.6570781112704065e-06,2.5343384359247096,54800,,,,,,,,,
0.2324,7.194374084472656,4.633954585395181e-06,2.5366507885122322,54850,,,,,,,,,
0.1882,13.200758934020996,4.6108310595199555e-06,2.538963141099755,54900,,,,,,,,,
0.1917,18.829235076904297,4.58770753364473e-06,2.5412754936872775,54950,,,,,,,,,
0.2298,9.00645923614502,4.5645840077695044e-06,2.5435878462748,55000,,,,,,,,,
,,,2.5435878462748,55000,0.8846445679664612,219.0722,395.655,24.732,,,,,
0.2086,27.460098266601562,4.541460481894279e-06,2.5459001988623227,55050,,,,,,,,,
0.2115,6.774614334106445,4.518336956019054e-06,2.5482125514498453,55100,,,,,,,,,
0.2182,10.079763412475586,4.495213430143829e-06,2.550524904037368,55150,,,,,,,,,
0.2245,10.680298805236816,4.472089904268603e-06,2.55283725662489,55200,,,,,,,,,
0.2411,21.03292465209961,4.448966378393377e-06,2.5551496092124126,55250,,,,,,,,,
0.2312,10.017661094665527,4.425842852518152e-06,2.5574619617999352,55300,,,,,,,,,
0.223,7.132197856903076,4.402719326642926e-06,2.559774314387458,55350,,,,,,,,,
0.1857,14.41970443725586,4.379595800767701e-06,2.5620866669749804,55400,,,,,,,,,
0.2509,36.339962005615234,4.356472274892476e-06,2.564399019562503,55450,,,,,,,,,
0.2421,17.402982711791992,4.33334874901725e-06,2.566711372150025,55500,,,,,,,,,
0.2076,1.8716233968734741,4.310225223142025e-06,2.569023724737548,55550,,,,,,,,,
0.2365,10.388481140136719,4.2871016972668e-06,2.5713360773250704,55600,,,,,,,,,
0.2141,12.8536376953125,4.263978171391575e-06,2.573648429912593,55650,,,,,,,,,
0.2332,9.612545013427734,4.240854645516348e-06,2.5759607825001156,55700,,,,,,,,,
0.2205,15.44143009185791,4.217731119641123e-06,2.5782731350876382,55750,,,,,,,,,
0.2464,5.261876583099365,4.194607593765898e-06,2.580585487675161,55800,,,,,,,,,
0.2085,21.444719314575195,4.171484067890672e-06,2.5828978402626834,55850,,,,,,,,,
0.2193,60.408233642578125,4.148360542015447e-06,2.585210192850206,55900,,,,,,,,,
0.2029,20.242990493774414,4.1252370161402216e-06,2.587522545437728,55950,,,,,,,,,
0.235,15.3822021484375,4.102113490264996e-06,2.589834898025251,56000,,,,,,,,,
0.1943,14.501702308654785,4.0789899643897705e-06,2.5921472506127734,56050,,,,,,,,,
0.2229,10.174276351928711,4.0558664385145446e-06,2.594459603200296,56100,,,,,,,,,
0.2286,33.37616729736328,4.032742912639319e-06,2.5967719557878186,56150,,,,,,,,,
0.2084,9.29249382019043,4.0096193867640935e-06,2.599084308375341,56200,,,,,,,,,
0.2143,16.030488967895508,3.986495860888868e-06,2.6013966609628634,56250,,,,,,,,,
0.217,5.296761512756348,3.963372335013643e-06,2.603709013550386,56300,,,,,,,,,
0.2463,8.6527099609375,3.940248809138417e-06,2.6060213661379086,56350,,,,,,,,,
0.1836,11.241791725158691,3.917125283263192e-06,2.608333718725431,56400,,,,,,,,,
0.2024,34.46867370605469,3.894001757387967e-06,2.610646071312954,56450,,,,,,,,,
0.2099,11.717293739318848,3.870878231512741e-06,2.6129584239004764,56500,,,,,,,,,
0.2512,5.050699234008789,3.847754705637515e-06,2.615270776487999,56550,,,,,,,,,
0.2158,1.359057903289795,3.82463117976229e-06,2.6175831290755216,56600,,,,,,,,,
0.2355,9.365238189697266,3.8015076538870642e-06,2.619895481663044,56650,,,,,,,,,
0.2289,18.420900344848633,3.778384128011839e-06,2.6222078342505664,56700,,,,,,,,,
0.2237,4.70395040512085,3.755260602136614e-06,2.624520186838089,56750,,,,,,,,,
0.2147,2.8637592792510986,3.7321370762613885e-06,2.6268325394256116,56800,,,,,,,,,
0.2344,12.948619842529297,3.709013550386163e-06,2.629144892013134,56850,,,,,,,,,
0.2142,9.531585693359375,3.6858900245109374e-06,2.6314572446006568,56900,,,,,,,,,
0.2632,7.698907852172852,3.662766498635712e-06,2.6337695971881794,56950,,,,,,,,,
0.2323,1.1203895807266235,3.639642972760487e-06,2.6360819497757015,57000,,,,,,,,,
0.2486,13.274394035339355,3.6165194468852613e-06,2.638394302363224,57050,,,,,,,,,
0.2325,7.759650707244873,3.5933959210100358e-06,2.6407066549507467,57100,,,,,,,,,
0.2518,17.382211685180664,3.5702723951348102e-06,2.6430190075382693,57150,,,,,,,,,
0.2627,11.187499046325684,3.5471488692595847e-06,2.645331360125792,57200,,,,,,,,,
0.2536,33.726871490478516,3.5240253433843596e-06,2.6476437127133146,57250,,,,,,,,,
0.2625,3.5782666206359863,3.5009018175091337e-06,2.649956065300837,57300,,,,,,,,,
0.2062,7.76359224319458,3.4777782916339086e-06,2.6522684178883598,57350,,,,,,,,,
0.2102,31.326486587524414,3.454654765758683e-06,2.6545807704758824,57400,,,,,,,,,
0.2554,22.225522994995117,3.4315312398834575e-06,2.656893123063405,57450,,,,,,,,,
0.2353,13.578940391540527,3.408407714008232e-06,2.659205475650927,57500,,,,,,,,,
0.1928,17.772716522216797,3.3852841881330064e-06,2.6615178282384497,57550,,,,,,,,,
0.2306,17.3350887298584,3.3621606622577813e-06,2.6638301808259723,57600,,,,,,,,,
0.218,10.065128326416016,3.339037136382556e-06,2.666142533413495,57650,,,,,,,,,
0.2338,11.19853401184082,3.3159136105073303e-06,2.6684548860010175,57700,,,,,,,,,
0.2061,7.822867393493652,3.2927900846321048e-06,2.6707672385885397,57750,,,,,,,,,
0.213,19.899703979492188,3.2696665587568792e-06,2.6730795911760623,57800,,,,,,,,,
0.1999,22.635374069213867,3.246543032881654e-06,2.675391943763585,57850,,,,,,,,,
0.23,4.069926738739014,3.2234195070064286e-06,2.6777042963511075,57900,,,,,,,,,
0.1965,16.463014602661133,3.2002959811312027e-06,2.68001664893863,57950,,,,,,,,,
0.2625,27.7940673828125,3.1771724552559776e-06,2.6823290015261527,58000,,,,,,,,,
0.2031,6.37161111831665,3.154048929380752e-06,2.6846413541136753,58050,,,,,,,,,
0.2097,19.52339744567871,3.130925403505527e-06,2.686953706701198,58100,,,,,,,,,
0.2388,28.19778823852539,3.107801877630301e-06,2.6892660592887205,58150,,,,,,,,,
0.209,9.667007446289062,3.0846783517550755e-06,2.691578411876243,58200,,,,,,,,,
0.1881,10.5230712890625,3.0615548258798504e-06,2.6938907644637653,58250,,,,,,,,,
0.1993,13.58937931060791,3.038431300004625e-06,2.696203117051288,58300,,,,,,,,,
0.2095,13.051328659057617,3.0153077741293993e-06,2.6985154696388105,58350,,,,,,,,,
0.2344,24.668014526367188,2.9921842482541738e-06,2.700827822226333,58400,,,,,,,,,
0.2419,16.145950317382812,2.9690607223789483e-06,2.7031401748138557,58450,,,,,,,,,
0.211,15.313179969787598,2.945937196503723e-06,2.7054525274013783,58500,,,,,,,,,
0.2318,22.364526748657227,2.9228136706284976e-06,2.7077648799889005,58550,,,,,,,,,
0.1903,6.694035053253174,2.8996901447532717e-06,2.710077232576423,58600,,,,,,,,,
0.2523,17.39789581298828,2.8765666188780466e-06,2.7123895851639457,58650,,,,,,,,,
0.2235,18.563058853149414,2.853443093002821e-06,2.7147019377514683,58700,,,,,,,,,
0.2131,15.686079025268555,2.830319567127596e-06,2.717014290338991,58750,,,,,,,,,
0.2542,1.4090991020202637,2.80719604125237e-06,2.7193266429265135,58800,,,,,,,,,
0.2166,10.510001182556152,2.7840725153771445e-06,2.721638995514036,58850,,,,,,,,,
0.2239,6.324694633483887,2.7609489895019194e-06,2.7239513481015587,58900,,,,,,,,,
0.2428,24.354084014892578,2.737825463626694e-06,2.7262637006890813,58950,,,,,,,,,
0.2104,28.922983169555664,2.7147019377514687e-06,2.7285760532766035,59000,,,,,,,,,
0.1846,4.720963001251221,2.691578411876243e-06,2.730888405864126,59050,,,,,,,,,
0.1964,9.364290237426758,2.6684548860010173e-06,2.7332007584516487,59100,,,,,,,,,
0.2296,1.7864586114883423,2.645331360125792e-06,2.7355131110391713,59150,,,,,,,,,
0.195,2.5145223140716553,2.6222078342505666e-06,2.737825463626694,59200,,,,,,,,,
0.2325,18.850727081298828,2.599084308375341e-06,2.7401378162142165,59250,,,,,,,,,
0.2298,15.56932544708252,2.5759607825001156e-06,2.7424501688017386,59300,,,,,,,,,
0.2024,9.7464017868042,2.55283725662489e-06,2.7447625213892612,59350,,,,,,,,,
0.2187,10.936857223510742,2.529713730749665e-06,2.747074873976784,59400,,,,,,,,,
0.2259,21.344131469726562,2.506590204874439e-06,2.7493872265643065,59450,,,,,,,,,
0.228,14.996743202209473,2.483466678999214e-06,2.751699579151829,59500,,,,,,,,,
0.1696,14.33882999420166,2.4603431531239884e-06,2.7540119317393517,59550,,,,,,,,,
0.2405,20.971166610717773,2.437219627248763e-06,2.7563242843268743,59600,,,,,,,,,
0.2011,22.08224105834961,2.4140961013735378e-06,2.758636636914397,59650,,,,,,,,,
0.2496,22.521528244018555,2.390972575498312e-06,2.7609489895019195,59700,,,,,,,,,
0.2608,12.924599647521973,2.3678490496230867e-06,2.763261342089442,59750,,,,,,,,,
0.2469,13.50255012512207,2.344725523747861e-06,2.7655736946769642,59800,,,,,,,,,
0.2128,13.016776084899902,2.3216019978726357e-06,2.767886047264487,59850,,,,,,,,,
0.2319,0.8567777276039124,2.29847847199741e-06,2.7701983998520094,59900,,,,,,,,,
0.2183,6.308016300201416,2.2753549461221846e-06,2.772510752439532,59950,,,,,,,,,
0.1654,7.199383735656738,2.2522314202469595e-06,2.7748231050270546,60000,,,,,,,,,
,,,2.7748231050270546,60000,0.9123191237449646,219.0688,395.661,24.732,,,,,
0.2389,4.020396709442139,2.229107894371734e-06,2.777135457614577,60050,,,,,,,,,
0.2359,10.729823112487793,2.205984368496508e-06,2.7794478102020994,60100,,,,,,,,,
0.2141,21.93694305419922,2.182860842621283e-06,2.781760162789622,60150,,,,,,,,,
0.2457,4.042337894439697,2.1597373167460574e-06,2.7840725153771446,60200,,,,,,,,,
0.2085,1.7393219470977783,2.1366137908708323e-06,2.7863848679646672,60250,,,,,,,,,
0.2201,12.399569511413574,2.1134902649956068e-06,2.78869722055219,60300,,,,,,,,,
0.1989,6.661664009094238,2.090366739120381e-06,2.7910095731397124,60350,,,,,,,,,
0.224,6.249770641326904,2.0672432132451557e-06,2.793321925727235,60400,,,,,,,,,
0.2263,32.69303894042969,2.04411968736993e-06,2.7956342783147576,60450,,,,,,,,,
0.2357,16.466161727905273,2.020996161494705e-06,2.7979466309022802,60500,,,,,,,,,
0.2347,18.471437454223633,1.997872635619479e-06,2.8002589834898024,60550,,,,,,,,,
0.278,7.238992214202881,1.9747491097442536e-06,2.802571336077325,60600,,,,,,,,,
0.1997,5.064661979675293,1.9516255838690285e-06,2.8048836886648476,60650,,,,,,,,,
0.2062,10.569347381591797,1.928502057993803e-06,2.80719604125237,60700,,,,,,,,,
0.2082,1.7541086673736572,1.9053785321185777e-06,2.809508393839893,60750,,,,,,,,,
0.2174,11.278446197509766,1.882255006243352e-06,2.8118207464274154,60800,,,,,,,,,
0.2421,50.63883972167969,1.8591314803681266e-06,2.8141330990149376,60850,,,,,,,,,
0.2588,13.871296882629395,1.8360079544929013e-06,2.81644545160246,60900,,,,,,,,,
0.1761,2.656830310821533,1.8128844286176756e-06,2.818757804189983,60950,,,,,,,,,
0.2268,28.43514060974121,1.7897609027424503e-06,2.8210701567775054,61000,,,,,,,,,
0.2,14.85601806640625,1.7666373768672247e-06,2.823382509365028,61050,,,,,,,,,
0.2115,5.316139221191406,1.7435138509919994e-06,2.8256948619525506,61100,,,,,,,,,
0.2159,17.495662689208984,1.720390325116774e-06,2.828007214540073,61150,,,,,,,,,
0.2169,40.191646575927734,1.6972667992415484e-06,2.830319567127596,61200,,,,,,,,,
0.1914,15.414407730102539,1.6741432733663228e-06,2.8326319197151184,61250,,,,,,,,,
0.2182,9.064041137695312,1.6510197474910975e-06,2.8349442723026406,61300,,,,,,,,,
0.1964,20.094667434692383,1.627896221615872e-06,2.837256624890163,61350,,,,,,,,,
0.2433,30.98387908935547,1.6047726957406467e-06,2.8395689774776858,61400,,,,,,,,,
0.2511,10.76673412322998,1.581649169865421e-06,2.8418813300652084,61450,,,,,,,,,
0.196,6.209639072418213,1.5585256439901956e-06,2.844193682652731,61500,,,,,,,,,
0.211,15.056650161743164,1.5354021181149701e-06,2.8465060352402536,61550,,,,,,,,,
0.2371,20.336246490478516,1.5122785922397448e-06,2.8488183878277757,61600,,,,,,,,,
0.2226,12.35855484008789,1.4891550663645195e-06,2.8511307404152983,61650,,,,,,,,,
0.2545,6.591451168060303,1.4660315404892938e-06,2.853443093002821,61700,,,,,,,,,
0.1967,12.325664520263672,1.4429080146140684e-06,2.8557554455903436,61750,,,,,,,,,
0.208,13.945058822631836,1.419784488738843e-06,2.858067798177866,61800,,,,,,,,,
0.2113,7.744545936584473,1.3966609628636176e-06,2.8603801507653888,61850,,,,,,,,,
0.2073,2.493974208831787,1.373537436988392e-06,2.8626925033529114,61900,,,,,,,,,
0.2116,3.713776111602783,1.3504139111131665e-06,2.865004855940434,61950,,,,,,,,,
0.2396,18.990154266357422,1.327290385237941e-06,2.8673172085279566,62000,,,,,,,,,
0.2261,23.343530654907227,1.3041668593627157e-06,2.8696295611154787,62050,,,,,,,,,
0.2096,5.339699745178223,1.2810433334874902e-06,2.8719419137030013,62100,,,,,,,,,
0.2057,6.81251859664917,1.2579198076122647e-06,2.874254266290524,62150,,,,,,,,,
0.2621,28.790252685546875,1.2347962817370391e-06,2.8765666188780465,62200,,,,,,,,,
0.2209,8.133563995361328,1.2116727558618138e-06,2.878878971465569,62250,,,,,,,,,
0.244,18.662643432617188,1.1885492299865885e-06,2.8811913240530918,62300,,,,,,,,,
0.2223,8.900296211242676,1.165425704111363e-06,2.883503676640614,62350,,,,,,,,,
0.1996,13.39114761352539,1.1423021782361375e-06,2.8858160292281365,62400,,,,,,,,,
0.2114,9.290201187133789,1.119178652360912e-06,2.888128381815659,62450,,,,,,,,,
0.2658,4.210495471954346,1.0960551264856866e-06,2.8904407344031817,62500,,,,,,,,,
0.2119,4.751121520996094,1.072931600610461e-06,2.8927530869907043,62550,,,,,,,,,
0.221,2.8315391540527344,1.0498080747352358e-06,2.895065439578227,62600,,,,,,,,,
0.2328,11.343517303466797,1.02668454886001e-06,2.8973777921657495,62650,,,,,,,,,
0.2215,19.927921295166016,1.0035610229847847e-06,2.899690144753272,62700,,,,,,,,,
0.2444,21.360336303710938,9.804374971095592e-07,2.9020024973407947,62750,,,,,,,,,
0.2017,12.043187141418457,9.573139712343339e-07,2.9043148499283173,62800,,,,,,,,,
0.2044,9.45212459564209,9.341904453591084e-07,2.9066272025158395,62850,,,,,,,,,
0.216,10.685895919799805,9.110669194838829e-07,2.908939555103362,62900,,,,,,,,,
0.2155,6.424454212188721,8.879433936086574e-07,2.9112519076908847,62950,,,,,,,,,
0.1692,6.323710918426514,8.64819867733432e-07,2.9135642602784073,63000,,,,,,,,,
0.2289,6.341415882110596,8.416963418582066e-07,2.91587661286593,63050,,,,,,,,,
0.1853,6.755777835845947,8.18572815982981e-07,2.918188965453452,63100,,,,,,,,,
0.2007,10.061471939086914,7.954492901077556e-07,2.9205013180409747,63150,,,,,,,,,
0.2532,7.873229503631592,7.723257642325301e-07,2.9228136706284973,63200,,,,,,,,,
0.2615,7.222530364990234,7.492022383573048e-07,2.92512602321602,63250,,,,,,,,,
0.1952,25.445823669433594,7.260787124820794e-07,2.9274383758035425,63300,,,,,,,,,
0.2298,18.060535430908203,7.029551866068538e-07,2.929750728391065,63350,,,,,,,,,
0.245,8.731070518493652,6.798316607316284e-07,2.9320630809785877,63400,,,,,,,,,
0.1865,22.181978225708008,6.567081348564029e-07,2.9343754335661103,63450,,,,,,,,,
0.2001,12.314297676086426,6.335846089811775e-07,2.936687786153633,63500,,,,,,,,,
0.2135,16.033414840698242,6.104610831059521e-07,2.9390001387411555,63550,,,,,,,,,
0.2131,5.932498455047607,5.873375572307265e-07,2.9413124913286777,63600,,,,,,,,,
0.1925,13.351349830627441,5.642140313555011e-07,2.9436248439162003,63650,,,,,,,,,
0.2453,8.385293960571289,5.410905054802756e-07,2.945937196503723,63700,,,,,,,,,
0.2365,2.291450262069702,5.179669796050502e-07,2.9482495490912455,63750,,,,,,,,,
0.2349,19.709091186523438,4.948434537298247e-07,2.950561901678768,63800,,,,,,,,,
0.2262,14.908941268920898,4.7171992785459927e-07,2.9528742542662907,63850,,,,,,,,,
0.1953,8.612918853759766,4.485964019793738e-07,2.955186606853813,63900,,,,,,,,,
0.2268,6.855686664581299,4.254728761041484e-07,2.9574989594413355,63950,,,,,,,,,
0.2213,51.351043701171875,4.023493502289229e-07,2.959811312028858,64000,,,,,,,,,
0.2436,10.729304313659668,3.792258243536975e-07,2.9621236646163807,64050,,,,,,,,,
0.2387,14.932540893554688,3.56102298478472e-07,2.9644360172039033,64100,,,,,,,,,
0.1969,22.625396728515625,3.3297877260324654e-07,2.966748369791426,64150,,,,,,,,,
0.2047,26.648025512695312,3.098552467280211e-07,2.9690607223789485,64200,,,,,,,,,
0.2468,18.809091567993164,2.8673172085279565e-07,2.971373074966471,64250,,,,,,,,,
0.2414,5.691742897033691,2.636081949775702e-07,2.9736854275539937,64300,,,,,,,,,
0.2219,13.060441017150879,2.404846691023447e-07,2.975997780141516,64350,,,,,,,,,
0.2542,18.859691619873047,2.1736114322711928e-07,2.9783101327290384,64400,,,,,,,,,
0.1756,13.362950325012207,1.942376173518938e-07,2.980622485316561,64450,,,,,,,,,
0.2384,21.4392032623291,1.7111409147666837e-07,2.9829348379040836,64500,,,,,,,,,
0.2284,40.74583435058594,1.4799056560144292e-07,2.9852471904916063,64550,,,,,,,,,
0.187,7.203824996948242,1.2486703972621745e-07,2.987559543079129,64600,,,,,,,,,
0.2439,17.214569091796875,1.01743513850992e-07,2.989871895666651,64650,,,,,,,,,
0.265,7.075289249420166,7.861998797576654e-08,2.9921842482541736,64700,,,,,,,,,
0.2714,16.148176193237305,5.549646210054109e-08,2.994496600841696,64750,,,,,,,,,
0.1943,6.091820240020752,3.2372936225315635e-08,2.996808953429219,64800,,,,,,,,,
0.2171,6.401148319244385,9.249410350090182e-09,2.9991213060167414,64850,,,,,,,,,
,,,3.0,64869,,,,,13224.3106,78.483,4.905,2.033965963285724e+17,0.4840391689459843
