loss,grad_norm,learning_rate,epoch,step,eval_loss,eval_runtime,eval_samples_per_second,eval_steps_per_second,train_runtime,train_samples_per_second,train_steps_per_second,total_flos,train_loss
2.5668,10.43659496307373,2.9983166139892812e-05,0.0,50,,,,,,,,,
0.5733,11.898637771606445,2.9965988731620176e-05,0.0,100,,,,,,,,,
0.424,28.03238868713379,2.9948811323347533e-05,0.01,150,,,,,,,,,
0.3496,8.242708206176758,2.9931633915074894e-05,0.01,200,,,,,,,,,
0.3775,5.4122114181518555,2.9914456506802255e-05,0.01,250,,,,,,,,,
0.3493,8.823254585266113,2.9897279098529615e-05,0.01,300,,,,,,,,,
0.348,1.7074724435806274,2.9880101690256976e-05,0.01,350,,,,,,,,,
0.2843,9.582817077636719,2.9862924281984336e-05,0.01,400,,,,,,,,,
0.3609,14.39125919342041,2.9845746873711694e-05,0.02,450,,,,,,,,,
0.284,6.1521077156066895,2.9828569465439054e-05,0.02,500,,,,,,,,,
0.3298,6.919235706329346,2.9811392057166418e-05,0.02,550,,,,,,,,,
0.2699,4.6726250648498535,2.9794214648893776e-05,0.02,600,,,,,,,,,
0.2488,3.9300787448883057,2.9777037240621136e-05,0.02,650,,,,,,,,,
0.2348,10.26698112487793,2.9759859832348493e-05,0.02,700,,,,,,,,,
0.2406,7.965264320373535,2.9742682424075857e-05,0.03,750,,,,,,,,,
0.2692,8.97120475769043,2.9725505015803218e-05,0.03,800,,,,,,,,,
0.2492,5.862703323364258,2.9708327607530575e-05,0.03,850,,,,,,,,,
0.2729,7.719169616699219,2.9691150199257936e-05,0.03,900,,,,,,,,,
0.2721,6.091875076293945,2.9673972790985296e-05,0.03,950,,,,,,,,,
0.2826,4.963192462921143,2.9656795382712657e-05,0.03,1000,,,,,,,,,
0.2196,5.010678768157959,2.9639617974440018e-05,0.04,1050,,,,,,,,,
0.199,1.666174054145813,2.9622440566167378e-05,0.04,1100,,,,,,,,,
0.2329,11.146952629089355,2.9605263157894735e-05,0.04,1150,,,,,,,,,
0.2263,2.850930690765381,2.95880857496221e-05,0.04,1200,,,,,,,,,
0.277,9.189203262329102,2.957090834134946e-05,0.04,1250,,,,,,,,,
0.2126,5.815730094909668,2.9553730933076817e-05,0.04,1300,,,,,,,,,
0.2187,8.021026611328125,2.9536553524804178e-05,0.05,1350,,,,,,,,,
0.2067,4.0273237228393555,2.951937611653154e-05,0.05,1400,,,,,,,,,
0.2363,4.677554130554199,2.95021987082589e-05,0.05,1450,,,,,,,,,
0.1931,8.28246021270752,2.948502129998626e-05,0.05,1500,,,,,,,,,
0.2512,8.455316543579102,2.9467843891713617e-05,0.05,1550,,,,,,,,,
0.2477,11.770257949829102,2.9450666483440978e-05,0.05,1600,,,,,,,,,
0.2016,4.599847793579102,2.943348907516834e-05,0.06,1650,,,,,,,,,
0.1837,7.2174577713012695,2.94163116668957e-05,0.06,1700,,,,,,,,,
0.2011,6.046690940856934,2.939913425862306e-05,0.06,1750,,,,,,,,,
0.1823,14.922776222229004,2.938195685035042e-05,0.06,1800,,,,,,,,,
0.2059,5.735411167144775,2.936477944207778e-05,0.06,1850,,,,,,,,,
0.2158,7.072367191314697,2.934760203380514e-05,0.07,1900,,,,,,,,,
0.2051,4.367620468139648,2.9330424625532502e-05,0.07,1950,,,,,,,,,
0.1813,10.340867042541504,2.931324721725986e-05,0.07,2000,,,,,,,,,
0.2448,2.1434500217437744,2.929606980898722e-05,0.07,2050,,,,,,,,,
0.2189,7.26893424987793,2.927889240071458e-05,0.07,2100,,,,,,,,,
0.248,6.089625835418701,2.926171499244194e-05,0.07,2150,,,,,,,,,
0.2114,2.9628398418426514,2.92445375841693e-05,0.08,2200,,,,,,,,,
0.2354,4.463048934936523,2.922736017589666e-05,0.08,2250,,,,,,,,,
0.1669,4.880877494812012,2.9210182767624023e-05,0.08,2300,,,,,,,,,
0.1885,9.51895523071289,2.9193005359351383e-05,0.08,2350,,,,,,,,,
0.1728,7.7638397216796875,2.917582795107874e-05,0.08,2400,,,,,,,,,
0.2151,6.6483378410339355,2.91586505428061e-05,0.08,2450,,,,,,,,,
0.2275,23.238245010375977,2.9141473134533465e-05,0.09,2500,,,,,,,,,
0.1841,5.073183536529541,2.9124295726260823e-05,0.09,2550,,,,,,,,,
0.2152,8.230880737304688,2.9107118317988183e-05,0.09,2600,,,,,,,,,
0.2283,6.88029670715332,2.9089940909715544e-05,0.09,2650,,,,,,,,,
0.199,2.714538097381592,2.90727635014429e-05,0.09,2700,,,,,,,,,
0.2075,4.76495361328125,2.9055586093170265e-05,0.09,2750,,,,,,,,,
0.1852,4.524603843688965,2.9038408684897622e-05,0.1,2800,,,,,,,,,
0.2083,1.0485479831695557,2.9021231276624983e-05,0.1,2850,,,,,,,,,
0.2121,6.361408233642578,2.9004053868352343e-05,0.1,2900,,,,,,,,,
0.2264,5.811916828155518,2.8986876460079704e-05,0.1,2950,,,,,,,,,
0.2045,3.5736515522003174,2.8969699051807065e-05,0.1,3000,,,,,,,,,
0.223,10.563243865966797,2.8952521643534425e-05,0.1,3050,,,,,,,,,
0.1994,2.2576444149017334,2.8935344235261783e-05,0.11,3100,,,,,,,,,
0.1761,16.865671157836914,2.8918166826989143e-05,0.11,3150,,,,,,,,,
0.2255,12.878135681152344,2.8900989418716507e-05,0.11,3200,,,,,,,,,
0.1845,4.500109672546387,2.8883812010443864e-05,0.11,3250,,,,,,,,,
0.1924,12.459117889404297,2.8866634602171225e-05,0.11,3300,,,,,,,,,
0.1943,5.508034706115723,2.8849457193898586e-05,0.12,3350,,,,,,,,,
0.1755,11.454388618469238,2.8832279785625946e-05,0.12,3400,,,,,,,,,
0.1764,0.8959497213363647,2.8815102377353307e-05,0.12,3450,,,,,,,,,
0.1167,4.730173587799072,2.8797924969080664e-05,0.12,3500,,,,,,,,,
0.1884,6.857332229614258,2.8780747560808025e-05,0.12,3550,,,,,,,,,
0.1934,8.318620681762695,2.876357015253539e-05,0.12,3600,,,,,,,,,
0.1725,6.041787624359131,2.8746392744262746e-05,0.13,3650,,,,,,,,,
0.1973,3.28041672706604,2.8729215335990107e-05,0.13,3700,,,,,,,,,
0.1888,4.982518196105957,2.8712037927717467e-05,0.13,3750,,,,,,,,,
0.1664,3.1083309650421143,2.8694860519444824e-05,0.13,3800,,,,,,,,,
0.1617,10.469071388244629,2.867768311117219e-05,0.13,3850,,,,,,,,,
0.1832,1.9007585048675537,2.866050570289955e-05,0.13,3900,,,,,,,,,
0.1715,4.764688491821289,2.8643328294626906e-05,0.14,3950,,,,,,,,,
0.1699,11.026637077331543,2.8626150886354267e-05,0.14,4000,,,,,,,,,
0.158,10.683073997497559,2.860897347808163e-05,0.14,4050,,,,,,,,,
0.1765,11.068392753601074,2.8591796069808988e-05,0.14,4100,,,,,,,,,
0.1704,0.24846570193767548,2.857461866153635e-05,0.14,4150,,,,,,,,,
0.1741,3.4221816062927246,2.8557441253263706e-05,0.14,4200,,,,,,,,,
0.1877,3.7240512371063232,2.8540263844991067e-05,0.15,4250,,,,,,,,,
0.1897,4.221442699432373,2.852308643671843e-05,0.15,4300,,,,,,,,,
0.1723,0.1989009976387024,2.8505909028445788e-05,0.15,4350,,,,,,,,,
0.1473,2.7991888523101807,2.848873162017315e-05,0.15,4400,,,,,,,,,
0.1346,0.6035350561141968,2.847155421190051e-05,0.15,4450,,,,,,,,,
0.1751,7.733156681060791,2.845437680362787e-05,0.15,4500,,,,,,,,,
0.1773,4.698801517486572,2.843719939535523e-05,0.16,4550,,,,,,,,,
0.1438,7.150200843811035,2.842002198708259e-05,0.16,4600,,,,,,,,,
0.1898,5.359424114227295,2.8402844578809948e-05,0.16,4650,,,,,,,,,
0.1935,7.570962429046631,2.8385667170537312e-05,0.16,4700,,,,,,,,,
0.1701,2.7125964164733887,2.8368489762264673e-05,0.16,4750,,,,,,,,,
0.2026,5.963744163513184,2.835131235399203e-05,0.16,4800,,,,,,,,,
0.1266,2.6316328048706055,2.833413494571939e-05,0.17,4850,,,,,,,,,
0.1869,3.2044219970703125,2.8316957537446748e-05,0.17,4900,,,,,,,,,
0.1614,5.382621765136719,2.8299780129174112e-05,0.17,4950,,,,,,,,,
0.142,2.855682849884033,2.8282602720901472e-05,0.17,5000,,,,,,,,,
,,,0.17,5000,0.18977771699428558,294.2847,396.952,24.813,,,,,
0.2047,12.940276145935059,2.826542531262883e-05,0.17,5050,,,,,,,,,
0.16,14.468833923339844,2.824824790435619e-05,0.18,5100,,,,,,,,,
0.1465,5.820281505584717,2.8231070496083554e-05,0.18,5150,,,,,,,,,
0.1897,9.878494262695312,2.821389308781091e-05,0.18,5200,,,,,,,,,
0.1329,1.5366652011871338,2.8196715679538272e-05,0.18,5250,,,,,,,,,
0.1774,3.6361920833587646,2.8179538271265633e-05,0.18,5300,,,,,,,,,
0.1791,1.3699522018432617,2.816236086299299e-05,0.18,5350,,,,,,,,,
0.1343,0.7597876191139221,2.8145183454720354e-05,0.19,5400,,,,,,,,,
0.1596,12.574214935302734,2.8128006046447715e-05,0.19,5450,,,,,,,,,
0.1587,5.3983588218688965,2.8110828638175072e-05,0.19,5500,,,,,,,,,
0.2057,6.747658729553223,2.8093651229902432e-05,0.19,5550,,,,,,,,,
0.2261,14.6658935546875,2.8076473821629793e-05,0.19,5600,,,,,,,,,
0.1668,4.54530668258667,2.8059296413357154e-05,0.19,5650,,,,,,,,,
0.15,6.360235214233398,2.8042119005084514e-05,0.2,5700,,,,,,,,,
0.1635,6.101991653442383,2.802494159681187e-05,0.2,5750,,,,,,,,,
0.1624,1.0761483907699585,2.8007764188539235e-05,0.2,5800,,,,,,,,,
0.1485,0.8383944034576416,2.7990586780266596e-05,0.2,5850,,,,,,,,,
0.1576,4.039977073669434,2.7973409371993953e-05,0.2,5900,,,,,,,,,
0.1886,3.1051838397979736,2.7956231963721314e-05,0.2,5950,,,,,,,,,
0.1788,3.92014741897583,2.7939054555448675e-05,0.21,6000,,,,,,,,,
0.1581,5.231907367706299,2.7921877147176035e-05,0.21,6050,,,,,,,,,
0.1333,3.3658134937286377,2.7904699738903396e-05,0.21,6100,,,,,,,,,
0.1623,7.161978721618652,2.7887522330630756e-05,0.21,6150,,,,,,,,,
0.1783,6.716397762298584,2.7870344922358114e-05,0.21,6200,,,,,,,,,
0.1404,7.704532623291016,2.7853167514085478e-05,0.21,6250,,,,,,,,,
0.1745,16.579345703125,2.7835990105812835e-05,0.22,6300,,,,,,,,,
0.1752,4.461674690246582,2.7818812697540195e-05,0.22,6350,,,,,,,,,
0.1731,8.69097900390625,2.7801635289267556e-05,0.22,6400,,,,,,,,,
0.1393,4.305598258972168,2.7784457880994913e-05,0.22,6450,,,,,,,,,
0.1759,22.111833572387695,2.7767280472722277e-05,0.22,6500,,,,,,,,,
0.1716,17.250640869140625,2.7750103064449638e-05,0.23,6550,,,,,,,,,
0.1681,28.054475784301758,2.7732925656176995e-05,0.23,6600,,,,,,,,,
0.1634,8.839889526367188,2.7715748247904356e-05,0.23,6650,,,,,,,,,
0.1337,0.6873772144317627,2.769857083963172e-05,0.23,6700,,,,,,,,,
0.1474,8.961897850036621,2.7681393431359077e-05,0.23,6750,,,,,,,,,
0.1489,4.570397853851318,2.7664216023086438e-05,0.23,6800,,,,,,,,,
0.1399,0.16049471497535706,2.7647038614813798e-05,0.24,6850,,,,,,,,,
0.1383,0.22398501634597778,2.762986120654116e-05,0.24,6900,,,,,,,,,
0.1777,5.4930877685546875,2.761268379826852e-05,0.24,6950,,,,,,,,,
0.1427,0.11502834409475327,2.7595506389995877e-05,0.24,7000,,,,,,,,,
0.1904,15.326202392578125,2.7578328981723237e-05,0.24,7050,,,,,,,,,
0.1761,4.84467077255249,2.7561151573450598e-05,0.24,7100,,,,,,,,,
0.1276,0.36616837978363037,2.754397416517796e-05,0.25,7150,,,,,,,,,
0.1579,10.846135139465332,2.752679675690532e-05,0.25,7200,,,,,,,,,
0.174,7.833620548248291,2.750961934863268e-05,0.25,7250,,,,,,,,,
0.1422,13.376691818237305,2.7492441940360037e-05,0.25,7300,,,,,,,,,
0.1437,2.25360107421875,2.74752645320874e-05,0.25,7350,,,,,,,,,
0.1236,6.251031398773193,2.745808712381476e-05,0.25,7400,,,,,,,,,
0.1924,6.971747398376465,2.744090971554212e-05,0.26,7450,,,,,,,,,
0.1372,2.0642621517181396,2.742373230726948e-05,0.26,7500,,,,,,,,,
0.1627,2.9633214473724365,2.740655489899684e-05,0.26,7550,,,,,,,,,
0.1684,6.734813213348389,2.73893774907242e-05,0.26,7600,,,,,,,,,
0.1639,5.7095232009887695,2.737220008245156e-05,0.26,7650,,,,,,,,,
0.1503,2.841498851776123,2.735502267417892e-05,0.26,7700,,,,,,,,,
0.1723,4.3842597007751465,2.733784526590628e-05,0.27,7750,,,,,,,,,
0.1563,2.2575807571411133,2.7320667857633643e-05,0.27,7800,,,,,,,,,
0.1067,19.06865692138672,2.7303490449361e-05,0.27,7850,,,,,,,,,
0.1789,4.150462627410889,2.728631304108836e-05,0.27,7900,,,,,,,,,
0.1642,6.575954437255859,2.726913563281572e-05,0.27,7950,,,,,,,,,
0.1388,4.475170612335205,2.7251958224543082e-05,0.27,8000,,,,,,,,,
0.1874,4.408402919769287,2.7234780816270443e-05,0.28,8050,,,,,,,,,
0.1138,0.9369300603866577,2.7217603407997803e-05,0.28,8100,,,,,,,,,
0.1615,1.0884032249450684,2.720042599972516e-05,0.28,8150,,,,,,,,,
0.1659,1.4132351875305176,2.718324859145252e-05,0.28,8200,,,,,,,,,
0.1608,8.583419799804688,2.7166071183179885e-05,0.28,8250,,,,,,,,,
0.1602,4.520446300506592,2.7148893774907242e-05,0.29,8300,,,,,,,,,
0.1477,6.720120906829834,2.7131716366634603e-05,0.29,8350,,,,,,,,,
0.1689,0.7504535913467407,2.711453895836196e-05,0.29,8400,,,,,,,,,
0.1291,6.214052677154541,2.7097361550089324e-05,0.29,8450,,,,,,,,,
0.1316,5.069543361663818,2.7080184141816685e-05,0.29,8500,,,,,,,,,
0.1506,6.99054479598999,2.7063006733544042e-05,0.29,8550,,,,,,,,,
0.1339,3.8815813064575195,2.7045829325271403e-05,0.3,8600,,,,,,,,,
0.1475,21.514596939086914,2.7028651916998763e-05,0.3,8650,,,,,,,,,
0.1479,0.3729400336742401,2.7011474508726124e-05,0.3,8700,,,,,,,,,
0.165,13.164976119995117,2.6994297100453485e-05,0.3,8750,,,,,,,,,
0.1235,4.1485209465026855,2.6977119692180845e-05,0.3,8800,,,,,,,,,
0.1836,8.631547927856445,2.6959942283908202e-05,0.3,8850,,,,,,,,,
0.1634,0.8750527501106262,2.6942764875635566e-05,0.31,8900,,,,,,,,,
0.1403,10.347453117370605,2.6925587467362927e-05,0.31,8950,,,,,,,,,
0.1874,2.4734089374542236,2.6908410059090284e-05,0.31,9000,,,,,,,,,
0.1359,3.0450499057769775,2.6891232650817645e-05,0.31,9050,,,,,,,,,
0.1387,5.459956169128418,2.6874055242545006e-05,0.31,9100,,,,,,,,,
0.1557,3.6138854026794434,2.6856877834272366e-05,0.31,9150,,,,,,,,,
0.1624,4.269450664520264,2.6839700425999727e-05,0.32,9200,,,,,,,,,
0.1442,4.17367696762085,2.6822523017727084e-05,0.32,9250,,,,,,,,,
0.156,5.767478942871094,2.6805345609454445e-05,0.32,9300,,,,,,,,,
0.1385,1.0359110832214355,2.678816820118181e-05,0.32,9350,,,,,,,,,
0.1289,1.0114721059799194,2.6770990792909166e-05,0.32,9400,,,,,,,,,
0.1716,1.6722739934921265,2.6753813384636526e-05,0.32,9450,,,,,,,,,
0.1287,1.7991143465042114,2.6736635976363887e-05,0.33,9500,,,,,,,,,
0.1354,1.5817346572875977,2.6719458568091248e-05,0.33,9550,,,,,,,,,
0.1554,5.330417633056641,2.6702281159818608e-05,0.33,9600,,,,,,,,,
0.1626,3.622907876968384,2.668510375154597e-05,0.33,9650,,,,,,,,,
0.1445,2.501497983932495,2.6667926343273326e-05,0.33,9700,,,,,,,,,
0.1496,7.384131908416748,2.665074893500069e-05,0.33,9750,,,,,,,,,
0.1262,6.351744651794434,2.6633571526728047e-05,0.34,9800,,,,,,,,,
0.1601,7.436814308166504,2.6616394118455408e-05,0.34,9850,,,,,,,,,
0.1506,12.60545825958252,2.659921671018277e-05,0.34,9900,,,,,,,,,
0.1317,3.0578815937042236,2.6582039301910126e-05,0.34,9950,,,,,,,,,
0.1511,3.936676263809204,2.656486189363749e-05,0.34,10000,,,,,,,,,
,,,0.34,10000,0.15302348136901855,294.2484,397.001,24.816,,,,,
0.1407,9.158061981201172,2.654768448536485e-05,0.35,10050,,,,,,,,,
0.1568,6.443653106689453,2.6530507077092208e-05,0.35,10100,,,,,,,,,
0.1509,4.095027446746826,2.6513329668819568e-05,0.35,10150,,,,,,,,,
0.1738,3.562023639678955,2.6496152260546932e-05,0.35,10200,,,,,,,,,
0.1209,4.60697078704834,2.647897485227429e-05,0.35,10250,,,,,,,,,
0.1734,9.083406448364258,2.646179744400165e-05,0.35,10300,,,,,,,,,
0.1435,3.70143461227417,2.644462003572901e-05,0.36,10350,,,,,,,,,
0.1576,4.073940753936768,2.6427442627456368e-05,0.36,10400,,,,,,,,,
0.1367,11.01514720916748,2.6410265219183732e-05,0.36,10450,,,,,,,,,
0.1524,4.347728252410889,2.639308781091109e-05,0.36,10500,,,,,,,,,
0.1465,4.775458335876465,2.637591040263845e-05,0.36,10550,,,,,,,,,
0.1974,5.775550365447998,2.635873299436581e-05,0.36,10600,,,,,,,,,
0.1539,3.6895833015441895,2.634155558609317e-05,0.37,10650,,,,,,,,,
0.148,6.007559299468994,2.632437817782053e-05,0.37,10700,,,,,,,,,
0.1578,2.250511646270752,2.6307200769547892e-05,0.37,10750,,,,,,,,,
0.1195,0.9002575278282166,2.629002336127525e-05,0.37,10800,,,,,,,,,
0.1325,6.700711250305176,2.6272845953002614e-05,0.37,10850,,,,,,,,,
0.1448,0.9460304379463196,2.6255668544729974e-05,0.37,10900,,,,,,,,,
0.1783,5.8710432052612305,2.623849113645733e-05,0.38,10950,,,,,,,,,
0.1417,15.290770530700684,2.6221313728184692e-05,0.38,11000,,,,,,,,,
0.1508,3.4329936504364014,2.6204136319912053e-05,0.38,11050,,,,,,,,,
0.142,4.96027946472168,2.6186958911639413e-05,0.38,11100,,,,,,,,,
0.1409,2.6513352394104004,2.6169781503366774e-05,0.38,11150,,,,,,,,,
0.1203,0.43833422660827637,2.615260409509413e-05,0.38,11200,,,,,,,,,
0.1153,4.23705530166626,2.613542668682149e-05,0.39,11250,,,,,,,,,
0.1554,8.290414810180664,2.6118249278548856e-05,0.39,11300,,,,,,,,,
0.1449,0.8377453684806824,2.6101071870276213e-05,0.39,11350,,,,,,,,,
0.1648,5.775760650634766,2.6083894462003573e-05,0.39,11400,,,,,,,,,
0.1552,2.3163368701934814,2.6066717053730934e-05,0.39,11450,,,,,,,,,
0.1468,1.4197431802749634,2.604953964545829e-05,0.4,11500,,,,,,,,,
0.1813,5.4875617027282715,2.6032362237185655e-05,0.4,11550,,,,,,,,,
0.145,3.7267942428588867,2.6015184828913016e-05,0.4,11600,,,,,,,,,
0.1262,0.828510046005249,2.5998007420640373e-05,0.4,11650,,,,,,,,,
0.1355,2.619758367538452,2.5980830012367734e-05,0.4,11700,,,,,,,,,
0.1431,5.067105293273926,2.5963652604095098e-05,0.4,11750,,,,,,,,,
0.1374,1.276889681816101,2.5946475195822455e-05,0.41,11800,,,,,,,,,
0.1664,12.36961555480957,2.5929297787549816e-05,0.41,11850,,,,,,,,,
0.148,1.9098443984985352,2.5912120379277173e-05,0.41,11900,,,,,,,,,
0.1378,1.3544951677322388,2.5894942971004537e-05,0.41,11950,,,,,,,,,
0.1628,8.885872840881348,2.5877765562731897e-05,0.41,12000,,,,,,,,,
0.123,4.9632720947265625,2.5860588154459255e-05,0.41,12050,,,,,,,,,
0.1436,6.487639904022217,2.5843410746186615e-05,0.42,12100,,,,,,,,,
0.1415,0.7747042775154114,2.5826233337913976e-05,0.42,12150,,,,,,,,,
0.1864,24.266845703125,2.5809055929641337e-05,0.42,12200,,,,,,,,,
0.1381,11.73057746887207,2.5791878521368697e-05,0.42,12250,,,,,,,,,
0.1084,5.377610206604004,2.5774701113096058e-05,0.42,12300,,,,,,,,,
0.1532,0.5801522731781006,2.5757523704823415e-05,0.42,12350,,,,,,,,,
0.1172,1.6057465076446533,2.574034629655078e-05,0.43,12400,,,,,,,,,
0.163,2.2854201793670654,2.572316888827814e-05,0.43,12450,,,,,,,,,
0.1432,1.293553113937378,2.5705991480005497e-05,0.43,12500,,,,,,,,,
0.1341,0.27772998809814453,2.5688814071732857e-05,0.43,12550,,,,,,,,,
0.1524,4.432441711425781,2.5671636663460215e-05,0.43,12600,,,,,,,,,
0.1354,10.588949203491211,2.565445925518758e-05,0.43,12650,,,,,,,,,
0.1362,6.810316562652588,2.563728184691494e-05,0.44,12700,,,,,,,,,
0.148,0.8889888525009155,2.5620104438642297e-05,0.44,12750,,,,,,,,,
0.1327,11.263590812683105,2.5602927030369657e-05,0.44,12800,,,,,,,,,
0.1217,9.050427436828613,2.558574962209702e-05,0.44,12850,,,,,,,,,
0.1057,5.5715837478637695,2.556857221382438e-05,0.44,12900,,,,,,,,,
0.1749,3.5568032264709473,2.555139480555174e-05,0.44,12950,,,,,,,,,
0.1298,1.8750067949295044,2.55342173972791e-05,0.45,13000,,,,,,,,,
0.1658,3.5040500164031982,2.551703998900646e-05,0.45,13050,,,,,,,,,
0.1136,2.829838514328003,2.549986258073382e-05,0.45,13100,,,,,,,,,
0.1773,0.4197612404823303,2.548268517246118e-05,0.45,13150,,,,,,,,,
0.1229,6.745841026306152,2.546550776418854e-05,0.45,13200,,,,,,,,,
0.1353,3.778343915939331,2.54483303559159e-05,0.46,13250,,,,,,,,,
0.1611,1.2299784421920776,2.543115294764326e-05,0.46,13300,,,,,,,,,
0.1288,7.446390628814697,2.541397553937062e-05,0.46,13350,,,,,,,,,
0.1345,8.14027214050293,2.539679813109798e-05,0.46,13400,,,,,,,,,
0.1377,3.914520025253296,2.537962072282534e-05,0.46,13450,,,,,,,,,
0.1589,2.7538809776306152,2.5362443314552702e-05,0.46,13500,,,,,,,,,
0.1262,12.914669036865234,2.5345265906280063e-05,0.47,13550,,,,,,,,,
0.1218,4.415840148925781,2.532808849800742e-05,0.47,13600,,,,,,,,,
0.108,1.812493085861206,2.531091108973478e-05,0.47,13650,,,,,,,,,
0.1193,3.0597918033599854,2.529373368146214e-05,0.47,13700,,,,,,,,,
0.1278,15.668400764465332,2.5276556273189502e-05,0.47,13750,,,,,,,,,
0.1174,2.390817165374756,2.5259378864916863e-05,0.47,13800,,,,,,,,,
0.1337,2.5601203441619873,2.5242201456644223e-05,0.48,13850,,,,,,,,,
0.1382,3.671945333480835,2.522502404837158e-05,0.48,13900,,,,,,,,,
0.1341,0.3999018669128418,2.5207846640098945e-05,0.48,13950,,,,,,,,,
0.1588,12.129556655883789,2.5190669231826302e-05,0.48,14000,,,,,,,,,
0.1425,4.203982353210449,2.5173491823553662e-05,0.48,14050,,,,,,,,,
0.1249,1.3667430877685547,2.5156314415281023e-05,0.48,14100,,,,,,,,,
0.1277,1.056612253189087,2.5139137007008384e-05,0.49,14150,,,,,,,,,
0.1561,8.908914566040039,2.5121959598735744e-05,0.49,14200,,,,,,,,,
0.1123,4.366110801696777,2.5104782190463105e-05,0.49,14250,,,,,,,,,
0.1386,7.573062896728516,2.5087604782190462e-05,0.49,14300,,,,,,,,,
0.1526,4.958406448364258,2.5070427373917823e-05,0.49,14350,,,,,,,,,
0.1418,19.62893295288086,2.5053249965645187e-05,0.49,14400,,,,,,,,,
0.129,14.301993370056152,2.5036072557372544e-05,0.5,14450,,,,,,,,,
0.1273,3.294405698776245,2.5018895149099905e-05,0.5,14500,,,,,,,,,
0.1349,0.32449886202812195,2.5001717740827265e-05,0.5,14550,,,,,,,,,
0.1118,7.804704666137695,2.4984540332554626e-05,0.5,14600,,,,,,,,,
0.1572,3.747715473175049,2.4967362924281986e-05,0.5,14650,,,,,,,,,
0.1215,3.629814863204956,2.4950185516009344e-05,0.51,14700,,,,,,,,,
0.1492,2.820943593978882,2.4933008107736704e-05,0.51,14750,,,,,,,,,
0.1705,6.5255584716796875,2.4915830699464065e-05,0.51,14800,,,,,,,,,
0.1181,3.0344676971435547,2.4898653291191425e-05,0.51,14850,,,,,,,,,
0.1331,2.3363592624664307,2.4881475882918786e-05,0.51,14900,,,,,,,,,
0.1443,3.3927879333496094,2.4864298474646147e-05,0.51,14950,,,,,,,,,
0.1257,1.0949130058288574,2.4847121066373504e-05,0.52,15000,,,,,,,,,
,,,0.52,15000,0.15381166338920593,294.3476,396.868,24.807,,,,,
0.1286,3.1626179218292236,2.4829943658100868e-05,0.52,15050,,,,,,,,,
0.1237,2.9186134338378906,2.481276624982823e-05,0.52,15100,,,,,,,,,
0.1448,5.38284158706665,2.4795588841555586e-05,0.52,15150,,,,,,,,,
0.128,3.0573627948760986,2.4778411433282946e-05,0.52,15200,,,,,,,,,
0.1347,0.6447857022285461,2.4761234025010307e-05,0.52,15250,,,,,,,,,
0.1223,1.2591184377670288,2.4744056616737668e-05,0.53,15300,,,,,,,,,
0.1171,1.1585129499435425,2.4726879208465028e-05,0.53,15350,,,,,,,,,
0.1027,10.021745681762695,2.4709701800192385e-05,0.53,15400,,,,,,,,,
0.1293,3.6143336296081543,2.4692524391919746e-05,0.53,15450,,,,,,,,,
0.1363,5.495142459869385,2.467534698364711e-05,0.53,15500,,,,,,,,,
0.1251,0.2828289568424225,2.4658169575374467e-05,0.53,15550,,,,,,,,,
0.1473,0.805042564868927,2.4640992167101828e-05,0.54,15600,,,,,,,,,
0.1101,9.687464714050293,2.462381475882919e-05,0.54,15650,,,,,,,,,
0.1509,5.338618278503418,2.460663735055655e-05,0.54,15700,,,,,,,,,
0.1217,6.268414497375488,2.458945994228391e-05,0.54,15750,,,,,,,,,
0.147,3.3503100872039795,2.457228253401127e-05,0.54,15800,,,,,,,,,
0.1206,0.5494886636734009,2.4555105125738628e-05,0.54,15850,,,,,,,,,
0.0999,0.7607932090759277,2.4537927717465988e-05,0.55,15900,,,,,,,,,
0.1352,9.03240966796875,2.452075030919335e-05,0.55,15950,,,,,,,,,
0.1393,0.42103537917137146,2.450357290092071e-05,0.55,16000,,,,,,,,,
0.1614,15.944914817810059,2.448639549264807e-05,0.55,16050,,,,,,,,,
0.125,23.246755599975586,2.4469218084375427e-05,0.55,16100,,,,,,,,,
0.1003,2.9130373001098633,2.445204067610279e-05,0.55,16150,,,,,,,,,
0.1332,17.09389877319336,2.4434863267830152e-05,0.56,16200,,,,,,,,,
0.1255,2.748502254486084,2.441768585955751e-05,0.56,16250,,,,,,,,,
0.1459,5.2977213859558105,2.440050845128487e-05,0.56,16300,,,,,,,,,
0.1327,2.24033522605896,2.4383331043012234e-05,0.56,16350,,,,,,,,,
0.1222,2.4078261852264404,2.436615363473959e-05,0.56,16400,,,,,,,,,
0.1485,30.08118438720703,2.434897622646695e-05,0.57,16450,,,,,,,,,
0.1231,0.05280410498380661,2.4331798818194312e-05,0.57,16500,,,,,,,,,
0.1597,3.0795738697052,2.431462140992167e-05,0.57,16550,,,,,,,,,
0.1172,4.536009311676025,2.4297444001649033e-05,0.57,16600,,,,,,,,,
0.122,14.834300994873047,2.428026659337639e-05,0.57,16650,,,,,,,,,
0.1265,36.984127044677734,2.426308918510375e-05,0.57,16700,,,,,,,,,
0.1332,0.32302600145339966,2.4245911776831112e-05,0.58,16750,,,,,,,,,
0.1368,1.4622013568878174,2.4228734368558472e-05,0.58,16800,,,,,,,,,
0.142,1.3788639307022095,2.4211556960285833e-05,0.58,16850,,,,,,,,,
0.1032,6.264204502105713,2.4194379552013194e-05,0.58,16900,,,,,,,,,
0.1406,7.6630449295043945,2.417720214374055e-05,0.58,16950,,,,,,,,,
0.1335,4.5504865646362305,2.416002473546791e-05,0.58,17000,,,,,,,,,
0.1463,3.075817584991455,2.4142847327195276e-05,0.59,17050,,,,,,,,,
0.1178,3.539027690887451,2.4125669918922633e-05,0.59,17100,,,,,,,,,
0.1526,3.3045103549957275,2.4108492510649993e-05,0.59,17150,,,,,,,,,
0.119,5.106810569763184,2.4091315102377354e-05,0.59,17200,,,,,,,,,
0.1113,5.137669086456299,2.4074137694104715e-05,0.59,17250,,,,,,,,,
0.1381,6.761420249938965,2.4056960285832075e-05,0.59,17300,,,,,,,,,
0.0947,1.6887058019638062,2.4039782877559432e-05,0.6,17350,,,,,,,,,
0.1052,12.8211669921875,2.4022605469286793e-05,0.6,17400,,,,,,,,,
0.153,4.979203701019287,2.4005428061014157e-05,0.6,17450,,,,,,,,,
0.1258,1.1634998321533203,2.3988250652741514e-05,0.6,17500,,,,,,,,,
0.1311,1.4699586629867554,2.3971073244468875e-05,0.6,17550,,,,,,,,,
0.0921,1.1892353296279907,2.3953895836196236e-05,0.6,17600,,,,,,,,,
0.1138,1.8216936588287354,2.3936718427923593e-05,0.61,17650,,,,,,,,,
0.1361,4.438623905181885,2.3919541019650957e-05,0.61,17700,,,,,,,,,
0.138,9.765077590942383,2.3902363611378317e-05,0.61,17750,,,,,,,,,
0.1092,0.033955130726099014,2.3885186203105675e-05,0.61,17800,,,,,,,,,
0.1314,0.3596333861351013,2.3868008794833035e-05,0.61,17850,,,,,,,,,
0.1298,9.004474639892578,2.38508313865604e-05,0.61,17900,,,,,,,,,
0.1214,7.241960525512695,2.3833653978287756e-05,0.62,17950,,,,,,,,,
0.1404,11.149036407470703,2.3816476570015117e-05,0.62,18000,,,,,,,,,
0.121,2.734804630279541,2.3799299161742474e-05,0.62,18050,,,,,,,,,
0.1342,0.27151408791542053,2.3782121753469835e-05,0.62,18100,,,,,,,,,
0.1513,1.4343022108078003,2.37649443451972e-05,0.62,18150,,,,,,,,,
0.1092,8.142654418945312,2.3747766936924556e-05,0.63,18200,,,,,,,,,
0.1386,3.1490020751953125,2.3730589528651917e-05,0.63,18250,,,,,,,,,
0.1283,0.5600719451904297,2.3713412120379277e-05,0.63,18300,,,,,,,,,
0.1043,1.8490296602249146,2.3696234712106638e-05,0.63,18350,,,,,,,,,
0.0949,5.803590774536133,2.366187989556136e-05,0.63,18400,,,,,,,,,
0.1088,3.7693848609924316,2.3644702487288716e-05,0.64,18450,,,,,,,,,
0.1507,3.162471294403076,2.362752507901608e-05,0.64,18500,,,,,,,,,
0.1333,5.278918743133545,2.361034767074344e-05,0.64,18550,,,,,,,,,
0.1205,4.160885334014893,2.3593170262470798e-05,0.64,18600,,,,,,,,,
0.1265,1.350087285041809,2.357599285419816e-05,0.64,18650,,,,,,,,,
0.1498,1.34930419921875,2.3558815445925516e-05,0.64,18700,,,,,,,,,
0.1052,3.1412980556488037,2.354163803765288e-05,0.65,18750,,,,,,,,,
0.1243,2.577666759490967,2.352446062938024e-05,0.65,18800,,,,,,,,,
0.1194,1.0367255210876465,2.3507283221107598e-05,0.65,18850,,,,,,,,,
0.1397,3.4780983924865723,2.349010581283496e-05,0.65,18900,,,,,,,,,
0.1205,0.9616087675094604,2.3472928404562323e-05,0.65,18950,,,,,,,,,
0.1565,5.589992523193359,2.345575099628968e-05,0.65,19000,,,,,,,,,
0.1589,8.182341575622559,2.343857358801704e-05,0.66,19050,,,,,,,,,
0.1357,2.791896104812622,2.34213961797444e-05,0.66,19100,,,,,,,,,
0.1405,2.509920358657837,2.340421877147176e-05,0.66,19150,,,,,,,,,
0.1405,0.3829115033149719,2.3387041363199122e-05,0.66,19200,,,,,,,,,
0.0961,0.11012279987335205,2.3369863954926483e-05,0.66,19250,,,,,,,,,
0.1321,3.7131972312927246,2.335268654665384e-05,0.66,19300,,,,,,,,,
0.1145,1.9453970193862915,2.33355091383812e-05,0.67,19350,,,,,,,,,
0.143,2.764799118041992,2.331833173010856e-05,0.67,19400,,,,,,,,,
0.1255,5.4649434089660645,2.3301154321835922e-05,0.67,19450,,,,,,,,,
0.109,0.10882976651191711,2.3283976913563283e-05,0.67,19500,,,,,,,,,
0.1754,2.8403050899505615,2.326679950529064e-05,0.67,19550,,,,,,,,,
0.1541,2.8654792308807373,2.3249622097018004e-05,0.68,19600,,,,,,,,,
0.1086,0.7318707704544067,2.3232444688745364e-05,0.68,19650,,,,,,,,,
0.1592,4.0226521492004395,2.321526728047272e-05,0.68,19700,,,,,,,,,
0.1085,7.870617866516113,2.3198089872200082e-05,0.68,19750,,,,,,,,,
0.1555,5.93476676940918,2.3180912463927443e-05,0.68,19800,,,,,,,,,
0.1139,2.5608022212982178,2.3163735055654804e-05,0.68,19850,,,,,,,,,
0.1514,3.319887638092041,2.3146557647382164e-05,0.69,19900,,,,,,,,,
0.1178,6.98573637008667,2.3129380239109525e-05,0.69,19950,,,,,,,,,
,,,0.69,19950,0.14879700541496277,294.2407,397.012,24.816,,,,,
0.1223,10.72220230102539,2.3112202830836882e-05,0.69,20000,,,,,,,,,
0.1133,1.1370021104812622,2.3095025422564246e-05,0.69,20050,,,,,,,,,
0.0948,0.6261386871337891,2.3077848014291603e-05,0.69,20100,,,,,,,,,
0.1038,2.138420581817627,2.3060670606018964e-05,0.69,20150,,,,,,,,,
0.1308,1.7430795431137085,2.3043493197746324e-05,0.7,20200,,,,,,,,,
0.1471,7.761056900024414,2.3026315789473685e-05,0.7,20250,,,,,,,,,
0.1485,2.615144729614258,2.3009138381201046e-05,0.7,20300,,,,,,,,,
0.1283,8.093052864074707,2.2991960972928406e-05,0.7,20350,,,,,,,,,
0.1253,2.771378993988037,2.2974783564655764e-05,0.7,20400,,,,,,,,,
0.0923,2.854233741760254,2.2957606156383124e-05,0.7,20450,,,,,,,,,
0.1117,7.696954727172852,2.2940428748110488e-05,0.71,20500,,,,,,,,,
0.1324,13.28390121459961,2.2923251339837845e-05,0.71,20550,,,,,,,,,
0.0959,2.5423500537872314,2.2906073931565206e-05,0.71,20600,,,,,,,,,
0.0884,1.783964991569519,2.2888896523292567e-05,0.71,20650,,,,,,,,,
0.1288,1.1337745189666748,2.2871719115019927e-05,0.71,20700,,,,,,,,,
0.1305,2.7879016399383545,2.2854541706747288e-05,0.71,20750,,,,,,,,,
0.1471,5.336493968963623,2.2837364298474645e-05,0.72,20800,,,,,,,,,
0.1023,4.391776084899902,2.2820186890202006e-05,0.72,20850,,,,,,,,,
0.1396,2.5362255573272705,2.2803009481929366e-05,0.72,20900,,,,,,,,,
0.1489,3.3409101963043213,2.2785832073656727e-05,0.72,20950,,,,,,,,,
0.1086,4.685317039489746,2.2768654665384087e-05,0.72,21000,,,,,,,,,
0.1235,0.30125200748443604,2.2751477257111448e-05,0.72,21050,,,,,,,,,
0.1039,3.734666109085083,2.2734299848838805e-05,0.73,21100,,,,,,,,,
0.1015,0.3811678886413574,2.271712244056617e-05,0.73,21150,,,,,,,,,
0.1132,2.287264108657837,2.269994503229353e-05,0.73,21200,,,,,,,,,
0.1194,7.474187850952148,2.2682767624020887e-05,0.73,21250,,,,,,,,,
0.1248,3.2922987937927246,2.2665590215748248e-05,0.73,21300,,,,,,,,,
0.1158,3.1453208923339844,2.2648412807475612e-05,0.74,21350,,,,,,,,,
0.1281,0.7109341621398926,2.263123539920297e-05,0.74,21400,,,,,,,,,
0.1082,2.0299689769744873,2.261405799093033e-05,0.74,21450,,,,,,,,,
0.1434,0.1711089164018631,2.2596880582657687e-05,0.74,21500,,,,,,,,,
0.1212,15.548125267028809,2.2579703174385047e-05,0.74,21550,,,,,,,,,
0.1227,0.40837255120277405,2.256252576611241e-05,0.74,21600,,,,,,,,,
0.0968,5.496031761169434,2.254534835783977e-05,0.75,21650,,,,,,,,,
0.1109,4.084636688232422,2.252817094956713e-05,0.75,21700,,,,,,,,,
0.1144,2.4902541637420654,2.251099354129449e-05,0.75,21750,,,,,,,,,
0.128,5.42225980758667,2.249381613302185e-05,0.75,21800,,,,,,,,,
0.1387,4.928589344024658,2.247663872474921e-05,0.75,21850,,,,,,,,,
0.111,6.358302593231201,2.2459461316476572e-05,0.75,21900,,,,,,,,,
0.1025,1.6711244583129883,2.244228390820393e-05,0.76,21950,,,,,,,,,
0.1279,2.721916437149048,2.242510649993129e-05,0.76,22000,,,,,,,,,
0.1207,0.8545256853103638,2.2407929091658654e-05,0.76,22050,,,,,,,,,
0.1086,0.29341405630111694,2.239075168338601e-05,0.76,22100,,,,,,,,,
0.1175,7.6186652183532715,2.237357427511337e-05,0.76,22150,,,,,,,,,
0.1547,3.729862928390503,2.235639686684073e-05,0.76,22200,,,,,,,,,
0.1079,0.9959700107574463,2.2339219458568093e-05,0.77,22250,,,,,,,,,
0.1224,3.380424976348877,2.2322042050295453e-05,0.77,22300,,,,,,,,,
0.085,0.34079891443252563,2.230486464202281e-05,0.77,22350,,,,,,,,,
0.1088,8.081990242004395,2.228768723375017e-05,0.77,22400,,,,,,,,,
0.1058,7.828436374664307,2.2270509825477535e-05,0.77,22450,,,,,,,,,
0.1431,1.0811718702316284,2.2253332417204892e-05,0.77,22500,,,,,,,,,
0.0982,2.630872964859009,2.2236155008932253e-05,0.78,22550,,,,,,,,,
0.1292,7.086008548736572,2.2218977600659614e-05,0.78,22600,,,,,,,,,
0.0918,0.6037637591362,2.220180019238697e-05,0.78,22650,,,,,,,,,
0.1269,2.0808308124542236,2.2184622784114335e-05,0.78,22700,,,,,,,,,
0.1746,4.70086669921875,2.2167445375841695e-05,0.78,22750,,,,,,,,,
0.1159,5.451484203338623,2.2150267967569053e-05,0.79,22800,,,,,,,,,
0.1204,0.6447905898094177,2.2133090559296413e-05,0.79,22850,,,,,,,,,
0.0945,4.917654037475586,2.2115913151023774e-05,0.79,22900,,,,,,,,,
0.1152,0.2084600180387497,2.2098735742751135e-05,0.79,22950,,,,,,,,,
0.1519,4.160396099090576,2.2081558334478495e-05,0.79,23000,,,,,,,,,
0.1012,1.2740843296051025,2.2064380926205852e-05,0.79,23050,,,,,,,,,
0.128,2.402462959289551,2.2047203517933213e-05,0.8,23100,,,,,,,,,
0.1152,1.5650091171264648,2.2030026109660577e-05,0.8,23150,,,,,,,,,
0.1261,1.8250073194503784,2.2012848701387934e-05,0.8,23200,,,,,,,,,
0.1078,4.634649276733398,2.1995671293115295e-05,0.8,23250,,,,,,,,,
0.14,7.6244916915893555,2.1978493884842655e-05,0.8,23300,,,,,,,,,
0.1124,10.817392349243164,2.1961316476570016e-05,0.8,23350,,,,,,,,,
0.1052,5.642148017883301,2.1944139068297377e-05,0.81,23400,,,,,,,,,
0.1309,0.1263107806444168,2.1926961660024737e-05,0.81,23450,,,,,,,,,
0.1135,5.42436408996582,2.1909784251752095e-05,0.81,23500,,,,,,,,,
0.1249,3.8610827922821045,2.189260684347946e-05,0.81,23550,,,,,,,,,
0.1328,4.093803405761719,2.1875429435206816e-05,0.81,23600,,,,,,,,,
0.1267,3.6901943683624268,2.1858252026934176e-05,0.81,23650,,,,,,,,,
0.1299,2.2771482467651367,2.1841074618661537e-05,0.82,23700,,,,,,,,,
0.1421,4.048968315124512,2.1823897210388894e-05,0.82,23750,,,,,,,,,
0.1115,6.082028388977051,2.1806719802116258e-05,0.82,23800,,,,,,,,,
0.1192,4.468491077423096,2.178954239384362e-05,0.82,23850,,,,,,,,,
0.1496,3.2824370861053467,2.1772364985570976e-05,0.82,23900,,,,,,,,,
0.1272,3.414228677749634,2.1755187577298337e-05,0.82,23950,,,,,,,,,
0.1279,3.631197929382324,2.17380101690257e-05,0.83,24000,,,,,,,,,
0.1129,1.8114113807678223,2.1720832760753058e-05,0.83,24050,,,,,,,,,
0.1255,0.16358713805675507,2.170365535248042e-05,0.83,24100,,,,,,,,,
0.1351,6.865434646606445,2.168647794420778e-05,0.83,24150,,,,,,,,,
0.0994,4.518107891082764,2.1669300535935136e-05,0.83,24200,,,,,,,,,
0.1225,9.367865562438965,2.16521231276625e-05,0.83,24250,,,,,,,,,
0.1251,0.19934283196926117,2.1634945719389858e-05,0.84,24300,,,,,,,,,
0.1733,1.0212070941925049,2.1617768311117218e-05,0.84,24350,,,,,,,,,
0.1307,2.2292320728302,2.160059090284458e-05,0.84,24400,,,,,,,,,
0.1027,5.179660320281982,2.158341349457194e-05,0.84,24450,,,,,,,,,
0.1343,0.6768075227737427,2.15662360862993e-05,0.84,24500,,,,,,,,,
0.1236,6.241306304931641,2.154905867802666e-05,0.85,24550,,,,,,,,,
0.1115,6.135100364685059,2.1531881269754018e-05,0.85,24600,,,,,,,,,
0.1035,4.1923136711120605,2.1514703861481382e-05,0.85,24650,,,,,,,,,
0.1055,1.3450803756713867,2.1497526453208743e-05,0.85,24700,,,,,,,,,
0.1217,5.259010314941406,2.14803490449361e-05,0.85,24750,,,,,,,,,
0.1026,15.41093635559082,2.146317163666346e-05,0.85,24800,,,,,,,,,
0.1203,4.407394886016846,2.144599422839082e-05,0.86,24850,,,,,,,,,
0.086,0.5244224667549133,2.142881682011818e-05,0.86,24900,,,,,,,,,
0.1278,7.225232124328613,2.1411639411845542e-05,0.86,24950,,,,,,,,,
,,,0.86,24950,0.13378512859344482,294.3818,396.821,24.805,,,,,
0.101,1.587605357170105,2.13944620035729e-05,0.86,25000,,,,,,,,,
0.1124,5.787264823913574,2.137728459530026e-05,0.86,25050,,,,,,,,,
0.1232,5.178359508514404,2.1360107187027624e-05,0.86,25100,,,,,,,,,
0.082,2.927292585372925,2.134292977875498e-05,0.87,25150,,,,,,,,,
0.0965,1.3172658681869507,2.1325752370482342e-05,0.87,25200,,,,,,,,,
0.134,2.917710781097412,2.1308574962209703e-05,0.87,25250,,,,,,,,,
0.0934,3.0364773273468018,2.129139755393706e-05,0.87,25300,,,,,,,,,
0.1444,0.07235318422317505,2.1274220145664424e-05,0.87,25350,,,,,,,,,
0.143,6.671412944793701,2.1257042737391784e-05,0.87,25400,,,,,,,,,
0.1158,1.600915551185608,2.123986532911914e-05,0.88,25450,,,,,,,,,
0.1156,8.132485389709473,2.1222687920846502e-05,0.88,25500,,,,,,,,,
0.1163,5.939324855804443,2.1205510512573866e-05,0.88,25550,,,,,,,,,
0.1155,5.430124282836914,2.1188333104301223e-05,0.88,25600,,,,,,,,,
0.1012,0.30552199482917786,2.1171155696028584e-05,0.88,25650,,,,,,,,,
0.115,0.3192872107028961,2.115397828775594e-05,0.88,25700,,,,,,,,,
0.1444,1.3282302618026733,2.1136800879483305e-05,0.89,25750,,,,,,,,,
0.0842,2.777564764022827,2.1119623471210666e-05,0.89,25800,,,,,,,,,
0.1388,4.860238552093506,2.1102446062938023e-05,0.89,25850,,,,,,,,,
0.0933,1.8086689710617065,2.1085268654665384e-05,0.89,25900,,,,,,,,,
0.1122,5.940500259399414,2.1068091246392744e-05,0.89,25950,,,,,,,,,
0.1287,9.161491394042969,2.1050913838120105e-05,0.89,26000,,,,,,,,,
0.1119,0.947841227054596,2.1033736429847466e-05,0.9,26050,,,,,,,,,
0.0956,0.9153207540512085,2.1016559021574826e-05,0.9,26100,,,,,,,,,
0.1145,1.3838603496551514,2.0999381613302183e-05,0.9,26150,,,,,,,,,
0.1105,0.2941092550754547,2.0982204205029547e-05,0.9,26200,,,,,,,,,
0.1404,1.9859819412231445,2.0965026796756908e-05,0.9,26250,,,,,,,,,
0.113,1.970636010169983,2.0947849388484265e-05,0.91,26300,,,,,,,,,
0.1325,9.648695945739746,2.0930671980211626e-05,0.91,26350,,,,,,,,,
0.1279,3.722809076309204,2.0913494571938983e-05,0.91,26400,,,,,,,,,
0.1163,2.354724407196045,2.0896317163666347e-05,0.91,26450,,,,,,,,,
0.1232,5.34431266784668,2.0879139755393708e-05,0.91,26500,,,,,,,,,
0.0971,0.41396084427833557,2.0861962347121065e-05,0.91,26550,,,,,,,,,
0.0992,0.05436970293521881,2.0844784938848426e-05,0.92,26600,,,,,,,,,
0.1279,0.7630403637886047,2.082760753057579e-05,0.92,26650,,,,,,,,,
0.1021,1.9952751398086548,2.0810430122303147e-05,0.92,26700,,,,,,,,,
0.1431,4.893072605133057,2.0793252714030507e-05,0.92,26750,,,,,,,,,
0.1177,3.604389190673828,2.0776075305757868e-05,0.92,26800,,,,,,,,,
0.1046,2.1158783435821533,2.075889789748523e-05,0.92,26850,,,,,,,,,
0.1321,5.384427070617676,2.074172048921259e-05,0.93,26900,,,,,,,,,
0.0965,3.261075973510742,2.072454308093995e-05,0.93,26950,,,,,,,,,
0.1057,2.151308059692383,2.0707365672667307e-05,0.93,27000,,,,,,,,,
0.094,9.254861831665039,2.0690188264394668e-05,0.93,27050,,,,,,,,,
0.1172,4.801056385040283,2.067301085612203e-05,0.93,27100,,,,,,,,,
0.1391,4.597095489501953,2.065583344784939e-05,0.93,27150,,,,,,,,,
0.1354,3.155081033706665,2.063865603957675e-05,0.94,27200,,,,,,,,,
0.1029,2.4020211696624756,2.0621478631304107e-05,0.94,27250,,,,,,,,,
0.1055,0.333501398563385,2.060430122303147e-05,0.94,27300,,,,,,,,,
0.1134,0.3029075264930725,2.058712381475883e-05,0.94,27350,,,,,,,,,
0.1215,3.2787370681762695,2.056994640648619e-05,0.94,27400,,,,,,,,,
0.0945,3.0660345554351807,2.055276899821355e-05,0.94,27450,,,,,,,,,
0.1216,17.071958541870117,2.053559158994091e-05,0.95,27500,,,,,,,,,
0.0868,2.0120699405670166,2.051841418166827e-05,0.95,27550,,,,,,,,,
0.1317,0.19339103996753693,2.050123677339563e-05,0.95,27600,,,,,,,,,
0.1153,11.97143268585205,2.0484059365122992e-05,0.95,27650,,,,,,,,,
0.1175,2.3702006340026855,2.046688195685035e-05,0.95,27700,,,,,,,,,
0.0984,13.014430046081543,2.0449704548577713e-05,0.96,27750,,,,,,,,,
0.1201,9.276814460754395,2.043252714030507e-05,0.96,27800,,,,,,,,,
0.1063,4.299808979034424,2.041534973203243e-05,0.96,27850,,,,,,,,,
0.0704,10.04035758972168,2.039817232375979e-05,0.96,27900,,,,,,,,,
0.1219,1.5136194229125977,2.0380994915487152e-05,0.96,27950,,,,,,,,,
0.1061,3.387396812438965,2.0363817507214513e-05,0.96,28000,,,,,,,,,
0.1061,0.8501585125923157,2.0346640098941873e-05,0.97,28050,,,,,,,,,
0.1033,2.5440778732299805,2.032946269066923e-05,0.97,28100,,,,,,,,,
0.1289,4.54441499710083,2.031228528239659e-05,0.97,28150,,,,,,,,,
0.128,2.1970393657684326,2.0295107874123955e-05,0.97,28200,,,,,,,,,
0.1273,4.551012992858887,2.0277930465851312e-05,0.97,28250,,,,,,,,,
0.0834,1.8365962505340576,2.0260753057578673e-05,0.97,28300,,,,,,,,,
0.168,6.24338436126709,2.0243575649306034e-05,0.98,28350,,,,,,,,,
0.103,3.648622989654541,2.0226398241033394e-05,0.98,28400,,,,,,,,,
0.1469,3.9959716796875,2.0209220832760755e-05,0.98,28450,,,,,,,,,
0.0962,7.65494441986084,2.0192043424488112e-05,0.98,28500,,,,,,,,,
0.1331,0.9947071075439453,2.0174866016215473e-05,0.98,28550,,,,,,,,,
0.1133,23.827848434448242,2.0157688607942837e-05,0.98,28600,,,,,,,,,
0.1543,9.066293716430664,2.0140511199670194e-05,0.99,28650,,,,,,,,,
0.1074,2.872471570968628,2.0123333791397554e-05,0.99,28700,,,,,,,,,
0.1031,3.846616268157959,2.0106156383124915e-05,0.99,28750,,,,,,,,,
0.1307,5.218776702880859,2.0088978974852272e-05,0.99,28800,,,,,,,,,
0.1052,5.316582202911377,2.0071801566579636e-05,0.99,28850,,,,,,,,,
0.0852,0.9882599115371704,2.0054624158306997e-05,0.99,28900,,,,,,,,,
0.1591,4.621164798736572,2.0037446750034354e-05,1.0,28950,,,,,,,,,
0.1011,3.2881686687469482,2.0020269341761715e-05,1.0,29000,,,,,,,,,
0.1033,1.8935903310775757,2.000309193348908e-05,1.0,29050,,,,,,,,,
0.0791,3.9382731914520264,1.9985914525216436e-05,1.0,29100,,,,,,,,,
0.0898,11.930402755737305,1.9968737116943797e-05,1.0,29150,,,,,,,,,
0.0736,1.2655003070831299,1.9951559708671154e-05,1.0,29200,,,,,,,,,
0.0595,10.149752616882324,1.9934382300398514e-05,1.01,29250,,,,,,,,,
0.0581,3.2404778003692627,1.991720489212588e-05,1.01,29300,,,,,,,,,
0.1124,4.637272834777832,1.9900027483853236e-05,1.01,29350,,,,,,,,,
0.0721,1.8664861917495728,1.9882850075580596e-05,1.01,29400,,,,,,,,,
0.0618,5.054807662963867,1.9865672667307957e-05,1.01,29450,,,,,,,,,
0.0861,12.83890438079834,1.9848495259035318e-05,1.02,29500,,,,,,,,,
0.0959,5.32137393951416,1.9831317850762678e-05,1.02,29550,,,,,,,,,
0.0768,5.163605690002441,1.981414044249004e-05,1.02,29600,,,,,,,,,
0.1044,1.6530609130859375,1.9796963034217396e-05,1.02,29650,,,,,,,,,
0.0946,2.033524751663208,1.977978562594476e-05,1.02,29700,,,,,,,,,
0.0775,1.6112112998962402,1.976260821767212e-05,1.02,29750,,,,,,,,,
0.0755,7.465959072113037,1.9745430809399478e-05,1.03,29800,,,,,,,,,
0.0672,0.4228877127170563,1.972825340112684e-05,1.03,29850,,,,,,,,,
0.0741,2.340562105178833,1.9711075992854196e-05,1.03,29900,,,,,,,,,
0.0836,3.4438209533691406,1.969389858458156e-05,1.03,29950,,,,,,,,,
,,,1.03,29950,0.15405911207199097,294.1763,397.099,24.822,,,,,
0.0665,0.7378124594688416,1.967672117630892e-05,1.03,30000,,,,,,,,,
0.0867,9.49963092803955,1.9659543768036278e-05,1.03,30050,,,,,,,,,
0.0704,2.731285810470581,1.9642366359763638e-05,1.04,30100,,,,,,,,,
0.0835,0.8706322908401489,1.9625188951491002e-05,1.04,30150,,,,,,,,,
0.0737,1.527382493019104,1.960801154321836e-05,1.04,30200,,,,,,,,,
0.0842,5.947157382965088,1.959083413494572e-05,1.04,30250,,,,,,,,,
0.0796,4.291877746582031,1.957365672667308e-05,1.04,30300,,,,,,,,,
0.0794,0.09749432653188705,1.9556479318400438e-05,1.04,30350,,,,,,,,,
0.0887,2.564849853515625,1.9539301910127802e-05,1.05,30400,,,,,,,,,
0.0639,0.5097996592521667,1.9522124501855162e-05,1.05,30450,,,,,,,,,
0.0986,4.3373823165893555,1.950494709358252e-05,1.05,30500,,,,,,,,,
0.0805,3.1092121601104736,1.948776968530988e-05,1.05,30550,,,,,,,,,
0.076,16.88291358947754,1.947059227703724e-05,1.05,30600,,,,,,,,,
0.0748,0.2203214168548584,1.94534148687646e-05,1.05,30650,,,,,,,,,
0.0916,2.266806125640869,1.9436237460491962e-05,1.06,30700,,,,,,,,,
0.0553,0.5982909202575684,1.941906005221932e-05,1.06,30750,,,,,,,,,
0.1016,16.463464736938477,1.9401882643946683e-05,1.06,30800,,,,,,,,,
0.0687,0.026340516284108162,1.9384705235674044e-05,1.06,30850,,,,,,,,,
0.0811,0.0542011521756649,1.93675278274014e-05,1.06,30900,,,,,,,,,
0.0705,3.7394137382507324,1.9350350419128762e-05,1.06,30950,,,,,,,,,
0.0913,4.8747382164001465,1.9333173010856122e-05,1.07,31000,,,,,,,,,
0.0683,5.654290676116943,1.9315995602583483e-05,1.07,31050,,,,,,,,,
0.0604,7.033837795257568,1.9298818194310844e-05,1.07,31100,,,,,,,,,
0.1032,2.357891798019409,1.9281640786038204e-05,1.07,31150,,,,,,,,,
0.057,8.365928649902344,1.926446337776556e-05,1.07,31200,,,,,,,,,
0.1242,5.826502323150635,1.9247285969492925e-05,1.08,31250,,,,,,,,,
0.0863,5.064054489135742,1.9230108561220283e-05,1.08,31300,,,,,,,,,
0.0671,4.273007392883301,1.9212931152947643e-05,1.08,31350,,,,,,,,,
0.0759,1.1489635705947876,1.9195753744675004e-05,1.08,31400,,,,,,,,,
0.0908,5.711459636688232,1.917857633640236e-05,1.08,31450,,,,,,,,,
0.0985,6.985507011413574,1.9161398928129725e-05,1.08,31500,,,,,,,,,
0.0495,0.4332278072834015,1.9144221519857086e-05,1.09,31550,,,,,,,,,
0.0769,7.009639263153076,1.9127044111584443e-05,1.09,31600,,,,,,,,,
0.0694,4.330795764923096,1.9109866703311804e-05,1.09,31650,,,,,,,,,
0.0876,2.8947958946228027,1.9092689295039168e-05,1.09,31700,,,,,,,,,
0.117,1.991458773612976,1.9075511886766525e-05,1.09,31750,,,,,,,,,
0.0528,3.899496078491211,1.9058334478493885e-05,1.09,31800,,,,,,,,,
0.0749,4.006350517272949,1.9041157070221246e-05,1.1,31850,,,,,,,,,
0.0733,4.627419948577881,1.9023979661948607e-05,1.1,31900,,,,,,,,,
0.0698,0.31801652908325195,1.9006802253675967e-05,1.1,31950,,,,,,,,,
0.0976,4.886633396148682,1.8989624845403325e-05,1.1,32000,,,,,,,,,
0.0717,3.0460240840911865,1.8972447437130685e-05,1.1,32050,,,,,,,,,
0.0643,3.9825406074523926,1.8955270028858046e-05,1.1,32100,,,,,,,,,
0.099,9.712242126464844,1.8938092620585406e-05,1.11,32150,,,,,,,,,
0.0697,0.32390329241752625,1.8920915212312767e-05,1.11,32200,,,,,,,,,
0.0802,0.028897622600197792,1.8903737804040128e-05,1.11,32250,,,,,,,,,
0.0565,6.336004734039307,1.8886560395767485e-05,1.11,32300,,,,,,,,,
0.0595,0.7144985795021057,1.886938298749485e-05,1.11,32350,,,,,,,,,
0.0721,0.4498884081840515,1.885220557922221e-05,1.11,32400,,,,,,,,,
0.0735,16.296937942504883,1.8835028170949567e-05,1.12,32450,,,,,,,,,
0.0675,0.5971398949623108,1.8817850762676927e-05,1.12,32500,,,,,,,,,
0.0721,2.517205238342285,1.8800673354404288e-05,1.12,32550,,,,,,,,,
0.0961,4.069835662841797,1.878349594613165e-05,1.12,32600,,,,,,,,,
0.0833,2.8684043884277344,1.876631853785901e-05,1.12,32650,,,,,,,,,
0.0852,2.511425256729126,1.8749141129586366e-05,1.13,32700,,,,,,,,,
0.0656,5.547422885894775,1.8731963721313727e-05,1.13,32750,,,,,,,,,
0.0788,6.701390266418457,1.871478631304109e-05,1.13,32800,,,,,,,,,
0.0748,4.617447853088379,1.8697608904768448e-05,1.13,32850,,,,,,,,,
0.0824,34.52836227416992,1.868043149649581e-05,1.13,32900,,,,,,,,,
0.0631,0.3379492461681366,1.866325408822317e-05,1.13,32950,,,,,,,,,
0.0911,2.10477352142334,1.864607667995053e-05,1.14,33000,,,,,,,,,
0.0843,0.6237772107124329,1.862889927167789e-05,1.14,33050,,,,,,,,,
0.0769,1.2865036725997925,1.861172186340525e-05,1.14,33100,,,,,,,,,
0.0854,2.6450932025909424,1.859454445513261e-05,1.14,33150,,,,,,,,,
0.0718,3.05423641204834,1.857736704685997e-05,1.14,33200,,,,,,,,,
0.0722,1.963921070098877,1.8560189638587333e-05,1.14,33250,,,,,,,,,
0.0847,1.8222209215164185,1.854301223031469e-05,1.15,33300,,,,,,,,,
0.0846,2.573152542114258,1.852583482204205e-05,1.15,33350,,,,,,,,,
0.0622,3.756995677947998,1.8508657413769408e-05,1.15,33400,,,,,,,,,
0.1223,0.05076764151453972,1.8491480005496772e-05,1.15,33450,,,,,,,,,
0.0693,15.196414947509766,1.8474302597224133e-05,1.15,33500,,,,,,,,,
0.0642,1.7689281702041626,1.845712518895149e-05,1.15,33550,,,,,,,,,
0.0819,7.535229206085205,1.843994778067885e-05,1.16,33600,,,,,,,,,
0.0681,13.148730278015137,1.842277037240621e-05,1.16,33650,,,,,,,,,
0.0998,0.11722785979509354,1.8405592964133572e-05,1.16,33700,,,,,,,,,
0.086,2.745579957962036,1.8388415555860933e-05,1.16,33750,,,,,,,,,
0.0676,1.7418148517608643,1.8371238147588293e-05,1.16,33800,,,,,,,,,
0.0601,1.1997604370117188,1.835406073931565e-05,1.16,33850,,,,,,,,,
0.0621,9.26313591003418,1.8336883331043014e-05,1.17,33900,,,,,,,,,
0.0836,8.608067512512207,1.8319705922770375e-05,1.17,33950,,,,,,,,,
0.0735,0.7855344414710999,1.8302528514497732e-05,1.17,34000,,,,,,,,,
0.069,7.607690334320068,1.8285351106225093e-05,1.17,34050,,,,,,,,,
0.0909,0.3615001440048218,1.8268173697952453e-05,1.17,34100,,,,,,,,,
0.0671,0.36549609899520874,1.8250996289679814e-05,1.17,34150,,,,,,,,,
0.0972,4.546017169952393,1.8233818881407175e-05,1.18,34200,,,,,,,,,
0.0698,5.169983386993408,1.8216641473134532e-05,1.18,34250,,,,,,,,,
0.0707,0.4078346788883209,1.8199464064861893e-05,1.18,34300,,,,,,,,,
0.0859,1.415246605873108,1.8182286656589257e-05,1.18,34350,,,,,,,,,
0.088,24.07892608642578,1.8165109248316614e-05,1.18,34400,,,,,,,,,
0.0737,0.6937788128852844,1.8147931840043974e-05,1.19,34450,,,,,,,,,
0.0823,2.529892683029175,1.8130754431771335e-05,1.19,34500,,,,,,,,,
0.0897,1.50443696975708,1.8113577023498696e-05,1.19,34550,,,,,,,,,
0.0641,4.824150562286377,1.8096399615226056e-05,1.19,34600,,,,,,,,,
0.075,0.7665972113609314,1.8079222206953417e-05,1.19,34650,,,,,,,,,
0.0527,1.110697865486145,1.8062044798680774e-05,1.19,34700,,,,,,,,,
0.0825,1.5364638566970825,1.8044867390408135e-05,1.2,34750,,,,,,,,,
0.1119,1.992762804031372,1.8027689982135495e-05,1.2,34800,,,,,,,,,
0.0541,2.138774871826172,1.8010512573862856e-05,1.2,34850,,,,,,,,,
0.0817,3.1817009449005127,1.7993335165590217e-05,1.2,34900,,,,,,,,,
0.0586,3.1506621837615967,1.7976157757317574e-05,1.2,34950,,,,,,,,,
,,,1.2,34950,0.17224030196666718,294.1704,397.107,24.822,,,,,
0.0794,2.3637166023254395,1.7958980349044938e-05,1.2,35000,,,,,,,,,
0.0892,3.4856605529785156,1.79418029407723e-05,1.21,35050,,,,,,,,,
0.0855,0.08566203713417053,1.7924625532499656e-05,1.21,35100,,,,,,,,,
0.0961,4.733551979064941,1.7907448124227016e-05,1.21,35150,,,,,,,,,
0.1106,2.966635227203369,1.789027071595438e-05,1.21,35200,,,,,,,,,
0.0535,2.0239789485931396,1.7873093307681737e-05,1.21,35250,,,,,,,,,
0.0805,17.790191650390625,1.7855915899409098e-05,1.21,35300,,,,,,,,,
0.0715,1.4992605447769165,1.783873849113646e-05,1.22,35350,,,,,,,,,
0.0842,0.2891181707382202,1.7821561082863816e-05,1.22,35400,,,,,,,,,
0.0469,0.9778507947921753,1.780438367459118e-05,1.22,35450,,,,,,,,,
0.0782,0.9242295026779175,1.7787206266318537e-05,1.22,35500,,,,,,,,,
0.1008,2.4786553382873535,1.7770028858045898e-05,1.22,35550,,,,,,,,,
0.0574,0.567177951335907,1.775285144977326e-05,1.22,35600,,,,,,,,,
0.0873,7.668085098266602,1.773567404150062e-05,1.23,35650,,,,,,,,,
0.0775,4.498003005981445,1.771849663322798e-05,1.23,35700,,,,,,,,,
0.0734,0.4491339921951294,1.770131922495534e-05,1.23,35750,,,,,,,,,
0.08,1.941494107246399,1.7684141816682697e-05,1.23,35800,,,,,,,,,
0.0974,1.810975432395935,1.7666964408410058e-05,1.23,35850,,,,,,,,,
0.0595,2.236478328704834,1.7649787000137422e-05,1.24,35900,,,,,,,,,
0.0827,0.058400146663188934,1.763260959186478e-05,1.24,35950,,,,,,,,,
0.0654,16.64964485168457,1.761543218359214e-05,1.24,36000,,,,,,,,,
0.0898,0.07167163491249084,1.75982547753195e-05,1.24,36050,,,,,,,,,
0.0742,1.3788787126541138,1.758107736704686e-05,1.24,36100,,,,,,,,,
0.0672,8.194114685058594,1.7563899958774222e-05,1.24,36150,,,,,,,,,
0.0797,6.070097923278809,1.754672255050158e-05,1.25,36200,,,,,,,,,
0.074,11.513778686523438,1.752954514222894e-05,1.25,36250,,,,,,,,,
0.0622,4.185061454772949,1.7512367733956304e-05,1.25,36300,,,,,,,,,
0.0705,0.04470064863562584,1.749519032568366e-05,1.25,36350,,,,,,,,,
0.0677,7.260021686553955,1.747801291741102e-05,1.25,36400,,,,,,,,,
0.1042,1.0534530878067017,1.7460835509138382e-05,1.25,36450,,,,,,,,,
0.0589,2.0028529167175293,1.744365810086574e-05,1.26,36500,,,,,,,,,
0.0615,0.34321296215057373,1.7426480692593103e-05,1.26,36550,,,,,,,,,
0.0928,4.2356858253479,1.7409303284320464e-05,1.26,36600,,,,,,,,,
0.0844,18.062145233154297,1.739212587604782e-05,1.26,36650,,,,,,,,,
0.0916,0.6195036768913269,1.7374948467775182e-05,1.26,36700,,,,,,,,,
0.0873,5.084627628326416,1.7357771059502546e-05,1.26,36750,,,,,,,,,
0.0668,0.06879783421754837,1.7340593651229903e-05,1.27,36800,,,,,,,,,
0.0689,1.7816392183303833,1.7323416242957264e-05,1.27,36850,,,,,,,,,
0.0569,0.21087002754211426,1.730623883468462e-05,1.27,36900,,,,,,,,,
0.0588,3.2547008991241455,1.7289061426411985e-05,1.27,36950,,,,,,,,,
0.0914,1.9570817947387695,1.7271884018139345e-05,1.27,37000,,,,,,,,,
0.0803,1.510411024093628,1.7254706609866703e-05,1.27,37050,,,,,,,,,
0.0574,14.30093002319336,1.7237529201594063e-05,1.28,37100,,,,,,,,,
0.071,4.60404634475708,1.7220351793321424e-05,1.28,37150,,,,,,,,,
0.0651,0.3826163113117218,1.7203174385048784e-05,1.28,37200,,,,,,,,,
0.0709,0.49929726123809814,1.7185996976776145e-05,1.28,37250,,,,,,,,,
0.0743,1.0599281787872314,1.7168819568503506e-05,1.28,37300,,,,,,,,,
0.0773,3.587008476257324,1.7151642160230863e-05,1.28,37350,,,,,,,,,
0.0919,3.958859920501709,1.7134464751958227e-05,1.29,37400,,,,,,,,,
0.1076,19.407133102416992,1.7117287343685588e-05,1.29,37450,,,,,,,,,
0.0495,4.269006729125977,1.7100109935412945e-05,1.29,37500,,,,,,,,,
0.0719,3.8993966579437256,1.7082932527140305e-05,1.29,37550,,,,,,,,,
0.0779,0.1262916624546051,1.7065755118867663e-05,1.29,37600,,,,,,,,,
0.0686,5.624166488647461,1.7048577710595027e-05,1.3,37650,,,,,,,,,
0.069,1.2537137269973755,1.7031400302322387e-05,1.3,37700,,,,,,,,,
0.0701,0.15827210247516632,1.7014222894049744e-05,1.3,37750,,,,,,,,,
0.0661,2.7161753177642822,1.6997045485777105e-05,1.3,37800,,,,,,,,,
0.0711,0.03860980644822121,1.697986807750447e-05,1.3,37850,,,,,,,,,
0.0742,3.17212176322937,1.6962690669231826e-05,1.3,37900,,,,,,,,,
0.1104,3.2299211025238037,1.6945513260959187e-05,1.31,37950,,,,,,,,,
0.0835,0.5307546257972717,1.6928335852686548e-05,1.31,38000,,,,,,,,,
0.0578,2.031266927719116,1.6911158444413908e-05,1.31,38050,,,,,,,,,
0.0821,10.679941177368164,1.689398103614127e-05,1.31,38100,,,,,,,,,
0.0792,0.8825717568397522,1.687680362786863e-05,1.31,38150,,,,,,,,,
0.0636,0.13979791104793549,1.6859626219595987e-05,1.31,38200,,,,,,,,,
0.0811,3.9485697746276855,1.6842448811323347e-05,1.32,38250,,,,,,,,,
0.121,11.185873985290527,1.6825271403050708e-05,1.32,38300,,,,,,,,,
0.0758,1.5128910541534424,1.680809399477807e-05,1.32,38350,,,,,,,,,
0.0822,5.11704158782959,1.679091658650543e-05,1.32,38400,,,,,,,,,
0.0762,6.0453267097473145,1.6773739178232786e-05,1.32,38450,,,,,,,,,
0.0979,2.3878817558288574,1.675656176996015e-05,1.32,38500,,,,,,,,,
0.0735,6.4320807456970215,1.673938436168751e-05,1.33,38550,,,,,,,,,
0.0608,0.9699026346206665,1.6722206953414868e-05,1.33,38600,,,,,,,,,
0.084,10.319631576538086,1.670502954514223e-05,1.33,38650,,,,,,,,,
0.0677,0.3138343095779419,1.668785213686959e-05,1.33,38700,,,,,,,,,
0.058,5.4248456954956055,1.667067472859695e-05,1.33,38750,,,,,,,,,
0.0639,0.3299798369407654,1.665349732032431e-05,1.33,38800,,,,,,,,,
0.069,0.13489657640457153,1.663631991205167e-05,1.34,38850,,,,,,,,,
0.0784,1.0381355285644531,1.661914250377903e-05,1.34,38900,,,,,,,,,
0.1046,6.023521900177002,1.6601965095506392e-05,1.34,38950,,,,,,,,,
0.0688,5.8646697998046875,1.658478768723375e-05,1.34,39000,,,,,,,,,
0.0696,3.7645394802093506,1.656761027896111e-05,1.34,39050,,,,,,,,,
0.0976,20.976497650146484,1.655043287068847e-05,1.34,39100,,,,,,,,,
0.1036,8.379913330078125,1.653325546241583e-05,1.35,39150,,,,,,,,,
0.0832,35.560791015625,1.6516078054143192e-05,1.35,39200,,,,,,,,,
0.0732,0.2682341933250427,1.6498900645870553e-05,1.35,39250,,,,,,,,,
0.0726,0.04857339337468147,1.648172323759791e-05,1.35,39300,,,,,,,,,
0.0778,11.232731819152832,1.646454582932527e-05,1.35,39350,,,,,,,,,
0.056,7.033987045288086,1.6447368421052635e-05,1.36,39400,,,,,,,,,
0.1031,0.09093113243579865,1.6430191012779992e-05,1.36,39450,,,,,,,,,
0.0723,0.1965620368719101,1.6413013604507352e-05,1.36,39500,,,,,,,,,
0.0703,0.11707803606987,1.6395836196234713e-05,1.36,39550,,,,,,,,,
0.0767,1.6895370483398438,1.6378658787962074e-05,1.36,39600,,,,,,,,,
0.0667,11.12477970123291,1.6361481379689434e-05,1.36,39650,,,,,,,,,
0.0619,2.7534339427948,1.634430397141679e-05,1.37,39700,,,,,,,,,
0.058,10.259661674499512,1.6327126563144152e-05,1.37,39750,,,,,,,,,
0.0958,14.10728931427002,1.6309949154871513e-05,1.37,39800,,,,,,,,,
0.0339,2.3352596759796143,1.6292771746598873e-05,1.37,39850,,,,,,,,,
0.0603,2.3740291595458984,1.6275594338326234e-05,1.37,39900,,,,,,,,,
0.0848,0.3945308327674866,1.6258416930053595e-05,1.37,39950,,,,,,,,,
,,,1.37,39950,0.18269774317741394,294.4859,396.681,24.796,,,,,
0.1029,0.8096824288368225,1.6241239521780952e-05,1.38,40000,,,,,,,,,
0.0783,0.586479902267456,1.6224062113508316e-05,1.38,40050,,,,,,,,,
0.0672,7.7431511878967285,1.6206884705235676e-05,1.38,40100,,,,,,,,,
0.0659,4.041672706604004,1.6189707296963034e-05,1.38,40150,,,,,,,,,
0.0847,8.222126960754395,1.6172529888690394e-05,1.38,40200,,,,,,,,,
0.0763,2.6421852111816406,1.6155352480417758e-05,1.38,40250,,,,,,,,,
0.0701,5.53086519241333,1.6138175072145116e-05,1.39,40300,,,,,,,,,
0.0858,3.196122407913208,1.6120997663872476e-05,1.39,40350,,,,,,,,,
0.0695,7.336663246154785,1.6103820255599833e-05,1.39,40400,,,,,,,,,
0.0758,3.8680689334869385,1.6086642847327194e-05,1.39,40450,,,,,,,,,
0.0773,0.3874627947807312,1.6069465439054558e-05,1.39,40500,,,,,,,,,
0.0479,6.538127422332764,1.6052288030781915e-05,1.39,40550,,,,,,,,,
0.0911,4.738698482513428,1.6035110622509276e-05,1.4,40600,,,,,,,,,
0.0621,4.3597283363342285,1.6017933214236636e-05,1.4,40650,,,,,,,,,
0.0835,3.377777338027954,1.6000755805963997e-05,1.4,40700,,,,,,,,,
0.0794,9.360564231872559,1.5983578397691358e-05,1.4,40750,,,,,,,,,
0.0748,3.6786818504333496,1.5966400989418718e-05,1.4,40800,,,,,,,,,
0.0651,3.950324773788452,1.5949223581146075e-05,1.41,40850,,,,,,,,,
0.0779,5.299757957458496,1.5932046172873436e-05,1.41,40900,,,,,,,,,
0.0449,0.26058125495910645,1.59148687646008e-05,1.41,40950,,,,,,,,,
0.0799,0.008486787788569927,1.5897691356328157e-05,1.41,41000,,,,,,,,,
0.1052,5.987252712249756,1.5880513948055518e-05,1.41,41050,,,,,,,,,
0.0581,4.4136061668396,1.5863336539782875e-05,1.41,41100,,,,,,,,,
0.0582,8.569513320922852,1.584615913151024e-05,1.42,41150,,,,,,,,,
0.0391,0.7348722219467163,1.58289817232376e-05,1.42,41200,,,,,,,,,
0.1171,6.783470153808594,1.5811804314964957e-05,1.42,41250,,,,,,,,,
0.0621,0.8619159460067749,1.5794626906692318e-05,1.42,41300,,,,,,,,,
0.1001,4.431541919708252,1.577744949841968e-05,1.42,41350,,,,,,,,,
0.0643,5.322463035583496,1.576027209014704e-05,1.42,41400,,,,,,,,,
0.0556,10.200416564941406,1.57430946818744e-05,1.43,41450,,,,,,,,,
0.0656,7.267859935760498,1.572591727360176e-05,1.43,41500,,,,,,,,,
0.0693,4.069360733032227,1.5708739865329117e-05,1.43,41550,,,,,,,,,
0.078,24.717824935913086,1.569156245705648e-05,1.43,41600,,,,,,,,,
0.0804,5.605193138122559,1.5674385048783842e-05,1.43,41650,,,,,,,,,
0.0853,6.812758922576904,1.56572076405112e-05,1.43,41700,,,,,,,,,
0.0575,0.10834095627069473,1.564003023223856e-05,1.44,41750,,,,,,,,,
0.0733,0.7207488417625427,1.562285282396592e-05,1.44,41800,,,,,,,,,
0.075,0.35618892312049866,1.560567541569328e-05,1.44,41850,,,,,,,,,
0.0778,0.8549464344978333,1.558849800742064e-05,1.44,41900,,,,,,,,,
0.072,0.18677584826946259,1.5571320599148e-05,1.44,41950,,,,,,,,,
0.0954,6.8254194259643555,1.555414319087536e-05,1.44,42000,,,,,,,,,
0.0684,0.4233499765396118,1.5536965782602723e-05,1.45,42050,,,,,,,,,
0.0826,1.3089454174041748,1.551978837433008e-05,1.45,42100,,,,,,,,,
0.0664,3.5713911056518555,1.550261096605744e-05,1.45,42150,,,,,,,,,
0.105,0.09870229661464691,1.5485433557784802e-05,1.45,42200,,,,,,,,,
0.0684,2.9595377445220947,1.5468256149512163e-05,1.45,42250,,,,,,,,,
0.0767,5.471136093139648,1.5451078741239523e-05,1.45,42300,,,,,,,,,
0.0928,13.91513442993164,1.5433901332966884e-05,1.46,42350,,,,,,,,,
0.0548,1.1319963932037354,1.541672392469424e-05,1.46,42400,,,,,,,,,
0.074,9.285188674926758,1.5399546516421605e-05,1.46,42450,,,,,,,,,
0.0731,3.0830554962158203,1.5382369108148962e-05,1.46,42500,,,,,,,,,
0.0953,0.9149042963981628,1.5365191699876323e-05,1.46,42550,,,,,,,,,
0.0663,10.145434379577637,1.5348014291603683e-05,1.47,42600,,,,,,,,,
0.0679,4.375837326049805,1.533083688333104e-05,1.47,42650,,,,,,,,,
0.0548,0.7760136723518372,1.5313659475058405e-05,1.47,42700,,,,,,,,,
0.0872,0.11217951774597168,1.5296482066785765e-05,1.47,42750,,,,,,,,,
0.0812,5.595040321350098,1.5279304658513123e-05,1.47,42800,,,,,,,,,
0.0791,10.792109489440918,1.5262127250240483e-05,1.47,42850,,,,,,,,,
0.0811,3.7236974239349365,1.5244949841967845e-05,1.48,42900,,,,,,,,,
0.0845,1.8006356954574585,1.5227772433695204e-05,1.48,42950,,,,,,,,,
0.0844,7.8278326988220215,1.5210595025422565e-05,1.48,43000,,,,,,,,,
0.0785,2.7647557258605957,1.5193417617149924e-05,1.48,43050,,,,,,,,,
0.0861,0.12346228212118149,1.5176240208877283e-05,1.48,43100,,,,,,,,,
0.085,0.14080987870693207,1.5159062800604647e-05,1.48,43150,,,,,,,,,
0.0743,10.34829044342041,1.5141885392332006e-05,1.49,43200,,,,,,,,,
0.0802,0.109416663646698,1.5124707984059365e-05,1.49,43250,,,,,,,,,
0.0954,3.394164562225342,1.5107530575786724e-05,1.49,43300,,,,,,,,,
0.1108,0.12121465057134628,1.5090353167514088e-05,1.49,43350,,,,,,,,,
0.0581,0.7644019722938538,1.5073175759241447e-05,1.49,43400,,,,,,,,,
0.0953,4.204564094543457,1.5055998350968805e-05,1.49,43450,,,,,,,,,
0.0682,6.941850185394287,1.5038820942696166e-05,1.5,43500,,,,,,,,,
0.0791,16.8009090423584,1.5021643534423528e-05,1.5,43550,,,,,,,,,
0.0629,0.8808989524841309,1.5004466126150887e-05,1.5,43600,,,,,,,,,
0.066,15.271751403808594,1.4987288717878246e-05,1.5,43650,,,,,,,,,
0.052,3.589930772781372,1.4970111309605607e-05,1.5,43700,,,,,,,,,
0.0696,1.2613375186920166,1.4952933901332967e-05,1.5,43750,,,,,,,,,
0.0696,16.65189552307129,1.4935756493060326e-05,1.51,43800,,,,,,,,,
0.0577,7.933465003967285,1.4918579084787689e-05,1.51,43850,,,,,,,,,
0.0531,0.04425469785928726,1.4901401676515048e-05,1.51,43900,,,,,,,,,
0.056,2.4964606761932373,1.4884224268242408e-05,1.51,43950,,,,,,,,,
0.0893,3.438817024230957,1.4867046859969767e-05,1.51,44000,,,,,,,,,
0.0702,0.016809290274977684,1.484986945169713e-05,1.52,44050,,,,,,,,,
0.0679,2.1543924808502197,1.4832692043424488e-05,1.52,44100,,,,,,,,,
0.0659,13.01921558380127,1.4815514635151849e-05,1.52,44150,,,,,,,,,
0.0736,0.8507089614868164,1.479833722687921e-05,1.52,44200,,,,,,,,,
0.0848,7.212250232696533,1.4781159818606569e-05,1.52,44250,,,,,,,,,
0.0833,16.839797973632812,1.4763982410333929e-05,1.52,44300,,,,,,,,,
0.0787,0.20407943427562714,1.4746805002061288e-05,1.53,44350,,,,,,,,,
0.0934,0.8170943856239319,1.472962759378865e-05,1.53,44400,,,,,,,,,
0.0828,1.0497030019760132,1.471245018551601e-05,1.53,44450,,,,,,,,,
0.0806,4.416874408721924,1.469527277724337e-05,1.53,44500,,,,,,,,,
0.0659,1.0682412385940552,1.467809536897073e-05,1.53,44550,,,,,,,,,
0.0649,5.629922389984131,1.4660917960698091e-05,1.53,44600,,,,,,,,,
0.0731,7.030760288238525,1.464374055242545e-05,1.54,44650,,,,,,,,,
0.0812,14.515447616577148,1.462656314415281e-05,1.54,44700,,,,,,,,,
0.0863,0.06097405031323433,1.4609385735880171e-05,1.54,44750,,,,,,,,,
0.0952,2.989985227584839,1.459220832760753e-05,1.54,44800,,,,,,,,,
0.0676,0.022298576310276985,1.457503091933489e-05,1.54,44850,,,,,,,,,
0.0651,9.063400268554688,1.4557853511062251e-05,1.54,44900,,,,,,,,,
0.0648,0.1110510602593422,1.4540676102789612e-05,1.55,44950,,,,,,,,,
,,,1.55,44950,0.162153959274292,294.6276,396.49,24.784,,,,,
0.0869,8.409995079040527,1.4523498694516971e-05,1.55,45000,,,,,,,,,
0.1038,1.5664457082748413,1.4506321286244332e-05,1.55,45050,,,,,,,,,
0.0768,0.458577960729599,1.4489143877971692e-05,1.55,45100,,,,,,,,,
0.0778,2.493448257446289,1.4471966469699053e-05,1.55,45150,,,,,,,,,
0.0558,5.27838134765625,1.4454789061426412e-05,1.55,45200,,,,,,,,,
0.0498,6.501687526702881,1.4437611653153774e-05,1.56,45250,,,,,,,,,
0.0769,5.627644062042236,1.4420434244881133e-05,1.56,45300,,,,,,,,,
0.0812,0.5258301496505737,1.4403256836608492e-05,1.56,45350,,,,,,,,,
0.0635,0.1880803108215332,1.4386079428335852e-05,1.56,45400,,,,,,,,,
0.0821,8.554471969604492,1.4368902020063213e-05,1.56,45450,,,,,,,,,
0.0747,3.1279096603393555,1.4351724611790574e-05,1.56,45500,,,,,,,,,
0.0964,8.550997734069824,1.4334547203517933e-05,1.57,45550,,,,,,,,,
0.0681,0.20911547541618347,1.4317369795245295e-05,1.57,45600,,,,,,,,,
0.0626,11.548368453979492,1.4300192386972654e-05,1.57,45650,,,,,,,,,
0.0702,12.878987312316895,1.4283014978700014e-05,1.57,45700,,,,,,,,,
0.0703,2.6287577152252197,1.4265837570427373e-05,1.57,45750,,,,,,,,,
0.0656,0.36147642135620117,1.4248660162154736e-05,1.58,45800,,,,,,,,,
0.092,8.140693664550781,1.4231482753882095e-05,1.58,45850,,,,,,,,,
0.0753,2.5974385738372803,1.4214305345609454e-05,1.58,45900,,,,,,,,,
0.0824,3.856308937072754,1.4197127937336816e-05,1.58,45950,,,,,,,,,
0.0797,6.030638217926025,1.4179950529064175e-05,1.58,46000,,,,,,,,,
0.0691,3.6344001293182373,1.4162773120791535e-05,1.58,46050,,,,,,,,,
0.0962,6.9058709144592285,1.4145595712518894e-05,1.59,46100,,,,,,,,,
0.0501,2.1775524616241455,1.4128418304246257e-05,1.59,46150,,,,,,,,,
0.1128,0.3285474181175232,1.4111240895973616e-05,1.59,46200,,,,,,,,,
0.0652,5.867944717407227,1.4094063487700976e-05,1.59,46250,,,,,,,,,
0.0634,0.1709521859884262,1.4076886079428337e-05,1.59,46300,,,,,,,,,
0.0627,0.07016996294260025,1.4059708671155697e-05,1.59,46350,,,,,,,,,
0.087,13.508952140808105,1.4042531262883056e-05,1.6,46400,,,,,,,,,
0.086,1.2120444774627686,1.4025353854610415e-05,1.6,46450,,,,,,,,,
0.1048,4.909846782684326,1.4008176446337778e-05,1.6,46500,,,,,,,,,
0.0873,9.088909149169922,1.3990999038065136e-05,1.6,46550,,,,,,,,,
0.0701,0.008789642713963985,1.3973821629792497e-05,1.6,46600,,,,,,,,,
0.0684,0.46640563011169434,1.3956644221519858e-05,1.6,46650,,,,,,,,,
0.089,2.3078720569610596,1.3939466813247218e-05,1.61,46700,,,,,,,,,
0.0628,0.5966870188713074,1.3922289404974577e-05,1.61,46750,,,,,,,,,
0.0794,2.1354916095733643,1.3905111996701938e-05,1.61,46800,,,,,,,,,
0.0705,0.4584932327270508,1.3887934588429298e-05,1.61,46850,,,,,,,,,
0.0628,3.310096502304077,1.3870757180156659e-05,1.61,46900,,,,,,,,,
0.0779,5.99989652633667,1.3853579771884018e-05,1.61,46950,,,,,,,,,
0.1038,0.32628026604652405,1.3836402363611379e-05,1.62,47000,,,,,,,,,
0.0731,1.7481971979141235,1.381922495533874e-05,1.62,47050,,,,,,,,,
0.0932,0.3380247950553894,1.3802047547066098e-05,1.62,47100,,,,,,,,,
0.0704,14.828649520874023,1.3784870138793459e-05,1.62,47150,,,,,,,,,
0.0645,13.047121047973633,1.376769273052082e-05,1.62,47200,,,,,,,,,
0.0603,0.48516416549682617,1.375051532224818e-05,1.62,47250,,,,,,,,,
0.0733,2.7289540767669678,1.3733337913975539e-05,1.63,47300,,,,,,,,,
0.0765,7.526486396789551,1.3716160505702901e-05,1.63,47350,,,,,,,,,
0.1075,0.2488454431295395,1.369898309743026e-05,1.63,47400,,,,,,,,,
0.0628,0.38768625259399414,1.368180568915762e-05,1.63,47450,,,,,,,,,
0.091,8.273173332214355,1.366462828088498e-05,1.63,47500,,,,,,,,,
0.07,0.3561522960662842,1.364745087261234e-05,1.64,47550,,,,,,,,,
0.1008,3.7575063705444336,1.3630273464339701e-05,1.64,47600,,,,,,,,,
0.0658,3.741295099258423,1.361309605606706e-05,1.64,47650,,,,,,,,,
0.0662,1.5512874126434326,1.3595918647794422e-05,1.64,47700,,,,,,,,,
0.0778,8.124865531921387,1.3578741239521781e-05,1.64,47750,,,,,,,,,
0.0751,0.41160520911216736,1.3561563831249142e-05,1.64,47800,,,,,,,,,
0.0612,4.887281894683838,1.35443864229765e-05,1.65,47850,,,,,,,,,
0.0737,6.3765153884887695,1.3527209014703863e-05,1.65,47900,,,,,,,,,
0.0729,1.4585391283035278,1.3510031606431222e-05,1.65,47950,,,,,,,,,
0.0672,0.4652222692966461,1.3492854198158582e-05,1.65,48000,,,,,,,,,
0.046,0.716225802898407,1.3475676789885943e-05,1.65,48050,,,,,,,,,
0.0947,2.9477837085723877,1.3458499381613302e-05,1.65,48100,,,,,,,,,
0.0698,0.04215071722865105,1.3441321973340663e-05,1.66,48150,,,,,,,,,
0.0788,10.653498649597168,1.3424144565068022e-05,1.66,48200,,,,,,,,,
0.0549,0.09591785818338394,1.3406967156795384e-05,1.66,48250,,,,,,,,,
0.0528,4.701196193695068,1.3389789748522743e-05,1.66,48300,,,,,,,,,
0.0877,6.603851318359375,1.3372612340250103e-05,1.66,48350,,,,,,,,,
0.0572,0.1898675411939621,1.3355434931977464e-05,1.66,48400,,,,,,,,,
0.0802,6.501521587371826,1.3338257523704825e-05,1.67,48450,,,,,,,,,
0.0554,6.278984069824219,1.3321080115432184e-05,1.67,48500,,,,,,,,,
0.0673,2.972179889678955,1.3303902707159544e-05,1.67,48550,,,,,,,,,
0.0842,0.43408992886543274,1.3286725298886905e-05,1.67,48600,,,,,,,,,
0.078,3.1991231441497803,1.3269547890614264e-05,1.67,48650,,,,,,,,,
0.0818,8.70535945892334,1.3252370482341624e-05,1.67,48700,,,,,,,,,
0.0454,3.0093467235565186,1.3235193074068985e-05,1.68,48750,,,,,,,,,
0.0611,7.022075653076172,1.3218015665796346e-05,1.68,48800,,,,,,,,,
0.0705,0.1393517553806305,1.3200838257523704e-05,1.68,48850,,,,,,,,,
0.0785,4.8909173011779785,1.3183660849251065e-05,1.68,48900,,,,,,,,,
0.0861,10.981155395507812,1.3166483440978426e-05,1.68,48950,,,,,,,,,
0.0617,2.9575440883636475,1.3149306032705786e-05,1.69,49000,,,,,,,,,
0.0681,4.657204627990723,1.3132128624433145e-05,1.69,49050,,,,,,,,,
0.0703,9.667603492736816,1.3114951216160508e-05,1.69,49100,,,,,,,,,
0.0828,0.4202018082141876,1.3097773807887866e-05,1.69,49150,,,,,,,,,
0.0775,4.825778007507324,1.3080596399615225e-05,1.69,49200,,,,,,,,,
0.0826,1.9404062032699585,1.3063418991342586e-05,1.69,49250,,,,,,,,,
0.066,3.476529121398926,1.3046241583069947e-05,1.7,49300,,,,,,,,,
0.0553,26.3272762298584,1.3029064174797307e-05,1.7,49350,,,,,,,,,
0.0962,0.09669166058301926,1.3011886766524666e-05,1.7,49400,,,,,,,,,
0.0727,0.10539770871400833,1.2994709358252028e-05,1.7,49450,,,,,,,,,
0.0569,9.164464950561523,1.2977531949979387e-05,1.7,49500,,,,,,,,,
0.0823,5.1714863777160645,1.2960354541706748e-05,1.7,49550,,,,,,,,,
0.0561,0.49782195687294006,1.2943177133434107e-05,1.71,49600,,,,,,,,,
0.0775,1.1980433464050293,1.292599972516147e-05,1.71,49650,,,,,,,,,
0.1005,5.198878288269043,1.2908822316888828e-05,1.71,49700,,,,,,,,,
0.0614,6.3116912841796875,1.2891644908616187e-05,1.71,49750,,,,,,,,,
0.061,3.5772781372070312,1.287446750034355e-05,1.71,49800,,,,,,,,,
0.0795,10.423486709594727,1.2857290092070908e-05,1.71,49850,,,,,,,,,
0.076,5.527022361755371,1.2840112683798269e-05,1.72,49900,,,,,,,,,
0.0824,4.581440448760986,1.2822935275525628e-05,1.72,49950,,,,,,,,,
,,,1.72,49950,0.15545575320720673,294.8516,396.189,24.765,,,,,
0.0658,7.401805877685547,1.280575786725299e-05,1.72,50000,,,,,,,,,
0.0436,0.06456813961267471,1.2788580458980349e-05,1.72,50050,,,,,,,,,
0.0829,1.626976490020752,1.277140305070771e-05,1.72,50100,,,,,,,,,
0.0449,10.530048370361328,1.275422564243507e-05,1.72,50150,,,,,,,,,
0.0602,1.6094292402267456,1.2737048234162431e-05,1.73,50200,,,,,,,,,
0.0712,0.3081069886684418,1.271987082588979e-05,1.73,50250,,,,,,,,,
0.046,17.123220443725586,1.2702693417617149e-05,1.73,50300,,,,,,,,,
0.0617,0.9769032001495361,1.2685516009344511e-05,1.73,50350,,,,,,,,,
0.0771,0.7220518589019775,1.266833860107187e-05,1.73,50400,,,,,,,,,
0.0757,0.7171767950057983,1.265116119279923e-05,1.73,50450,,,,,,,,,
0.0651,8.065871238708496,1.2633983784526591e-05,1.74,50500,,,,,,,,,
0.0987,2.4989829063415527,1.2616806376253952e-05,1.74,50550,,,,,,,,,
0.0491,1.2599600553512573,1.259962896798131e-05,1.74,50600,,,,,,,,,
0.0498,6.6205291748046875,1.2582451559708671e-05,1.74,50650,,,,,,,,,
0.0711,1.668702483177185,1.2565274151436032e-05,1.74,50700,,,,,,,,,
0.0642,0.06059190258383751,1.2548096743163393e-05,1.75,50750,,,,,,,,,
0.0741,0.07954496890306473,1.2530919334890751e-05,1.75,50800,,,,,,,,,
0.0759,1.119359016418457,1.2513741926618114e-05,1.75,50850,,,,,,,,,
0.0818,8.643479347229004,1.2496564518345473e-05,1.75,50900,,,,,,,,,
0.0626,7.5987019538879395,1.2479387110072832e-05,1.75,50950,,,,,,,,,
0.066,7.092761516571045,1.2462209701800192e-05,1.75,51000,,,,,,,,,
0.0827,1.0080839395523071,1.2445032293527553e-05,1.76,51050,,,,,,,,,
0.0927,17.65904426574707,1.2427854885254913e-05,1.76,51100,,,,,,,,,
0.0539,0.10907480120658875,1.2410677476982272e-05,1.76,51150,,,,,,,,,
0.0533,4.506244659423828,1.2393500068709635e-05,1.76,51200,,,,,,,,,
0.0401,0.04005478322505951,1.2376322660436994e-05,1.76,51250,,,,,,,,,
0.0405,6.465019702911377,1.2359145252164354e-05,1.76,51300,,,,,,,,,
0.0882,9.310253143310547,1.2341967843891713e-05,1.77,51350,,,,,,,,,
0.0812,21.537799835205078,1.2324790435619075e-05,1.77,51400,,,,,,,,,
0.0563,2.175489902496338,1.2307613027346434e-05,1.77,51450,,,,,,,,,
0.0667,11.875732421875,1.2290435619073793e-05,1.77,51500,,,,,,,,,
0.0541,2.5179176330566406,1.2273258210801156e-05,1.77,51550,,,,,,,,,
0.0807,0.026084259152412415,1.2256080802528515e-05,1.77,51600,,,,,,,,,
0.0713,2.1904544830322266,1.2238903394255875e-05,1.78,51650,,,,,,,,,
0.061,1.2452964782714844,1.2221725985983234e-05,1.78,51700,,,,,,,,,
0.0587,7.424705505371094,1.2204548577710596e-05,1.78,51750,,,,,,,,,
0.0671,0.052232775837183,1.2187371169437955e-05,1.78,51800,,,,,,,,,
0.0587,0.028961442410945892,1.2170193761165316e-05,1.78,51850,,,,,,,,,
0.0755,6.162076473236084,1.2153016352892677e-05,1.78,51900,,,,,,,,,
0.0779,7.032309055328369,1.2135838944620037e-05,1.79,51950,,,,,,,,,
0.0639,32.71885299682617,1.2118661536347396e-05,1.79,52000,,,,,,,,,
0.0642,3.600374937057495,1.2101484128074755e-05,1.79,52050,,,,,,,,,
0.0463,3.494231700897217,1.2084306719802117e-05,1.79,52100,,,,,,,,,
0.0636,0.14708663523197174,1.2067129311529476e-05,1.79,52150,,,,,,,,,
0.0847,6.136415481567383,1.2049951903256837e-05,1.8,52200,,,,,,,,,
0.0618,0.09807757288217545,1.2032774494984197e-05,1.8,52250,,,,,,,,,
0.0613,0.12806060910224915,1.2015597086711558e-05,1.8,52300,,,,,,,,,
0.0731,2.847520351409912,1.1998419678438917e-05,1.8,52350,,,,,,,,,
0.0782,0.29421746730804443,1.1981242270166278e-05,1.8,52400,,,,,,,,,
0.0538,11.258854866027832,1.1964064861893638e-05,1.8,52450,,,,,,,,,
0.0559,0.07375843822956085,1.1946887453620999e-05,1.81,52500,,,,,,,,,
0.0595,6.395258903503418,1.1929710045348358e-05,1.81,52550,,,,,,,,,
0.0713,7.102809906005859,1.1912532637075718e-05,1.81,52600,,,,,,,,,
0.0599,2.4012460708618164,1.1895355228803079e-05,1.81,52650,,,,,,,,,
0.0791,3.665083646774292,1.1878177820530438e-05,1.81,52700,,,,,,,,,
0.0699,9.625727653503418,1.1861000412257799e-05,1.81,52750,,,,,,,,,
0.0796,6.843315601348877,1.184382300398516e-05,1.82,52800,,,,,,,,,
0.0942,11.502036094665527,1.182664559571252e-05,1.82,52850,,,,,,,,,
0.0467,5.071556091308594,1.1809468187439879e-05,1.82,52900,,,,,,,,,
0.0668,4.1453537940979,1.1792290779167241e-05,1.82,52950,,,,,,,,,
0.0569,7.2148332595825195,1.17751133708946e-05,1.82,53000,,,,,,,,,
0.0858,4.809004306793213,1.175793596262196e-05,1.82,53050,,,,,,,,,
0.0667,12.65998649597168,1.174075855434932e-05,1.83,53100,,,,,,,,,
0.0826,0.7621395587921143,1.172358114607668e-05,1.83,53150,,,,,,,,,
0.0842,13.101056098937988,1.170640373780404e-05,1.83,53200,,,,,,,,,
0.0635,1.4192867279052734,1.16892263295314e-05,1.83,53250,,,,,,,,,
0.0685,0.3601730763912201,1.1672048921258762e-05,1.83,53300,,,,,,,,,
0.0774,0.6316251754760742,1.165487151298612e-05,1.83,53350,,,,,,,,,
0.0835,0.44697922468185425,1.1637694104713481e-05,1.84,53400,,,,,,,,,
0.0796,6.043728351593018,1.162051669644084e-05,1.84,53450,,,,,,,,,
0.0527,7.398570537567139,1.1603339288168203e-05,1.84,53500,,,,,,,,,
0.0579,2.145355463027954,1.1586161879895562e-05,1.84,53550,,,,,,,,,
0.0834,0.14004011452198029,1.1568984471622922e-05,1.84,53600,,,,,,,,,
0.0816,0.03690434619784355,1.1551807063350283e-05,1.84,53650,,,,,,,,,
0.0711,7.138580799102783,1.1534629655077642e-05,1.85,53700,,,,,,,,,
0.0783,0.0883919969201088,1.1517452246805002e-05,1.85,53750,,,,,,,,,
0.0616,0.033357370644807816,1.1500274838532361e-05,1.85,53800,,,,,,,,,
0.066,11.91191291809082,1.1483097430259724e-05,1.85,53850,,,,,,,,,
0.0561,0.4282994866371155,1.1465920021987083e-05,1.85,53900,,,,,,,,,
0.0775,0.36602747440338135,1.1448742613714443e-05,1.86,53950,,,,,,,,,
0.0683,0.18034932017326355,1.1431565205441804e-05,1.86,54000,,,,,,,,,
0.0533,1.0201126337051392,1.1414387797169164e-05,1.86,54050,,,,,,,,,
0.1123,9.25191879272461,1.1397210388896523e-05,1.86,54100,,,,,,,,,
0.0566,0.08277394622564316,1.1380032980623884e-05,1.86,54150,,,,,,,,,
0.0569,27.536773681640625,1.1362855572351245e-05,1.86,54200,,,,,,,,,
0.0653,4.153510570526123,1.1345678164078603e-05,1.87,54250,,,,,,,,,
0.0619,0.36493051052093506,1.1328500755805964e-05,1.87,54300,,,,,,,,,
0.0667,1.4257338047027588,1.1311323347533325e-05,1.87,54350,,,,,,,,,
0.0645,8.111854553222656,1.1294145939260685e-05,1.87,54400,,,,,,,,,
0.0577,8.093668937683105,1.1276968530988044e-05,1.87,54450,,,,,,,,,
0.0628,6.117687702178955,1.1259791122715405e-05,1.87,54500,,,,,,,,,
0.1007,4.116783142089844,1.1242613714442765e-05,1.88,54550,,,,,,,,,
0.0577,4.543269157409668,1.1225436306170126e-05,1.88,54600,,,,,,,,,
0.0657,0.286243736743927,1.1208258897897485e-05,1.88,54650,,,,,,,,,
0.043,2.590510845184326,1.1191081489624847e-05,1.88,54700,,,,,,,,,
0.0594,0.05261966213583946,1.1173904081352206e-05,1.88,54750,,,,,,,,,
0.0796,4.484077453613281,1.1156726673079565e-05,1.88,54800,,,,,,,,,
0.0768,0.03552001714706421,1.1139549264806926e-05,1.89,54850,,,,,,,,,
0.0668,1.1008175611495972,1.1122371856534286e-05,1.89,54900,,,,,,,,,
0.0794,0.2707824110984802,1.1105194448261647e-05,1.89,54950,,,,,,,,,
,,,1.89,54950,0.15920691192150116,294.8105,396.244,24.768,,,,,
0.0714,3.3097569942474365,1.1088017039989006e-05,1.89,55000,,,,,,,,,
0.0515,0.41584840416908264,1.1070839631716368e-05,1.89,55050,,,,,,,,,
0.0824,2.041445255279541,1.1053662223443727e-05,1.89,55100,,,,,,,,,
0.0512,2.843275547027588,1.1036484815171088e-05,1.9,55150,,,,,,,,,
0.0771,29.361209869384766,1.1019307406898447e-05,1.9,55200,,,,,,,,,
0.0589,2.069274663925171,1.1002129998625809e-05,1.9,55250,,,,,,,,,
0.0698,0.5909121632575989,1.0984952590353168e-05,1.9,55300,,,,,,,,,
0.0806,13.21945858001709,1.0967775182080527e-05,1.9,55350,,,,,,,,,
0.0689,2.322371006011963,1.0950597773807889e-05,1.9,55400,,,,,,,,,
0.0616,0.027011025696992874,1.0933420365535248e-05,1.91,55450,,,,,,,,,
0.0515,6.646740436553955,1.0916242957262609e-05,1.91,55500,,,,,,,,,
0.0529,8.562877655029297,1.0899065548989968e-05,1.91,55550,,,,,,,,,
0.0753,0.27933529019355774,1.088188814071733e-05,1.91,55600,,,,,,,,,
0.0744,2.758537530899048,1.0864710732444689e-05,1.91,55650,,,,,,,,,
0.0857,4.6603102684021,1.084753332417205e-05,1.92,55700,,,,,,,,,
0.0653,5.361899375915527,1.083035591589941e-05,1.92,55750,,,,,,,,,
0.0738,2.745380401611328,1.081317850762677e-05,1.92,55800,,,,,,,,,
0.0539,1.1998618841171265,1.079600109935413e-05,1.92,55850,,,,,,,,,
0.0538,0.26489415764808655,1.0778823691081488e-05,1.92,55900,,,,,,,,,
0.0592,2.3213820457458496,1.076164628280885e-05,1.92,55950,,,,,,,,,
0.061,7.355798244476318,1.074446887453621e-05,1.93,56000,,,,,,,,,
0.0641,0.1826397329568863,1.072729146626357e-05,1.93,56050,,,,,,,,,
0.0621,0.6233118176460266,1.0710114057990931e-05,1.93,56100,,,,,,,,,
0.0472,6.775418281555176,1.0692936649718292e-05,1.93,56150,,,,,,,,,
0.0686,2.022153377532959,1.067575924144565e-05,1.93,56200,,,,,,,,,
0.0834,0.2425089329481125,1.0658581833173011e-05,1.93,56250,,,,,,,,,
0.0524,6.765103816986084,1.0641404424900372e-05,1.94,56300,,,,,,,,,
0.0451,1.0561296939849854,1.0624227016627732e-05,1.94,56350,,,,,,,,,
0.0828,7.006407737731934,1.0607049608355091e-05,1.94,56400,,,,,,,,,
0.0528,0.07814400643110275,1.0589872200082452e-05,1.94,56450,,,,,,,,,
0.0826,4.009694576263428,1.0572694791809812e-05,1.94,56500,,,,,,,,,
0.0581,5.736054420471191,1.0555517383537171e-05,1.94,56550,,,,,,,,,
0.0404,0.031043319031596184,1.0538339975264532e-05,1.95,56600,,,,,,,,,
0.0789,0.6255152225494385,1.0521162566991893e-05,1.95,56650,,,,,,,,,
0.0833,0.09605705738067627,1.0503985158719253e-05,1.95,56700,,,,,,,,,
0.0554,3.3095943927764893,1.0486807750446612e-05,1.95,56750,,,,,,,,,
0.052,0.11710242182016373,1.0469630342173974e-05,1.95,56800,,,,,,,,,
0.0858,0.020248787477612495,1.0452452933901333e-05,1.95,56850,,,,,,,,,
0.0649,5.677193641662598,1.0435275525628694e-05,1.96,56900,,,,,,,,,
0.0473,9.129714965820312,1.0418098117356053e-05,1.96,56950,,,,,,,,,
0.0617,1.2820409536361694,1.0400920709083414e-05,1.96,57000,,,,,,,,,
0.0585,11.8522367477417,1.0383743300810774e-05,1.96,57050,,,,,,,,,
0.0705,2.3326804637908936,1.0366565892538133e-05,1.96,57100,,,,,,,,,
0.0452,9.701973915100098,1.0349388484265495e-05,1.97,57150,,,,,,,,,
0.0518,0.27840203046798706,1.0332211075992854e-05,1.97,57200,,,,,,,,,
0.0668,0.4681183397769928,1.0315033667720215e-05,1.97,57250,,,,,,,,,
0.0783,4.55992317199707,1.0297856259447574e-05,1.97,57300,,,,,,,,,
0.0696,1.0281957387924194,1.0280678851174936e-05,1.97,57350,,,,,,,,,
0.063,2.9947450160980225,1.0263501442902295e-05,1.97,57400,,,,,,,,,
0.0759,6.858903408050537,1.0246324034629656e-05,1.98,57450,,,,,,,,,
0.0829,11.884002685546875,1.0229146626357016e-05,1.98,57500,,,,,,,,,
0.0618,4.550784111022949,1.0211969218084375e-05,1.98,57550,,,,,,,,,
0.0724,1.3571581840515137,1.0194791809811736e-05,1.98,57600,,,,,,,,,
0.0569,1.3502296209335327,1.0177614401539095e-05,1.98,57650,,,,,,,,,
0.0634,8.106846809387207,1.0160436993266457e-05,1.98,57700,,,,,,,,,
0.0544,1.0549157857894897,1.0143259584993816e-05,1.99,57750,,,,,,,,,
0.0581,7.356447696685791,1.0126082176721177e-05,1.99,57800,,,,,,,,,
0.0966,4.558572769165039,1.0108904768448537e-05,1.99,57850,,,,,,,,,
0.0703,6.314573764801025,1.0091727360175898e-05,1.99,57900,,,,,,,,,
0.0638,0.42601439356803894,1.0074549951903257e-05,1.99,57950,,,,,,,,,
0.0613,0.06836424767971039,1.0057372543630617e-05,1.99,58000,,,,,,,,,
0.0759,0.2571474611759186,1.0040195135357978e-05,2.0,58050,,,,,,,,,
0.0786,5.233969211578369,1.0023017727085337e-05,2.0,58100,,,,,,,,,
0.0649,7.157970905303955,1.0005840318812698e-05,2.0,58150,,,,,,,,,
0.0597,0.09706185758113861,9.988662910540058e-06,2.0,58200,,,,,,,,,
0.0373,0.149028480052948,9.971485502267419e-06,2.0,58250,,,,,,,,,
0.0299,1.6570550203323364,9.954308093994778e-06,2.0,58300,,,,,,,,,
0.0207,1.0400704145431519,9.937130685722138e-06,2.01,58350,,,,,,,,,
0.0264,1.6067960262298584,9.919953277449499e-06,2.01,58400,,,,,,,,,
0.0237,0.8635028600692749,9.90277586917686e-06,2.01,58450,,,,,,,,,
0.0457,1.319658875465393,9.885598460904218e-06,2.01,58500,,,,,,,,,
0.0383,4.045905113220215,9.868421052631579e-06,2.01,58550,,,,,,,,,
0.0373,0.8759701251983643,9.85124364435894e-06,2.01,58600,,,,,,,,,
0.0348,4.722750663757324,9.834066236086299e-06,2.02,58650,,,,,,,,,
0.0459,0.1691008061170578,9.81688882781366e-06,2.02,58700,,,,,,,,,
0.0274,0.8645157217979431,9.79971141954102e-06,2.02,58750,,,,,,,,,
0.0285,10.9168119430542,9.78253401126838e-06,2.02,58800,,,,,,,,,
0.0441,0.0039043747819960117,9.76535660299574e-06,2.02,58850,,,,,,,,,
0.0267,20.02865219116211,9.7481791947231e-06,2.03,58900,,,,,,,,,
0.0362,4.60187292098999,9.73100178645046e-06,2.03,58950,,,,,,,,,
0.047,6.0163445472717285,9.713824378177821e-06,2.03,59000,,,,,,,,,
0.0492,0.01734640635550022,9.69664696990518e-06,2.03,59050,,,,,,,,,
0.0508,0.49097710847854614,9.679469561632542e-06,2.03,59100,,,,,,,,,
0.0419,0.11666956543922424,9.662292153359901e-06,2.03,59150,,,,,,,,,
0.0286,0.013498866930603981,9.64511474508726e-06,2.04,59200,,,,,,,,,
0.0269,0.003577087540179491,9.627937336814621e-06,2.04,59250,,,,,,,,,
0.041,7.426776885986328,9.610759928541982e-06,2.04,59300,,,,,,,,,
0.0448,0.5452061295509338,9.593582520269342e-06,2.04,59350,,,,,,,,,
0.0287,0.9814403057098389,9.576405111996701e-06,2.04,59400,,,,,,,,,
0.0282,1.278315544128418,9.559227703724063e-06,2.04,59450,,,,,,,,,
0.0521,0.43816429376602173,9.542050295451422e-06,2.05,59500,,,,,,,,,
0.0205,0.18544965982437134,9.524872887178783e-06,2.05,59550,,,,,,,,,
0.035,0.19188205897808075,9.507695478906142e-06,2.05,59600,,,,,,,,,
0.0309,22.506603240966797,9.490518070633504e-06,2.05,59650,,,,,,,,,
0.0266,9.968433380126953,9.473340662360863e-06,2.05,59700,,,,,,,,,
0.021,25.10814094543457,9.456163254088222e-06,2.05,59750,,,,,,,,,
0.0421,0.06922786682844162,9.438985845815584e-06,2.06,59800,,,,,,,,,
0.0318,1.2487515211105347,9.421808437542943e-06,2.06,59850,,,,,,,,,
0.0228,0.02532833255827427,9.404631029270304e-06,2.06,59900,,,,,,,,,
0.0521,0.14866578578948975,9.387453620997663e-06,2.06,59950,,,,,,,,,
,,,2.06,59950,0.2169574797153473,295.016,395.968,24.751,,,,,
0.0471,1.6132622957229614,9.370276212725025e-06,2.06,60000,,,,,,,,,
0.032,0.12390958517789841,9.353098804452384e-06,2.06,60050,,,,,,,,,
0.0648,5.7700581550598145,9.335921396179745e-06,2.07,60100,,,,,,,,,
0.0281,1.198742151260376,9.318743987907105e-06,2.07,60150,,,,,,,,,
0.0531,4.241313457489014,9.301566579634466e-06,2.07,60200,,,,,,,,,
0.0428,13.775091171264648,9.284389171361825e-06,2.07,60250,,,,,,,,,
0.0272,0.0842687338590622,9.267211763089185e-06,2.07,60300,,,,,,,,,
0.0452,0.2275250107049942,9.250034354816546e-06,2.08,60350,,,,,,,,,
0.0254,0.006427283398807049,9.232856946543905e-06,2.08,60400,,,,,,,,,
0.0418,0.018655074760317802,9.215679538271265e-06,2.08,60450,,,,,,,,,
0.0455,5.961478233337402,9.198502129998626e-06,2.08,60500,,,,,,,,,
0.0435,18.627513885498047,9.181324721725987e-06,2.08,60550,,,,,,,,,
0.0318,0.12557578086853027,9.164147313453346e-06,2.08,60600,,,,,,,,,
0.0318,0.06644099950790405,9.146969905180706e-06,2.09,60650,,,,,,,,,
0.0294,0.034311648458242416,9.129792496908067e-06,2.09,60700,,,,,,,,,
0.0421,0.22347654402256012,9.112615088635427e-06,2.09,60750,,,,,,,,,
0.0451,1.3319891691207886,9.095437680362786e-06,2.09,60800,,,,,,,,,
0.043,6.551880836486816,9.078260272090149e-06,2.09,60850,,,,,,,,,
0.0563,1.600472331047058,9.061082863817508e-06,2.09,60900,,,,,,,,,
0.0341,0.11768956482410431,9.043905455544867e-06,2.1,60950,,,,,,,,,
0.0352,0.7708961963653564,9.026728047272227e-06,2.1,61000,,,,,,,,,
0.0416,1.5351618528366089,9.009550638999588e-06,2.1,61050,,,,,,,,,
0.0298,2.9588005542755127,8.992373230726948e-06,2.1,61100,,,,,,,,,
0.0365,3.208911180496216,8.975195822454307e-06,2.1,61150,,,,,,,,,
0.0424,0.2954420745372772,8.95801841418167e-06,2.1,61200,,,,,,,,,
0.0274,0.03562665730714798,8.940841005909029e-06,2.11,61250,,,,,,,,,
0.0484,3.4381563663482666,8.92366359763639e-06,2.11,61300,,,,,,,,,
0.0346,12.262736320495605,8.906486189363748e-06,2.11,61350,,,,,,,,,
0.0367,0.016374478116631508,8.88930878109111e-06,2.11,61400,,,,,,,,,
0.0394,1.523412823677063,8.87213137281847e-06,2.11,61450,,,,,,,,,
0.0146,2.0306460857391357,8.854953964545828e-06,2.11,61500,,,,,,,,,
0.0207,0.01944764330983162,8.83777655627319e-06,2.12,61550,,,,,,,,,
0.0259,0.038067035377025604,8.82059914800055e-06,2.12,61600,,,,,,,,,
0.0341,4.118669509887695,8.80342173972791e-06,2.12,61650,,,,,,,,,
0.0346,0.025728290900588036,8.786244331455269e-06,2.12,61700,,,,,,,,,
0.0358,2.8469767570495605,8.769066923182631e-06,2.12,61750,,,,,,,,,
0.0342,2.027742385864258,8.75188951490999e-06,2.12,61800,,,,,,,,,
0.0342,0.13104449212551117,8.734712106637351e-06,2.13,61850,,,,,,,,,
0.0609,0.20271825790405273,8.717534698364711e-06,2.13,61900,,,,,,,,,
0.0478,0.006615217309445143,8.700357290092072e-06,2.13,61950,,,,,,,,,
0.0373,0.14899283647537231,8.683179881819431e-06,2.13,62000,,,,,,,,,
0.0455,1.4969946146011353,8.66600247354679e-06,2.13,62050,,,,,,,,,
0.0389,2.152874708175659,8.648825065274152e-06,2.14,62100,,,,,,,,,
0.0334,4.9328436851501465,8.631647657001511e-06,2.14,62150,,,,,,,,,
0.034,1.3706761598587036,8.614470248728872e-06,2.14,62200,,,,,,,,,
0.0313,0.04097183793783188,8.597292840456232e-06,2.14,62250,,,,,,,,,
0.056,0.21810132265090942,8.580115432183593e-06,2.14,62300,,,,,,,,,
0.0335,0.012050462886691093,8.562938023910952e-06,2.14,62350,,,,,,,,,
0.0416,25.199989318847656,8.545760615638313e-06,2.15,62400,,,,,,,,,
0.0503,7.8976287841796875,8.528583207365673e-06,2.15,62450,,,,,,,,,
0.0218,0.3712690472602844,8.511405799093034e-06,2.15,62500,,,,,,,,,
0.0498,0.2831297814846039,8.494228390820393e-06,2.15,62550,,,,,,,,,
0.0692,0.004256582818925381,8.477050982547753e-06,2.15,62600,,,,,,,,,
0.0344,0.23938657343387604,8.459873574275114e-06,2.15,62650,,,,,,,,,
0.0522,0.06541352719068527,8.442696166002473e-06,2.16,62700,,,,,,,,,
0.0295,12.803638458251953,8.425518757729833e-06,2.16,62750,,,,,,,,,
0.0303,0.06174398213624954,8.408341349457194e-06,2.16,62800,,,,,,,,,
0.0443,0.13987058401107788,8.391163941184555e-06,2.16,62850,,,,,,,,,
0.044,7.897904396057129,8.373986532911914e-06,2.16,62900,,,,,,,,,
0.0441,4.631248474121094,8.356809124639276e-06,2.16,62950,,,,,,,,,
0.0219,13.35229206085205,8.339631716366635e-06,2.17,63000,,,,,,,,,
0.0251,4.210216522216797,8.322454308093995e-06,2.17,63050,,,,,,,,,
0.0455,1.4092988967895508,8.305276899821354e-06,2.17,63100,,,,,,,,,
0.0474,2.9057185649871826,8.288099491548715e-06,2.17,63150,,,,,,,,,
0.0192,0.029725586995482445,8.270922083276076e-06,2.17,63200,,,,,,,,,
0.0265,0.04399878904223442,8.253744675003435e-06,2.17,63250,,,,,,,,,
0.0414,8.665021896362305,8.236567266730797e-06,2.18,63300,,,,,,,,,
0.0497,3.681509494781494,8.219389858458156e-06,2.18,63350,,,,,,,,,
0.0426,0.0065493532456457615,8.202212450185516e-06,2.18,63400,,,,,,,,,
0.042,2.3446762561798096,8.185035041912875e-06,2.18,63450,,,,,,,,,
0.0229,0.462576299905777,8.167857633640238e-06,2.18,63500,,,,,,,,,
0.0319,0.007996045053005219,8.150680225367597e-06,2.18,63550,,,,,,,,,
0.0436,0.04567304626107216,8.133502817094957e-06,2.19,63600,,,,,,,,,
0.0394,0.09838483482599258,8.116325408822318e-06,2.19,63650,,,,,,,,,
0.0377,0.08881610631942749,8.099148000549677e-06,2.19,63700,,,,,,,,,
0.0267,0.00629141042008996,8.081970592277037e-06,2.19,63750,,,,,,,,,
0.0532,0.21037545800209045,8.064793184004396e-06,2.19,63800,,,,,,,,,
0.032,0.0002499396214261651,8.047615775731759e-06,2.2,63850,,,,,,,,,
0.0317,0.008411399088799953,8.030438367459117e-06,2.2,63900,,,,,,,,,
0.0281,4.997101783752441,8.013260959186478e-06,2.2,63950,,,,,,,,,
0.0392,10.92470645904541,7.996083550913839e-06,2.2,64000,,,,,,,,,
0.0428,8.472556114196777,7.9789061426412e-06,2.2,64050,,,,,,,,,
0.0255,0.005269079003483057,7.961728734368558e-06,2.2,64100,,,,,,,,,
0.0318,0.5440497398376465,7.944551326095919e-06,2.21,64150,,,,,,,,,
0.0416,0.4132109582424164,7.92737391782328e-06,2.21,64200,,,,,,,,,
0.0283,0.012644590809941292,7.910196509550638e-06,2.21,64250,,,,,,,,,
0.0519,9.785971641540527,7.893019101277999e-06,2.21,64300,,,,,,,,,
0.052,0.013273471035063267,7.87584169300536e-06,2.21,64350,,,,,,,,,
0.0312,4.864389896392822,7.85866428473272e-06,2.21,64400,,,,,,,,,
0.0423,0.28281834721565247,7.841486876460079e-06,2.22,64450,,,,,,,,,
0.0406,0.7646474838256836,7.82430946818744e-06,2.22,64500,,,,,,,,,
0.0167,0.04452216625213623,7.8071320599148e-06,2.22,64550,,,,,,,,,
0.037,0.0669550970196724,7.789954651642161e-06,2.22,64600,,,,,,,,,
0.0315,0.02739051915705204,7.77277724336952e-06,2.22,64650,,,,,,,,,
0.0283,0.3453821837902069,7.755599835096882e-06,2.22,64700,,,,,,,,,
0.0628,0.11969359964132309,7.738422426824241e-06,2.23,64750,,,,,,,,,
0.0422,0.19732177257537842,7.7212450185516e-06,2.23,64800,,,,,,,,,
0.028,0.07376987487077713,7.70406761027896e-06,2.23,64850,,,,,,,,,
0.031,1.1331102848052979,7.686890202006321e-06,2.23,64900,,,,,,,,,
0.0404,0.04842151701450348,7.669712793733682e-06,2.23,64950,,,,,,,,,
,,,2.23,64950,0.21265041828155518,295.0086,395.978,24.752,,,,,
0.0314,2.8515424728393555,7.65253538546104e-06,2.23,65000,,,,,,,,,
0.0282,2.4007110595703125,7.635357977188403e-06,2.24,65050,,,,,,,,,
0.0205,0.8190247416496277,7.618180568915762e-06,2.24,65100,,,,,,,,,
0.0315,2.9444847106933594,7.601003160643123e-06,2.24,65150,,,,,,,,,
0.0263,0.049448661506175995,7.583825752370482e-06,2.24,65200,,,,,,,,,
0.0471,0.029954353347420692,7.566648344097843e-06,2.24,65250,,,,,,,,,
0.0486,20.29815673828125,7.549470935825203e-06,2.25,65300,,,,,,,,,
0.0192,0.7118317484855652,7.5322935275525626e-06,2.25,65350,,,,,,,,,
0.0275,0.15887074172496796,7.515116119279923e-06,2.25,65400,,,,,,,,,
0.0318,0.10525058209896088,7.497938711007284e-06,2.25,65450,,,,,,,,,
0.0227,0.5240589380264282,7.4807613027346436e-06,2.25,65500,,,,,,,,,
0.0456,1.8728209733963013,7.463583894462004e-06,2.25,65550,,,,,,,,,
0.0306,0.9867869019508362,7.446406486189364e-06,2.26,65600,,,,,,,,,
0.0446,1.825980544090271,7.429229077916724e-06,2.26,65650,,,,,,,,,
0.0411,0.05023500323295593,7.412051669644084e-06,2.26,65700,,,,,,,,,
0.0596,0.4364316463470459,7.394874261371444e-06,2.26,65750,,,,,,,,,
0.0358,0.0003254515759181231,7.377696853098805e-06,2.26,65800,,,,,,,,,
0.0481,8.605110168457031,7.3605194448261645e-06,2.26,65850,,,,,,,,,
0.0304,0.0436624251306057,7.343342036553525e-06,2.27,65900,,,,,,,,,
0.0374,3.152920961380005,7.326164628280885e-06,2.27,65950,,,,,,,,,
0.0327,0.04506797343492508,7.3089872200082455e-06,2.27,66000,,,,,,,,,
0.034,18.61495590209961,7.291809811735606e-06,2.27,66050,,,,,,,,,
0.0234,4.84331750869751,7.274632403462966e-06,2.27,66100,,,,,,,,,
0.032,20.86676025390625,7.257454995190326e-06,2.27,66150,,,,,,,,,
0.042,0.4715818464756012,7.240277586917685e-06,2.28,66200,,,,,,,,,
0.0465,0.36528322100639343,7.223100178645046e-06,2.28,66250,,,,,,,,,
0.0402,0.035861071199178696,7.205922770372406e-06,2.28,66300,,,,,,,,,
0.0492,15.826216697692871,7.188745362099766e-06,2.28,66350,,,,,,,,,
0.043,0.9010987877845764,7.171567953827127e-06,2.28,66400,,,,,,,,,
0.0292,15.36787223815918,7.154390545554487e-06,2.28,66450,,,,,,,,,
0.0288,1.9154568910598755,7.137213137281847e-06,2.29,66500,,,,,,,,,
0.015,5.650129318237305,7.120035729009207e-06,2.29,66550,,,,,,,,,
0.0378,5.437081813812256,7.102858320736568e-06,2.29,66600,,,,,,,,,
0.0571,16.102903366088867,7.0856809124639276e-06,2.29,66650,,,,,,,,,
0.0424,0.012590575031936169,7.068503504191288e-06,2.29,66700,,,,,,,,,
0.0413,0.019182883203029633,7.051326095918648e-06,2.29,66750,,,,,,,,,
0.0562,56.47294235229492,7.034148687646008e-06,2.3,66800,,,,,,,,,
0.0243,0.038486357778310776,7.016971279373368e-06,2.3,66850,,,,,,,,,
0.0269,0.3734898865222931,6.999793871100728e-06,2.3,66900,,,,,,,,,
0.0369,0.050242047756910324,6.982616462828089e-06,2.3,66950,,,,,,,,,
0.0554,0.10790861397981644,6.9654390545554485e-06,2.3,67000,,,,,,,,,
0.0294,0.07988405972719193,6.948261646282809e-06,2.31,67050,,,,,,,,,
0.0324,0.0035475308541208506,6.93108423801017e-06,2.31,67100,,,,,,,,,
0.0416,0.09967610239982605,6.9139068297375295e-06,2.31,67150,,,,,,,,,
0.039,0.09527584165334702,6.89672942146489e-06,2.31,67200,,,,,,,,,
0.0503,8.700662612915039,6.87955201319225e-06,2.31,67250,,,,,,,,,
0.0353,0.19046679139137268,6.86237460491961e-06,2.31,67300,,,,,,,,,
0.0444,6.110616683959961,6.845197196646969e-06,2.32,67350,,,,,,,,,
0.0343,0.08342008292675018,6.82801978837433e-06,2.32,67400,,,,,,,,,
0.0199,34.694053649902344,6.810842380101691e-06,2.32,67450,,,,,,,,,
0.0401,1.3305858373641968,6.79366497182905e-06,2.32,67500,,,,,,,,,
0.0471,0.5027520060539246,6.776487563556411e-06,2.32,67550,,,,,,,,,
0.052,1.871311902999878,6.759310155283771e-06,2.32,67600,,,,,,,,,
0.0306,0.003377194283530116,6.742132747011131e-06,2.33,67650,,,,,,,,,
0.0425,5.350088596343994,6.724955338738491e-06,2.33,67700,,,,,,,,,
0.0303,0.1149207055568695,6.707777930465852e-06,2.33,67750,,,,,,,,,
0.0449,9.601746559143066,6.690600522193212e-06,2.33,67800,,,,,,,,,
0.0317,5.308049201965332,6.673423113920571e-06,2.33,67850,,,,,,,,,
0.0144,0.36063331365585327,6.656245705647932e-06,2.33,67900,,,,,,,,,
0.0409,3.383176565170288,6.639068297375292e-06,2.34,67950,,,,,,,,,
0.022,4.636360168457031,6.621890889102652e-06,2.34,68000,,,,,,,,,
0.0379,0.0026656955014914274,6.604713480830012e-06,2.34,68050,,,,,,,,,
0.0398,0.020942319184541702,6.587536072557373e-06,2.34,68100,,,,,,,,,
0.0762,6.5888800621032715,6.570358664284733e-06,2.34,68150,,,,,,,,,
0.0232,0.013754858635365963,6.553181256012093e-06,2.34,68200,,,,,,,,,
0.0255,0.15406441688537598,6.536003847739454e-06,2.35,68250,,,,,,,,,
0.0235,16.06255340576172,6.5188264394668135e-06,2.35,68300,,,,,,,,,
0.0436,11.312830924987793,6.501649031194174e-06,2.35,68350,,,,,,,,,
0.0343,0.182794451713562,6.484471622921533e-06,2.35,68400,,,,,,,,,
0.0254,0.017034534364938736,6.467294214648894e-06,2.35,68450,,,,,,,,,
0.0305,0.03291543945670128,6.450116806376254e-06,2.36,68500,,,,,,,,,
0.0324,0.1829392910003662,6.432939398103614e-06,2.36,68550,,,,,,,,,
0.0292,0.17673183977603912,6.415761989830975e-06,2.36,68600,,,,,,,,,
0.015,0.04703912138938904,6.398584581558334e-06,2.36,68650,,,,,,,,,
0.0306,0.024938063696026802,6.381407173285695e-06,2.36,68700,,,,,,,,,
0.0425,0.017347535118460655,6.364229765013055e-06,2.36,68750,,,,,,,,,
0.0321,19.82566261291504,6.347052356740415e-06,2.37,68800,,,,,,,,,
0.0453,11.96338176727295,6.329874948467776e-06,2.37,68850,,,,,,,,,
0.0384,16.00946617126465,6.312697540195136e-06,2.37,68900,,,,,,,,,
0.0437,0.09330049902200699,6.2955201319224955e-06,2.37,68950,,,,,,,,,
0.0331,5.811151027679443,6.278342723649855e-06,2.37,69000,,,,,,,,,
0.0201,0.015517503954470158,6.261165315377216e-06,2.37,69050,,,,,,,,,
0.0303,0.0028825595509260893,6.243987907104576e-06,2.38,69100,,,,,,,,,
0.0284,13.271329879760742,6.226810498831936e-06,2.38,69150,,,,,,,,,
0.0411,0.09137385338544846,6.209633090559297e-06,2.38,69200,,,,,,,,,
0.0223,0.6460661292076111,6.192455682286657e-06,2.38,69250,,,,,,,,,
0.045,0.1050388440489769,6.175278274014017e-06,2.38,69300,,,,,,,,,
0.0465,0.24068182706832886,6.158100865741377e-06,2.38,69350,,,,,,,,,
0.0348,3.2475695610046387,6.140923457468738e-06,2.39,69400,,,,,,,,,
0.0281,0.36938154697418213,6.1237460491960974e-06,2.39,69450,,,,,,,,,
0.0309,11.456560134887695,6.106568640923457e-06,2.39,69500,,,,,,,,,
0.042,0.7102605700492859,6.089391232650818e-06,2.39,69550,,,,,,,,,
0.0347,14.01403522491455,6.072213824378178e-06,2.39,69600,,,,,,,,,
0.0209,3.1659393310546875,6.055036416105538e-06,2.39,69650,,,,,,,,,
0.0476,0.008034815080463886,6.037859007832898e-06,2.4,69700,,,,,,,,,
0.0312,0.11940977722406387,6.020681599560259e-06,2.4,69750,,,,,,,,,
0.0417,0.19563385844230652,6.003504191287618e-06,2.4,69800,,,,,,,,,
0.0298,0.8771701455116272,5.986326783014979e-06,2.4,69850,,,,,,,,,
0.0394,0.014109342359006405,5.96914937474234e-06,2.4,69900,,,,,,,,,
0.0418,1.4278430938720703,5.951971966469699e-06,2.4,69950,,,,,,,,,
,,,2.4,69950,0.21363048255443573,295.0524,395.919,24.748,,,,,
0.018,6.698698043823242,5.93479455819706e-06,2.41,70000,,,,,,,,,
0.0447,7.387181282043457,5.917617149924419e-06,2.41,70050,,,,,,,,,
0.047,5.08353853225708,5.9004397416517795e-06,2.41,70100,,,,,,,,,
0.0217,0.2369498461484909,5.883262333379139e-06,2.41,70150,,,,,,,,,
0.0305,6.62208366394043,5.8660849251065e-06,2.41,70200,,,,,,,,,
0.0315,3.615670680999756,5.8489075168338605e-06,2.42,70250,,,,,,,,,
0.0359,0.014215614646673203,5.83173010856122e-06,2.42,70300,,,,,,,,,
0.0409,7.897330284118652,5.814552700288581e-06,2.42,70350,,,,,,,,,
0.0385,2.238400936126709,5.797375292015941e-06,2.42,70400,,,,,,,,,
0.0306,13.353130340576172,5.780197883743301e-06,2.42,70450,,,,,,,,,
0.0615,0.40275779366493225,5.763020475470661e-06,2.42,70500,,,,,,,,,
0.0405,0.5237082839012146,5.745843067198022e-06,2.43,70550,,,,,,,,,
0.0304,0.05017857998609543,5.728665658925381e-06,2.43,70600,,,,,,,,,
0.0269,0.7391638159751892,5.711488250652741e-06,2.43,70650,,,,,,,,,
0.0202,0.7091383934020996,5.694310842380102e-06,2.43,70700,,,,,,,,,
0.0354,3.7908971309661865,5.6771334341074616e-06,2.43,70750,,,,,,,,,
0.033,7.698574066162109,5.659956025834822e-06,2.43,70800,,,,,,,,,
0.0342,0.06332049518823624,5.642778617562182e-06,2.44,70850,,,,,,,,,
0.0345,0.02365145832300186,5.6256012092895426e-06,2.44,70900,,,,,,,,,
0.0372,0.0052172597497701645,5.608423801016903e-06,2.44,70950,,,,,,,,,
0.0283,0.10469713062047958,5.591246392744263e-06,2.44,71000,,,,,,,,,
0.0395,0.008356619626283646,5.5740689844716236e-06,2.44,71050,,,,,,,,,
0.0373,22.811969757080078,5.556891576198983e-06,2.44,71100,,,,,,,,,
0.0374,0.024518150836229324,5.539714167926343e-06,2.45,71150,,,,,,,,,
0.0267,0.12205099314451218,5.522536759653703e-06,2.45,71200,,,,,,,,,
0.035,1.3045676946640015,5.5053593513810635e-06,2.45,71250,,,,,,,,,
0.0512,0.36581113934516907,5.488181943108424e-06,2.45,71300,,,,,,,,,
0.0163,0.014209301210939884,5.471004534835784e-06,2.45,71350,,,,,,,,,
0.0407,0.972949206829071,5.4538271265631445e-06,2.45,71400,,,,,,,,,
0.0428,7.449080467224121,5.436649718290504e-06,2.46,71450,,,,,,,,,
0.0378,0.12168580293655396,5.419472310017865e-06,2.46,71500,,,,,,,,,
0.0475,5.346053600311279,5.402294901745225e-06,2.46,71550,,,,,,,,,
0.0168,0.0011346237733960152,5.385117493472585e-06,2.46,71600,,,,,,,,,
0.0321,3.643660068511963,5.367940085199946e-06,2.46,71650,,,,,,,,,
0.0337,18.9246826171875,5.350762676927306e-06,2.46,71700,,,,,,,,,
0.0438,9.56273078918457,5.333585268654665e-06,2.47,71750,,,,,,,,,
0.035,0.2500256597995758,5.316407860382025e-06,2.47,71800,,,,,,,,,
0.0269,12.098917007446289,5.299230452109386e-06,2.47,71850,,,,,,,,,
0.0213,11.496841430664062,5.2820530438367455e-06,2.47,71900,,,,,,,,,
0.0176,0.015979256480932236,5.264875635564106e-06,2.47,71950,,,,,,,,,
0.0214,5.617304801940918,5.247698227291467e-06,2.48,72000,,,,,,,,,
0.0303,0.07301028072834015,5.2305208190188265e-06,2.48,72050,,,,,,,,,
0.0273,1.681950569152832,5.213343410746187e-06,2.48,72100,,,,,,,,,
0.041,0.02762470580637455,5.196166002473547e-06,2.48,72150,,,,,,,,,
0.0271,0.015809696167707443,5.1789885942009075e-06,2.48,72200,,,,,,,,,
0.0553,2.6988582611083984,5.161811185928267e-06,2.48,72250,,,,,,,,,
0.0319,2.926278829574585,5.144633777655627e-06,2.49,72300,,,,,,,,,
0.0341,0.02495010755956173,5.127456369382988e-06,2.49,72350,,,,,,,,,
0.0562,0.04835611954331398,5.1102789611103475e-06,2.49,72400,,,,,,,,,
0.0356,6.632587909698486,5.093101552837708e-06,2.49,72450,,,,,,,,,
0.0433,0.023052338510751724,5.075924144565068e-06,2.49,72500,,,,,,,,,
0.0483,0.041466742753982544,5.0587467362924285e-06,2.49,72550,,,,,,,,,
0.0341,8.070913314819336,5.041569328019788e-06,2.5,72600,,,,,,,,,
0.0253,0.042997777462005615,5.024391919747149e-06,2.5,72650,,,,,,,,,
0.0444,4.713998794555664,5.0072145114745095e-06,2.5,72700,,,,,,,,,
0.0311,0.06050552800297737,4.990037103201869e-06,2.5,72750,,,,,,,,,
0.0342,0.059895385056734085,4.97285969492923e-06,2.5,72800,,,,,,,,,
0.0357,10.130269050598145,4.955682286656589e-06,2.5,72850,,,,,,,,,
0.035,1.3984829187393188,4.938504878383949e-06,2.51,72900,,,,,,,,,
0.0428,0.14617270231246948,4.921327470111309e-06,2.51,72950,,,,,,,,,
0.0277,7.1712565422058105,4.90415006183867e-06,2.51,73000,,,,,,,,,
0.0331,0.844543993473053,4.88697265356603e-06,2.51,73050,,,,,,,,,
0.0536,21.11212158203125,4.86979524529339e-06,2.51,73100,,,,,,,,,
0.0409,0.11865569651126862,4.852617837020751e-06,2.51,73150,,,,,,,,,
0.0278,0.12048365920782089,4.8354404287481105e-06,2.52,73200,,,,,,,,,
0.0451,5.5346784591674805,4.818263020475471e-06,2.52,73250,,,,,,,,,
0.038,0.05124298855662346,4.801085612202831e-06,2.52,73300,,,,,,,,,
0.0369,0.01649952307343483,4.7839082039301915e-06,2.52,73350,,,,,,,,,
0.0255,5.070094108581543,4.766730795657551e-06,2.52,73400,,,,,,,,,
0.022,0.05845237523317337,4.749553387384911e-06,2.53,73450,,,,,,,,,
0.0453,0.7118343710899353,4.732375979112272e-06,2.53,73500,,,,,,,,,
0.0335,3.7944092750549316,4.7151985708396314e-06,2.53,73550,,,,,,,,,
0.0484,2.960770845413208,4.698021162566992e-06,2.53,73600,,,,,,,,,
0.0496,24.03525161743164,4.680843754294352e-06,2.53,73650,,,,,,,,,
0.0263,0.04837588220834732,4.6636663460217124e-06,2.53,73700,,,,,,,,,
0.0361,5.806957244873047,4.646488937749073e-06,2.54,73750,,,,,,,,,
0.0319,0.07321391999721527,4.629311529476433e-06,2.54,73800,,,,,,,,,
0.0275,13.000226974487305,4.6121341212037934e-06,2.54,73850,,,,,,,,,
0.0552,80.88996887207031,4.594956712931153e-06,2.54,73900,,,,,,,,,
0.0305,0.007051097694784403,4.577779304658513e-06,2.54,73950,,,,,,,,,
0.029,0.006579101551324129,4.560601896385873e-06,2.54,74000,,,,,,,,,
0.0521,0.020585788413882256,4.543424488113233e-06,2.55,74050,,,,,,,,,
0.0269,0.13108694553375244,4.526247079840594e-06,2.55,74100,,,,,,,,,
0.0375,14.971970558166504,4.509069671567954e-06,2.55,74150,,,,,,,,,
0.0387,0.03977924585342407,4.491892263295314e-06,2.55,74200,,,,,,,,,
0.035,0.1410931646823883,4.474714855022674e-06,2.55,74250,,,,,,,,,
0.0229,2.801258087158203,4.457537446750035e-06,2.55,74300,,,,,,,,,
0.0293,0.03397464007139206,4.4403600384773945e-06,2.56,74350,,,,,,,,,
0.025,2.5939102172851562,4.423182630204755e-06,2.56,74400,,,,,,,,,
0.0194,0.007336609065532684,4.406005221932116e-06,2.56,74450,,,,,,,,,
0.0399,0.19821594655513763,4.388827813659475e-06,2.56,74500,,,,,,,,,
0.0312,0.03487106040120125,4.371650405386835e-06,2.56,74550,,,,,,,,,
0.037,0.11146557331085205,4.354472997114195e-06,2.56,74600,,,,,,,,,
0.0524,1.4505523443222046,4.337295588841556e-06,2.57,74650,,,,,,,,,
0.0252,0.05103297904133797,4.3201181805689154e-06,2.57,74700,,,,,,,,,
0.0301,0.8423531651496887,4.302940772296276e-06,2.57,74750,,,,,,,,,
0.0313,7.706713676452637,4.285763364023637e-06,2.57,74800,,,,,,,,,
0.0417,0.032888997346162796,4.2685859557509964e-06,2.57,74850,,,,,,,,,
0.0489,8.44623851776123,4.251408547478357e-06,2.57,74900,,,,,,,,,
0.0238,0.015771247446537018,4.234231139205717e-06,2.58,74950,,,,,,,,,
,,,2.58,74950,0.20957732200622559,295.0558,395.915,24.748,,,,,
0.0406,0.19316259026527405,4.217053730933077e-06,2.58,75000,,,,,,,,,
0.021,0.2354525327682495,4.199876322660436e-06,2.58,75050,,,,,,,,,
0.0335,0.030050238594412804,4.182698914387797e-06,2.58,75100,,,,,,,,,
0.0187,1.8976187705993652,4.1655215061151576e-06,2.58,75150,,,,,,,,,
0.028,35.05484390258789,4.148344097842517e-06,2.59,75200,,,,,,,,,
0.0386,0.15566042065620422,4.131166689569878e-06,2.59,75250,,,,,,,,,
0.0341,0.7225274443626404,4.113989281297238e-06,2.59,75300,,,,,,,,,
0.0355,0.06663058698177338,4.096811873024598e-06,2.59,75350,,,,,,,,,
0.015,1.6490304470062256,4.079634464751958e-06,2.59,75400,,,,,,,,,
0.0281,3.5194671154022217,4.062457056479319e-06,2.59,75450,,,,,,,,,
0.0243,0.24874763190746307,4.045279648206679e-06,2.6,75500,,,,,,,,,
0.0318,0.00998782180249691,4.028102239934039e-06,2.6,75550,,,,,,,,,
0.0299,4.987570762634277,4.010924831661399e-06,2.6,75600,,,,,,,,,
0.023,4.920700550079346,3.993747423388759e-06,2.6,75650,,,,,,,,,
0.0265,6.529713153839111,3.976570015116119e-06,2.6,75700,,,,,,,,,
0.0506,9.796313285827637,3.959392606843479e-06,2.6,75750,,,,,,,,,
0.0331,0.1089179739356041,3.94221519857084e-06,2.61,75800,,,,,,,,,
0.0456,1.207026481628418,3.9250377902982e-06,2.61,75850,,,,,,,,,
0.0249,0.11623673141002655,3.90786038202556e-06,2.61,75900,,,,,,,,,
0.0237,0.051990289241075516,3.890682973752921e-06,2.61,75950,,,,,,,,,
0.0254,0.1624356508255005,3.87350556548028e-06,2.61,76000,,,,,,,,,
0.0217,0.010962680913507938,3.856328157207641e-06,2.61,76050,,,,,,,,,
0.0329,0.19206607341766357,3.839150748935001e-06,2.62,76100,,,,,,,,,
0.0356,0.09194567799568176,3.821973340662361e-06,2.62,76150,,,,,,,,,
0.0361,0.5274780988693237,3.8047959323897207e-06,2.62,76200,,,,,,,,,
0.0215,0.03181545436382294,3.787618524117081e-06,2.62,76250,,,,,,,,,
0.0233,0.5871755480766296,3.770441115844441e-06,2.62,76300,,,,,,,,,
0.0295,0.11220597475767136,3.7532637075718017e-06,2.62,76350,,,,,,,,,
0.0358,0.06306754797697067,3.736086299299162e-06,2.63,76400,,,,,,,,,
0.0284,3.662973642349243,3.718908891026522e-06,2.63,76450,,,,,,,,,
0.0342,0.005002831108868122,3.7017314827538823e-06,2.63,76500,,,,,,,,,
0.0405,0.43543291091918945,3.6845540744812425e-06,2.63,76550,,,,,,,,,
0.0271,0.00567012932151556,3.6673766662086023e-06,2.63,76600,,,,,,,,,
0.0202,0.5027635097503662,3.6501992579359625e-06,2.64,76650,,,,,,,,,
0.0419,0.5856707692146301,3.6330218496633227e-06,2.64,76700,,,,,,,,,
0.0642,0.12645232677459717,3.6158444413906833e-06,2.64,76750,,,,,,,,,
0.0234,0.17890650033950806,3.5986670331180435e-06,2.64,76800,,,,,,,,,
0.0298,5.92703104019165,3.5814896248454032e-06,2.64,76850,,,,,,,,,
0.0308,3.824859380722046,3.5643122165727634e-06,2.64,76900,,,,,,,,,
0.0337,1.8167458772659302,3.5471348083001236e-06,2.65,76950,,,,,,,,,
0.0337,31.01071548461914,3.529957400027484e-06,2.65,77000,,,,,,,,,
0.0217,0.6098924279212952,3.512779991754844e-06,2.65,77050,,,,,,,,,
0.0376,1.3475043773651123,3.4956025834822046e-06,2.65,77100,,,,,,,,,
0.047,0.02378849871456623,3.4784251752095644e-06,2.65,77150,,,,,,,,,
0.0148,9.570273399353027,3.4612477669369246e-06,2.65,77200,,,,,,,,,
0.0414,7.014752388000488,3.4440703586642848e-06,2.66,77250,,,,,,,,,
0.0411,16.22011947631836,3.426892950391645e-06,2.66,77300,,,,,,,,,
0.0257,0.3459461033344269,3.409715542119005e-06,2.66,77350,,,,,,,,,
0.04,0.03807981312274933,3.3925381338463653e-06,2.66,77400,,,,,,,,,
0.0365,0.053674571216106415,3.3753607255737255e-06,2.66,77450,,,,,,,,,
0.0487,0.6348357200622559,3.3581833173010857e-06,2.66,77500,,,,,,,,,
0.0309,0.01708192750811577,3.341005909028446e-06,2.67,77550,,,,,,,,,
0.0313,0.030148696154356003,3.323828500755806e-06,2.67,77600,,,,,,,,,
0.024,6.938313961029053,3.3066510924831663e-06,2.67,77650,,,,,,,,,
0.0445,7.597163200378418,3.289473684210526e-06,2.67,77700,,,,,,,,,
0.0348,0.02372857928276062,3.2722962759378863e-06,2.67,77750,,,,,,,,,
0.0415,1.014453411102295,3.255118867665247e-06,2.67,77800,,,,,,,,,
0.0376,5.299994945526123,3.237941459392607e-06,2.68,77850,,,,,,,,,
0.0347,9.625659942626953,3.2207640511199673e-06,2.68,77900,,,,,,,,,
0.0274,0.04853015020489693,3.2035866428473275e-06,2.68,77950,,,,,,,,,
0.0312,0.0053973509930074215,3.1864092345746872e-06,2.68,78000,,,,,,,,,
0.045,0.07079891860485077,3.1692318263020474e-06,2.68,78050,,,,,,,,,
0.0297,0.16377641260623932,3.1520544180294076e-06,2.68,78100,,,,,,,,,
0.0151,0.0017345236847177148,3.1348770097567682e-06,2.69,78150,,,,,,,,,
0.0288,0.01910688541829586,3.1176996014841284e-06,2.69,78200,,,,,,,,,
0.0207,0.11660181730985641,3.100522193211488e-06,2.69,78250,,,,,,,,,
0.0395,0.09825394302606583,3.0833447849388484e-06,2.69,78300,,,,,,,,,
0.0358,3.1649439334869385,3.0661673766662086e-06,2.69,78350,,,,,,,,,
0.0176,0.0013385560596361756,3.0489899683935688e-06,2.7,78400,,,,,,,,,
0.0227,0.5160348415374756,3.031812560120929e-06,2.7,78450,,,,,,,,,
0.021,3.0207719802856445,3.0146351518482896e-06,2.7,78500,,,,,,,,,
0.0251,0.00846151728183031,2.9974577435756493e-06,2.7,78550,,,,,,,,,
0.0371,0.3103567957878113,2.9802803353030095e-06,2.7,78600,,,,,,,,,
0.0324,0.11826247721910477,2.9631029270303697e-06,2.7,78650,,,,,,,,,
0.0416,0.025263769552111626,2.94592551875773e-06,2.71,78700,,,,,,,,,
0.0304,0.005436480510979891,2.92874811048509e-06,2.71,78750,,,,,,,,,
0.0323,0.043688662350177765,2.91157070221245e-06,2.71,78800,,,,,,,,,
0.0257,0.13932572305202484,2.8943932939398105e-06,2.71,78850,,,,,,,,,
0.0171,0.00943240337073803,2.8772158856671707e-06,2.71,78900,,,,,,,,,
0.0336,2.3431236743927,2.860038477394531e-06,2.71,78950,,,,,,,,,
0.0214,0.019690703600645065,2.842861069121891e-06,2.72,79000,,,,,,,,,
0.0494,0.009384619072079659,2.8256836608492512e-06,2.72,79050,,,,,,,,,
0.0461,0.02790711261332035,2.808506252576611e-06,2.72,79100,,,,,,,,,
0.0337,8.620824813842773,2.791328844303971e-06,2.72,79150,,,,,,,,,
0.0306,0.19719785451889038,2.774151436031332e-06,2.72,79200,,,,,,,,,
0.0371,0.05761739984154701,2.756974027758692e-06,2.72,79250,,,,,,,,,
0.022,0.38086703419685364,2.739796619486052e-06,2.73,79300,,,,,,,,,
0.0309,0.03686973452568054,2.7226192112134124e-06,2.73,79350,,,,,,,,,
0.05,7.142606258392334,2.705441802940772e-06,2.73,79400,,,,,,,,,
0.0209,0.08953431248664856,2.6882643946681324e-06,2.73,79450,,,,,,,,,
0.0265,2.181344985961914,2.6710869863954925e-06,2.73,79500,,,,,,,,,
0.0373,0.006060391664505005,2.653909578122853e-06,2.73,79550,,,,,,,,,
0.0354,0.16350698471069336,2.6367321698502134e-06,2.74,79600,,,,,,,,,
0.0426,4.009249687194824,2.619554761577573e-06,2.74,79650,,,,,,,,,
0.0375,0.1567605435848236,2.6023773533049333e-06,2.74,79700,,,,,,,,,
0.024,0.1683979034423828,2.5851999450322935e-06,2.74,79750,,,,,,,,,
0.0277,8.143950462341309,2.5680225367596537e-06,2.74,79800,,,,,,,,,
0.0292,0.5085639953613281,2.550845128487014e-06,2.74,79850,,,,,,,,,
0.0214,0.35146480798721313,2.5336677202143745e-06,2.75,79900,,,,,,,,,
0.0334,0.027216654270887375,2.5164903119417343e-06,2.75,79950,,,,,,,,,
,,,2.75,79950,0.22516536712646484,295.1526,395.785,24.74,,,,,
0.0293,0.06903515011072159,2.4993129036690945e-06,2.75,80000,,,,,,,,,
0.0238,0.019414402544498444,2.4821354953964547e-06,2.75,80050,,,,,,,,,
0.0536,0.11270441859960556,2.464958087123815e-06,2.75,80100,,,,,,,,,
0.0255,0.6765317916870117,2.447780678851175e-06,2.76,80150,,,,,,,,,
0.0295,0.18329524993896484,2.430603270578535e-06,2.76,80200,,,,,,,,,
0.0239,0.030648622661828995,2.4134258623058954e-06,2.76,80250,,,,,,,,,
0.016,16.295164108276367,2.3962484540332556e-06,2.76,80300,,,,,,,,,
0.0375,6.497268199920654,2.379071045760616e-06,2.76,80350,,,,,,,,,
0.0437,0.01000386755913496,2.361893637487976e-06,2.76,80400,,,,,,,,,
0.0291,3.7635202407836914,2.344716229215336e-06,2.77,80450,,,,,,,,,
0.0361,0.20981477200984955,2.327538820942696e-06,2.77,80500,,,,,,,,,
0.0259,8.259147644042969,2.310361412670056e-06,2.77,80550,,,,,,,,,
0.0248,1.5521914958953857,2.2931840043974168e-06,2.77,80600,,,,,,,,,
0.0203,4.773458480834961,2.276006596124777e-06,2.77,80650,,,,,,,,,
0.0318,0.0300602987408638,2.258829187852137e-06,2.77,80700,,,,,,,,,
0.0258,0.005274867173284292,2.241651779579497e-06,2.78,80750,,,,,,,,,
0.0319,3.480907678604126,2.224474371306857e-06,2.78,80800,,,,,,,,,
0.0275,0.02727612666785717,2.2072969630342173e-06,2.78,80850,,,,,,,,,
0.0324,0.07957914471626282,2.1901195547615775e-06,2.78,80900,,,,,,,,,
0.0533,0.7944340705871582,2.172942146488938e-06,2.78,80950,,,,,,,,,
0.0269,0.008228822611272335,2.1557647382162983e-06,2.78,81000,,,,,,,,,
0.0325,0.34772229194641113,2.138587329943658e-06,2.79,81050,,,,,,,,,
0.0174,0.04236839711666107,2.1214099216710183e-06,2.79,81100,,,,,,,,,
0.0259,0.04632340744137764,2.1042325133983784e-06,2.79,81150,,,,,,,,,
0.0358,4.663270473480225,2.0870551051257386e-06,2.79,81200,,,,,,,,,
0.0385,1.3900084495544434,2.069877696853099e-06,2.79,81250,,,,,,,,,
0.028,14.189593315124512,2.052700288580459e-06,2.79,81300,,,,,,,,,
0.0336,0.017794137820601463,2.035522880307819e-06,2.8,81350,,,,,,,,,
0.0359,1.8608945608139038,2.0183454720351794e-06,2.8,81400,,,,,,,,,
0.0389,10.014974594116211,2.0011680637625396e-06,2.8,81450,,,,,,,,,
0.0344,33.39483642578125,1.9839906554898998e-06,2.8,81500,,,,,,,,,
0.0251,0.0061323149129748344,1.96681324721726e-06,2.8,81550,,,,,,,,,
0.0292,1.349317193031311,1.9496358389446197e-06,2.81,81600,,,,,,,,,
0.0503,0.05697978287935257,1.9324584306719804e-06,2.81,81650,,,,,,,,,
0.0211,0.05997550114989281,1.9152810223993405e-06,2.81,81700,,,,,,,,,
0.0289,4.293767929077148,1.8981036141267007e-06,2.81,81750,,,,,,,,,
0.0385,3.134981155395508,1.880926205854061e-06,2.81,81800,,,,,,,,,
0.0282,0.07362781465053558,1.863748797581421e-06,2.81,81850,,,,,,,,,
0.0303,7.627214431762695,1.846571389308781e-06,2.82,81900,,,,,,,,,
0.0435,0.0074756755493581295,1.8293939810361413e-06,2.82,81950,,,,,,,,,
0.0231,0.034358806908130646,1.8122165727635015e-06,2.82,82000,,,,,,,,,
0.0377,7.921077728271484,1.7950391644908617e-06,2.82,82050,,,,,,,,,
0.0346,1.6881020069122314,1.7778617562182219e-06,2.82,82100,,,,,,,,,
0.0328,0.1796213984489441,1.760684347945582e-06,2.82,82150,,,,,,,,,
0.0391,0.17585863173007965,1.7435069396729423e-06,2.83,82200,,,,,,,,,
0.026,0.9422773122787476,1.7263295314003022e-06,2.83,82250,,,,,,,,,
0.0431,0.0497402548789978,1.7091521231276626e-06,2.83,82300,,,,,,,,,
0.0209,9.61971378326416,1.6919747148550226e-06,2.83,82350,,,,,,,,,
0.0333,0.0054237511940300465,1.6747973065823828e-06,2.83,82400,,,,,,,,,
0.0306,8.211050033569336,1.6576198983097432e-06,2.83,82450,,,,,,,,,
0.0317,5.670406818389893,1.6404424900371032e-06,2.84,82500,,,,,,,,,
0.024,0.0787258893251419,1.6232650817644634e-06,2.84,82550,,,,,,,,,
0.0334,0.029088662937283516,1.6060876734918236e-06,2.84,82600,,,,,,,,,
0.0315,1.1709887981414795,1.5889102652191838e-06,2.84,82650,,,,,,,,,
0.0315,5.605759143829346,1.571732856946544e-06,2.84,82700,,,,,,,,,
0.0286,8.121564865112305,1.5545554486739041e-06,2.84,82750,,,,,,,,,
0.0426,0.7071074843406677,1.5373780404012643e-06,2.85,82800,,,,,,,,,
0.0246,8.984414100646973,1.5202006321286245e-06,2.85,82850,,,,,,,,,
0.0375,3.11605167388916,1.5030232238559845e-06,2.85,82900,,,,,,,,,
0.036,6.9835076332092285,1.4858458155833447e-06,2.85,82950,,,,,,,,,
0.0259,0.07616555690765381,1.468668407310705e-06,2.85,83000,,,,,,,,,
0.0264,0.7910753488540649,1.451490999038065e-06,2.85,83050,,,,,,,,,
0.0314,0.22194205224514008,1.4343135907654253e-06,2.86,83100,,,,,,,,,
0.0316,0.005640645977109671,1.4171361824927857e-06,2.86,83150,,,,,,,,,
0.0284,4.348156929016113,1.3999587742201457e-06,2.86,83200,,,,,,,,,
0.0128,0.13063515722751617,1.3827813659475059e-06,2.86,83250,,,,,,,,,
0.0215,1.081557035446167,1.365603957674866e-06,2.86,83300,,,,,,,,,
0.0451,16.080839157104492,1.3484265494022262e-06,2.87,83350,,,,,,,,,
0.0287,4.2794189453125,1.3312491411295864e-06,2.87,83400,,,,,,,,,
0.0337,0.004648479167371988,1.3140717328569466e-06,2.87,83450,,,,,,,,,
0.0468,10.905692100524902,1.2968943245843068e-06,2.87,83500,,,,,,,,,
0.0311,5.712671279907227,1.279716916311667e-06,2.87,83550,,,,,,,,,
0.033,5.962838649749756,1.262539508039027e-06,2.87,83600,,,,,,,,,
0.0195,0.00839818175882101,1.2453620997663872e-06,2.88,83650,,,,,,,,,
0.034,7.264110565185547,1.2281846914937476e-06,2.88,83700,,,,,,,,,
0.0186,0.08343092352151871,1.2110072832211076e-06,2.88,83750,,,,,,,,,
0.0244,0.007800038438290358,1.1938298749484677e-06,2.88,83800,,,,,,,,,
0.0272,0.01697053760290146,1.1766524666758281e-06,2.88,83850,,,,,,,,,
0.0266,2.5428528785705566,1.1594750584031881e-06,2.88,83900,,,,,,,,,
0.0262,10.24055290222168,1.1422976501305483e-06,2.89,83950,,,,,,,,,
0.0162,5.2990570068359375,1.1251202418579085e-06,2.89,84000,,,,,,,,,
0.0237,0.2041873335838318,1.1079428335852687e-06,2.89,84050,,,,,,,,,
0.0337,0.016775919124484062,1.090765425312629e-06,2.89,84100,,,,,,,,,
0.012,0.3411860764026642,1.0735880170399889e-06,2.89,84150,,,,,,,,,
0.0305,0.38071876764297485,1.0564106087673493e-06,2.89,84200,,,,,,,,,
0.0544,0.0007450867560692132,1.0392332004947095e-06,2.9,84250,,,,,,,,,
0.0156,3.0195233821868896,1.0220557922220695e-06,2.9,84300,,,,,,,,,
0.0272,0.9212071895599365,1.0048783839494296e-06,2.9,84350,,,,,,,,,
0.0179,0.005159469787031412,9.8770097567679e-07,2.9,84400,,,,,,,,,
0.0375,12.869189262390137,9.7052356740415e-07,2.9,84450,,,,,,,,,
0.0158,0.02699882909655571,9.533461591315103e-07,2.9,84500,,,,,,,,,
0.0278,1.370939016342163,9.361687508588704e-07,2.91,84550,,,,,,,,,
0.0268,0.23305359482765198,9.189913425862306e-07,2.91,84600,,,,,,,,,
0.0262,0.050802286714315414,9.018139343135908e-07,2.91,84650,,,,,,,,,
0.0334,0.004358336795121431,8.84636526040951e-07,2.91,84700,,,,,,,,,
0.0324,5.098669052124023,8.674591177683111e-07,2.91,84750,,,,,,,,,
0.0333,0.5216619372367859,8.502817094956714e-07,2.92,84800,,,,,,,,,
0.0229,4.515441417694092,8.331043012230315e-07,2.92,84850,,,,,,,,,
0.0383,3.7234838008880615,8.159268929503916e-07,2.92,84900,,,,,,,,,
0.0373,1.4895761013031006,7.987494846777518e-07,2.92,84950,,,,,,,,,
,,,2.92,84950,0.22609804570674896,295.2513,395.653,24.731,,,,,
0.0239,0.005078205838799477,7.81572076405112e-07,2.92,85000,,,,,,,,,
0.0301,2.061656951904297,7.643946681324722e-07,2.92,85050,,,,,,,,,
0.0478,0.46092337369918823,7.472172598598323e-07,2.93,85100,,,,,,,,,
0.0317,0.007053594570606947,7.300398515871926e-07,2.93,85150,,,,,,,,,
0.0311,3.786954164505005,7.128624433145527e-07,2.93,85200,,,,,,,,,
0.0281,0.47347527742385864,6.956850350419129e-07,2.93,85250,,,,,,,,,
0.0196,0.07132930308580399,6.785076267692731e-07,2.93,85300,,,,,,,,,
0.0153,5.650201797485352,6.613302184966333e-07,2.93,85350,,,,,,,,,
0.0155,0.01672234572470188,6.441528102239935e-07,2.94,85400,,,,,,,,,
0.0409,2.932753562927246,6.269754019513535e-07,2.94,85450,,,,,,,,,
0.0211,0.006930466275662184,6.097979936787138e-07,2.94,85500,,,,,,,,,
0.0335,0.004912209697067738,5.926205854060739e-07,2.94,85550,,,,,,,,,
0.0356,0.04980790242552757,5.754431771334341e-07,2.94,85600,,,,,,,,,
0.0346,4.577244281768799,5.582657688607943e-07,2.94,85650,,,,,,,,,
0.0355,1.380900263786316,5.410883605881545e-07,2.95,85700,,,,,,,,,
0.0225,0.033050376921892166,5.239109523155147e-07,2.95,85750,,,,,,,,,
0.025,5.683865070343018,5.067335440428748e-07,2.95,85800,,,,,,,,,
0.0334,0.029439132660627365,4.895561357702351e-07,2.95,85850,,,,,,,,,
0.0145,12.08815860748291,4.723787274975952e-07,2.95,85900,,,,,,,,,
0.0391,8.067551612854004,4.5520131922495535e-07,2.95,85950,,,,,,,,,
0.0315,1.6863110065460205,4.3802391095231554e-07,2.96,86000,,,,,,,,,
0.0248,15.120783805847168,4.208465026796757e-07,2.96,86050,,,,,,,,,
0.0166,0.019906552508473396,4.0366909440703587e-07,2.96,86100,,,,,,,,,
0.0401,0.8554229736328125,3.86491686134396e-07,2.96,86150,,,,,,,,,
0.0234,0.028776930645108223,3.6931427786175625e-07,2.96,86200,,,,,,,,,
0.0501,8.999139785766602,3.521368695891164e-07,2.96,86250,,,,,,,,,
0.0225,0.04762589558959007,3.349594613164766e-07,2.97,86300,,,,,,,,,
0.0266,4.729511260986328,3.177820530438368e-07,2.97,86350,,,,,,,,,
0.0386,0.009847327135503292,3.006046447711969e-07,2.97,86400,,,,,,,,,
0.0178,0.01010830421000719,2.834272364985571e-07,2.97,86450,,,,,,,,,
0.0567,7.9865312576293945,2.6624982822591724e-07,2.97,86500,,,,,,,,,
0.0285,16.81521224975586,2.490724199532775e-07,2.98,86550,,,,,,,,,
0.0462,1.0832676887512207,2.3189501168063763e-07,2.98,86600,,,,,,,,,
0.0261,0.16516104340553284,2.1471760340799782e-07,2.98,86650,,,,,,,,,
0.024,13.280224800109863,1.9754019513535798e-07,2.98,86700,,,,,,,,,
0.0232,1.412996768951416,1.8036278686271815e-07,2.98,86750,,,,,,,,,
0.0378,0.016054173931479454,1.631853785900783e-07,2.98,86800,,,,,,,,,
0.0135,0.01651947759091854,1.460079703174385e-07,2.99,86850,,,,,,,,,
0.0322,8.300712585449219,1.288305620447987e-07,2.99,86900,,,,,,,,,
0.0329,6.649924278259277,1.1165315377215885e-07,2.99,86950,,,,,,,,,
0.0133,0.008687159977853298,9.447574549951904e-08,2.99,87000,,,,,,,,,
0.0305,2.6910741329193115,7.729833722687922e-08,2.99,87050,,,,,,,,,
0.0336,0.0013426132500171661,6.012092895423938e-08,2.99,87100,,,,,,,,,
0.0235,0.03130773827433586,4.294352068159956e-08,3.0,87150,,,,,,,,,
0.0275,0.04381486400961876,2.576611240895974e-08,3.0,87200,,,,,,,,,
0.0241,7.9556498527526855,8.588704136319912e-09,3.0,87250,,,,,,,,,
,,,3.0,87250,,,,,19145.8286,72.974,4.561,,0.08640963943215876
