loss,grad_norm,learning_rate,epoch,step,eval_loss,eval_runtime,eval_samples_per_second,eval_steps_per_second,train_runtime,train_samples_per_second,train_steps_per_second,total_flos,train_loss
3.4808,9.660741806030273,2.99815198943994e-05,0.0018857250612860645,50,,,,,,,,,
2.3527,20.83517074584961,2.9962662643786537e-05,0.003771450122572129,100,,,,,,,,,
1.8638,18.487825393676758,2.9943805393173676e-05,0.005657175183858194,150,,,,,,,,,
1.7915,20.837160110473633,2.9924948142560815e-05,0.007542900245144258,200,,,,,,,,,
1.5878,21.931974411010742,2.9906090891947954e-05,0.009428625306430322,250,,,,,,,,,
1.3557,20.069210052490234,2.9887233641335097e-05,0.011314350367716388,300,,,,,,,,,
1.3055,20.569547653198242,2.9868376390722232e-05,0.013200075429002452,350,,,,,,,,,
1.2771,18.62548828125,2.984951914010937e-05,0.015085800490288516,400,,,,,,,,,
1.2783,17.467641830444336,2.983066188949651e-05,0.01697152555157458,450,,,,,,,,,
1.2141,28.196937561035156,2.981180463888365e-05,0.018857250612860643,500,,,,,,,,,
1.1962,12.597639083862305,2.979294738827079e-05,0.02074297567414671,550,,,,,,,,,
1.2462,16.7425594329834,2.977409013765793e-05,0.022628700735432775,600,,,,,,,,,
1.2542,16.121532440185547,2.975523288704507e-05,0.02451442579671884,650,,,,,,,,,
1.1155,17.60085678100586,2.973637563643221e-05,0.026400150858004904,700,,,,,,,,,
1.2524,19.748918533325195,2.9717518385819347e-05,0.028285875919290968,750,,,,,,,,,
1.2088,27.037673950195312,2.969866113520649e-05,0.030171600980577033,800,,,,,,,,,
1.1262,7.847021102905273,2.967980388459363e-05,0.03205732604186309,850,,,,,,,,,
1.0529,19.228389739990234,2.9660946633980768e-05,0.03394305110314916,900,,,,,,,,,
1.0376,15.599995613098145,2.9642089383367903e-05,0.03582877616443522,950,,,,,,,,,
1.0151,17.622079849243164,2.9623232132755042e-05,0.037714501225721286,1000,,,,,,,,,
1.0894,15.320226669311523,2.9604374882142185e-05,0.03960022628700736,1050,,,,,,,,,
1.1082,14.371123313903809,2.9585517631529324e-05,0.04148595134829342,1100,,,,,,,,,
1.059,19.645219802856445,2.9566660380916463e-05,0.043371676409579486,1150,,,,,,,,,
1.1376,17.277812957763672,2.95478031303036e-05,0.04525740147086555,1200,,,,,,,,,
0.9963,20.54658317565918,2.952894587969074e-05,0.047143126532151615,1250,,,,,,,,,
1.0705,12.492287635803223,2.9510088629077883e-05,0.04902885159343768,1300,,,,,,,,,
0.945,14.100492477416992,2.9491231378465022e-05,0.050914576654723744,1350,,,,,,,,,
0.9667,14.010011672973633,2.947237412785216e-05,0.05280030171600981,1400,,,,,,,,,
0.9882,13.433140754699707,2.94535168772393e-05,0.05468602677729587,1450,,,,,,,,,
0.9892,16.31468963623047,2.943465962662644e-05,0.056571751838581937,1500,,,,,,,,,
0.9657,19.947969436645508,2.9415802376013578e-05,0.058457476899868,1550,,,,,,,,,
1.0026,20.17694854736328,2.9396945125400717e-05,0.060343201961154065,1600,,,,,,,,,
0.9486,11.996197700500488,2.9378087874787856e-05,0.06222892702244013,1650,,,,,,,,,
1.0301,12.92061710357666,2.9359230624174995e-05,0.06411465208372619,1700,,,,,,,,,
0.9611,11.316451072692871,2.9340373373562134e-05,0.06600037714501225,1750,,,,,,,,,
0.9964,18.33434295654297,2.9321516122949276e-05,0.06788610220629832,1800,,,,,,,,,
0.9511,14.263855934143066,2.9302658872336415e-05,0.06977182726758438,1850,,,,,,,,,
0.9648,13.294588088989258,2.9283801621723554e-05,0.07165755232887044,1900,,,,,,,,,
0.9131,15.223360061645508,2.9264944371110693e-05,0.07354327739015651,1950,,,,,,,,,
1.0709,15.0239896774292,2.9246087120497832e-05,0.07542900245144257,2000,,,,,,,,,
0.9574,14.356925964355469,2.9227229869884974e-05,0.07731472751272865,2050,,,,,,,,,
0.9512,10.060379028320312,2.9208372619272113e-05,0.07920045257401472,2100,,,,,,,,,
0.916,10.117120742797852,2.918951536865925e-05,0.08108617763530078,2150,,,,,,,,,
0.9386,10.878280639648438,2.9170658118046388e-05,0.08297190269658684,2200,,,,,,,,,
0.8727,16.1395206451416,2.9151800867433527e-05,0.08485762775787291,2250,,,,,,,,,
0.9489,17.975116729736328,2.913294361682067e-05,0.08674335281915897,2300,,,,,,,,,
0.9391,8.256705284118652,2.9114086366207808e-05,0.08862907788044504,2350,,,,,,,,,
0.8884,14.388127326965332,2.9095229115594947e-05,0.0905148029417311,2400,,,,,,,,,
0.9289,11.057358741760254,2.9076371864982086e-05,0.09240052800301717,2450,,,,,,,,,
0.9621,10.268623352050781,2.9057514614369225e-05,0.09428625306430323,2500,,,,,,,,,
0.9218,11.10663890838623,2.9038657363756367e-05,0.0961719781255893,2550,,,,,,,,,
0.8883,9.661408424377441,2.9019800113143506e-05,0.09805770318687536,2600,,,,,,,,,
0.9052,5.359376430511475,2.9000942862530645e-05,0.09994342824816142,2650,,,,,,,,,
0.9792,12.693231582641602,2.8982085611917784e-05,0.10182915330944749,2700,,,,,,,,,
0.8599,15.86813735961914,2.896322836130492e-05,0.10371487837073355,2750,,,,,,,,,
0.8532,13.899968147277832,2.8944371110692062e-05,0.10560060343201962,2800,,,,,,,,,
0.838,14.179718971252441,2.89255138600792e-05,0.10748632849330568,2850,,,,,,,,,
0.9622,11.66556453704834,2.890665660946634e-05,0.10937205355459174,2900,,,,,,,,,
0.9481,9.768404960632324,2.888779935885348e-05,0.11125777861587781,2950,,,,,,,,,
0.9194,14.550667762756348,2.8868942108240618e-05,0.11314350367716387,3000,,,,,,,,,
0.9131,11.666817665100098,2.8850084857627757e-05,0.11502922873844994,3050,,,,,,,,,
0.9431,11.408936500549316,2.88312276070149e-05,0.116914953799736,3100,,,,,,,,,
0.8486,10.546838760375977,2.881237035640204e-05,0.11880067886102207,3150,,,,,,,,,
0.9091,23.072751998901367,2.8793513105789177e-05,0.12068640392230813,3200,,,,,,,,,
0.9766,7.526136875152588,2.8774655855176316e-05,0.1225721289835942,3250,,,,,,,,,
0.8863,19.743438720703125,2.8755798604563455e-05,0.12445785404488026,3300,,,,,,,,,
0.9428,12.027606010437012,2.8736941353950594e-05,0.1263435791061663,3350,,,,,,,,,
0.8266,13.447734832763672,2.8718084103337733e-05,0.12822930416745237,3400,,,,,,,,,
0.8935,16.082515716552734,2.8699226852724872e-05,0.13011502922873844,3450,,,,,,,,,
0.78,15.7532958984375,2.868036960211201e-05,0.1320007542900245,3500,,,,,,,,,
0.8453,12.273069381713867,2.866151235149915e-05,0.13388647935131057,3550,,,,,,,,,
0.8287,9.45195198059082,2.8642655100886292e-05,0.13577220441259663,3600,,,,,,,,,
0.8722,12.275197982788086,2.862379785027343e-05,0.1376579294738827,3650,,,,,,,,,
0.8649,20.658008575439453,2.860494059966057e-05,0.13954365453516876,3700,,,,,,,,,
0.811,19.421886444091797,2.858608334904771e-05,0.14142937959645482,3750,,,,,,,,,
0.9637,8.804742813110352,2.856722609843485e-05,0.1433151046577409,3800,,,,,,,,,
0.8699,15.514425277709961,2.854836884782199e-05,0.14520082971902695,3850,,,,,,,,,
0.8313,15.424681663513184,2.852951159720913e-05,0.14708655478031302,3900,,,,,,,,,
0.8435,13.96158504486084,2.8510654346596265e-05,0.14897227984159908,3950,,,,,,,,,
0.8287,11.88020133972168,2.8491797095983404e-05,0.15085800490288515,4000,,,,,,,,,
0.9139,8.64580249786377,2.8472939845370543e-05,0.15274372996417124,4050,,,,,,,,,
0.8506,13.369524002075195,2.8454082594757686e-05,0.1546294550254573,4100,,,,,,,,,
0.7939,15.814867973327637,2.8435225344144825e-05,0.15651518008674337,4150,,,,,,,,,
0.8508,17.519575119018555,2.8416368093531964e-05,0.15840090514802943,4200,,,,,,,,,
0.8628,19.930431365966797,2.8397510842919102e-05,0.1602866302093155,4250,,,,,,,,,
0.8654,7.718937397003174,2.837865359230624e-05,0.16217235527060156,4300,,,,,,,,,
0.8666,8.83519172668457,2.8359796341693384e-05,0.16405808033188762,4350,,,,,,,,,
0.9166,6.658651828765869,2.8340939091080523e-05,0.1659438053931737,4400,,,,,,,,,
0.8363,29.001667022705078,2.8322081840467662e-05,0.16782953045445975,4450,,,,,,,,,
0.8434,5.801027774810791,2.83032245898548e-05,0.16971525551574582,4500,,,,,,,,,
0.81,7.666882514953613,2.8284367339241936e-05,0.17160098057703188,4550,,,,,,,,,
0.8755,23.26284408569336,2.826551008862908e-05,0.17348670563831795,4600,,,,,,,,,
0.8199,12.526605606079102,2.8246652838016218e-05,0.175372430699604,4650,,,,,,,,,
0.7884,9.588600158691406,2.8227795587403357e-05,0.17725815576089007,4700,,,,,,,,,
0.8691,15.812975883483887,2.8208938336790496e-05,0.17914388082217614,4750,,,,,,,,,
0.836,12.22899341583252,2.8190081086177635e-05,0.1810296058834622,4800,,,,,,,,,
0.7646,14.713674545288086,2.8171223835564777e-05,0.18291533094474827,4850,,,,,,,,,
0.832,19.400264739990234,2.8152366584951916e-05,0.18480105600603433,4900,,,,,,,,,
0.8727,11.057866096496582,2.8133509334339055e-05,0.1866867810673204,4950,,,,,,,,,
0.7777,12.138132095336914,2.8114652083726194e-05,0.18857250612860646,5000,,,,,,,,,
,,,0.18857250612860646,5000,0.8118274807929993,268.2649,396.433,24.778,,,,,
0.7988,10.98071575164795,2.8095794833113333e-05,0.19045823118989252,5050,,,,,,,,,
0.888,15.054217338562012,2.8076937582500475e-05,0.1923439562511786,5100,,,,,,,,,
0.8524,15.90042495727539,2.805808033188761e-05,0.19422968131246465,5150,,,,,,,,,
0.8528,10.114509582519531,2.803922308127475e-05,0.19611540637375072,5200,,,,,,,,,
0.7719,17.7083797454834,2.802036583066189e-05,0.19800113143503678,5250,,,,,,,,,
0.811,31.50771141052246,2.8001508580049028e-05,0.19988685649632285,5300,,,,,,,,,
0.7801,15.244065284729004,2.798265132943617e-05,0.2017725815576089,5350,,,,,,,,,
0.7969,6.590342044830322,2.796379407882331e-05,0.20365830661889497,5400,,,,,,,,,
0.7753,44.26636505126953,2.7944936828210448e-05,0.20554403168018104,5450,,,,,,,,,
0.8347,13.937338829040527,2.7926079577597587e-05,0.2074297567414671,5500,,,,,,,,,
0.8139,8.068541526794434,2.7907222326984726e-05,0.20931548180275317,5550,,,,,,,,,
0.7401,14.592677116394043,2.7888365076371868e-05,0.21120120686403923,5600,,,,,,,,,
0.6781,11.166313171386719,2.7869507825759007e-05,0.2130869319253253,5650,,,,,,,,,
0.8272,13.905658721923828,2.7850650575146146e-05,0.21497265698661136,5700,,,,,,,,,
0.9149,13.247349739074707,2.7831793324533282e-05,0.21685838204789742,5750,,,,,,,,,
0.771,13.992280006408691,2.781293607392042e-05,0.2187441071091835,5800,,,,,,,,,
0.8797,11.861452102661133,2.7794078823307563e-05,0.22062983217046955,5850,,,,,,,,,
0.7484,14.31460952758789,2.7775221572694702e-05,0.22251555723175562,5900,,,,,,,,,
0.7533,12.585354804992676,2.775636432208184e-05,0.22440128229304168,5950,,,,,,,,,
0.7518,20.19755744934082,2.773750707146898e-05,0.22628700735432775,6000,,,,,,,,,
0.79,9.364813804626465,2.771864982085612e-05,0.2281727324156138,6050,,,,,,,,,
0.8934,9.610485076904297,2.769979257024326e-05,0.23005845747689987,6100,,,,,,,,,
0.7089,22.515151977539062,2.76809353196304e-05,0.23194418253818594,6150,,,,,,,,,
0.7582,17.5813045501709,2.766207806901754e-05,0.233829907599472,6200,,,,,,,,,
0.7874,16.1130428314209,2.7643220818404678e-05,0.23571563266075807,6250,,,,,,,,,
0.8538,9.68709945678711,2.7624363567791817e-05,0.23760135772204413,6300,,,,,,,,,
0.8196,12.981945037841797,2.7605506317178956e-05,0.2394870827833302,6350,,,,,,,,,
0.7472,20.412792205810547,2.7586649066566095e-05,0.24137280784461626,6400,,,,,,,,,
0.7919,18.230083465576172,2.7567791815953234e-05,0.24325853290590232,6450,,,,,,,,,
0.738,16.12848663330078,2.7548934565340373e-05,0.2451442579671884,6500,,,,,,,,,
0.7485,20.06793212890625,2.7530077314727512e-05,0.24702998302847445,6550,,,,,,,,,
0.7817,7.006376266479492,2.751122006411465e-05,0.24891570808976052,6600,,,,,,,,,
0.8005,13.884739875793457,2.7492362813501793e-05,0.2508014331510466,6650,,,,,,,,,
0.788,20.984237670898438,2.7473505562888932e-05,0.2526871582123326,6700,,,,,,,,,
0.7982,12.051093101501465,2.745464831227607e-05,0.2545728832736187,6750,,,,,,,,,
0.8081,12.013242721557617,2.743579106166321e-05,0.25645860833490475,6800,,,,,,,,,
0.7462,12.810510635375977,2.741693381105035e-05,0.25834433339619084,6850,,,,,,,,,
0.7539,11.568721771240234,2.739807656043749e-05,0.2602300584574769,6900,,,,,,,,,
0.8492,11.897275924682617,2.7379219309824627e-05,0.26211578351876297,6950,,,,,,,,,
0.7557,9.329900741577148,2.7360362059211766e-05,0.264001508580049,7000,,,,,,,,,
0.7552,11.500825881958008,2.7341504808598905e-05,0.2658872336413351,7050,,,,,,,,,
0.835,11.555590629577637,2.7322647557986044e-05,0.26777295870262113,7100,,,,,,,,,
0.7588,23.231225967407227,2.7303790307373187e-05,0.2696586837639072,7150,,,,,,,,,
0.7106,17.64702033996582,2.7284933056760325e-05,0.27154440882519326,7200,,,,,,,,,
0.7826,6.729161739349365,2.7266075806147464e-05,0.27343013388647935,7250,,,,,,,,,
0.7029,7.091796398162842,2.7247218555534603e-05,0.2753158589477654,7300,,,,,,,,,
0.7941,14.388304710388184,2.7228361304921742e-05,0.2772015840090515,7350,,,,,,,,,
0.7512,7.326553821563721,2.7209504054308885e-05,0.2790873090703375,7400,,,,,,,,,
0.7838,12.592673301696777,2.7190646803696024e-05,0.2809730341316236,7450,,,,,,,,,
0.6779,13.369775772094727,2.7171789553083163e-05,0.28285875919290965,7500,,,,,,,,,
0.7452,7.490523338317871,2.7152932302470298e-05,0.28474448425419574,7550,,,,,,,,,
0.7787,15.498987197875977,2.7134075051857437e-05,0.2866302093154818,7600,,,,,,,,,
0.8374,7.386555194854736,2.711521780124458e-05,0.28851593437676787,7650,,,,,,,,,
0.7048,14.55846118927002,2.709636055063172e-05,0.2904016594380539,7700,,,,,,,,,
0.7755,18.947200775146484,2.7077503300018858e-05,0.29228738449934,7750,,,,,,,,,
0.7326,4.69615364074707,2.7058646049405997e-05,0.29417310956062603,7800,,,,,,,,,
0.6879,10.857839584350586,2.7039788798793135e-05,0.2960588346219121,7850,,,,,,,,,
0.7687,16.537639617919922,2.7020931548180278e-05,0.29794455968319816,7900,,,,,,,,,
0.7014,14.075876235961914,2.7002074297567417e-05,0.29983028474448425,7950,,,,,,,,,
0.7759,10.265091896057129,2.6983217046954556e-05,0.3017160098057703,8000,,,,,,,,,
0.7048,15.460652351379395,2.6964359796341695e-05,0.3036017348670564,8050,,,,,,,,,
0.7882,7.420071601867676,2.694550254572883e-05,0.3054874599283425,8100,,,,,,,,,
0.7591,10.100126266479492,2.6926645295115973e-05,0.3073731849896285,8150,,,,,,,,,
0.8025,9.16870403289795,2.690778804450311e-05,0.3092589100509146,8200,,,,,,,,,
0.7929,15.427809715270996,2.688893079389025e-05,0.31114463511220064,8250,,,,,,,,,
0.6819,15.039329528808594,2.687007354327739e-05,0.31303036017348673,8300,,,,,,,,,
0.7333,11.946477890014648,2.685121629266453e-05,0.31491608523477277,8350,,,,,,,,,
0.7546,13.322654724121094,2.683235904205167e-05,0.31680181029605886,8400,,,,,,,,,
0.7564,17.33698844909668,2.681350179143881e-05,0.3186875353573449,8450,,,,,,,,,
0.7395,11.144381523132324,2.679464454082595e-05,0.320573260418631,8500,,,,,,,,,
0.6915,7.526883125305176,2.6775787290213088e-05,0.322458985479917,8550,,,,,,,,,
0.7244,7.00514554977417,2.6756930039600227e-05,0.3243447105412031,8600,,,,,,,,,
0.7287,16.165773391723633,2.673807278898737e-05,0.32623043560248915,8650,,,,,,,,,
0.74,10.625916481018066,2.6719215538374505e-05,0.32811616066377525,8700,,,,,,,,,
0.7408,14.25436019897461,2.6700358287761644e-05,0.3300018857250613,8750,,,,,,,,,
0.692,17.4573974609375,2.6681501037148783e-05,0.3318876107863474,8800,,,,,,,,,
0.7224,13.803894996643066,2.666264378653592e-05,0.3337733358476334,8850,,,,,,,,,
0.6569,15.902969360351562,2.6643786535923064e-05,0.3356590609089195,8900,,,,,,,,,
0.7323,16.675312042236328,2.6624929285310203e-05,0.33754478597020554,8950,,,,,,,,,
0.7104,20.416061401367188,2.6606072034697342e-05,0.33943051103149163,9000,,,,,,,,,
0.7498,12.242215156555176,2.658721478408448e-05,0.34131623609277767,9050,,,,,,,,,
0.7965,10.950010299682617,2.656835753347162e-05,0.34320196115406376,9100,,,,,,,,,
0.7495,9.939486503601074,2.6549500282858762e-05,0.3450876862153498,9150,,,,,,,,,
0.7947,10.685075759887695,2.65306430322459e-05,0.3469734112766359,9200,,,,,,,,,
0.6513,10.866766929626465,2.651178578163304e-05,0.3488591363379219,9250,,,,,,,,,
0.7142,8.483100891113281,2.6492928531020176e-05,0.350744861399208,9300,,,,,,,,,
0.7641,11.652725219726562,2.6474071280407315e-05,0.35263058646049406,9350,,,,,,,,,
0.7441,11.74494457244873,2.6455214029794457e-05,0.35451631152178015,9400,,,,,,,,,
0.736,5.969198226928711,2.6436356779181596e-05,0.3564020365830662,9450,,,,,,,,,
0.7434,8.386609077453613,2.6417499528568735e-05,0.3582877616443523,9500,,,,,,,,,
0.6261,19.164186477661133,2.6398642277955874e-05,0.3601734867056383,9550,,,,,,,,,
0.7542,7.7656779289245605,2.6379785027343013e-05,0.3620592117669244,9600,,,,,,,,,
0.7193,9.125529289245605,2.6360927776730155e-05,0.36394493682821044,9650,,,,,,,,,
0.6474,12.921640396118164,2.6342070526117294e-05,0.36583066188949653,9700,,,,,,,,,
0.7477,13.599369049072266,2.6323213275504433e-05,0.36771638695078257,9750,,,,,,,,,
0.7035,12.554256439208984,2.6304356024891572e-05,0.36960211201206866,9800,,,,,,,,,
0.7495,7.4576263427734375,2.628549877427871e-05,0.3714878370733547,9850,,,,,,,,,
0.8046,10.37442398071289,2.626664152366585e-05,0.3733735621346408,9900,,,,,,,,,
0.662,20.402935028076172,2.624778427305299e-05,0.3752592871959268,9950,,,,,,,,,
0.6418,18.520620346069336,2.6228927022440128e-05,0.3771450122572129,10000,,,,,,,,,
,,,0.3771450122572129,10000,0.7636449933052063,267.591,397.431,24.84,,,,,
0.6911,23.29458999633789,2.6210069771827267e-05,0.37903073731849896,10050,,,,,,,,,
0.7721,7.5135416984558105,2.6191212521214406e-05,0.38091646237978505,10100,,,,,,,,,
0.7867,9.181938171386719,2.6172355270601545e-05,0.3828021874410711,10150,,,,,,,,,
0.6913,12.01687240600586,2.6153498019988687e-05,0.3846879125023572,10200,,,,,,,,,
0.7891,8.486059188842773,2.6134640769375826e-05,0.3865736375636432,10250,,,,,,,,,
0.763,19.519498825073242,2.6115783518762965e-05,0.3884593626249293,10300,,,,,,,,,
0.7201,7.867137908935547,2.6096926268150104e-05,0.39034508768621534,10350,,,,,,,,,
0.7055,8.185425758361816,2.6078069017537243e-05,0.39223081274750143,10400,,,,,,,,,
0.7326,15.835648536682129,2.6059211766924386e-05,0.39411653780878747,10450,,,,,,,,,
0.7644,16.20126724243164,2.604035451631152e-05,0.39600226287007356,10500,,,,,,,,,
0.7353,6.736181735992432,2.602149726569866e-05,0.3978879879313596,10550,,,,,,,,,
0.699,9.425633430480957,2.60026400150858e-05,0.3997737129926457,10600,,,,,,,,,
0.7773,13.808769226074219,2.5983782764472938e-05,0.4016594380539317,10650,,,,,,,,,
0.7224,20.764629364013672,2.596492551386008e-05,0.4035451631152178,10700,,,,,,,,,
0.699,13.419766426086426,2.594606826324722e-05,0.40543088817650386,10750,,,,,,,,,
0.7496,8.172913551330566,2.592721101263436e-05,0.40731661323778995,10800,,,,,,,,,
0.6974,10.674901962280273,2.5908353762021497e-05,0.409202338299076,10850,,,,,,,,,
0.7112,12.897784233093262,2.5889496511408636e-05,0.4110880633603621,10900,,,,,,,,,
0.7442,11.18821907043457,2.587063926079578e-05,0.4129737884216481,10950,,,,,,,,,
0.7441,13.046992301940918,2.5851782010182918e-05,0.4148595134829342,11000,,,,,,,,,
0.7351,8.937506675720215,2.5832924759570057e-05,0.41674523854422024,11050,,,,,,,,,
0.7349,8.46418285369873,2.5814067508957192e-05,0.41863096360550633,11100,,,,,,,,,
0.6797,7.7785186767578125,2.579521025834433e-05,0.42051668866679237,11150,,,,,,,,,
0.7683,15.76211929321289,2.5776353007731474e-05,0.42240241372807846,11200,,,,,,,,,
0.7169,13.003911018371582,2.5757495757118613e-05,0.4242881387893645,11250,,,,,,,,,
0.6883,10.788779258728027,2.573863850650575e-05,0.4261738638506506,11300,,,,,,,,,
0.6823,16.527908325195312,2.571978125589289e-05,0.42805958891193663,11350,,,,,,,,,
0.8073,8.630326271057129,2.570092400528003e-05,0.4299453139732227,11400,,,,,,,,,
0.6733,12.961164474487305,2.5682066754667172e-05,0.43183103903450876,11450,,,,,,,,,
0.6723,13.08586311340332,2.566320950405431e-05,0.43371676409579485,11500,,,,,,,,,
0.6948,13.077392578125,2.564435225344145e-05,0.4356024891570809,11550,,,,,,,,,
0.6769,12.2800931930542,2.562549500282859e-05,0.437488214218367,11600,,,,,,,,,
0.5895,11.973396301269531,2.5606637752215728e-05,0.439373939279653,11650,,,,,,,,,
0.6325,9.303068161010742,2.5587780501602867e-05,0.4412596643409391,11700,,,,,,,,,
0.7298,17.331052780151367,2.5568923250990006e-05,0.44314538940222514,11750,,,,,,,,,
0.6981,15.441169738769531,2.5550066000377145e-05,0.44503111446351123,11800,,,,,,,,,
0.7132,13.015334129333496,2.5531208749764284e-05,0.44691683952479727,11850,,,,,,,,,
0.7477,8.377142906188965,2.5512351499151423e-05,0.44880256458608336,11900,,,,,,,,,
0.6816,18.398300170898438,2.5493494248538565e-05,0.4506882896473694,11950,,,,,,,,,
0.6929,9.390707015991211,2.5474636997925704e-05,0.4525740147086555,12000,,,,,,,,,
0.6923,9.176651000976562,2.5455779747312843e-05,0.45445973976994153,12050,,,,,,,,,
0.7131,12.363371849060059,2.5436922496699982e-05,0.4563454648312276,12100,,,,,,,,,
0.6361,12.317211151123047,2.541806524608712e-05,0.45823118989251366,12150,,,,,,,,,
0.7149,25.3677921295166,2.5399207995474263e-05,0.46011691495379975,12200,,,,,,,,,
0.713,10.500349044799805,2.5380350744861402e-05,0.4620026400150858,12250,,,,,,,,,
0.6845,8.718308448791504,2.5361493494248538e-05,0.4638883650763719,12300,,,,,,,,,
0.7472,20.846599578857422,2.5342636243635677e-05,0.4657740901376579,12350,,,,,,,,,
0.6183,12.789448738098145,2.5323778993022816e-05,0.467659815198944,12400,,,,,,,,,
0.6763,7.184670448303223,2.5304921742409958e-05,0.46954554026023004,12450,,,,,,,,,
0.7239,28.25364875793457,2.5286064491797097e-05,0.47143126532151614,12500,,,,,,,,,
0.7168,13.960538864135742,2.5267207241184236e-05,0.47331699038280217,12550,,,,,,,,,
0.732,15.997150421142578,2.5248349990571375e-05,0.47520271544408826,12600,,,,,,,,,
0.6693,8.769365310668945,2.5229492739958514e-05,0.4770884405053743,12650,,,,,,,,,
0.6651,18.84027862548828,2.5210635489345656e-05,0.4789741655666604,12700,,,,,,,,,
0.656,11.325798034667969,2.5191778238732795e-05,0.48085989062794643,12750,,,,,,,,,
0.6466,8.024985313415527,2.5172920988119934e-05,0.4827456156892325,12800,,,,,,,,,
0.6232,16.225685119628906,2.5154063737507073e-05,0.48463134075051856,12850,,,,,,,,,
0.6902,9.332015991210938,2.513520648689421e-05,0.48651706581180465,12900,,,,,,,,,
0.7219,10.632736206054688,2.511634923628135e-05,0.4884027908730907,12950,,,,,,,,,
0.6838,11.778940200805664,2.509749198566849e-05,0.4902885159343768,13000,,,,,,,,,
0.7092,12.6071138381958,2.507863473505563e-05,0.4921742409956628,13050,,,,,,,,,
0.5729,13.133654594421387,2.5059777484442768e-05,0.4940599660569489,13100,,,,,,,,,
0.7075,21.913082122802734,2.5040920233829907e-05,0.49594569111823494,13150,,,,,,,,,
0.7356,10.835375785827637,2.502206298321705e-05,0.49783141617952104,13200,,,,,,,,,
0.6022,9.856832504272461,2.500320573260419e-05,0.4997171412408071,13250,,,,,,,,,
0.7556,8.096688270568848,2.4984348481991327e-05,0.5016028663020932,13300,,,,,,,,,
0.6839,12.885693550109863,2.4965491231378466e-05,0.5034885913633792,13350,,,,,,,,,
0.6446,12.650672912597656,2.4946633980765605e-05,0.5053743164246652,13400,,,,,,,,,
0.7572,8.733758926391602,2.4927776730152744e-05,0.5072600414859514,13450,,,,,,,,,
0.6771,7.331840991973877,2.4908919479539883e-05,0.5091457665472374,13500,,,,,,,,,
0.6996,8.206860542297363,2.4890062228927022e-05,0.5110314916085235,13550,,,,,,,,,
0.6105,7.769596576690674,2.487120497831416e-05,0.5129172166698095,13600,,,,,,,,,
0.7449,12.107422828674316,2.48523477277013e-05,0.5148029417310956,13650,,,,,,,,,
0.7207,10.359228134155273,2.483349047708844e-05,0.5166886667923817,13700,,,,,,,,,
0.7257,8.351564407348633,2.481463322647558e-05,0.5185743918536677,13750,,,,,,,,,
0.6986,17.031660079956055,2.479577597586272e-05,0.5204601169149538,13800,,,,,,,,,
0.6739,6.657950401306152,2.477691872524986e-05,0.5223458419762399,13850,,,,,,,,,
0.6316,13.569793701171875,2.4758061474637e-05,0.5242315670375259,13900,,,,,,,,,
0.6876,11.940410614013672,2.4739204224024137e-05,0.526117292098812,13950,,,,,,,,,
0.6876,17.958581924438477,2.472034697341128e-05,0.528003017160098,14000,,,,,,,,,
0.6765,8.93758773803711,2.470148972279842e-05,0.5298887422213842,14050,,,,,,,,,
0.6488,10.74621295928955,2.4682632472185554e-05,0.5317744672826702,14100,,,,,,,,,
0.6957,10.020115852355957,2.4663775221572693e-05,0.5336601923439562,14150,,,,,,,,,
0.6625,16.920480728149414,2.4644917970959832e-05,0.5355459174052423,14200,,,,,,,,,
0.7576,7.686866760253906,2.4626060720346975e-05,0.5374316424665284,14250,,,,,,,,,
0.6566,14.603607177734375,2.4607203469734114e-05,0.5393173675278145,14300,,,,,,,,,
0.6546,14.077608108520508,2.4588346219121253e-05,0.5412030925891005,14350,,,,,,,,,
0.6548,7.967376708984375,2.456948896850839e-05,0.5430888176503865,14400,,,,,,,,,
0.6603,11.674714088439941,2.455063171789553e-05,0.5449745427116727,14450,,,,,,,,,
0.7074,11.157413482666016,2.4531774467282673e-05,0.5468602677729587,14500,,,,,,,,,
0.68,8.488752365112305,2.4512917216669812e-05,0.5487459928342447,14550,,,,,,,,,
0.6826,7.130169868469238,2.449405996605695e-05,0.5506317178955308,14600,,,,,,,,,
0.7963,5.905000686645508,2.447520271544409e-05,0.5525174429568169,14650,,,,,,,,,
0.6251,16.795503616333008,2.4456345464831225e-05,0.554403168018103,14700,,,,,,,,,
0.7081,8.616915702819824,2.4437488214218368e-05,0.556288893079389,14750,,,,,,,,,
0.5934,7.571198463439941,2.4418630963605507e-05,0.558174618140675,14800,,,,,,,,,
0.6891,16.74527359008789,2.4399773712992646e-05,0.5600603432019612,14850,,,,,,,,,
0.6436,15.454174995422363,2.4380916462379785e-05,0.5619460682632472,14900,,,,,,,,,
0.6524,3.510953187942505,2.4362059211766924e-05,0.5638317933245333,14950,,,,,,,,,
0.6719,9.836730003356934,2.4343201961154066e-05,0.5657175183858193,15000,,,,,,,,,
,,,0.5657175183858193,15000,0.7197118401527405,267.8006,397.12,24.821,,,,,
0.7153,14.475805282592773,2.4324344710541205e-05,0.5676032434471054,15050,,,,,,,,,
0.6198,20.013124465942383,2.4305487459928344e-05,0.5694889685083915,15100,,,,,,,,,
0.6157,11.494405746459961,2.4286630209315483e-05,0.5713746935696775,15150,,,,,,,,,
0.7038,17.221864700317383,2.4267772958702622e-05,0.5732604186309636,15200,,,,,,,,,
0.7324,13.708863258361816,2.4248915708089764e-05,0.5751461436922497,15250,,,,,,,,,
0.6786,8.683774948120117,2.42300584574769e-05,0.5770318687535357,15300,,,,,,,,,
0.593,5.876288890838623,2.421120120686404e-05,0.5789175938148218,15350,,,,,,,,,
0.678,11.629654884338379,2.4192343956251178e-05,0.5808033188761078,15400,,,,,,,,,
0.6655,20.712337493896484,2.4173486705638317e-05,0.582689043937394,15450,,,,,,,,,
0.6756,12.128775596618652,2.415462945502546e-05,0.58457476899868,15500,,,,,,,,,
0.725,12.846139907836914,2.4135772204412598e-05,0.586460494059966,15550,,,,,,,,,
0.7243,16.027381896972656,2.4116914953799737e-05,0.5883462191212521,15600,,,,,,,,,
0.6432,20.49895477294922,2.4098057703186876e-05,0.5902319441825382,15650,,,,,,,,,
0.6651,12.45113468170166,2.4079200452574015e-05,0.5921176692438243,15700,,,,,,,,,
0.7715,17.850250244140625,2.4060343201961157e-05,0.5940033943051103,15750,,,,,,,,,
0.6746,7.611522674560547,2.4041485951348296e-05,0.5958891193663963,15800,,,,,,,,,
0.6491,17.08588409423828,2.4022628700735435e-05,0.5977748444276825,15850,,,,,,,,,
0.677,11.21676254272461,2.400377145012257e-05,0.5996605694889685,15900,,,,,,,,,
0.6343,16.13495445251465,2.398491419950971e-05,0.6015462945502545,15950,,,,,,,,,
0.668,19.213972091674805,2.3966056948896852e-05,0.6034320196115406,16000,,,,,,,,,
0.741,13.489398002624512,2.394719969828399e-05,0.6053177446728267,16050,,,,,,,,,
0.6802,21.895811080932617,2.392834244767113e-05,0.6072034697341128,16100,,,,,,,,,
0.5905,11.552721977233887,2.390948519705827e-05,0.6090891947953988,16150,,,,,,,,,
0.755,12.912243843078613,2.3890627946445408e-05,0.610974919856685,16200,,,,,,,,,
0.614,10.152294158935547,2.387177069583255e-05,0.612860644917971,16250,,,,,,,,,
0.6361,12.64336109161377,2.385291344521969e-05,0.614746369979257,16300,,,,,,,,,
0.6429,11.129456520080566,2.3834056194606828e-05,0.6166320950405431,16350,,,,,,,,,
0.6775,13.752633094787598,2.3815198943993967e-05,0.6185178201018292,16400,,,,,,,,,
0.6928,17.468353271484375,2.3796341693381103e-05,0.6204035451631152,16450,,,,,,,,,
0.6216,15.448870658874512,2.3777484442768245e-05,0.6222892702244013,16500,,,,,,,,,
0.6326,8.90694522857666,2.3758627192155384e-05,0.6241749952856873,16550,,,,,,,,,
0.6685,13.980244636535645,2.3739769941542523e-05,0.6260607203469735,16600,,,,,,,,,
0.6641,15.091692924499512,2.3720912690929662e-05,0.6279464454082595,16650,,,,,,,,,
0.7443,24.394927978515625,2.37020554403168e-05,0.6298321704695455,16700,,,,,,,,,
0.6554,10.450748443603516,2.3683198189703943e-05,0.6317178955308316,16750,,,,,,,,,
0.6679,9.846589088439941,2.3664340939091082e-05,0.6336036205921177,16800,,,,,,,,,
0.6264,15.168054580688477,2.364548368847822e-05,0.6354893456534038,16850,,,,,,,,,
0.6131,15.80122184753418,2.362662643786536e-05,0.6373750707146898,16900,,,,,,,,,
0.6959,16.401107788085938,2.36077691872525e-05,0.6392607957759758,16950,,,,,,,,,
0.6763,16.996984481811523,2.3588911936639638e-05,0.641146520837262,17000,,,,,,,,,
0.6159,7.409152030944824,2.3570054686026777e-05,0.643032245898548,17050,,,,,,,,,
0.6427,10.609709739685059,2.3551197435413916e-05,0.644917970959834,17100,,,,,,,,,
0.6474,6.856181621551514,2.3532340184801055e-05,0.6468036960211201,17150,,,,,,,,,
0.641,11.098947525024414,2.3513482934188194e-05,0.6486894210824062,17200,,,,,,,,,
0.6799,13.12490463256836,2.3494625683575333e-05,0.6505751461436923,17250,,,,,,,,,
0.6415,17.007604598999023,2.3475768432962476e-05,0.6524608712049783,17300,,,,,,,,,
0.6062,8.399890899658203,2.3456911182349614e-05,0.6543465962662643,17350,,,,,,,,,
0.6303,11.655497550964355,2.3438053931736753e-05,0.6562323213275505,17400,,,,,,,,,
0.603,7.174044132232666,2.3419196681123892e-05,0.6581180463888365,17450,,,,,,,,,
0.6799,6.163719177246094,2.340033943051103e-05,0.6600037714501226,17500,,,,,,,,,
0.6669,7.511083602905273,2.3381482179898174e-05,0.6618894965114086,17550,,,,,,,,,
0.6461,12.849419593811035,2.3362624929285313e-05,0.6637752215726948,17600,,,,,,,,,
0.63,5.742453098297119,2.334376767867245e-05,0.6656609466339808,17650,,,,,,,,,
0.5966,10.107338905334473,2.3324910428059587e-05,0.6675466716952668,17700,,,,,,,,,
0.7182,11.378951072692871,2.3306053177446726e-05,0.6694323967565529,17750,,,,,,,,,
0.617,16.012964248657227,2.328719592683387e-05,0.671318121817839,17800,,,,,,,,,
0.6696,15.171091079711914,2.3268338676221008e-05,0.673203846879125,17850,,,,,,,,,
0.6541,10.656723022460938,2.3249481425608147e-05,0.6750895719404111,17900,,,,,,,,,
0.6089,11.107593536376953,2.3230624174995286e-05,0.6769752970016971,17950,,,,,,,,,
0.7062,11.819462776184082,2.3211766924382424e-05,0.6788610220629833,18000,,,,,,,,,
0.642,13.863940238952637,2.3192909673769567e-05,0.6807467471242693,18050,,,,,,,,,
0.6222,6.6446356773376465,2.3174052423156706e-05,0.6826324721855553,18100,,,,,,,,,
0.708,8.021366119384766,2.3155195172543845e-05,0.6845181972468414,18150,,,,,,,,,
0.6278,6.184963226318359,2.3136337921930984e-05,0.6864039223081275,18200,,,,,,,,,
0.6138,20.95868492126465,2.311748067131812e-05,0.6882896473694136,18250,,,,,,,,,
0.7215,17.79899024963379,2.3098623420705262e-05,0.6901753724306996,18300,,,,,,,,,
0.71,9.323812484741211,2.30797661700924e-05,0.6920610974919856,18350,,,,,,,,,
0.5976,14.478996276855469,2.306090891947954e-05,0.6939468225532718,18400,,,,,,,,,
0.5768,11.054489135742188,2.304205166886668e-05,0.6958325476145578,18450,,,,,,,,,
0.5687,22.261167526245117,2.3023194418253818e-05,0.6977182726758439,18500,,,,,,,,,
0.6217,15.473437309265137,2.300433716764096e-05,0.6996039977371299,18550,,,,,,,,,
0.667,9.69150161743164,2.29854799170281e-05,0.701489722798416,18600,,,,,,,,,
0.6285,11.603557586669922,2.2966622666415238e-05,0.7033754478597021,18650,,,,,,,,,
0.6685,12.335871696472168,2.2947765415802377e-05,0.7052611729209881,18700,,,,,,,,,
0.6674,17.605222702026367,2.2928908165189516e-05,0.7071468979822741,18750,,,,,,,,,
0.6858,12.784810066223145,2.2910050914576658e-05,0.7090326230435603,18800,,,,,,,,,
0.6053,21.83207130432129,2.2891193663963794e-05,0.7109183481048463,18850,,,,,,,,,
0.6339,12.43795108795166,2.2872336413350933e-05,0.7128040731661324,18900,,,,,,,,,
0.6478,13.585448265075684,2.2853479162738072e-05,0.7146897982274184,18950,,,,,,,,,
0.6703,12.373006820678711,2.283462191212521e-05,0.7165755232887046,19000,,,,,,,,,
0.6802,20.815446853637695,2.2815764661512353e-05,0.7184612483499906,19050,,,,,,,,,
0.6082,9.4007568359375,2.2796907410899492e-05,0.7203469734112766,19100,,,,,,,,,
0.6777,11.332128524780273,2.277805016028663e-05,0.7222326984725627,19150,,,,,,,,,
0.6257,8.447290420532227,2.275919290967377e-05,0.7241184235338488,19200,,,,,,,,,
0.6624,6.568514823913574,2.274033565906091e-05,0.7260041485951348,19250,,,,,,,,,
0.6124,3.721688747406006,2.272147840844805e-05,0.7278898736564209,19300,,,,,,,,,
0.6739,14.344472885131836,2.270262115783519e-05,0.7297755987177069,19350,,,,,,,,,
0.7108,19.002735137939453,2.268376390722233e-05,0.7316613237789931,19400,,,,,,,,,
0.6229,8.863664627075195,2.2664906656609465e-05,0.7335470488402791,19450,,,,,,,,,
0.6781,8.405401229858398,2.2646049405996604e-05,0.7354327739015651,19500,,,,,,,,,
0.6459,10.679520606994629,2.2627192155383746e-05,0.7373184989628512,19550,,,,,,,,,
0.6461,9.44124984741211,2.2608334904770885e-05,0.7392042240241373,19600,,,,,,,,,
0.5922,13.83847713470459,2.2589477654158024e-05,0.7410899490854234,19650,,,,,,,,,
0.6446,19.156444549560547,2.2570620403545163e-05,0.7429756741467094,19700,,,,,,,,,
0.6849,11.210891723632812,2.2551763152932302e-05,0.7448613992079954,19750,,,,,,,,,
0.5679,12.846918106079102,2.2532905902319444e-05,0.7467471242692816,19800,,,,,,,,,
0.6797,10.67595386505127,2.2514048651706583e-05,0.7486328493305676,19850,,,,,,,,,
0.6277,14.673971176147461,2.2495191401093722e-05,0.7505185743918537,19900,,,,,,,,,
0.6563,7.692931175231934,2.247633415048086e-05,0.7524042994531397,19950,,,,,,,,,
0.5983,11.315847396850586,2.2457476899868e-05,0.7542900245144258,20000,,,,,,,,,
,,,0.7542900245144258,20000,0.6840211153030396,267.6186,397.39,24.838,,,,,
0.6485,7.327879428863525,2.243861964925514e-05,0.7561757495757119,20050,,,,,,,,,
0.6227,11.44501781463623,2.2419762398642278e-05,0.7580614746369979,20100,,,,,,,,,
0.623,12.943571090698242,2.2400905148029417e-05,0.759947199698284,20150,,,,,,,,,
0.6671,9.862967491149902,2.2382047897416556e-05,0.7618329247595701,20200,,,,,,,,,
0.5599,12.261895179748535,2.2363190646803695e-05,0.7637186498208561,20250,,,,,,,,,
0.6527,11.802205085754395,2.2344333396190837e-05,0.7656043748821422,20300,,,,,,,,,
0.6932,5.607439041137695,2.2325476145577976e-05,0.7674900999434282,20350,,,,,,,,,
0.5701,7.991982460021973,2.2306618894965115e-05,0.7693758250047144,20400,,,,,,,,,
0.6468,18.25153923034668,2.2287761644352254e-05,0.7712615500660004,20450,,,,,,,,,
0.6382,12.24052619934082,2.2268904393739393e-05,0.7731472751272864,20500,,,,,,,,,
0.6254,10.77984619140625,2.2250047143126532e-05,0.7750330001885725,20550,,,,,,,,,
0.5823,6.728852272033691,2.2231189892513675e-05,0.7769187252498586,20600,,,,,,,,,
0.5643,13.12057876586914,2.221233264190081e-05,0.7788044503111446,20650,,,,,,,,,
0.6133,9.778989791870117,2.219347539128795e-05,0.7806901753724307,20700,,,,,,,,,
0.6178,9.675731658935547,2.2174618140675088e-05,0.7825759004337167,20750,,,,,,,,,
0.671,13.014013290405273,2.2155760890062227e-05,0.7844616254950029,20800,,,,,,,,,
0.6015,9.790544509887695,2.213690363944937e-05,0.7863473505562889,20850,,,,,,,,,
0.6145,15.567296981811523,2.211804638883651e-05,0.7882330756175749,20900,,,,,,,,,
0.6043,19.149099349975586,2.2099189138223647e-05,0.790118800678861,20950,,,,,,,,,
0.651,8.443519592285156,2.2080331887610786e-05,0.7920045257401471,21000,,,,,,,,,
0.6088,7.409700393676758,2.2061474636997925e-05,0.7938902508014332,21050,,,,,,,,,
0.6243,12.372962951660156,2.2042617386385068e-05,0.7957759758627192,21100,,,,,,,,,
0.6357,8.079248428344727,2.2023760135772207e-05,0.7976617009240052,21150,,,,,,,,,
0.6404,12.545001029968262,2.2004902885159346e-05,0.7995474259852914,21200,,,,,,,,,
0.5766,9.860889434814453,2.198604563454648e-05,0.8014331510465774,21250,,,,,,,,,
0.6314,8.655746459960938,2.196718838393362e-05,0.8033188761078635,21300,,,,,,,,,
0.559,9.549315452575684,2.1948331133320763e-05,0.8052046011691495,21350,,,,,,,,,
0.6123,8.78415584564209,2.19294738827079e-05,0.8070903262304356,21400,,,,,,,,,
0.7134,9.030012130737305,2.191061663209504e-05,0.8089760512917217,21450,,,,,,,,,
0.6504,12.832194328308105,2.189175938148218e-05,0.8108617763530077,21500,,,,,,,,,
0.6476,4.059242248535156,2.187290213086932e-05,0.8127475014142937,21550,,,,,,,,,
0.6285,4.822299003601074,2.185404488025646e-05,0.8146332264755799,21600,,,,,,,,,
0.5817,8.326170921325684,2.18351876296436e-05,0.8165189515368659,21650,,,,,,,,,
0.5954,13.760713577270508,2.181633037903074e-05,0.818404676598152,21700,,,,,,,,,
0.5745,8.859884262084961,2.1797473128417878e-05,0.820290401659438,21750,,,,,,,,,
0.6113,11.563008308410645,2.1778615877805017e-05,0.8221761267207242,21800,,,,,,,,,
0.5812,15.517757415771484,2.1759758627192156e-05,0.8240618517820102,21850,,,,,,,,,
0.6937,5.185214519500732,2.1740901376579295e-05,0.8259475768432962,21900,,,,,,,,,
0.5388,15.764866828918457,2.1722044125966434e-05,0.8278333019045823,21950,,,,,,,,,
0.6272,13.59255599975586,2.1703186875353573e-05,0.8297190269658684,22000,,,,,,,,,
0.6211,15.860260963439941,2.168432962474071e-05,0.8316047520271544,22050,,,,,,,,,
0.6819,15.162927627563477,2.1665472374127854e-05,0.8334904770884405,22100,,,,,,,,,
0.6186,8.911548614501953,2.1646615123514993e-05,0.8353762021497265,22150,,,,,,,,,
0.6282,16.461158752441406,2.1627757872902132e-05,0.8372619272110127,22200,,,,,,,,,
0.6285,7.718729496002197,2.160890062228927e-05,0.8391476522722987,22250,,,,,,,,,
0.6333,12.331032752990723,2.159004337167641e-05,0.8410333773335847,22300,,,,,,,,,
0.5585,18.126014709472656,2.1571186121063552e-05,0.8429191023948708,22350,,,,,,,,,
0.5548,24.81254005432129,2.155232887045069e-05,0.8448048274561569,22400,,,,,,,,,
0.6045,19.972036361694336,2.1533471619837827e-05,0.846690552517443,22450,,,,,,,,,
0.5747,10.327999114990234,2.1514614369224966e-05,0.848576277578729,22500,,,,,,,,,
0.6878,8.107245445251465,2.1495757118612105e-05,0.850462002640015,22550,,,,,,,,,
0.6133,8.967415809631348,2.1476899867999247e-05,0.8523477277013012,22600,,,,,,,,,
0.6034,16.515207290649414,2.1458042617386386e-05,0.8542334527625872,22650,,,,,,,,,
0.6064,13.216676712036133,2.1439185366773525e-05,0.8561191778238733,22700,,,,,,,,,
0.5946,17.525163650512695,2.1420328116160664e-05,0.8580049028851593,22750,,,,,,,,,
0.6379,11.245560646057129,2.1401470865547803e-05,0.8598906279464454,22800,,,,,,,,,
0.5947,9.18358039855957,2.1382613614934945e-05,0.8617763530077315,22850,,,,,,,,,
0.6029,14.751819610595703,2.1363756364322084e-05,0.8636620780690175,22900,,,,,,,,,
0.6142,6.206406116485596,2.1344899113709223e-05,0.8655478031303036,22950,,,,,,,,,
0.5802,14.43863582611084,2.1326041863096362e-05,0.8674335281915897,23000,,,,,,,,,
0.6406,11.283513069152832,2.1307184612483498e-05,0.8693192532528757,23050,,,,,,,,,
0.5977,6.931623935699463,2.128832736187064e-05,0.8712049783141618,23100,,,,,,,,,
0.6696,13.573650360107422,2.126947011125778e-05,0.8730907033754478,23150,,,,,,,,,
0.5981,7.214661121368408,2.1250612860644918e-05,0.874976428436734,23200,,,,,,,,,
0.6247,8.754706382751465,2.1231755610032057e-05,0.87686215349802,23250,,,,,,,,,
0.6567,13.63093090057373,2.1212898359419196e-05,0.878747878559306,23300,,,,,,,,,
0.6527,14.305315017700195,2.119404110880634e-05,0.8806336036205921,23350,,,,,,,,,
0.5526,17.1904239654541,2.1175183858193477e-05,0.8825193286818782,23400,,,,,,,,,
0.6216,7.7847771644592285,2.1156326607580616e-05,0.8844050537431642,23450,,,,,,,,,
0.683,9.924653053283691,2.1137469356967755e-05,0.8862907788044503,23500,,,,,,,,,
0.5972,13.53151798248291,2.1118612106354894e-05,0.8881765038657363,23550,,,,,,,,,
0.6717,10.77249813079834,2.1099754855742037e-05,0.8900622289270225,23600,,,,,,,,,
0.6039,11.475775718688965,2.1080897605129172e-05,0.8919479539883085,23650,,,,,,,,,
0.666,5.436789512634277,2.106204035451631e-05,0.8938336790495945,23700,,,,,,,,,
0.6192,11.478095054626465,2.104318310390345e-05,0.8957194041108806,23750,,,,,,,,,
0.5772,8.729846954345703,2.102432585329059e-05,0.8976051291721667,23800,,,,,,,,,
0.6122,15.956729888916016,2.100546860267773e-05,0.8994908542334528,23850,,,,,,,,,
0.6128,7.30129861831665,2.098661135206487e-05,0.9013765792947388,23900,,,,,,,,,
0.6689,11.323068618774414,2.096775410145201e-05,0.9032623043560248,23950,,,,,,,,,
0.6281,6.974640846252441,2.094889685083915e-05,0.905148029417311,24000,,,,,,,,,
0.6014,11.794687271118164,2.0930039600226287e-05,0.907033754478597,24050,,,,,,,,,
0.6172,13.286462783813477,2.0911182349613426e-05,0.9089194795398831,24100,,,,,,,,,
0.695,16.609188079833984,2.089232509900057e-05,0.9108052046011692,24150,,,,,,,,,
0.6861,22.312942504882812,2.0873467848387704e-05,0.9126909296624552,24200,,,,,,,,,
0.5166,5.149763584136963,2.0854610597774843e-05,0.9145766547237413,24250,,,,,,,,,
0.6231,14.754182815551758,2.0835753347161982e-05,0.9164623797850273,24300,,,,,,,,,
0.6525,20.281986236572266,2.081689609654912e-05,0.9183481048463135,24350,,,,,,,,,
0.6081,7.053766250610352,2.0798038845936264e-05,0.9202338299075995,24400,,,,,,,,,
0.6963,6.009342193603516,2.0779181595323403e-05,0.9221195549688855,24450,,,,,,,,,
0.616,9.234939575195312,2.076032434471054e-05,0.9240052800301716,24500,,,,,,,,,
0.6187,7.207053184509277,2.074146709409768e-05,0.9258910050914577,24550,,,,,,,,,
0.6256,13.82894229888916,2.072260984348482e-05,0.9277767301527438,24600,,,,,,,,,
0.5713,12.0900239944458,2.0703752592871962e-05,0.9296624552140298,24650,,,,,,,,,
0.6003,11.106609344482422,2.06848953422591e-05,0.9315481802753158,24700,,,,,,,,,
0.6062,10.956347465515137,2.066603809164624e-05,0.933433905336602,24750,,,,,,,,,
0.6339,6.920825958251953,2.0647180841033375e-05,0.935319630397888,24800,,,,,,,,,
0.6169,15.460138320922852,2.0628323590420514e-05,0.937205355459174,24850,,,,,,,,,
0.5991,14.493098258972168,2.0609466339807657e-05,0.9390910805204601,24900,,,,,,,,,
0.5869,8.196950912475586,2.0590609089194796e-05,0.9409768055817462,24950,,,,,,,,,
0.5586,15.615877151489258,2.0571751838581935e-05,0.9428625306430323,25000,,,,,,,,,
,,,0.9428625306430323,25000,0.6771092414855957,267.612,397.4,24.838,,,,,
0.6205,6.510567665100098,2.0552894587969074e-05,0.9447482557043183,25050,,,,,,,,,
0.6282,21.0753116607666,2.0534037337356213e-05,0.9466339807656043,25100,,,,,,,,,
0.6324,12.66659164428711,2.0515180086743355e-05,0.9485197058268905,25150,,,,,,,,,
0.5997,10.161904335021973,2.0496322836130494e-05,0.9504054308881765,25200,,,,,,,,,
0.5722,11.451000213623047,2.0477465585517633e-05,0.9522911559494626,25250,,,,,,,,,
0.6091,8.18070125579834,2.0458608334904772e-05,0.9541768810107486,25300,,,,,,,,,
0.6112,8.36327075958252,2.043975108429191e-05,0.9560626060720347,25350,,,,,,,,,
0.5242,21.654863357543945,2.042089383367905e-05,0.9579483311333208,25400,,,,,,,,,
0.5709,27.012794494628906,2.040203658306619e-05,0.9598340561946068,25450,,,,,,,,,
0.6174,5.604508876800537,2.0383179332453328e-05,0.9617197812558929,25500,,,,,,,,,
0.6246,8.109504699707031,2.0364322081840467e-05,0.963605506317179,25550,,,,,,,,,
0.627,3.8002662658691406,2.0345464831227606e-05,0.965491231378465,25600,,,,,,,,,
0.6712,10.077080726623535,2.0326607580614748e-05,0.9673769564397511,25650,,,,,,,,,
0.6148,7.335730075836182,2.0307750330001887e-05,0.9692626815010371,25700,,,,,,,,,
0.559,10.712261199951172,2.0288893079389026e-05,0.9711484065623233,25750,,,,,,,,,
0.6102,13.206241607666016,2.0270035828776165e-05,0.9730341316236093,25800,,,,,,,,,
0.6185,7.355842590332031,2.0251178578163304e-05,0.9749198566848953,25850,,,,,,,,,
0.6225,5.830240249633789,2.0232321327550446e-05,0.9768055817461814,25900,,,,,,,,,
0.5286,11.15311050415039,2.0213464076937585e-05,0.9786913068074675,25950,,,,,,,,,
0.5551,26.049144744873047,2.019460682632472e-05,0.9805770318687536,26000,,,,,,,,,
0.6227,10.504475593566895,2.017574957571186e-05,0.9824627569300396,26050,,,,,,,,,
0.6587,8.068163871765137,2.0156892325099e-05,0.9843484819913256,26100,,,,,,,,,
0.5836,18.49884605407715,2.013803507448614e-05,0.9862342070526118,26150,,,,,,,,,
0.6063,12.07567024230957,2.011917782387328e-05,0.9881199321138978,26200,,,,,,,,,
0.6259,14.653189659118652,2.010032057326042e-05,0.9900056571751839,26250,,,,,,,,,
0.5996,13.163016319274902,2.0081463322647558e-05,0.9918913822364699,26300,,,,,,,,,
0.6272,12.238279342651367,2.0062606072034697e-05,0.993777107297756,26350,,,,,,,,,
0.5532,12.861855506896973,2.004374882142184e-05,0.9956628323590421,26400,,,,,,,,,
0.6268,17.318994522094727,2.002489157080898e-05,0.9975485574203281,26450,,,,,,,,,
0.6098,8.624279022216797,2.0006034320196117e-05,0.9994342824816141,26500,,,,,,,,,
0.4557,8.332481384277344,1.9987177069583256e-05,1.0013200075429003,26550,,,,,,,,,
0.4904,16.578861236572266,1.9968319818970392e-05,1.0032057326041863,26600,,,,,,,,,
0.4535,12.408376693725586,1.9949462568357534e-05,1.0050914576654724,26650,,,,,,,,,
0.4764,8.06342887878418,1.9930605317744673e-05,1.0069771827267584,26700,,,,,,,,,
0.4343,20.6694278717041,1.9911748067131812e-05,1.0088629077880444,26750,,,,,,,,,
0.4379,15.183384895324707,1.989289081651895e-05,1.0107486328493305,26800,,,,,,,,,
0.4518,13.529932022094727,1.987403356590609e-05,1.0126343579106167,26850,,,,,,,,,
0.3959,13.215662956237793,1.9855176315293232e-05,1.0145200829719028,26900,,,,,,,,,
0.4656,5.198070526123047,1.983631906468037e-05,1.0164058080331888,26950,,,,,,,,,
0.3673,3.9535272121429443,1.981746181406751e-05,1.0182915330944748,27000,,,,,,,,,
0.4978,9.071534156799316,1.979860456345465e-05,1.0201772581557609,27050,,,,,,,,,
0.4546,7.5489606857299805,1.977974731284179e-05,1.022062983217047,27100,,,,,,,,,
0.4636,15.313223838806152,1.976089006222893e-05,1.023948708278333,27150,,,,,,,,,
0.4449,5.1109771728515625,1.9742032811616066e-05,1.025834433339619,27200,,,,,,,,,
0.4501,8.116072654724121,1.9723175561003205e-05,1.0277201584009052,27250,,,,,,,,,
0.4067,14.166760444641113,1.9704318310390344e-05,1.0296058834621913,27300,,,,,,,,,
0.5235,13.53502368927002,1.9685461059777483e-05,1.0314916085234773,27350,,,,,,,,,
0.4044,4.948703289031982,1.9666603809164626e-05,1.0333773335847634,27400,,,,,,,,,
0.4732,4.311394691467285,1.9647746558551765e-05,1.0352630586460494,27450,,,,,,,,,
0.3932,11.022913932800293,1.9628889307938903e-05,1.0371487837073354,27500,,,,,,,,,
0.3804,35.838096618652344,1.9610032057326042e-05,1.0390345087686215,27550,,,,,,,,,
0.4386,10.260957717895508,1.959117480671318e-05,1.0409202338299075,27600,,,,,,,,,
0.4137,10.174277305603027,1.957231755610032e-05,1.0428059588911938,27650,,,,,,,,,
0.4815,19.347042083740234,1.9553460305487463e-05,1.0446916839524798,27700,,,,,,,,,
0.4541,9.57170581817627,1.9534603054874602e-05,1.0465774090137658,27750,,,,,,,,,
0.421,5.684070110321045,1.9515745804261737e-05,1.0484631340750519,27800,,,,,,,,,
0.4501,13.556710243225098,1.9496888553648876e-05,1.050348859136338,27850,,,,,,,,,
0.4287,11.604299545288086,1.9478031303036015e-05,1.052234584197624,27900,,,,,,,,,
0.432,12.919760704040527,1.9459174052423158e-05,1.05412030925891,27950,,,,,,,,,
0.4757,9.754121780395508,1.9440316801810297e-05,1.056006034320196,28000,,,,,,,,,
0.4574,8.060519218444824,1.9421459551197436e-05,1.0578917593814823,28050,,,,,,,,,
0.4353,8.931105613708496,1.9402602300584575e-05,1.0597774844427683,28100,,,,,,,,,
0.4059,5.016092300415039,1.9383745049971714e-05,1.0616632095040544,28150,,,,,,,,,
0.4023,20.18780517578125,1.9364887799358856e-05,1.0635489345653404,28200,,,,,,,,,
0.4334,16.27083969116211,1.9346030548745995e-05,1.0654346596266264,28250,,,,,,,,,
0.4331,13.117203712463379,1.9327173298133134e-05,1.0673203846879125,28300,,,,,,,,,
0.5157,19.72481918334961,1.9308316047520273e-05,1.0692061097491985,28350,,,,,,,,,
0.4317,8.462240219116211,1.928945879690741e-05,1.0710918348104845,28400,,,,,,,,,
0.4805,7.437895774841309,1.927060154629455e-05,1.0729775598717708,28450,,,,,,,,,
0.4238,14.35063362121582,1.925174429568169e-05,1.0748632849330568,28500,,,,,,,,,
0.433,20.71901512145996,1.923288704506883e-05,1.0767490099943429,28550,,,,,,,,,
0.4468,3.4944446086883545,1.9214029794455968e-05,1.078634735055629,28600,,,,,,,,,
0.4453,14.84394359588623,1.9195172543843107e-05,1.080520460116915,28650,,,,,,,,,
0.4473,16.633281707763672,1.917631529323025e-05,1.082406185178201,28700,,,,,,,,,
0.4202,7.2794575691223145,1.9157458042617388e-05,1.084291910239487,28750,,,,,,,,,
0.4409,20.799657821655273,1.9138600792004527e-05,1.086177635300773,28800,,,,,,,,,
0.4406,12.321531295776367,1.9119743541391666e-05,1.0880633603620593,28850,,,,,,,,,
0.449,9.168607711791992,1.9100886290778805e-05,1.0899490854233453,28900,,,,,,,,,
0.4432,16.06416130065918,1.9082029040165947e-05,1.0918348104846314,28950,,,,,,,,,
0.3901,9.10831356048584,1.9063171789553083e-05,1.0937205355459174,29000,,,,,,,,,
0.458,15.553400993347168,1.9044314538940222e-05,1.0956062606072035,29050,,,,,,,,,
0.4966,19.947832107543945,1.902545728832736e-05,1.0974919856684895,29100,,,,,,,,,
0.4511,9.321602821350098,1.90066000377145e-05,1.0993777107297755,29150,,,,,,,,,
0.491,13.202832221984863,1.8987742787101642e-05,1.1012634357910616,29200,,,,,,,,,
0.4425,5.480841636657715,1.896888553648878e-05,1.1031491608523478,29250,,,,,,,,,
0.4301,9.985930442810059,1.895002828587592e-05,1.1050348859136339,29300,,,,,,,,,
0.4769,4.826467990875244,1.893117103526306e-05,1.10692061097492,29350,,,,,,,,,
0.4916,11.818649291992188,1.8912313784650198e-05,1.108806336036206,29400,,,,,,,,,
0.4534,17.874771118164062,1.889345653403734e-05,1.110692061097492,29450,,,,,,,,,
0.4109,21.4679012298584,1.887459928342448e-05,1.112577786158778,29500,,,,,,,,,
0.375,8.756144523620605,1.8855742032811618e-05,1.114463511220064,29550,,,,,,,,,
0.3719,12.348581314086914,1.8836884782198754e-05,1.11634923628135,29600,,,,,,,,,
0.4644,7.507832050323486,1.8818027531585893e-05,1.1182349613426363,29650,,,,,,,,,
0.4676,16.798946380615234,1.8799170280973035e-05,1.1201206864039224,29700,,,,,,,,,
0.3904,15.48294448852539,1.8780313030360174e-05,1.1220064114652084,29750,,,,,,,,,
0.4174,20.43035125732422,1.8761455779747313e-05,1.1238921365264944,29800,,,,,,,,,
0.418,6.751698970794678,1.8742598529134452e-05,1.1257778615877805,29850,,,,,,,,,
0.4069,11.149846076965332,1.872374127852159e-05,1.1276635866490665,29900,,,,,,,,,
0.4277,6.816336154937744,1.8704884027908733e-05,1.1295493117103526,29950,,,,,,,,,
0.4295,26.531381607055664,1.8686026777295872e-05,1.1314350367716388,30000,,,,,,,,,
,,,1.1314350367716388,30000,0.7085036039352417,267.4691,397.612,24.851,,,,,
0.4672,17.41950798034668,1.866716952668301e-05,1.1333207618329249,30050,,,,,,,,,
0.4207,14.697875022888184,1.864831227607015e-05,1.1352064868942109,30100,,,,,,,,,
0.4972,16.258398056030273,1.862945502545729e-05,1.137092211955497,30150,,,,,,,,,
0.4706,15.8258695602417,1.8610597774844428e-05,1.138977937016783,30200,,,,,,,,,
0.5406,5.389402389526367,1.8591740524231567e-05,1.140863662078069,30250,,,,,,,,,
0.3679,6.324605464935303,1.8572883273618706e-05,1.142749387139355,30300,,,,,,,,,
0.4936,13.655436515808105,1.8554026023005845e-05,1.144635112200641,30350,,,,,,,,,
0.3817,3.502384662628174,1.8535168772392984e-05,1.146520837261927,30400,,,,,,,,,
0.4691,18.929527282714844,1.8516311521780126e-05,1.1484065623232134,30450,,,,,,,,,
0.445,8.728038787841797,1.8497454271167265e-05,1.1502922873844994,30500,,,,,,,,,
0.4677,8.675613403320312,1.8478597020554404e-05,1.1521780124457854,30550,,,,,,,,,
0.4275,19.511165618896484,1.8459739769941543e-05,1.1540637375070715,30600,,,,,,,,,
0.4074,17.039640426635742,1.8440882519328682e-05,1.1559494625683575,30650,,,,,,,,,
0.4657,13.751558303833008,1.8422025268715825e-05,1.1578351876296435,30700,,,,,,,,,
0.3898,22.02522087097168,1.8403168018102964e-05,1.1597209126909296,30750,,,,,,,,,
0.4516,13.51291561126709,1.83843107674901e-05,1.1616066377522158,30800,,,,,,,,,
0.4348,15.407309532165527,1.8365453516877238e-05,1.1634923628135019,30850,,,,,,,,,
0.4319,20.100784301757812,1.8346596266264377e-05,1.165378087874788,30900,,,,,,,,,
0.3724,3.0806663036346436,1.8327739015651516e-05,1.167263812936074,30950,,,,,,,,,
0.4554,12.724811553955078,1.830888176503866e-05,1.16914953799736,31000,,,,,,,,,
0.4153,12.201732635498047,1.8290024514425798e-05,1.171035263058646,31050,,,,,,,,,
0.4331,6.353348255157471,1.8271167263812936e-05,1.172920988119932,31100,,,,,,,,,
0.4833,6.594463348388672,1.8252310013200075e-05,1.174806713181218,31150,,,,,,,,,
0.3911,12.983046531677246,1.8233452762587214e-05,1.1766924382425041,31200,,,,,,,,,
0.4009,13.366499900817871,1.8214595511974357e-05,1.1785781633037904,31250,,,,,,,,,
0.4909,22.632625579833984,1.8195738261361496e-05,1.1804638883650764,31300,,,,,,,,,
0.4682,8.721274375915527,1.8176881010748635e-05,1.1823496134263625,31350,,,,,,,,,
0.3938,7.630197048187256,1.815802376013577e-05,1.1842353384876485,31400,,,,,,,,,
0.4162,15.119080543518066,1.813916650952291e-05,1.1861210635489345,31450,,,,,,,,,
0.4255,9.10130786895752,1.812030925891005e-05,1.1880067886102206,31500,,,,,,,,,
0.3988,26.906551361083984,1.810145200829719e-05,1.1898925136715066,31550,,,,,,,,,
0.4303,16.985403060913086,1.808259475768433e-05,1.1917782387327929,31600,,,,,,,,,
0.4328,12.96433162689209,1.806373750707147e-05,1.193663963794079,31650,,,,,,,,,
0.4881,16.389419555664062,1.8044880256458608e-05,1.195549688855365,31700,,,,,,,,,
0.3626,20.077791213989258,1.802602300584575e-05,1.197435413916651,31750,,,,,,,,,
0.4652,5.742906093597412,1.800716575523289e-05,1.199321138977937,31800,,,,,,,,,
0.4444,17.63166046142578,1.7988308504620028e-05,1.201206864039223,31850,,,,,,,,,
0.445,17.079526901245117,1.7969451254007167e-05,1.203092589100509,31900,,,,,,,,,
0.3899,8.072285652160645,1.7950594003394306e-05,1.2049783141617951,31950,,,,,,,,,
0.4349,18.538320541381836,1.7931736752781445e-05,1.2068640392230812,32000,,,,,,,,,
0.3804,7.623472690582275,1.7912879502168584e-05,1.2087497642843674,32050,,,,,,,,,
0.467,30.677461624145508,1.7894022251555723e-05,1.2106354893456535,32100,,,,,,,,,
0.4226,10.371086120605469,1.787516500094286e-05,1.2125212144069395,32150,,,,,,,,,
0.4021,8.845542907714844,1.785630775033e-05,1.2144069394682255,32200,,,,,,,,,
0.4259,21.197465896606445,1.7837450499717143e-05,1.2162926645295116,32250,,,,,,,,,
0.388,15.402588844299316,1.7818593249104282e-05,1.2181783895907976,32300,,,,,,,,,
0.4502,6.8576178550720215,1.779973599849142e-05,1.2200641146520836,32350,,,,,,,,,
0.4292,9.522639274597168,1.778087874787856e-05,1.22194983971337,32400,,,,,,,,,
0.4425,19.433876037597656,1.77620214972657e-05,1.223835564774656,32450,,,,,,,,,
0.4344,13.780461311340332,1.774316424665284e-05,1.225721289835942,32500,,,,,,,,,
0.4239,6.604213714599609,1.7724306996039977e-05,1.227607014897228,32550,,,,,,,,,
0.4566,9.641667366027832,1.7705449745427116e-05,1.229492739958514,32600,,,,,,,,,
0.4864,19.614181518554688,1.7686592494814255e-05,1.2313784650198,32650,,,,,,,,,
0.4192,12.26210880279541,1.7667735244201394e-05,1.2332641900810861,32700,,,,,,,,,
0.4496,9.293039321899414,1.7648877993588536e-05,1.2351499151423722,32750,,,,,,,,,
0.4499,16.140777587890625,1.7630020742975675e-05,1.2370356402036582,32800,,,,,,,,,
0.5143,20.67782974243164,1.7611163492362814e-05,1.2389213652649445,32850,,,,,,,,,
0.4073,9.394009590148926,1.7592306241749953e-05,1.2408070903262305,32900,,,,,,,,,
0.4389,15.559812545776367,1.7573448991137092e-05,1.2426928153875165,32950,,,,,,,,,
0.3938,13.390595436096191,1.7554591740524234e-05,1.2445785404488026,33000,,,,,,,,,
0.4296,8.414498329162598,1.7535734489911373e-05,1.2464642655100886,33050,,,,,,,,,
0.4735,7.820598125457764,1.7516877239298512e-05,1.2483499905713746,33100,,,,,,,,,
0.4647,14.112140655517578,1.7498019988685648e-05,1.2502357156326607,33150,,,,,,,,,
0.4248,5.471165180206299,1.7479162738072787e-05,1.252121440693947,33200,,,,,,,,,
0.4465,11.044551849365234,1.746030548745993e-05,1.254007165755233,33250,,,,,,,,,
0.4185,8.55140209197998,1.7441448236847068e-05,1.255892890816519,33300,,,,,,,,,
0.4187,10.155981063842773,1.7422590986234207e-05,1.257778615877805,33350,,,,,,,,,
0.4854,10.078692436218262,1.7403733735621346e-05,1.259664340939091,33400,,,,,,,,,
0.4186,14.888620376586914,1.7384876485008485e-05,1.2615500660003771,33450,,,,,,,,,
0.4084,17.888900756835938,1.7366019234395627e-05,1.2634357910616631,33500,,,,,,,,,
0.4131,11.850065231323242,1.7347161983782766e-05,1.2653215161229494,33550,,,,,,,,,
0.4164,7.538728713989258,1.7328304733169905e-05,1.2672072411842352,33600,,,,,,,,,
0.3858,10.33759593963623,1.7309447482557044e-05,1.2690929662455215,33650,,,,,,,,,
0.4244,19.08758544921875,1.7290590231944183e-05,1.2709786913068075,33700,,,,,,,,,
0.4079,14.524514198303223,1.7271732981331322e-05,1.2728644163680936,33750,,,,,,,,,
0.3791,15.454999923706055,1.725287573071846e-05,1.2747501414293796,33800,,,,,,,,,
0.4513,16.247695922851562,1.72340184801056e-05,1.2766358664906656,33850,,,,,,,,,
0.3432,29.48651885986328,1.721516122949274e-05,1.2785215915519517,33900,,,,,,,,,
0.4231,19.133880615234375,1.7196303978879878e-05,1.2804073166132377,33950,,,,,,,,,
0.4385,5.359116077423096,1.717744672826702e-05,1.282293041674524,34000,,,,,,,,,
0.4308,15.238744735717773,1.715858947765416e-05,1.28417876673581,34050,,,,,,,,,
0.4452,10.235154151916504,1.71397322270413e-05,1.286064491797096,34100,,,,,,,,,
0.4047,7.8180036544799805,1.7120874976428437e-05,1.287950216858382,34150,,,,,,,,,
0.4389,12.920382499694824,1.7102017725815576e-05,1.289835941919668,34200,,,,,,,,,
0.4209,22.686996459960938,1.7083160475202715e-05,1.2917216669809541,34250,,,,,,,,,
0.387,13.272871017456055,1.7064303224589858e-05,1.2936073920422402,34300,,,,,,,,,
0.4251,14.719683647155762,1.7045445973976993e-05,1.2954931171035264,34350,,,,,,,,,
0.3975,6.043992519378662,1.7026588723364132e-05,1.2973788421648123,34400,,,,,,,,,
0.4198,11.564380645751953,1.700773147275127e-05,1.2992645672260985,34450,,,,,,,,,
0.4439,21.068044662475586,1.698887422213841e-05,1.3011502922873845,34500,,,,,,,,,
0.4343,11.186992645263672,1.6970016971525553e-05,1.3030360173486706,34550,,,,,,,,,
0.4573,7.784831523895264,1.695115972091269e-05,1.3049217424099566,34600,,,,,,,,,
0.4053,13.872641563415527,1.693230247029983e-05,1.3068074674712427,34650,,,,,,,,,
0.4502,8.861248016357422,1.691344521968697e-05,1.3086931925325287,34700,,,,,,,,,
0.4209,6.013879299163818,1.689458796907411e-05,1.3105789175938147,34750,,,,,,,,,
0.451,20.627641677856445,1.687573071846125e-05,1.312464642655101,34800,,,,,,,,,
0.3823,10.253744125366211,1.685687346784839e-05,1.314350367716387,34850,,,,,,,,,
0.4562,10.473182678222656,1.683801621723553e-05,1.316236092777673,34900,,,,,,,,,
0.4455,9.858888626098633,1.6819158966622664e-05,1.318121817838959,34950,,,,,,,,,
0.4314,7.143075466156006,1.6800301716009803e-05,1.3200075429002451,35000,,,,,,,,,
,,,1.3200075429002451,35000,0.7126814126968384,269.2581,394.97,24.686,,,,,
0.3651,11.660969734191895,1.6781444465396946e-05,1.3218932679615312,35050,,,,,,,,,
0.4056,9.098490715026855,1.6762587214784085e-05,1.3237789930228172,35100,,,,,,,,,
0.4142,14.997970581054688,1.6743729964171224e-05,1.3256647180841035,35150,,,,,,,,,
0.4498,13.690754890441895,1.6724872713558363e-05,1.3275504431453893,35200,,,,,,,,,
0.4752,5.935079097747803,1.67060154629455e-05,1.3294361682066755,35250,,,,,,,,,
0.4029,23.845510482788086,1.6687158212332644e-05,1.3313218932679616,35300,,,,,,,,,
0.484,16.0183162689209,1.6668300961719783e-05,1.3332076183292476,35350,,,,,,,,,
0.4494,14.11532974243164,1.6649443711106922e-05,1.3350933433905336,35400,,,,,,,,,
0.399,8.072943687438965,1.663058646049406e-05,1.3369790684518197,35450,,,,,,,,,
0.3539,8.826922416687012,1.66117292098812e-05,1.3388647935131057,35500,,,,,,,,,
0.3957,3.311058759689331,1.659287195926834e-05,1.3407505185743918,35550,,,,,,,,,
0.4137,21.004024505615234,1.6574014708655478e-05,1.342636243635678,35600,,,,,,,,,
0.4113,24.107702255249023,1.6555157458042617e-05,1.344521968696964,35650,,,,,,,,,
0.4427,22.367046356201172,1.6536300207429756e-05,1.34640769375825,35700,,,,,,,,,
0.451,16.318361282348633,1.6517442956816895e-05,1.3482934188195361,35750,,,,,,,,,
0.4194,9.155854225158691,1.6498585706204037e-05,1.3501791438808222,35800,,,,,,,,,
0.4091,18.777551651000977,1.6479728455591176e-05,1.3520648689421082,35850,,,,,,,,,
0.4324,13.26832103729248,1.6460871204978315e-05,1.3539505940033942,35900,,,,,,,,,
0.3682,9.301634788513184,1.6442013954365454e-05,1.3558363190646805,35950,,,,,,,,,
0.4496,18.235830307006836,1.6423156703752593e-05,1.3577220441259663,36000,,,,,,,,,
0.4352,8.178510665893555,1.6404299453139735e-05,1.3596077691872526,36050,,,,,,,,,
0.3987,12.778970718383789,1.6385442202526874e-05,1.3614934942485386,36100,,,,,,,,,
0.4031,7.307038307189941,1.636658495191401e-05,1.3633792193098246,36150,,,,,,,,,
0.4904,14.472366333007812,1.634772770130115e-05,1.3652649443711107,36200,,,,,,,,,
0.4088,16.33516502380371,1.6328870450688288e-05,1.3671506694323967,36250,,,,,,,,,
0.4267,14.115439414978027,1.631001320007543e-05,1.3690363944936828,36300,,,,,,,,,
0.3706,11.65656566619873,1.629115594946257e-05,1.3709221195549688,36350,,,,,,,,,
0.4314,7.322463512420654,1.6272298698849708e-05,1.372807844616255,36400,,,,,,,,,
0.4539,16.39179229736328,1.6253441448236847e-05,1.374693569677541,36450,,,,,,,,,
0.3957,9.071698188781738,1.6234584197623986e-05,1.3765792947388271,36500,,,,,,,,,
0.4238,22.981042861938477,1.621572694701113e-05,1.3784650198001132,36550,,,,,,,,,
0.422,12.043874740600586,1.6196869696398267e-05,1.3803507448613992,36600,,,,,,,,,
0.3941,8.634428024291992,1.6178012445785406e-05,1.3822364699226852,36650,,,,,,,,,
0.4258,24.937583923339844,1.6159155195172545e-05,1.3841221949839713,36700,,,,,,,,,
0.399,17.640548706054688,1.614029794455968e-05,1.3860079200452575,36750,,,,,,,,,
0.3833,16.967899322509766,1.6121440693946823e-05,1.3878936451065433,36800,,,,,,,,,
0.5244,15.815291404724121,1.6102583443333962e-05,1.3897793701678296,36850,,,,,,,,,
0.4459,12.465710639953613,1.60837261927211e-05,1.3916650952291156,36900,,,,,,,,,
0.425,8.114897727966309,1.606486894210824e-05,1.3935508202904017,36950,,,,,,,,,
0.42,4.6595001220703125,1.604601169149538e-05,1.3954365453516877,37000,,,,,,,,,
0.366,15.794107437133789,1.602715444088252e-05,1.3973222704129737,37050,,,,,,,,,
0.4015,19.47447395324707,1.600829719026966e-05,1.3992079954742598,37100,,,,,,,,,
0.3922,10.203234672546387,1.59894399396568e-05,1.4010937205355458,37150,,,,,,,,,
0.3861,18.635887145996094,1.597058268904394e-05,1.402979445596832,37200,,,,,,,,,
0.4336,9.615023612976074,1.5951725438431077e-05,1.4048651706581181,37250,,,,,,,,,
0.4324,7.015424728393555,1.593286818781822e-05,1.4067508957194041,37300,,,,,,,,,
0.4091,21.045839309692383,1.5914010937205355e-05,1.4086366207806902,37350,,,,,,,,,
0.4037,9.512735366821289,1.5895153686592494e-05,1.4105223458419762,37400,,,,,,,,,
0.4332,16.736713409423828,1.5876296435979633e-05,1.4124080709032623,37450,,,,,,,,,
0.3507,17.84469985961914,1.5857439185366772e-05,1.4142937959645483,37500,,,,,,,,,
0.3958,17.700300216674805,1.5838581934753915e-05,1.4161795210258346,37550,,,,,,,,,
0.4013,14.336139678955078,1.5819724684141054e-05,1.4180652460871204,37600,,,,,,,,,
0.4438,19.568313598632812,1.5800867433528193e-05,1.4199509711484066,37650,,,,,,,,,
0.4083,14.11775016784668,1.578201018291533e-05,1.4218366962096927,37700,,,,,,,,,
0.4375,12.419644355773926,1.576315293230247e-05,1.4237224212709787,37750,,,,,,,,,
0.3998,8.65751838684082,1.574429568168961e-05,1.4256081463322647,37800,,,,,,,,,
0.4199,10.956624984741211,1.5725438431076752e-05,1.4274938713935508,37850,,,,,,,,,
0.3832,14.853306770324707,1.570658118046389e-05,1.4293795964548368,37900,,,,,,,,,
0.4002,10.439887046813965,1.5687723929851026e-05,1.4312653215161228,37950,,,,,,,,,
0.4286,6.135805606842041,1.5668866679238165e-05,1.433151046577409,38000,,,,,,,,,
0.3969,15.720787048339844,1.5650009428625304e-05,1.4350367716386951,38050,,,,,,,,,
0.445,16.650251388549805,1.5631152178012447e-05,1.4369224966999812,38100,,,,,,,,,
0.3568,12.453995704650879,1.5612294927399586e-05,1.4388082217612672,38150,,,,,,,,,
0.4077,16.001731872558594,1.5593437676786725e-05,1.4406939468225533,38200,,,,,,,,,
0.4312,9.700481414794922,1.5574580426173864e-05,1.4425796718838393,38250,,,,,,,,,
0.4452,18.082386016845703,1.5555723175561003e-05,1.4444653969451253,38300,,,,,,,,,
0.3891,3.7863082885742188,1.5536865924948145e-05,1.4463511220064116,38350,,,,,,,,,
0.3646,3.5625529289245605,1.5518008674335284e-05,1.4482368470676974,38400,,,,,,,,,
0.4253,13.005843162536621,1.5499151423722423e-05,1.4501225721289837,38450,,,,,,,,,
0.382,7.038146495819092,1.5480294173109562e-05,1.4520082971902697,38500,,,,,,,,,
0.3822,19.4116153717041,1.5461436922496697e-05,1.4538940222515557,38550,,,,,,,,,
0.4101,9.092187881469727,1.544257967188384e-05,1.4557797473128418,38600,,,,,,,,,
0.4238,6.894813537597656,1.542372242127098e-05,1.4576654723741278,38650,,,,,,,,,
0.4145,12.627981185913086,1.5404865170658118e-05,1.4595511974354138,38700,,,,,,,,,
0.4254,5.536233425140381,1.5386007920045257e-05,1.4614369224966999,38750,,,,,,,,,
0.4564,8.901050567626953,1.5367150669432396e-05,1.4633226475579861,38800,,,,,,,,,
0.4186,7.609088897705078,1.5348293418819538e-05,1.4652083726192722,38850,,,,,,,,,
0.4014,18.639480590820312,1.5329436168206677e-05,1.4670940976805582,38900,,,,,,,,,
0.3984,18.316139221191406,1.5310578917593816e-05,1.4689798227418442,38950,,,,,,,,,
0.3921,17.12575340270996,1.5291721666980955e-05,1.4708655478031303,39000,,,,,,,,,
0.4936,7.85637092590332,1.5272864416368094e-05,1.4727512728644163,39050,,,,,,,,,
0.3537,22.76548194885254,1.5254007165755235e-05,1.4746369979257024,39100,,,,,,,,,
0.4514,21.314523696899414,1.5235149915142372e-05,1.4765227229869886,39150,,,,,,,,,
0.4249,13.396661758422852,1.521629266452951e-05,1.4784084480482744,39200,,,,,,,,,
0.4036,13.580156326293945,1.519743541391665e-05,1.4802941731095607,39250,,,,,,,,,
0.4241,22.98133087158203,1.517857816330379e-05,1.4821798981708467,39300,,,,,,,,,
0.3633,4.033802032470703,1.515972091269093e-05,1.4840656232321328,39350,,,,,,,,,
0.4165,12.30026912689209,1.514086366207807e-05,1.4859513482934188,39400,,,,,,,,,
0.4792,8.632882118225098,1.5122006411465209e-05,1.4878370733547048,39450,,,,,,,,,
0.3779,13.388999938964844,1.5103149160852348e-05,1.4897227984159909,39500,,,,,,,,,
0.3975,13.322259902954102,1.5084291910239489e-05,1.491608523477277,39550,,,,,,,,,
0.4924,18.784053802490234,1.5065434659626628e-05,1.4934942485385632,39600,,,,,,,,,
0.3536,10.90145206451416,1.5046577409013768e-05,1.4953799735998492,39650,,,,,,,,,
0.4275,23.0196533203125,1.5027720158400907e-05,1.4972656986611352,39700,,,,,,,,,
0.3613,6.7833051681518555,1.5008862907788043e-05,1.4991514237224213,39750,,,,,,,,,
0.3839,23.184974670410156,1.4990005657175185e-05,1.5010371487837073,39800,,,,,,,,,
0.3956,16.36961555480957,1.4971148406562324e-05,1.5029228738449933,39850,,,,,,,,,
0.3855,8.240622520446777,1.4952291155949463e-05,1.5048085989062794,39900,,,,,,,,,
0.4351,14.888931274414062,1.4933433905336602e-05,1.5066943239675656,39950,,,,,,,,,
0.4005,2.724642515182495,1.4914576654723741e-05,1.5085800490288515,40000,,,,,,,,,
,,,1.5085800490288515,40000,0.7078979015350342,267.6177,397.391,24.838,,,,,
0.4174,6.142183780670166,1.4895719404110882e-05,1.5104657740901377,40050,,,,,,,,,
0.3843,8.65422534942627,1.487686215349802e-05,1.5123514991514238,40100,,,,,,,,,
0.4385,10.531854629516602,1.485800490288516e-05,1.5142372242127098,40150,,,,,,,,,
0.4499,6.632323265075684,1.4839147652272299e-05,1.5161229492739958,40200,,,,,,,,,
0.4227,6.265695571899414,1.4820290401659438e-05,1.5180086743352819,40250,,,,,,,,,
0.3653,6.34609317779541,1.4801433151046578e-05,1.5198943993965681,40300,,,,,,,,,
0.367,8.693714141845703,1.4782575900433717e-05,1.521780124457854,40350,,,,,,,,,
0.4307,6.72922420501709,1.4763718649820856e-05,1.5236658495191402,40400,,,,,,,,,
0.4098,12.88416576385498,1.4744861399207995e-05,1.5255515745804262,40450,,,,,,,,,
0.4122,2.422926425933838,1.4726004148595134e-05,1.5274372996417123,40500,,,,,,,,,
0.5011,18.209421157836914,1.4707146897982275e-05,1.5293230247029983,40550,,,,,,,,,
0.4647,15.151946067810059,1.4688289647369414e-05,1.5312087497642843,40600,,,,,,,,,
0.3329,12.228499412536621,1.4669432396756553e-05,1.5330944748255706,40650,,,,,,,,,
0.4216,14.956100463867188,1.4650575146143693e-05,1.5349801998868564,40700,,,,,,,,,
0.4197,12.866938591003418,1.463171789553083e-05,1.5368659249481427,40750,,,,,,,,,
0.3903,15.177389144897461,1.4612860644917971e-05,1.5387516500094285,40800,,,,,,,,,
0.4085,8.224262237548828,1.459400339430511e-05,1.5406373750707147,40850,,,,,,,,,
0.4218,5.985878944396973,1.457514614369225e-05,1.5425231001320008,40900,,,,,,,,,
0.4107,9.875692367553711,1.455628889307939e-05,1.5444088251932868,40950,,,,,,,,,
0.4049,8.731772422790527,1.4537431642466529e-05,1.5462945502545729,41000,,,,,,,,,
0.3899,13.914031982421875,1.4518574391853668e-05,1.548180275315859,41050,,,,,,,,,
0.4083,9.426800727844238,1.4499717141240807e-05,1.5500660003771451,41100,,,,,,,,,
0.4364,18.386228561401367,1.4480859890627946e-05,1.551951725438431,41150,,,,,,,,,
0.3879,7.494260311126709,1.4462002640015087e-05,1.5538374504997172,41200,,,,,,,,,
0.4204,21.07681655883789,1.4443145389402226e-05,1.5557231755610033,41250,,,,,,,,,
0.3885,11.21272087097168,1.4424288138789366e-05,1.5576089006222893,41300,,,,,,,,,
0.3868,4.790940761566162,1.4405430888176503e-05,1.5594946256835753,41350,,,,,,,,,
0.4386,19.19039535522461,1.4386573637563642e-05,1.5613803507448614,41400,,,,,,,,,
0.4937,22.9531192779541,1.4367716386950783e-05,1.5632660758061476,41450,,,,,,,,,
0.4559,9.491456031799316,1.4348859136337922e-05,1.5651518008674334,41500,,,,,,,,,
0.4278,11.369429588317871,1.4330001885725063e-05,1.5670375259287197,41550,,,,,,,,,
0.3931,6.206793785095215,1.4311144635112202e-05,1.5689232509900055,41600,,,,,,,,,
0.4099,13.691658973693848,1.4292287384499339e-05,1.5708089760512918,41650,,,,,,,,,
0.4385,13.60203742980957,1.427343013388648e-05,1.5726947011125778,41700,,,,,,,,,
0.4644,21.91978645324707,1.4254572883273619e-05,1.5745804261738638,41750,,,,,,,,,
0.4078,21.53858757019043,1.423571563266076e-05,1.5764661512351499,41800,,,,,,,,,
0.4698,8.573333740234375,1.4216858382047898e-05,1.578351876296436,41850,,,,,,,,,
0.4543,15.335000991821289,1.4198001131435037e-05,1.5802376013577222,41900,,,,,,,,,
0.3302,16.891489028930664,1.4179143880822176e-05,1.582123326419008,41950,,,,,,,,,
0.4299,14.407611846923828,1.4160286630209315e-05,1.5840090514802943,42000,,,,,,,,,
0.4127,6.926965236663818,1.4141429379596456e-05,1.5858947765415803,42050,,,,,,,,,
0.4969,6.069926738739014,1.4122572128983595e-05,1.5877805016028663,42100,,,,,,,,,
0.3971,12.67979907989502,1.4103714878370734e-05,1.5896662266641524,42150,,,,,,,,,
0.424,11.182145118713379,1.4084857627757874e-05,1.5915519517254384,42200,,,,,,,,,
0.4462,13.384566307067871,1.4066000377145012e-05,1.5934376767867247,42250,,,,,,,,,
0.3889,29.986032485961914,1.404714312653215e-05,1.5953234018480105,42300,,,,,,,,,
0.4105,9.201762199401855,1.4028285875919291e-05,1.5972091269092967,42350,,,,,,,,,
0.377,5.184900760650635,1.400942862530643e-05,1.5990948519705825,42400,,,,,,,,,
0.3683,11.102981567382812,1.3990571374693571e-05,1.6009805770318688,42450,,,,,,,,,
0.4174,3.6544690132141113,1.397171412408071e-05,1.6028663020931548,42500,,,,,,,,,
0.3928,14.910213470458984,1.3952856873467847e-05,1.6047520271544409,42550,,,,,,,,,
0.3811,21.893163681030273,1.3933999622854988e-05,1.606637752215727,42600,,,,,,,,,
0.3944,11.395746231079102,1.3915142372242127e-05,1.608523477277013,42650,,,,,,,,,
0.3913,6.267245292663574,1.3896285121629268e-05,1.6104092023382992,42700,,,,,,,,,
0.4177,31.541955947875977,1.3877427871016406e-05,1.612294927399585,42750,,,,,,,,,
0.4488,5.857763290405273,1.3858570620403545e-05,1.6141806524608713,42800,,,,,,,,,
0.3715,9.325895309448242,1.3839713369790684e-05,1.6160663775221573,42850,,,,,,,,,
0.3587,10.885749816894531,1.3820856119177823e-05,1.6179521025834434,42900,,,,,,,,,
0.3927,16.288761138916016,1.3801998868564964e-05,1.6198378276447294,42950,,,,,,,,,
0.3835,13.349589347839355,1.3783141617952103e-05,1.6217235527060154,43000,,,,,,,,,
0.4276,24.579450607299805,1.3764284367339242e-05,1.6236092777673017,43050,,,,,,,,,
0.4473,16.699100494384766,1.3745427116726383e-05,1.6254950028285875,43100,,,,,,,,,
0.4427,20.5728816986084,1.372656986611352e-05,1.6273807278898738,43150,,,,,,,,,
0.4336,14.982405662536621,1.370771261550066e-05,1.6292664529511596,43200,,,,,,,,,
0.3917,12.875777244567871,1.36888553648878e-05,1.6311521780124458,43250,,,,,,,,,
0.429,13.361662864685059,1.3669998114274939e-05,1.6330379030737319,43300,,,,,,,,,
0.4467,10.890694618225098,1.365114086366208e-05,1.634923628135018,43350,,,,,,,,,
0.3697,7.349977970123291,1.3632283613049218e-05,1.636809353196304,43400,,,,,,,,,
0.4165,3.8934006690979004,1.3613426362436357e-05,1.63869507825759,43450,,,,,,,,,
0.4541,6.1574602127075195,1.3594569111823496e-05,1.6405808033188762,43500,,,,,,,,,
0.3793,4.202672481536865,1.3575711861210635e-05,1.642466528380162,43550,,,,,,,,,
0.4048,11.390389442443848,1.3556854610597776e-05,1.6443522534414483,43600,,,,,,,,,
0.357,13.596556663513184,1.3537997359984915e-05,1.6462379785027343,43650,,,,,,,,,
0.3927,8.087076187133789,1.3519140109372055e-05,1.6481237035640204,43700,,,,,,,,,
0.3382,17.40984535217285,1.3500282858759193e-05,1.6500094286253064,43750,,,,,,,,,
0.4369,12.2008638381958,1.3481425608146332e-05,1.6518951536865925,43800,,,,,,,,,
0.3799,13.507798194885254,1.3462568357533472e-05,1.6537808787478787,43850,,,,,,,,,
0.3697,9.20502758026123,1.3443711106920611e-05,1.6556666038091645,43900,,,,,,,,,
0.3545,15.010220527648926,1.342485385630775e-05,1.6575523288704508,43950,,,,,,,,,
0.4629,10.282867431640625,1.3405996605694891e-05,1.6594380539317366,44000,,,,,,,,,
0.3696,18.89876365661621,1.3387139355082028e-05,1.6613237789930229,44050,,,,,,,,,
0.4128,10.755728721618652,1.3368282104469169e-05,1.663209504054309,44100,,,,,,,,,
0.4285,20.23879623413086,1.3349424853856308e-05,1.665095229115595,44150,,,,,,,,,
0.3926,13.829469680786133,1.3330567603243447e-05,1.666980954176881,44200,,,,,,,,,
0.377,16.368661880493164,1.3311710352630587e-05,1.668866679238167,44250,,,,,,,,,
0.3835,14.817964553833008,1.3292853102017726e-05,1.6707524042994533,44300,,,,,,,,,
0.3487,13.219807624816895,1.3273995851404865e-05,1.672638129360739,44350,,,,,,,,,
0.3543,22.16939353942871,1.3255138600792004e-05,1.6745238544220253,44400,,,,,,,,,
0.4414,5.380659103393555,1.3236281350179143e-05,1.6764095794833114,44450,,,,,,,,,
0.3626,12.811986923217773,1.3217424099566284e-05,1.6782953045445974,44500,,,,,,,,,
0.4025,7.091123580932617,1.3198566848953423e-05,1.6801810296058834,44550,,,,,,,,,
0.4037,5.1821417808532715,1.3179709598340564e-05,1.6820667546671695,44600,,,,,,,,,
0.4006,14.854743957519531,1.3160852347727701e-05,1.6839524797284557,44650,,,,,,,,,
0.39,16.073909759521484,1.314199509711484e-05,1.6858382047897416,44700,,,,,,,,,
0.4217,15.527571678161621,1.312313784650198e-05,1.6877239298510278,44750,,,,,,,,,
0.4385,18.51186180114746,1.310428059588912e-05,1.6896096549123136,44800,,,,,,,,,
0.3753,5.839280605316162,1.308542334527626e-05,1.6914953799735999,44850,,,,,,,,,
0.3967,11.009705543518066,1.30665660946634e-05,1.693381105034886,44900,,,,,,,,,
0.3705,5.612337112426758,1.3047708844050536e-05,1.695266830096172,44950,,,,,,,,,
0.3581,7.871044158935547,1.3028851593437677e-05,1.697152555157458,45000,,,,,,,,,
,,,1.697152555157458,45000,0.7219423055648804,268.1792,396.559,24.786,,,,,
0.3938,8.211936950683594,1.3009994342824816e-05,1.699038280218744,45050,,,,,,,,,
0.3841,4.674028396606445,1.2991137092211957e-05,1.7009240052800303,45100,,,,,,,,,
0.4108,11.848464965820312,1.2972279841599096e-05,1.702809730341316,45150,,,,,,,,,
0.3628,7.865487575531006,1.2953422590986235e-05,1.7046954554026024,45200,,,,,,,,,
0.374,6.611207962036133,1.2934565340373374e-05,1.7065811804638884,45250,,,,,,,,,
0.4264,14.562040328979492,1.2915708089760513e-05,1.7084669055251744,45300,,,,,,,,,
0.3129,8.84734058380127,1.2896850839147653e-05,1.7103526305864605,45350,,,,,,,,,
0.3921,11.274984359741211,1.2877993588534792e-05,1.7122383556477465,45400,,,,,,,,,
0.4088,24.48594856262207,1.2859136337921931e-05,1.7141240807090328,45450,,,,,,,,,
0.4046,7.162222862243652,1.2840279087309072e-05,1.7160098057703186,45500,,,,,,,,,
0.3913,13.496822357177734,1.282142183669621e-05,1.7178955308316048,45550,,,,,,,,,
0.4131,6.093255519866943,1.280256458608335e-05,1.7197812558928907,45600,,,,,,,,,
0.3894,8.402384757995605,1.2783707335470489e-05,1.721666980954177,45650,,,,,,,,,
0.3236,10.015630722045898,1.2764850084857628e-05,1.723552706015463,45700,,,,,,,,,
0.4158,7.653610706329346,1.2745992834244768e-05,1.725438431076749,45750,,,,,,,,,
0.383,5.8853278160095215,1.2727135583631907e-05,1.727324156138035,45800,,,,,,,,,
0.3972,16.261707305908203,1.2708278333019045e-05,1.729209881199321,45850,,,,,,,,,
0.3847,3.062946319580078,1.2689421082406185e-05,1.7310956062606073,45900,,,,,,,,,
0.3899,11.013425827026367,1.2670563831793324e-05,1.7329813313218931,45950,,,,,,,,,
0.3935,7.78533411026001,1.2651706581180465e-05,1.7348670563831794,46000,,,,,,,,,
0.4026,4.920175075531006,1.2632849330567604e-05,1.7367527814444654,46050,,,,,,,,,
0.4043,12.966285705566406,1.2613992079954743e-05,1.7386385065057515,46100,,,,,,,,,
0.4205,7.940674304962158,1.2595134829341882e-05,1.7405242315670375,46150,,,,,,,,,
0.3986,12.781763076782227,1.2576277578729021e-05,1.7424099566283235,46200,,,,,,,,,
0.3867,6.770422458648682,1.2557420328116162e-05,1.7442956816896098,46250,,,,,,,,,
0.4316,17.141918182373047,1.25385630775033e-05,1.7461814067508956,46300,,,,,,,,,
0.3822,9.771774291992188,1.251970582689044e-05,1.7480671318121819,46350,,,,,,,,,
0.3848,7.178641319274902,1.250084857627758e-05,1.7499528568734677,46400,,,,,,,,,
0.4251,13.794797897338867,1.2481991325664717e-05,1.751838581934754,46450,,,,,,,,,
0.4003,9.723438262939453,1.2463134075051858e-05,1.75372430699604,46500,,,,,,,,,
0.3869,11.667713165283203,1.2444276824438997e-05,1.755610032057326,46550,,,,,,,,,
0.3926,14.859101295471191,1.2425419573826136e-05,1.757495757118612,46600,,,,,,,,,
0.355,8.796137809753418,1.2406562323213277e-05,1.759381482179898,46650,,,,,,,,,
0.3998,12.070650100708008,1.2387705072600416e-05,1.7612672072411844,46700,,,,,,,,,
0.3944,18.44016456604004,1.2368847821987555e-05,1.7631529323024702,46750,,,,,,,,,
0.3644,16.565526962280273,1.2349990571374694e-05,1.7650386573637564,46800,,,,,,,,,
0.3641,10.919437408447266,1.2331133320761833e-05,1.7669243824250425,46850,,,,,,,,,
0.3803,5.928708076477051,1.2312276070148973e-05,1.7688101074863285,46900,,,,,,,,,
0.3352,4.823307514190674,1.2293418819536112e-05,1.7706958325476145,46950,,,,,,,,,
0.4743,27.5296688079834,1.2274561568923253e-05,1.7725815576089006,47000,,,,,,,,,
0.3771,5.588748455047607,1.225570431831039e-05,1.7744672826701868,47050,,,,,,,,,
0.3906,26.644933700561523,1.2236847067697529e-05,1.7763530077314726,47100,,,,,,,,,
0.3895,26.546022415161133,1.221798981708467e-05,1.778238732792759,47150,,,,,,,,,
0.3982,17.572986602783203,1.2199132566471809e-05,1.7801244578540447,47200,,,,,,,,,
0.3478,17.872514724731445,1.218027531585895e-05,1.782010182915331,47250,,,,,,,,,
0.4075,11.056812286376953,1.2161418065246088e-05,1.783895907976617,47300,,,,,,,,,
0.3691,19.022846221923828,1.2142560814633226e-05,1.785781633037903,47350,,,,,,,,,
0.4205,23.61496925354004,1.2123703564020366e-05,1.787667358099189,47400,,,,,,,,,
0.3747,9.555418968200684,1.2104846313407505e-05,1.7895530831604751,47450,,,,,,,,,
0.4343,8.239405632019043,1.2085989062794644e-05,1.7914388082217614,47500,,,,,,,,,
0.3255,12.304874420166016,1.2067131812181785e-05,1.7933245332830472,47550,,,,,,,,,
0.3161,21.170391082763672,1.2048274561568924e-05,1.7952102583443335,47600,,,,,,,,,
0.4353,21.740032196044922,1.2029417310956063e-05,1.7970959834056195,47650,,,,,,,,,
0.4204,10.381349563598633,1.2010560060343202e-05,1.7989817084669055,47700,,,,,,,,,
0.4961,13.717305183410645,1.199170280973034e-05,1.8008674335281916,47750,,,,,,,,,
0.4244,12.680668830871582,1.1972845559117482e-05,1.8027531585894776,47800,,,,,,,,,
0.4059,14.12243366241455,1.195398830850462e-05,1.8046388836507639,47850,,,,,,,,,
0.4469,16.8930721282959,1.1935131057891761e-05,1.8065246087120497,47900,,,,,,,,,
0.3991,6.946612358093262,1.1916273807278898e-05,1.808410333773336,47950,,,,,,,,,
0.4086,18.807769775390625,1.1897416556666037e-05,1.8102960588346217,48000,,,,,,,,,
0.4406,6.802026748657227,1.1878559306053178e-05,1.812181783895908,48050,,,,,,,,,
0.4063,9.626331329345703,1.1859702055440317e-05,1.814067508957194,48100,,,,,,,,,
0.3798,8.620665550231934,1.1840844804827458e-05,1.81595323401848,48150,,,,,,,,,
0.4196,13.55318546295166,1.1821987554214595e-05,1.8178389590797661,48200,,,,,,,,,
0.37,6.933106899261475,1.1803130303601734e-05,1.8197246841410522,48250,,,,,,,,,
0.3697,13.493410110473633,1.1784273052988875e-05,1.8216104092023384,48300,,,,,,,,,
0.3643,4.791727542877197,1.1765415802376014e-05,1.8234961342636242,48350,,,,,,,,,
0.4135,12.349559783935547,1.1746558551763154e-05,1.8253818593249105,48400,,,,,,,,,
0.3764,9.814756393432617,1.1727701301150293e-05,1.8272675843861965,48450,,,,,,,,,
0.3689,17.866971969604492,1.170884405053743e-05,1.8291533094474826,48500,,,,,,,,,
0.4067,14.741007804870605,1.1689986799924571e-05,1.8310390345087686,48550,,,,,,,,,
0.391,38.250877380371094,1.167112954931171e-05,1.8329247595700546,48600,,,,,,,,,
0.371,13.556870460510254,1.165227229869885e-05,1.8348104846313409,48650,,,,,,,,,
0.3731,12.71419906616211,1.163341504808599e-05,1.8366962096926267,48700,,,,,,,,,
0.3625,9.091628074645996,1.1614557797473129e-05,1.838581934753913,48750,,,,,,,,,
0.4311,10.439229965209961,1.1595700546860268e-05,1.840467659815199,48800,,,,,,,,,
0.3764,4.474693775177002,1.1576843296247407e-05,1.842353384876485,48850,,,,,,,,,
0.4215,8.5673189163208,1.1557986045634547e-05,1.844239109937771,48900,,,,,,,,,
0.4246,5.461510181427002,1.1539128795021686e-05,1.846124834999057,48950,,,,,,,,,
0.361,14.221268653869629,1.1520271544408825e-05,1.8480105600603434,49000,,,,,,,,,
0.3383,8.589882850646973,1.1501414293795966e-05,1.8498962851216292,49050,,,,,,,,,
0.3944,24.258018493652344,1.1482557043183103e-05,1.8517820101829154,49100,,,,,,,,,
0.3522,15.705612182617188,1.1463699792570242e-05,1.8536677352442013,49150,,,,,,,,,
0.3931,16.844593048095703,1.1444842541957383e-05,1.8555534603054875,49200,,,,,,,,,
0.3353,11.985499382019043,1.1425985291344522e-05,1.8574391853667735,49250,,,,,,,,,
0.3914,24.325061798095703,1.1407128040731662e-05,1.8593249104280596,49300,,,,,,,,,
0.4013,13.963518142700195,1.1388270790118801e-05,1.8612106354893456,49350,,,,,,,,,
0.4086,21.678936004638672,1.1369413539505939e-05,1.8630963605506317,49400,,,,,,,,,
0.3764,2.644199848175049,1.135055628889308e-05,1.864982085611918,49450,,,,,,,,,
0.3957,5.508432388305664,1.1331699038280218e-05,1.8668678106732037,49500,,,,,,,,,
0.3686,9.7592191696167,1.1312841787667359e-05,1.86875353573449,49550,,,,,,,,,
0.384,10.00912857055664,1.1293984537054498e-05,1.870639260795776,49600,,,,,,,,,
0.357,8.044122695922852,1.1275127286441637e-05,1.872524985857062,49650,,,,,,,,,
0.3651,15.410603523254395,1.1256270035828776e-05,1.874410710918348,49700,,,,,,,,,
0.3621,8.84045124053955,1.1237412785215915e-05,1.8762964359796341,49750,,,,,,,,,
0.39,11.77539348602295,1.1218555534603056e-05,1.8781821610409204,49800,,,,,,,,,
0.3664,10.425061225891113,1.1199698283990195e-05,1.8800678861022062,49850,,,,,,,,,
0.3884,18.8165283203125,1.1180841033377334e-05,1.8819536111634925,49900,,,,,,,,,
0.409,47.516075134277344,1.1161983782764474e-05,1.8838393362247783,49950,,,,,,,,,
0.3952,9.440094947814941,1.1143126532151611e-05,1.8857250612860645,50000,,,,,,,,,
,,,1.8857250612860645,50000,0.7155963182449341,268.293,396.391,24.775,,,,,
0.4252,4.850968360900879,1.1124269281538752e-05,1.8876107863473506,50050,,,,,,,,,
0.3845,18.318063735961914,1.1105412030925891e-05,1.8894965114086366,50100,,,,,,,,,
0.3765,13.283629417419434,1.108655478031303e-05,1.8913822364699227,50150,,,,,,,,,
0.3354,6.338704586029053,1.106769752970017e-05,1.8932679615312087,50200,,,,,,,,,
0.3561,6.682973384857178,1.104884027908731e-05,1.895153686592495,50250,,,,,,,,,
0.3326,20.47521209716797,1.1029983028474449e-05,1.8970394116537808,50300,,,,,,,,,
0.3535,7.812881946563721,1.1011125777861588e-05,1.898925136715067,50350,,,,,,,,,
0.3331,14.32947826385498,1.0992268527248727e-05,1.900810861776353,50400,,,,,,,,,
0.3575,6.707207202911377,1.0973411276635867e-05,1.902696586837639,50450,,,,,,,,,
0.3096,10.439620018005371,1.0954554026023006e-05,1.9045823118989251,50500,,,,,,,,,
0.399,11.383039474487305,1.0935696775410147e-05,1.9064680369602112,50550,,,,,,,,,
0.3932,15.556211471557617,1.0916839524797284e-05,1.9083537620214974,50600,,,,,,,,,
0.3644,6.371688365936279,1.0897982274184423e-05,1.9102394870827832,50650,,,,,,,,,
0.3236,19.641834259033203,1.0879125023571564e-05,1.9121252121440695,50700,,,,,,,,,
0.3772,22.042522430419922,1.0860267772958703e-05,1.9140109372053553,50750,,,,,,,,,
0.389,11.69442367553711,1.0841410522345842e-05,1.9158966622666416,50800,,,,,,,,,
0.373,14.248819351196289,1.0822553271732982e-05,1.9177823873279276,50850,,,,,,,,,
0.3418,9.19786262512207,1.080369602112012e-05,1.9196681123892136,50900,,,,,,,,,
0.4031,9.606795310974121,1.078483877050726e-05,1.9215538374504997,50950,,,,,,,,,
0.4371,19.148893356323242,1.07659815198944e-05,1.9234395625117857,51000,,,,,,,,,
0.3701,15.631258010864258,1.0747124269281538e-05,1.925325287573072,51050,,,,,,,,,
0.3881,26.164064407348633,1.0728267018668679e-05,1.9272110126343578,51100,,,,,,,,,
0.3791,14.06840991973877,1.0709409768055818e-05,1.929096737695644,51150,,,,,,,,,
0.3875,12.318958282470703,1.0690552517442957e-05,1.93098246275693,51200,,,,,,,,,
0.3661,7.47606897354126,1.0671695266830096e-05,1.9328681878182161,51250,,,,,,,,,
0.3809,13.178481101989746,1.0652838016217235e-05,1.9347539128795022,51300,,,,,,,,,
0.4189,17.064573287963867,1.0633980765604376e-05,1.9366396379407882,51350,,,,,,,,,
0.3695,10.878754615783691,1.0615123514991515e-05,1.9385253630020745,51400,,,,,,,,,
0.4002,7.715638637542725,1.0596266264378655e-05,1.9404110880633603,51450,,,,,,,,,
0.345,8.27843952178955,1.0577409013765792e-05,1.9422968131246465,51500,,,,,,,,,
0.3762,17.506311416625977,1.0558551763152931e-05,1.9441825381859323,51550,,,,,,,,,
0.3778,9.614507675170898,1.0539694512540072e-05,1.9460682632472186,51600,,,,,,,,,
0.3944,10.39857292175293,1.0520837261927211e-05,1.9479539883085046,51650,,,,,,,,,
0.3853,20.879108428955078,1.0501980011314352e-05,1.9498397133697907,51700,,,,,,,,,
0.3715,15.970316886901855,1.048312276070149e-05,1.9517254384310767,51750,,,,,,,,,
0.3337,13.68120002746582,1.0464265510088628e-05,1.9536111634923627,51800,,,,,,,,,
0.3815,4.947553634643555,1.0445408259475769e-05,1.955496888553649,51850,,,,,,,,,
0.3918,7.529599666595459,1.0426551008862908e-05,1.9573826136149348,51900,,,,,,,,,
0.3397,12.685519218444824,1.0407693758250048e-05,1.959268338676221,51950,,,,,,,,,
0.427,22.238361358642578,1.0388836507637187e-05,1.9611540637375071,52000,,,,,,,,,
0.3765,20.035049438476562,1.0369979257024326e-05,1.9630397887987932,52050,,,,,,,,,
0.3593,14.018637657165527,1.0351122006411465e-05,1.9649255138600792,52100,,,,,,,,,
0.4069,4.830554008483887,1.0332264755798604e-05,1.9668112389213652,52150,,,,,,,,,
0.3333,1.7856841087341309,1.0313407505185745e-05,1.9686969639826515,52200,,,,,,,,,
0.3536,10.505414962768555,1.0294550254572884e-05,1.9705826890439373,52250,,,,,,,,,
0.3698,16.414058685302734,1.0275693003960023e-05,1.9724684141052236,52300,,,,,,,,,
0.4158,25.965713500976562,1.0256835753347163e-05,1.9743541391665094,52350,,,,,,,,,
0.3931,16.715551376342773,1.02379785027343e-05,1.9762398642277956,52400,,,,,,,,,
0.3823,8.776949882507324,1.0219121252121441e-05,1.9781255892890817,52450,,,,,,,,,
0.3362,6.597821235656738,1.020026400150858e-05,1.9800113143503677,52500,,,,,,,,,
0.3659,14.193267822265625,1.018140675089572e-05,1.9818970394116537,52550,,,,,,,,,
0.3907,8.359663009643555,1.016254950028286e-05,1.9837827644729398,52600,,,,,,,,,
0.3648,21.242528915405273,1.0143692249669999e-05,1.985668489534226,52650,,,,,,,,,
0.346,5.960643291473389,1.0124834999057136e-05,1.9875542145955118,52700,,,,,,,,,
0.3977,11.059514999389648,1.0105977748444277e-05,1.989439939656798,52750,,,,,,,,,
0.3909,15.966826438903809,1.0087120497831416e-05,1.9913256647180841,52800,,,,,,,,,
0.3877,12.120136260986328,1.0068263247218557e-05,1.9932113897793702,52850,,,,,,,,,
0.369,14.978336334228516,1.0049405996605695e-05,1.9950971148406562,52900,,,,,,,,,
0.3345,16.45598030090332,1.0030548745992834e-05,1.9969828399019423,52950,,,,,,,,,
0.3133,26.946537017822266,1.0011691495379973e-05,1.9988685649632285,53000,,,,,,,,,
0.3706,21.580690383911133,9.992834244767112e-06,2.0007542900245143,53050,,,,,,,,,
0.237,4.712649345397949,9.973976994154253e-06,2.0026400150858006,53100,,,,,,,,,
0.2422,5.493712425231934,9.955119743541392e-06,2.0045257401470864,53150,,,,,,,,,
0.2877,17.85454750061035,9.936262492928531e-06,2.0064114652083727,53200,,,,,,,,,
0.244,12.736300468444824,9.917405242315672e-06,2.0082971902696585,53250,,,,,,,,,
0.228,5.986515998840332,9.898547991702809e-06,2.0101829153309447,53300,,,,,,,,,
0.27,16.933382034301758,9.87969074108995e-06,2.012068640392231,53350,,,,,,,,,
0.2228,8.787628173828125,9.860833490477089e-06,2.013954365453517,53400,,,,,,,,,
0.2454,44.95001983642578,9.841976239864228e-06,2.015840090514803,53450,,,,,,,,,
0.2804,9.415034294128418,9.823118989251368e-06,2.017725815576089,53500,,,,,,,,,
0.2361,18.21660804748535,9.804261738638507e-06,2.019611540637375,53550,,,,,,,,,
0.2268,20.11380386352539,9.785404488025646e-06,2.021497265698661,53600,,,,,,,,,
0.2286,4.964676856994629,9.766547237412785e-06,2.023382990759947,53650,,,,,,,,,
0.2894,10.998848915100098,9.747689986799924e-06,2.0252687158212335,53700,,,,,,,,,
0.2682,16.463991165161133,9.728832736187065e-06,2.0271544408825193,53750,,,,,,,,,
0.2851,8.668386459350586,9.709975485574204e-06,2.0290401659438055,53800,,,,,,,,,
0.2036,7.3012871742248535,9.691118234961344e-06,2.0309258910050914,53850,,,,,,,,,
0.228,22.872529983520508,9.672260984348482e-06,2.0328116160663776,53900,,,,,,,,,
0.2601,20.653844833374023,9.65340373373562e-06,2.0346973411276634,53950,,,,,,,,,
0.2499,13.21792984008789,9.634546483122761e-06,2.0365830661889497,54000,,,,,,,,,
0.2174,13.581817626953125,9.6156892325099e-06,2.0384687912502355,54050,,,,,,,,,
0.2561,23.465818405151367,9.596831981897041e-06,2.0403545163115218,54100,,,,,,,,,
0.2287,4.450007915496826,9.57797473128418e-06,2.042240241372808,54150,,,,,,,,,
0.1996,14.297012329101562,9.559117480671317e-06,2.044125966434094,54200,,,,,,,,,
0.2445,17.296512603759766,9.540260230058458e-06,2.04601169149538,54250,,,,,,,,,
0.2486,4.93745756149292,9.521402979445597e-06,2.047897416556666,54300,,,,,,,,,
0.2458,25.826940536499023,9.502545728832736e-06,2.049783141617952,54350,,,,,,,,,
0.2657,11.754876136779785,9.483688478219876e-06,2.051668866679238,54400,,,,,,,,,
0.2453,21.35468864440918,9.464831227607015e-06,2.0535545917405242,54450,,,,,,,,,
0.2615,35.88778305053711,9.445973976994154e-06,2.0554403168018105,54500,,,,,,,,,
0.2483,22.60519790649414,9.427116726381293e-06,2.0573260418630963,54550,,,,,,,,,
0.268,13.89377212524414,9.408259475768432e-06,2.0592117669243826,54600,,,,,,,,,
0.232,5.560265064239502,9.389402225155573e-06,2.0610974919856684,54650,,,,,,,,,
0.2416,18.25044059753418,9.370544974542712e-06,2.0629832170469546,54700,,,,,,,,,
0.2409,23.361223220825195,9.351687723929853e-06,2.0648689421082405,54750,,,,,,,,,
0.2641,7.9188690185546875,9.33283047331699e-06,2.0667546671695267,54800,,,,,,,,,
0.2353,14.948491096496582,9.313973222704129e-06,2.0686403922308125,54850,,,,,,,,,
0.2256,24.855812072753906,9.29511597209127e-06,2.070526117292099,54900,,,,,,,,,
0.2148,9.540788650512695,9.276258721478409e-06,2.072411842353385,54950,,,,,,,,,
0.2351,7.5348310470581055,9.25740147086555e-06,2.074297567414671,55000,,,,,,,,,
,,,2.074297567414671,55000,0.8589859008789062,268.6555,395.856,24.742,,,,,
0.2115,23.38877296447754,9.238544220252688e-06,2.076183292475957,55050,,,,,,,,,
0.2454,12.709269523620605,9.219686969639825e-06,2.078069017537243,55100,,,,,,,,,
0.2496,14.19629955291748,9.200829719026966e-06,2.079954742598529,55150,,,,,,,,,
0.2289,2.7120368480682373,9.181972468414105e-06,2.081840467659815,55200,,,,,,,,,
0.2223,5.665522575378418,9.163115217801246e-06,2.0837261927211013,55250,,,,,,,,,
0.2511,11.951951026916504,9.144257967188385e-06,2.0856119177823875,55300,,,,,,,,,
0.2683,0.7580808401107788,9.125400716575524e-06,2.0874976428436733,55350,,,,,,,,,
0.2168,25.2176456451416,9.106543465962663e-06,2.0893833679049596,55400,,,,,,,,,
0.2701,11.45402717590332,9.087686215349802e-06,2.0912690929662454,55450,,,,,,,,,
0.2106,6.803537845611572,9.068828964736942e-06,2.0931548180275317,55500,,,,,,,,,
0.2675,21.948204040527344,9.049971714124081e-06,2.0950405430888175,55550,,,,,,,,,
0.2253,5.584895133972168,9.03111446351122e-06,2.0969262681501037,55600,,,,,,,,,
0.2671,3.9461922645568848,9.012257212898361e-06,2.09881199321139,55650,,,,,,,,,
0.1845,12.247716903686523,8.993399962285498e-06,2.100697718272676,55700,,,,,,,,,
0.2541,13.32779312133789,8.974542711672639e-06,2.102583443333962,55750,,,,,,,,,
0.2441,20.701229095458984,8.955685461059778e-06,2.104469168395248,55800,,,,,,,,,
0.2171,39.31427764892578,8.936828210446917e-06,2.106354893456534,55850,,,,,,,,,
0.2293,12.54133415222168,8.917970959834057e-06,2.10824061851782,55900,,,,,,,,,
0.2873,16.445209503173828,8.899113709221196e-06,2.1101263435791062,55950,,,,,,,,,
0.2363,25.93645477294922,8.880256458608335e-06,2.112012068640392,56000,,,,,,,,,
0.2541,20.819284439086914,8.861399207995474e-06,2.1138977937016783,56050,,,,,,,,,
0.1977,7.091507911682129,8.842541957382613e-06,2.1157835187629646,56100,,,,,,,,,
0.2095,20.239479064941406,8.823684706769754e-06,2.1176692438242504,56150,,,,,,,,,
0.2257,6.861477851867676,8.804827456156893e-06,2.1195549688855366,56200,,,,,,,,,
0.2741,11.23690414428711,8.78597020554403e-06,2.1214406939468224,56250,,,,,,,,,
0.2566,16.656240463256836,8.767112954931171e-06,2.1233264190081087,56300,,,,,,,,,
0.2356,13.820050239562988,8.74825570431831e-06,2.1252121440693945,56350,,,,,,,,,
0.2491,34.95988082885742,8.72939845370545e-06,2.1270978691306808,56400,,,,,,,,,
0.2087,7.336242198944092,8.71054120309259e-06,2.1289835941919666,56450,,,,,,,,,
0.2321,28.963197708129883,8.691683952479728e-06,2.130869319253253,56500,,,,,,,,,
0.2719,23.8216495513916,8.672826701866867e-06,2.132755044314539,56550,,,,,,,,,
0.2202,33.80426025390625,8.653969451254006e-06,2.134640769375825,56600,,,,,,,,,
0.1926,11.387885093688965,8.635112200641147e-06,2.136526494437111,56650,,,,,,,,,
0.2619,17.476015090942383,8.616254950028286e-06,2.138412219498397,56700,,,,,,,,,
0.2557,0.7765153646469116,8.597397699415425e-06,2.1402979445596833,56750,,,,,,,,,
0.2353,24.771480560302734,8.578540448802566e-06,2.142183669620969,56800,,,,,,,,,
0.2267,12.234436988830566,8.559683198189703e-06,2.1440693946822553,56850,,,,,,,,,
0.2424,13.502852439880371,8.540825947576844e-06,2.1459551197435416,56900,,,,,,,,,
0.2583,5.80653715133667,8.521968696963983e-06,2.1478408448048274,56950,,,,,,,,,
0.2218,13.580927848815918,8.503111446351122e-06,2.1497265698661137,57000,,,,,,,,,
0.2396,8.095186233520508,8.484254195738262e-06,2.1516122949273995,57050,,,,,,,,,
0.2197,28.656517028808594,8.465396945125401e-06,2.1534980199886857,57100,,,,,,,,,
0.2398,28.46241569519043,8.44653969451254e-06,2.1553837450499715,57150,,,,,,,,,
0.2448,21.539213180541992,8.42768244389968e-06,2.157269470111258,57200,,,,,,,,,
0.3177,27.723468780517578,8.408825193286818e-06,2.159155195172544,57250,,,,,,,,,
0.2434,7.576954364776611,8.389967942673959e-06,2.16104092023383,57300,,,,,,,,,
0.259,14.756257057189941,8.371110692061098e-06,2.162926645295116,57350,,,,,,,,,
0.2096,15.526143074035645,8.352253441448238e-06,2.164812370356402,57400,,,,,,,,,
0.2209,5.286175727844238,8.333396190835376e-06,2.166698095417688,57450,,,,,,,,,
0.2016,7.14560604095459,8.314538940222515e-06,2.168583820478974,57500,,,,,,,,,
0.2368,12.284788131713867,8.295681689609655e-06,2.1704695455402603,57550,,,,,,,,,
0.2796,25.02120590209961,8.276824438996794e-06,2.172355270601546,57600,,,,,,,,,
0.2025,1.7186940908432007,8.257967188383935e-06,2.1742409956628324,57650,,,,,,,,,
0.2837,9.137298583984375,8.239109937771074e-06,2.1761267207241186,57700,,,,,,,,,
0.2222,4.967546463012695,8.220252687158211e-06,2.1780124457854044,57750,,,,,,,,,
0.2205,8.921457290649414,8.201395436545352e-06,2.1798981708466907,57800,,,,,,,,,
0.1915,8.967312812805176,8.182538185932491e-06,2.1817838959079765,57850,,,,,,,,,
0.2346,6.561814785003662,8.16368093531963e-06,2.1836696209692628,57900,,,,,,,,,
0.2565,21.109655380249023,8.14482368470677e-06,2.1855553460305486,57950,,,,,,,,,
0.2168,2.4111721515655518,8.12596643409391e-06,2.187441071091835,58000,,,,,,,,,
0.2109,7.55061674118042,8.107109183481048e-06,2.1893267961531206,58050,,,,,,,,,
0.2528,17.65987205505371,8.088251932868187e-06,2.191212521214407,58100,,,,,,,,,
0.2855,6.75156831741333,8.069394682255326e-06,2.193098246275693,58150,,,,,,,,,
0.2144,2.290693521499634,8.050537431642467e-06,2.194983971336979,58200,,,,,,,,,
0.2458,15.139455795288086,8.031680181029606e-06,2.1968696963982652,58250,,,,,,,,,
0.2438,16.3649845123291,8.012822930416747e-06,2.198755421459551,58300,,,,,,,,,
0.2042,7.215116500854492,7.993965679803884e-06,2.2006411465208373,58350,,,,,,,,,
0.2409,1.8290328979492188,7.975108429191023e-06,2.202526871582123,58400,,,,,,,,,
0.228,3.20766282081604,7.956251178578164e-06,2.2044125966434094,58450,,,,,,,,,
0.2173,17.108304977416992,7.937393927965303e-06,2.2062983217046956,58500,,,,,,,,,
0.2465,6.09269380569458,7.918536677352443e-06,2.2081840467659815,58550,,,,,,,,,
0.2169,18.294103622436523,7.899679426739582e-06,2.2100697718272677,58600,,,,,,,,,
0.2462,8.207298278808594,7.88082217612672e-06,2.2119554968885535,58650,,,,,,,,,
0.2126,29.66806411743164,7.86196492551386e-06,2.21384122194984,58700,,,,,,,,,
0.199,10.993041038513184,7.843107674900999e-06,2.2157269470111256,58750,,,,,,,,,
0.2853,13.9989652633667,7.82425042428814e-06,2.217612672072412,58800,,,,,,,,,
0.2467,5.809240818023682,7.805393173675279e-06,2.219498397133698,58850,,,,,,,,,
0.2217,9.990782737731934,7.786535923062418e-06,2.221384122194984,58900,,,,,,,,,
0.2131,22.27753448486328,7.767678672449557e-06,2.22326984725627,58950,,,,,,,,,
0.2455,9.343465805053711,7.748821421836696e-06,2.225155572317556,59000,,,,,,,,,
0.2241,22.860111236572266,7.729964171223836e-06,2.2270412973788423,59050,,,,,,,,,
0.284,6.161601543426514,7.711106920610975e-06,2.228927022440128,59100,,,,,,,,,
0.2141,13.702292442321777,7.692249669998114e-06,2.2308127475014143,59150,,,,,,,,,
0.229,1.5346771478652954,7.673392419385255e-06,2.2326984725627,59200,,,,,,,,,
0.25,4.030468463897705,7.654535168772392e-06,2.2345841976239864,59250,,,,,,,,,
0.2122,19.360931396484375,7.635677918159533e-06,2.2364699226852727,59300,,,,,,,,,
0.1966,0.8249415159225464,7.616820667546672e-06,2.2383556477465585,59350,,,,,,,,,
0.2809,7.335827350616455,7.597963416933812e-06,2.2402413728078447,59400,,,,,,,,,
0.2461,17.935657501220703,7.579106166320951e-06,2.2421270978691306,59450,,,,,,,,,
0.2306,6.289587020874023,7.5602489157080905e-06,2.244012822930417,59500,,,,,,,,,
0.235,14.560240745544434,7.541391665095229e-06,2.2458985479917026,59550,,,,,,,,,
0.2241,12.902502059936523,7.522534414482368e-06,2.247784273052989,59600,,,,,,,,,
0.2219,16.173004150390625,7.503677163869508e-06,2.2496699981142747,59650,,,,,,,,,
0.2457,11.441283226013184,7.484819913256647e-06,2.251555723175561,59700,,,,,,,,,
0.2163,9.223535537719727,7.465962662643787e-06,2.2534414482368472,59750,,,,,,,,,
0.2067,34.138545989990234,7.447105412030926e-06,2.255327173298133,59800,,,,,,,,,
0.2416,6.711226940155029,7.428248161418066e-06,2.2572128983594193,59850,,,,,,,,,
0.291,21.2873477935791,7.409390910805206e-06,2.259098623420705,59900,,,,,,,,,
0.2453,3.4261605739593506,7.390533660192344e-06,2.2609843484819914,59950,,,,,,,,,
0.211,8.033763885498047,7.3716764095794836e-06,2.2628700735432776,60000,,,,,,,,,
,,,2.2628700735432776,60000,0.8656243085861206,268.3738,396.272,24.768,,,,,
0.2951,5.784929275512695,7.352819158966623e-06,2.2647557986045634,60050,,,,,,,,,
0.1912,8.688966751098633,7.333961908353762e-06,2.2666415236658497,60100,,,,,,,,,
0.1763,1.886605143547058,7.315104657740901e-06,2.2685272487271355,60150,,,,,,,,,
0.2154,5.330367565155029,7.29624740712804e-06,2.2704129737884218,60200,,,,,,,,,
0.2506,1.7810699939727783,7.27739015651518e-06,2.2722986988497076,60250,,,,,,,,,
0.2313,20.266963958740234,7.25853290590232e-06,2.274184423910994,60300,,,,,,,,,
0.2066,26.820987701416016,7.239675655289459e-06,2.2760701489722797,60350,,,,,,,,,
0.2284,10.733981132507324,7.220818404676598e-06,2.277955874033566,60400,,,,,,,,,
0.2051,26.547317504882812,7.201961154063738e-06,2.279841599094852,60450,,,,,,,,,
0.1975,9.500160217285156,7.183103903450877e-06,2.281727324156138,60500,,,,,,,,,
0.2323,14.103631019592285,7.1642466528380165e-06,2.2836130492174243,60550,,,,,,,,,
0.27,11.605960845947266,7.145389402225156e-06,2.28549877427871,60600,,,,,,,,,
0.2462,16.44240951538086,7.126532151612294e-06,2.2873844993399963,60650,,,,,,,,,
0.2035,14.756246566772461,7.107674900999434e-06,2.289270224401282,60700,,,,,,,,,
0.2244,17.153520584106445,7.088817650386574e-06,2.2911559494625684,60750,,,,,,,,,
0.1892,6.61561918258667,7.069960399773713e-06,2.293041674523854,60800,,,,,,,,,
0.2491,8.488846778869629,7.051103149160852e-06,2.2949273995851405,60850,,,,,,,,,
0.2552,6.05034065246582,7.032245898547992e-06,2.2968131246464267,60900,,,,,,,,,
0.2497,6.871238708496094,7.013388647935131e-06,2.2986988497077125,60950,,,,,,,,,
0.2359,9.631181716918945,6.994531397322271e-06,2.300584574768999,61000,,,,,,,,,
0.2419,1.6686018705368042,6.97567414670941e-06,2.3024702998302846,61050,,,,,,,,,
0.2082,5.821938991546631,6.9568168960965485e-06,2.304356024891571,61100,,,,,,,,,
0.2223,16.327903747558594,6.937959645483688e-06,2.3062417499528567,61150,,,,,,,,,
0.2281,4.135855674743652,6.919102394870828e-06,2.308127475014143,61200,,,,,,,,,
0.2042,11.16037368774414,6.900245144257967e-06,2.3100132000754288,61250,,,,,,,,,
0.2459,10.954540252685547,6.881387893645107e-06,2.311898925136715,61300,,,,,,,,,
0.2517,9.203910827636719,6.862530643032246e-06,2.3137846501980013,61350,,,,,,,,,
0.2478,9.804229736328125,6.843673392419385e-06,2.315670375259287,61400,,,,,,,,,
0.256,12.360102653503418,6.824816141806525e-06,2.3175561003205734,61450,,,,,,,,,
0.201,20.895984649658203,6.8059588911936645e-06,2.319441825381859,61500,,,,,,,,,
0.1976,6.206105709075928,6.7871016405808035e-06,2.3213275504431454,61550,,,,,,,,,
0.2202,10.88952922821045,6.7682443899679425e-06,2.3232132755044317,61600,,,,,,,,,
0.236,22.882814407348633,6.749387139355082e-06,2.3250990005657175,61650,,,,,,,,,
0.2251,9.233960151672363,6.730529888742221e-06,2.3269847256270038,61700,,,,,,,,,
0.2097,26.27310562133789,6.711672638129361e-06,2.3288704506882896,61750,,,,,,,,,
0.2472,29.355525970458984,6.6928153875165e-06,2.330756175749576,61800,,,,,,,,,
0.2563,23.11064338684082,6.673958136903639e-06,2.3326419008108616,61850,,,,,,,,,
0.2021,13.540824890136719,6.655100886290779e-06,2.334527625872148,61900,,,,,,,,,
0.2534,25.699522018432617,6.636243635677919e-06,2.3364133509334337,61950,,,,,,,,,
0.2306,18.714231491088867,6.617386385065058e-06,2.33829907599472,62000,,,,,,,,,
0.2383,6.741569995880127,6.598529134452197e-06,2.3401848010560062,62050,,,,,,,,,
0.2218,11.002911567687988,6.5796718838393364e-06,2.342070526117292,62100,,,,,,,,,
0.2274,5.919341087341309,6.560814633226475e-06,2.3439562511785783,62150,,,,,,,,,
0.2284,4.404049873352051,6.541957382613615e-06,2.345841976239864,62200,,,,,,,,,
0.2325,2.6178133487701416,6.523100132000755e-06,2.3477277013011504,62250,,,,,,,,,
0.2359,12.378772735595703,6.504242881387893e-06,2.349613426362436,62300,,,,,,,,,
0.2599,31.688823699951172,6.485385630775033e-06,2.3514991514237225,62350,,,,,,,,,
0.1953,15.207926750183105,6.466528380162173e-06,2.3533848764850083,62400,,,,,,,,,
0.246,27.066560745239258,6.447671129549312e-06,2.3552706015462945,62450,,,,,,,,,
0.2475,10.434240341186523,6.428813878936452e-06,2.357156326607581,62500,,,,,,,,,
0.246,4.247199535369873,6.4099566283235906e-06,2.3590420516688666,62550,,,,,,,,,
0.2269,10.433697700500488,6.3910993777107295e-06,2.360927776730153,62600,,,,,,,,,
0.247,10.32658576965332,6.372242127097869e-06,2.3628135017914387,62650,,,,,,,,,
0.2738,13.611860275268555,6.353384876485009e-06,2.364699226852725,62700,,,,,,,,,
0.2609,25.989727020263672,6.334527625872147e-06,2.3665849519140107,62750,,,,,,,,,
0.1978,3.403003454208374,6.315670375259287e-06,2.368470676975297,62800,,,,,,,,,
0.2201,12.243239402770996,6.296813124646427e-06,2.370356402036583,62850,,,,,,,,,
0.2133,17.681549072265625,6.277955874033566e-06,2.372242127097869,62900,,,,,,,,,
0.2726,15.996845245361328,6.259098623420706e-06,2.3741278521591553,62950,,,,,,,,,
0.2494,9.419758796691895,6.240241372807845e-06,2.376013577220441,63000,,,,,,,,,
0.2619,7.53556489944458,6.221384122194984e-06,2.3778993022817274,63050,,,,,,,,,
0.2698,10.60384464263916,6.2025268715821235e-06,2.3797850273430132,63100,,,,,,,,,
0.2464,1.5220345258712769,6.183669620969263e-06,2.3816707524042995,63150,,,,,,,,,
0.2675,7.4675164222717285,6.164812370356402e-06,2.3835564774655857,63200,,,,,,,,,
0.2091,28.616016387939453,6.145955119743541e-06,2.3854422025268716,63250,,,,,,,,,
0.2376,3.095630168914795,6.127097869130681e-06,2.387327927588158,63300,,,,,,,,,
0.206,9.403860092163086,6.10824061851782e-06,2.3892136526494436,63350,,,,,,,,,
0.2271,8.217719078063965,6.08938336790496e-06,2.39109937771073,63400,,,,,,,,,
0.2564,13.240006446838379,6.070526117292099e-06,2.3929851027720157,63450,,,,,,,,,
0.2345,6.297436714172363,6.051668866679238e-06,2.394870827833302,63500,,,,,,,,,
0.2072,1.216255784034729,6.032811616066378e-06,2.3967565528945878,63550,,,,,,,,,
0.2281,26.962739944458008,6.013954365453517e-06,2.398642277955874,63600,,,,,,,,,
0.2707,13.745809555053711,5.995097114840656e-06,2.4005280030171603,63650,,,,,,,,,
0.2575,10.1507568359375,5.976239864227795e-06,2.402413728078446,63700,,,,,,,,,
0.2313,13.326223373413086,5.957382613614935e-06,2.4042994531397324,63750,,,,,,,,,
0.2773,23.235027313232422,5.938525363002074e-06,2.406185178201018,63800,,,,,,,,,
0.2348,4.935874938964844,5.919668112389214e-06,2.4080709032623044,63850,,,,,,,,,
0.2118,18.039915084838867,5.900810861776354e-06,2.4099566283235903,63900,,,,,,,,,
0.2592,5.579849720001221,5.881953611163492e-06,2.4118423533848765,63950,,,,,,,,,
0.2455,19.963525772094727,5.863096360550632e-06,2.4137280784461623,64000,,,,,,,,,
0.2363,5.516672134399414,5.8442391099377715e-06,2.4156138035074486,64050,,,,,,,,,
0.2158,3.3246021270751953,5.8253818593249105e-06,2.417499528568735,64100,,,,,,,,,
0.2329,10.069215774536133,5.80652460871205e-06,2.4193852536300207,64150,,,,,,,,,
0.2572,23.830028533935547,5.787667358099189e-06,2.421270978691307,64200,,,,,,,,,
0.2517,10.097711563110352,5.768810107486328e-06,2.4231567037525927,64250,,,,,,,,,
0.2346,23.393421173095703,5.749952856873468e-06,2.425042428813879,64300,,,,,,,,,
0.2236,26.40526580810547,5.731095606260608e-06,2.4269281538751653,64350,,,,,,,,,
0.213,22.474971771240234,5.712238355647746e-06,2.428813878936451,64400,,,,,,,,,
0.2773,8.758415222167969,5.693381105034886e-06,2.4306996039977373,64450,,,,,,,,,
0.2039,7.055254936218262,5.674523854422026e-06,2.432585329059023,64500,,,,,,,,,
0.2362,16.547805786132812,5.655666603809165e-06,2.4344710541203094,64550,,,,,,,,,
0.2383,6.907233238220215,5.6368093531963045e-06,2.436356779181595,64600,,,,,,,,,
0.2181,19.70169448852539,5.6179521025834434e-06,2.4382425042428815,64650,,,,,,,,,
0.2263,25.492935180664062,5.599094851970582e-06,2.4401282293041673,64700,,,,,,,,,
0.2221,14.070290565490723,5.580237601357722e-06,2.4420139543654535,64750,,,,,,,,,
0.219,8.53443717956543,5.561380350744862e-06,2.44389967942674,64800,,,,,,,,,
0.1989,5.021041393280029,5.542523100132001e-06,2.4457854044880256,64850,,,,,,,,,
0.2173,5.56619119644165,5.52366584951914e-06,2.447671129549312,64900,,,,,,,,,
0.2219,1.9526442289352417,5.50480859890628e-06,2.4495568546105977,64950,,,,,,,,,
0.2318,8.981054306030273,5.485951348293419e-06,2.451442579671884,65000,,,,,,,,,
,,,2.451442579671884,65000,0.8711212873458862,268.4441,396.168,24.761,,,,,
0.2755,2.5713047981262207,5.467094097680559e-06,2.4533283047331698,65050,,,,,,,,,
0.2261,23.145002365112305,5.448236847067698e-06,2.455214029794456,65100,,,,,,,,,
0.2464,11.60083293914795,5.4293795964548365e-06,2.457099754855742,65150,,,,,,,,,
0.2185,13.394646644592285,5.410522345841976e-06,2.458985479917028,65200,,,,,,,,,
0.2417,1.642553687095642,5.391665095229116e-06,2.4608712049783144,65250,,,,,,,,,
0.1761,14.20724868774414,5.372807844616255e-06,2.4627569300396,65300,,,,,,,,,
0.1964,60.73146438598633,5.353950594003394e-06,2.4646426551008864,65350,,,,,,,,,
0.2249,7.5610527992248535,5.335093343390534e-06,2.4665283801621722,65400,,,,,,,,,
0.19,8.4259033203125,5.316236092777673e-06,2.4684141052234585,65450,,,,,,,,,
0.2309,12.484801292419434,5.297378842164813e-06,2.4702998302847443,65500,,,,,,,,,
0.2456,21.17188835144043,5.2785215915519525e-06,2.4721855553460306,65550,,,,,,,,,
0.2039,22.611717224121094,5.259664340939091e-06,2.4740712804073164,65600,,,,,,,,,
0.2314,12.689117431640625,5.2408070903262305e-06,2.4759570054686026,65650,,,,,,,,,
0.1874,11.275773048400879,5.22194983971337e-06,2.477842730529889,65700,,,,,,,,,
0.2481,3.7339603900909424,5.203092589100509e-06,2.4797284555911747,65750,,,,,,,,,
0.2253,21.58260154724121,5.184235338487649e-06,2.481614180652461,65800,,,,,,,,,
0.2206,7.4581193923950195,5.165378087874788e-06,2.483499905713747,65850,,,,,,,,,
0.2444,17.399398803710938,5.146520837261927e-06,2.485385630775033,65900,,,,,,,,,
0.227,22.55232810974121,5.127663586649067e-06,2.4872713558363193,65950,,,,,,,,,
0.212,4.5869927406311035,5.108806336036207e-06,2.489157080897605,66000,,,,,,,,,
0.2332,15.049324035644531,5.089949085423345e-06,2.4910428059588914,66050,,,,,,,,,
0.2164,20.0244140625,5.071091834810485e-06,2.492928531020177,66100,,,,,,,,,
0.2269,14.575201988220215,5.052234584197624e-06,2.4948142560814635,66150,,,,,,,,,
0.2034,1.64850914478302,5.033377333584763e-06,2.4966999811427493,66200,,,,,,,,,
0.1791,3.2829692363739014,5.014520082971903e-06,2.4985857062040355,66250,,,,,,,,,
0.2404,21.735490798950195,4.995662832359042e-06,2.5004714312653213,66300,,,,,,,,,
0.2635,11.868512153625488,4.976805581746181e-06,2.5023571563266076,66350,,,,,,,,,
0.2274,7.16343355178833,4.957948331133321e-06,2.504242881387894,66400,,,,,,,,,
0.2367,14.658020973205566,4.939091080520461e-06,2.5061286064491797,66450,,,,,,,,,
0.2316,8.715271949768066,4.9202338299076e-06,2.508014331510466,66500,,,,,,,,,
0.223,9.171759605407715,4.901376579294739e-06,2.5099000565717517,66550,,,,,,,,,
0.1755,8.282942771911621,4.8825193286818785e-06,2.511785781633038,66600,,,,,,,,,
0.2503,7.796402454376221,4.8636620780690175e-06,2.513671506694324,66650,,,,,,,,,
0.1994,24.550947189331055,4.844804827456157e-06,2.51555723175561,66700,,,,,,,,,
0.1647,11.782944679260254,4.825947576843297e-06,2.517442956816896,66750,,,,,,,,,
0.2177,12.024223327636719,4.807090326230435e-06,2.519328681878182,66800,,,,,,,,,
0.2488,41.0186767578125,4.788233075617575e-06,2.5212144069394684,66850,,,,,,,,,
0.2499,8.89492416381836,4.769375825004715e-06,2.5231001320007542,66900,,,,,,,,,
0.2144,19.715892791748047,4.750518574391854e-06,2.5249858570620405,66950,,,,,,,,,
0.2423,13.412680625915527,4.731661323778993e-06,2.5268715821233263,67000,,,,,,,,,
0.2218,34.16935348510742,4.712804073166133e-06,2.5287573071846126,67050,,,,,,,,,
0.2279,2.146162748336792,4.693946822553272e-06,2.530643032245899,67100,,,,,,,,,
0.2168,22.27665901184082,4.6750895719404114e-06,2.5325287573071846,67150,,,,,,,,,
0.2262,25.625402450561523,4.656232321327551e-06,2.5344144823684704,67200,,,,,,,,,
0.2033,34.07874298095703,4.637375070714689e-06,2.5363002074297567,67250,,,,,,,,,
0.2747,15.389264106750488,4.618517820101829e-06,2.538185932491043,67300,,,,,,,,,
0.2554,13.390604972839355,4.599660569488969e-06,2.5400716575523288,67350,,,,,,,,,
0.2503,9.853273391723633,4.580803318876108e-06,2.541957382613615,67400,,,,,,,,,
0.2496,20.270124435424805,4.561946068263248e-06,2.543843107674901,67450,,,,,,,,,
0.249,6.352969646453857,4.543088817650387e-06,2.545728832736187,67500,,,,,,,,,
0.2469,19.052213668823242,4.524231567037526e-06,2.5476145577974734,67550,,,,,,,,,
0.2319,2.4632568359375,4.5053743164246656e-06,2.549500282858759,67600,,,,,,,,,
0.2363,17.060626983642578,4.486517065811805e-06,2.551386007920045,67650,,,,,,,,,
0.1723,12.57565689086914,4.467659815198944e-06,2.5532717329813313,67700,,,,,,,,,
0.2393,21.421323776245117,4.448802564586083e-06,2.5551574580426175,67750,,,,,,,,,
0.2125,2.9128072261810303,4.429945313973223e-06,2.5570431831039033,67800,,,,,,,,,
0.1813,18.110599517822266,4.411088063360362e-06,2.5589289081651896,67850,,,,,,,,,
0.2235,7.872842311859131,4.392230812747502e-06,2.5608146332264754,67900,,,,,,,,,
0.2273,29.106639862060547,4.373373562134641e-06,2.5627003582877617,67950,,,,,,,,,
0.2335,15.75352954864502,4.35451631152178e-06,2.564586083349048,68000,,,,,,,,,
0.2496,8.99766731262207,4.33565906090892e-06,2.5664718084103337,68050,,,,,,,,,
0.2068,13.415953636169434,4.3168018102960595e-06,2.56835753347162,68100,,,,,,,,,
0.2336,12.355802536010742,4.2979445596831985e-06,2.570243258532906,68150,,,,,,,,,
0.2208,4.713212966918945,4.2790873090703375e-06,2.572128983594192,68200,,,,,,,,,
0.2364,20.88177490234375,4.2602300584574764e-06,2.574014708655478,68250,,,,,,,,,
0.229,20.381412506103516,4.241372807844616e-06,2.575900433716764,68300,,,,,,,,,
0.2347,21.67355728149414,4.222515557231756e-06,2.57778615877805,68350,,,,,,,,,
0.1961,10.250211715698242,4.203658306618895e-06,2.579671883839336,68400,,,,,,,,,
0.2276,3.548870086669922,4.184801056006034e-06,2.5815576089006225,68450,,,,,,,,,
0.2589,18.863357543945312,4.165943805393174e-06,2.5834433339619083,68500,,,,,,,,,
0.2064,8.070624351501465,4.147086554780313e-06,2.5853290590231945,68550,,,,,,,,,
0.2146,12.045735359191895,4.128229304167453e-06,2.5872147840844804,68600,,,,,,,,,
0.2364,7.753005027770996,4.109372053554592e-06,2.5891005091457666,68650,,,,,,,,,
0.2025,16.232528686523438,4.0905148029417306e-06,2.590986234207053,68700,,,,,,,,,
0.1954,16.082990646362305,4.07165755232887e-06,2.5928719592683387,68750,,,,,,,,,
0.2394,15.073972702026367,4.05280030171601e-06,2.5947576843296245,68800,,,,,,,,,
0.2163,7.023809432983398,4.033943051103149e-06,2.5966434093909108,68850,,,,,,,,,
0.2621,24.100162506103516,4.015085800490288e-06,2.598529134452197,68900,,,,,,,,,
0.1629,18.99466323852539,3.996228549877428e-06,2.600414859513483,68950,,,,,,,,,
0.2388,2.3417932987213135,3.977371299264567e-06,2.602300584574769,69000,,,,,,,,,
0.2242,33.309879302978516,3.958514048651707e-06,2.604186309636055,69050,,,,,,,,,
0.2036,14.027766227722168,3.9396567980388466e-06,2.606072034697341,69100,,,,,,,,,
0.2245,10.156335830688477,3.920799547425985e-06,2.6079577597586274,69150,,,,,,,,,
0.1961,7.825990200042725,3.9019422968131245e-06,2.6098434848199132,69200,,,,,,,,,
0.2276,34.611602783203125,3.883085046200264e-06,2.611729209881199,69250,,,,,,,,,
0.2393,10.177162170410156,3.864227795587403e-06,2.6136149349424853,69300,,,,,,,,,
0.2719,18.413114547729492,3.845370544974543e-06,2.6155006600037716,69350,,,,,,,,,
0.2084,18.834909439086914,3.826513294361682e-06,2.6173863850650574,69400,,,,,,,,,
0.2275,8.066268920898438,3.807656043748821e-06,2.6192721101263436,69450,,,,,,,,,
0.2261,4.717517852783203,3.788798793135961e-06,2.6211578351876295,69500,,,,,,,,,
0.2072,16.33782958984375,3.7699415425231003e-06,2.6230435602489157,69550,,,,,,,,,
0.232,11.890327453613281,3.7510842919102392e-06,2.624929285310202,69600,,,,,,,,,
0.215,8.24308967590332,3.732227041297379e-06,2.626815010371488,69650,,,,,,,,,
0.1983,3.936918258666992,3.7133697906845184e-06,2.628700735432774,69700,,,,,,,,,
0.2745,20.933948516845703,3.694512540071658e-06,2.63058646049406,69750,,,,,,,,,
0.2603,15.75918960571289,3.675655289458797e-06,2.632472185555346,69800,,,,,,,,,
0.188,13.289471626281738,3.6567980388459366e-06,2.634357910616632,69850,,,,,,,,,
0.2363,31.396739959716797,3.6379407882330756e-06,2.636243635677918,69900,,,,,,,,,
0.1753,10.817994117736816,3.619083537620215e-06,2.638129360739204,69950,,,,,,,,,
0.2628,11.116869926452637,3.600226287007355e-06,2.6400150858004903,70000,,,,,,,,,
,,,2.6400150858004903,70000,0.8879796862602234,268.4748,396.123,24.758,,,,,
0.2891,17.381454467773438,3.5813690363944938e-06,2.6419008108617765,70050,,,,,,,,,
0.2369,3.6554148197174072,3.562511785781633e-06,2.6437865359230623,70100,,,,,,,,,
0.1876,7.778069496154785,3.543654535168772e-06,2.6456722609843486,70150,,,,,,,,,
0.224,7.5951104164123535,3.524797284555912e-06,2.6475579860456344,70200,,,,,,,,,
0.2244,12.351140975952148,3.505940033943051e-06,2.6494437111069207,70250,,,,,,,,,
0.1691,7.714610576629639,3.4870827833301903e-06,2.651329436168207,70300,,,,,,,,,
0.1942,20.910018920898438,3.46822553271733e-06,2.6532151612294927,70350,,,,,,,,,
0.2052,6.696798324584961,3.449368282104469e-06,2.6551008862907786,70400,,,,,,,,,
0.2803,22.689510345458984,3.4305110314916085e-06,2.656986611352065,70450,,,,,,,,,
0.2203,13.216475486755371,3.411653780878748e-06,2.658872336413351,70500,,,,,,,,,
0.2027,15.08010482788086,3.3927965302658873e-06,2.660758061474637,70550,,,,,,,,,
0.2497,34.22052764892578,3.3739392796530263e-06,2.662643786535923,70600,,,,,,,,,
0.2206,25.11906623840332,3.355082029040166e-06,2.664529511597209,70650,,,,,,,,,
0.2165,14.917243957519531,3.3362247784273055e-06,2.6664152366584952,70700,,,,,,,,,
0.1906,6.393019199371338,3.3173675278144445e-06,2.6683009617197815,70750,,,,,,,,,
0.2296,24.84865379333496,3.2985102772015843e-06,2.6701866867810673,70800,,,,,,,,,
0.2516,2.0300164222717285,3.2796530265887232e-06,2.672072411842353,70850,,,,,,,,,
0.1941,12.951133728027344,3.2607957759758626e-06,2.6739581369036394,70900,,,,,,,,,
0.1942,16.168630599975586,3.2419385253630025e-06,2.6758438619649256,70950,,,,,,,,,
0.2276,13.686053276062012,3.2230812747501414e-06,2.6777295870262114,71000,,,,,,,,,
0.1969,15.454594612121582,3.204224024137281e-06,2.6796153120874977,71050,,,,,,,,,
0.2337,5.974306583404541,3.1853667735244202e-06,2.6815010371487835,71100,,,,,,,,,
0.2375,18.642013549804688,3.1665095229115596e-06,2.6833867622100698,71150,,,,,,,,,
0.1792,20.17184066772461,3.1476522722986986e-06,2.685272487271356,71200,,,,,,,,,
0.2022,4.961957931518555,3.1287950216858384e-06,2.687158212332642,71250,,,,,,,,,
0.1991,2.464430809020996,3.109937771072978e-06,2.689043937393928,71300,,,,,,,,,
0.2296,4.708920955657959,3.0910805204601168e-06,2.690929662455214,71350,,,,,,,,,
0.2297,97.19661712646484,3.0722232698472566e-06,2.6928153875165,71400,,,,,,,,,
0.2052,6.790117263793945,3.0533660192343956e-06,2.694701112577786,71450,,,,,,,,,
0.2512,12.53514575958252,3.034508768621535e-06,2.6965868376390723,71500,,,,,,,,,
0.2191,3.3894457817077637,3.0156515180086743e-06,2.698472562700358,71550,,,,,,,,,
0.1765,1.5615051984786987,2.9967942673958137e-06,2.7003582877616443,71600,,,,,,,,,
0.2622,12.15903091430664,2.977937016782953e-06,2.7022440128229306,71650,,,,,,,,,
0.2225,2.4792792797088623,2.9590797661700925e-06,2.7041297378842164,71700,,,,,,,,,
0.2466,13.201679229736328,2.940222515557232e-06,2.7060154629455027,71750,,,,,,,,,
0.1937,21.23261833190918,2.921365264944371e-06,2.7079011880067885,71800,,,,,,,,,
0.2283,13.797555923461914,2.9025080143315107e-06,2.7097869130680747,71850,,,,,,,,,
0.2036,38.88381576538086,2.8836507637186497e-06,2.711672638129361,71900,,,,,,,,,
0.2288,13.360884666442871,2.864793513105789e-06,2.713558363190647,71950,,,,,,,,,
0.2059,10.71060562133789,2.845936262492929e-06,2.7154440882519326,72000,,,,,,,,,
0.2414,13.049745559692383,2.827079011880068e-06,2.717329813313219,72050,,,,,,,,,
0.2619,31.260128021240234,2.8082217612672073e-06,2.719215538374505,72100,,,,,,,,,
0.208,2.777500629425049,2.7893645106543466e-06,2.721101263435791,72150,,,,,,,,,
0.2096,5.404982089996338,2.770507260041486e-06,2.722986988497077,72200,,,,,,,,,
0.2304,19.405071258544922,2.7516500094286254e-06,2.724872713558363,72250,,,,,,,,,
0.2407,6.767832279205322,2.732792758815765e-06,2.7267584386196493,72300,,,,,,,,,
0.2201,25.767948150634766,2.7139355082029042e-06,2.7286441636809355,72350,,,,,,,,,
0.1737,7.3256659507751465,2.695078257590043e-06,2.7305298887422214,72400,,,,,,,,,
0.2063,6.076465129852295,2.676221006977183e-06,2.7324156138035076,72450,,,,,,,,,
0.2209,22.1099910736084,2.657363756364322e-06,2.7343013388647934,72500,,,,,,,,,
0.2332,7.6207170486450195,2.6385065057514614e-06,2.7361870639260797,72550,,,,,,,,,
0.2134,15.620356559753418,2.619649255138601e-06,2.7380727889873655,72600,,,,,,,,,
0.2449,10.827181816101074,2.60079200452574e-06,2.7399585140486518,72650,,,,,,,,,
0.2121,18.996788024902344,2.5819347539128796e-06,2.7418442391099376,72700,,,,,,,,,
0.2452,16.0726375579834,2.563077503300019e-06,2.743729964171224,72750,,,,,,,,,
0.2465,12.092885971069336,2.5442202526871584e-06,2.74561568923251,72800,,,,,,,,,
0.2637,2.6894896030426025,2.5253630020742973e-06,2.747501414293796,72850,,,,,,,,,
0.1758,18.50922966003418,2.506505751461437e-06,2.749387139355082,72900,,,,,,,,,
0.25,11.045477867126465,2.4876485008485765e-06,2.751272864416368,72950,,,,,,,,,
0.1695,10.929141998291016,2.4687912502357155e-06,2.7531585894776542,73000,,,,,,,,,
0.2569,5.431645393371582,2.4499339996228553e-06,2.7550443145389405,73050,,,,,,,,,
0.2202,32.438453674316406,2.4310767490099943e-06,2.7569300396002263,73100,,,,,,,,,
0.2675,11.530838012695312,2.4122194983971337e-06,2.758815764661512,73150,,,,,,,,,
0.2234,19.3098201751709,2.393362247784273e-06,2.7607014897227984,73200,,,,,,,,,
0.2126,0.1585305631160736,2.3745049971714125e-06,2.7625872147840846,73250,,,,,,,,,
0.1765,13.601673126220703,2.355647746558552e-06,2.7644729398453705,73300,,,,,,,,,
0.1844,9.999523162841797,2.3367904959456913e-06,2.7663586649066567,73350,,,,,,,,,
0.2018,16.25453758239746,2.3179332453328307e-06,2.7682443899679425,73400,,,,,,,,,
0.22,14.447443962097168,2.2990759947199696e-06,2.770130115029229,73450,,,,,,,,,
0.191,5.0928635597229,2.2802187441071094e-06,2.772015840090515,73500,,,,,,,,,
0.269,10.522565841674805,2.261361493494249e-06,2.773901565151801,73550,,,,,,,,,
0.2163,24.790075302124023,2.242504242881388e-06,2.7757872902130867,73600,,,,,,,,,
0.2293,7.560665607452393,2.2236469922685276e-06,2.777673015274373,73650,,,,,,,,,
0.2037,14.953446388244629,2.2047897416556666e-06,2.779558740335659,73700,,,,,,,,,
0.2578,2.6840829849243164,2.185932491042806e-06,2.781444465396945,73750,,,,,,,,,
0.2119,9.933196067810059,2.1670752404299454e-06,2.7833301904582313,73800,,,,,,,,,
0.209,31.2381591796875,2.1482179898170848e-06,2.785215915519517,73850,,,,,,,,,
0.1934,9.450218200683594,2.129360739204224e-06,2.7871016405808033,73900,,,,,,,,,
0.2085,28.13179588317871,2.1105034885913636e-06,2.7889873656420896,73950,,,,,,,,,
0.2105,10.819476127624512,2.091646237978503e-06,2.7908730907033754,74000,,,,,,,,,
0.182,18.435012817382812,2.072788987365642e-06,2.7927588157646617,74050,,,,,,,,,
0.2033,15.350987434387207,2.0539317367527818e-06,2.7946445408259475,74100,,,,,,,,,
0.2,13.967787742614746,2.0350744861399207e-06,2.7965302658872337,74150,,,,,,,,,
0.2098,21.11311149597168,2.01621723552706e-06,2.7984159909485196,74200,,,,,,,,,
0.1548,9.023163795471191,1.9973599849141995e-06,2.800301716009806,74250,,,,,,,,,
0.2272,18.127511978149414,1.978502734301339e-06,2.8021874410710916,74300,,,,,,,,,
0.1792,5.9128594398498535,1.9596454836884783e-06,2.804073166132378,74350,,,,,,,,,
0.1887,1.6004470586776733,1.9407882330756173e-06,2.805958891193664,74400,,,,,,,,,
0.2248,22.64598846435547,1.921930982462757e-06,2.80784461625495,74450,,,,,,,,,
0.1827,15.335147857666016,1.9030737318498963e-06,2.8097303413162362,74500,,,,,,,,,
0.2599,43.937355041503906,1.8842164812370355e-06,2.811616066377522,74550,,,,,,,,,
0.2091,9.907354354858398,1.865359230624175e-06,2.8135017914388083,74600,,,,,,,,,
0.2191,12.96522331237793,1.8465019800113142e-06,2.8153875165000946,74650,,,,,,,,,
0.227,4.284592151641846,1.8276447293984539e-06,2.8172732415613804,74700,,,,,,,,,
0.2493,23.166000366210938,1.8087874787855932e-06,2.819158966622666,74750,,,,,,,,,
0.2011,4.665164947509766,1.7899302281727324e-06,2.8210446916839524,74800,,,,,,,,,
0.2146,17.41268539428711,1.7710729775598718e-06,2.8229304167452387,74850,,,,,,,,,
0.2287,11.075715065002441,1.7522157269470112e-06,2.8248161418065245,74900,,,,,,,,,
0.1976,20.744300842285156,1.7333584763341504e-06,2.8267018668678108,74950,,,,,,,,,
0.1735,20.540996551513672,1.71450122572129e-06,2.8285875919290966,75000,,,,,,,,,
,,,2.8285875919290966,75000,0.9161946773529053,268.4688,396.132,24.759,,,,,
0.2003,24.85064697265625,1.6956439751084294e-06,2.830473316990383,75050,,,,,,,,,
0.2645,14.41547966003418,1.6767867244955686e-06,2.832359042051669,75100,,,,,,,,,
0.2104,14.921177864074707,1.657929473882708e-06,2.834244767112955,75150,,,,,,,,,
0.2235,7.200377941131592,1.6390722232698472e-06,2.8361304921742407,75200,,,,,,,,,
0.2151,12.42109203338623,1.6202149726569866e-06,2.838016217235527,75250,,,,,,,,,
0.1843,28.50446128845215,1.601357722044126e-06,2.8399019422968133,75300,,,,,,,,,
0.23,12.214559555053711,1.5825004714312653e-06,2.841787667358099,75350,,,,,,,,,
0.2545,9.705915451049805,1.5636432208184047e-06,2.8436733924193853,75400,,,,,,,,,
0.213,23.93976402282715,1.5447859702055441e-06,2.845559117480671,75450,,,,,,,,,
0.2243,15.251052856445312,1.5259287195926833e-06,2.8474448425419574,75500,,,,,,,,,
0.2529,14.224898338317871,1.5070714689798227e-06,2.8493305676032437,75550,,,,,,,,,
0.2439,19.56694984436035,1.4882142183669621e-06,2.8512162926645295,75600,,,,,,,,,
0.2054,2.3414394855499268,1.4693569677541015e-06,2.8531020177258157,75650,,,,,,,,,
0.1747,14.991050720214844,1.450499717141241e-06,2.8549877427871015,75700,,,,,,,,,
0.2041,10.018889427185059,1.4316424665283803e-06,2.856873467848388,75750,,,,,,,,,
0.2097,13.51723575592041,1.4127852159155195e-06,2.8587591929096736,75800,,,,,,,,,
0.2162,8.5055513381958,1.3939279653026589e-06,2.86064491797096,75850,,,,,,,,,
0.2168,9.044448852539062,1.3750707146897983e-06,2.8625306430322457,75900,,,,,,,,,
0.1998,6.982919692993164,1.3562134640769374e-06,2.864416368093532,75950,,,,,,,,,
0.1829,16.716812133789062,1.337356213464077e-06,2.866302093154818,76000,,,,,,,,,
0.2339,12.426620483398438,1.3184989628512164e-06,2.868187818216104,76050,,,,,,,,,
0.2349,10.350937843322754,1.2996417122383556e-06,2.8700735432773903,76100,,,,,,,,,
0.1954,9.119272232055664,1.280784461625495e-06,2.871959268338676,76150,,,,,,,,,
0.2678,13.922004699707031,1.2619272110126344e-06,2.8738449933999624,76200,,,,,,,,,
0.2512,19.116106033325195,1.2430699603997736e-06,2.8757307184612486,76250,,,,,,,,,
0.2547,19.019119262695312,1.2242127097869132e-06,2.8776164435225344,76300,,,,,,,,,
0.2359,13.977532386779785,1.2053554591740526e-06,2.8795021685838202,76350,,,,,,,,,
0.199,26.426158905029297,1.1864982085611918e-06,2.8813878936451065,76400,,,,,,,,,
0.2556,8.91547966003418,1.1676409579483312e-06,2.8832736187063928,76450,,,,,,,,,
0.2253,8.846132278442383,1.1487837073354706e-06,2.8851593437676786,76500,,,,,,,,,
0.2531,24.58336639404297,1.1299264567226098e-06,2.887045068828965,76550,,,,,,,,,
0.2138,11.91091251373291,1.1110692061097491e-06,2.8889307938902506,76600,,,,,,,,,
0.2544,13.666810989379883,1.0922119554968888e-06,2.890816518951537,76650,,,,,,,,,
0.1843,6.9651265144348145,1.073354704884028e-06,2.892702244012823,76700,,,,,,,,,
0.2097,15.63394546508789,1.0544974542711673e-06,2.894587969074109,76750,,,,,,,,,
0.1971,22.897119522094727,1.0356402036583067e-06,2.896473694135395,76800,,,,,,,,,
0.2003,10.083218574523926,1.016782953045446e-06,2.898359419196681,76850,,,,,,,,,
0.284,9.647659301757812,9.979257024325853e-07,2.9002451442579673,76900,,,,,,,,,
0.2049,9.339513778686523,9.79068451819725e-07,2.902130869319253,76950,,,,,,,,,
0.2054,21.94442367553711,9.60211201206864e-07,2.9040165943805394,77000,,,,,,,,,
0.2422,7.307770729064941,9.413539505940035e-07,2.905902319441825,77050,,,,,,,,,
0.1892,3.748905897140503,9.224966999811428e-07,2.9077880445031115,77100,,,,,,,,,
0.1837,18.356483459472656,9.036394493682821e-07,2.9096737695643977,77150,,,,,,,,,
0.1695,8.632048606872559,8.847821987554216e-07,2.9115594946256835,77200,,,,,,,,,
0.1816,15.501251220703125,8.659249481425608e-07,2.91344521968697,77250,,,,,,,,,
0.22,7.055713176727295,8.470676975297001e-07,2.9153309447482556,77300,,,,,,,,,
0.2251,2.2418100833892822,8.282104469168396e-07,2.917216669809542,77350,,,,,,,,,
0.2556,27.590192794799805,8.093531963039789e-07,2.9191023948708277,77400,,,,,,,,,
0.2018,5.5276360511779785,7.904959456911182e-07,2.920988119932114,77450,,,,,,,,,
0.2,8.863263130187988,7.716386950782576e-07,2.9228738449933998,77500,,,,,,,,,
0.1908,10.645981788635254,7.52781444465397e-07,2.924759570054686,77550,,,,,,,,,
0.2127,9.861137390136719,7.339241938525363e-07,2.9266452951159723,77600,,,,,,,,,
0.2076,24.7742977142334,7.150669432396757e-07,2.928531020177258,77650,,,,,,,,,
0.1645,21.374088287353516,6.962096926268151e-07,2.9304167452385443,77700,,,,,,,,,
0.2108,18.81850242614746,6.773524420139544e-07,2.93230247029983,77750,,,,,,,,,
0.2268,18.14753532409668,6.584951914010937e-07,2.9341881953611164,77800,,,,,,,,,
0.2394,35.28498077392578,6.396379407882332e-07,2.9360739204224027,77850,,,,,,,,,
0.2156,19.227876663208008,6.207806901753724e-07,2.9379596454836885,77900,,,,,,,,,
0.1638,12.083269119262695,6.019234395625117e-07,2.9398453705449743,77950,,,,,,,,,
0.1826,10.627077102661133,5.830661889496512e-07,2.9417310956062606,78000,,,,,,,,,
0.2034,9.288007736206055,5.642089383367905e-07,2.943616820667547,78050,,,,,,,,,
0.2198,12.963859558105469,5.453516877239298e-07,2.9455025457288326,78100,,,,,,,,,
0.2197,27.94165802001953,5.264944371110692e-07,2.947388270790119,78150,,,,,,,,,
0.2073,11.533439636230469,5.076371864982086e-07,2.9492739958514047,78200,,,,,,,,,
0.2101,9.37703800201416,4.887799358853479e-07,2.951159720912691,78250,,,,,,,,,
0.227,2.8232760429382324,4.6992268527248734e-07,2.9530454459739772,78300,,,,,,,,,
0.1869,18.14373779296875,4.510654346596266e-07,2.954931171035263,78350,,,,,,,,,
0.2428,9.117576599121094,4.32208184046766e-07,2.956816896096549,78400,,,,,,,,,
0.2188,12.419724464416504,4.1335093343390536e-07,2.958702621157835,78450,,,,,,,,,
0.1969,21.857942581176758,3.944936828210447e-07,2.9605883462191214,78500,,,,,,,,,
0.2014,13.371424674987793,3.7563643220818404e-07,2.962474071280407,78550,,,,,,,,,
0.2006,13.286046028137207,3.567791815953234e-07,2.9643597963416934,78600,,,,,,,,,
0.1973,18.873737335205078,3.379219309824628e-07,2.9662455214029793,78650,,,,,,,,,
0.2159,3.4962828159332275,3.190646803696021e-07,2.9681312464642655,78700,,,,,,,,,
0.1983,7.186793804168701,3.0020742975674146e-07,2.9700169715255518,78750,,,,,,,,,
0.2176,21.251415252685547,2.8135017914388086e-07,2.9719026965868376,78800,,,,,,,,,
0.2474,8.533523559570312,2.624929285310202e-07,2.973788421648124,78850,,,,,,,,,
0.1811,9.21635913848877,2.4363567791815954e-07,2.9756741467094097,78900,,,,,,,,,
0.2066,17.680482864379883,2.2477842730529888e-07,2.977559871770696,78950,,,,,,,,,
0.184,17.747032165527344,2.0592117669243825e-07,2.9794455968319817,79000,,,,,,,,,
0.1987,22.486526489257812,1.8706392607957762e-07,2.981331321893268,79050,,,,,,,,,
0.2056,17.340885162353516,1.6820667546671696e-07,2.983217046954554,79100,,,,,,,,,
0.2471,11.022356033325195,1.493494248538563e-07,2.98510277201584,79150,,,,,,,,,
0.2038,18.087770462036133,1.3049217424099567e-07,2.9869884970771263,79200,,,,,,,,,
0.2112,25.315547943115234,1.1163492362813502e-07,2.988874222138412,79250,,,,,,,,,
0.2353,12.291839599609375,9.277767301527438e-08,2.9907599471996984,79300,,,,,,,,,
0.173,11.606216430664062,7.392042240241373e-08,2.992645672260984,79350,,,,,,,,,
0.2071,19.579574584960938,5.5063171789553086e-08,2.9945313973222705,79400,,,,,,,,,
0.2421,29.476064682006836,3.620592117669244e-08,2.9964171223835567,79450,,,,,,,,,
0.2665,11.629264831542969,1.7348670563831792e-08,2.9983028474448425,79500,,,,,,,,,
,,,3.0,79545,,,,,17005.371,74.84,4.678,2.494093874092416e+17,0.4596183805149785
