loss,grad_norm,learning_rate,epoch,step,eval_loss,eval_runtime,eval_samples_per_second,eval_steps_per_second,train_runtime,train_samples_per_second,train_steps_per_second,total_flos,train_loss
2.9339,10.74854850769043,2.998779120468419e-05,0.0,50,,,,,,,,,
1.8369,12.794425964355469,2.9975333250280304e-05,0.0,100,,,,,,,,,
1.6473,13.956315994262695,2.9962875295876417e-05,0.0,150,,,,,,,,,
1.4497,21.72429656982422,2.995041734147253e-05,0.0,200,,,,,,,,,
1.2744,17.968198776245117,2.9937959387068644e-05,0.01,250,,,,,,,,,
1.0772,12.614645957946777,2.9925501432664754e-05,0.01,300,,,,,,,,,
1.1226,11.840276718139648,2.991304347826087e-05,0.01,350,,,,,,,,,
1.0839,15.598423957824707,2.9900585523856984e-05,0.01,400,,,,,,,,,
0.9162,19.519329071044922,2.9888127569453098e-05,0.01,450,,,,,,,,,
0.9571,20.45003890991211,2.987566961504921e-05,0.01,500,,,,,,,,,
0.9073,22.189699172973633,2.986321166064532e-05,0.01,550,,,,,,,,,
0.9043,13.585869789123535,2.9850753706241435e-05,0.01,600,,,,,,,,,
0.8195,10.853343963623047,2.983829575183755e-05,0.02,650,,,,,,,,,
0.8822,13.939641952514648,2.9825837797433662e-05,0.02,700,,,,,,,,,
0.8506,8.463772773742676,2.9813379843029775e-05,0.02,750,,,,,,,,,
0.8115,13.28724193572998,2.9800921888625886e-05,0.02,800,,,,,,,,,
0.8692,16.651235580444336,2.9788463934222e-05,0.02,850,,,,,,,,,
0.8002,11.502372741699219,2.9776005979818116e-05,0.02,900,,,,,,,,,
0.7445,11.712435722351074,2.976354802541423e-05,0.02,950,,,,,,,,,
0.7741,14.486839294433594,2.9751090071010343e-05,0.02,1000,,,,,,,,,
0.7761,17.397228240966797,2.9738632116606453e-05,0.03,1050,,,,,,,,,
0.7875,15.778534889221191,2.9726174162202566e-05,0.03,1100,,,,,,,,,
0.7288,17.40026092529297,2.971371620779868e-05,0.03,1150,,,,,,,,,
0.7289,21.626806259155273,2.9701258253394793e-05,0.03,1200,,,,,,,,,
0.7221,6.93184757232666,2.9688800298990907e-05,0.03,1250,,,,,,,,,
0.6953,18.69713020324707,2.9676342344587017e-05,0.03,1300,,,,,,,,,
0.7293,14.465795516967773,2.966388439018313e-05,0.03,1350,,,,,,,,,
0.7159,9.487786293029785,2.9651426435779244e-05,0.03,1400,,,,,,,,,
0.6563,15.273361206054688,2.963896848137536e-05,0.04,1450,,,,,,,,,
0.6879,14.9630126953125,2.9626510526971474e-05,0.04,1500,,,,,,,,,
0.687,20.50186538696289,2.9614052572567584e-05,0.04,1550,,,,,,,,,
0.5762,21.6492919921875,2.9601594618163698e-05,0.04,1600,,,,,,,,,
0.8118,7.343202114105225,2.958913666375981e-05,0.04,1650,,,,,,,,,
0.717,12.648978233337402,2.9576678709355925e-05,0.04,1700,,,,,,,,,
0.6698,8.273395538330078,2.9564220754952038e-05,0.04,1750,,,,,,,,,
0.6948,11.206387519836426,2.955176280054815e-05,0.04,1800,,,,,,,,,
0.7436,18.081314086914062,2.9539304846144262e-05,0.05,1850,,,,,,,,,
0.7369,12.773083686828613,2.9526846891740375e-05,0.05,1900,,,,,,,,,
0.6992,18.890432357788086,2.9514388937336492e-05,0.05,1950,,,,,,,,,
0.6318,15.243253707885742,2.9501930982932606e-05,0.05,2000,,,,,,,,,
0.6119,11.34943675994873,2.9489473028528716e-05,0.05,2050,,,,,,,,,
0.7242,9.633852005004883,2.947701507412483e-05,0.05,2100,,,,,,,,,
0.5774,15.337108612060547,2.9464557119720943e-05,0.05,2150,,,,,,,,,
0.5902,12.944503784179688,2.9452099165317056e-05,0.05,2200,,,,,,,,,
0.69,14.693449020385742,2.943964121091317e-05,0.06,2250,,,,,,,,,
0.6244,18.37024688720703,2.942718325650928e-05,0.06,2300,,,,,,,,,
0.6306,5.9348368644714355,2.9414725302105393e-05,0.06,2350,,,,,,,,,
0.6715,10.48840618133545,2.9402267347701507e-05,0.06,2400,,,,,,,,,
0.6689,16.9589786529541,2.938980939329762e-05,0.06,2450,,,,,,,,,
0.6696,13.288694381713867,2.9377351438893737e-05,0.06,2500,,,,,,,,,
0.6444,12.826237678527832,2.9364893484489847e-05,0.06,2550,,,,,,,,,
0.6675,9.328027725219727,2.935243553008596e-05,0.06,2600,,,,,,,,,
0.5677,13.15305233001709,2.9339977575682074e-05,0.07,2650,,,,,,,,,
0.6626,7.71739387512207,2.9327519621278188e-05,0.07,2700,,,,,,,,,
0.6381,19.942092895507812,2.93150616668743e-05,0.07,2750,,,,,,,,,
0.6354,22.310813903808594,2.930260371247041e-05,0.07,2800,,,,,,,,,
0.6933,14.121176719665527,2.9290145758066525e-05,0.07,2850,,,,,,,,,
0.63,13.915225982666016,2.9277687803662638e-05,0.07,2900,,,,,,,,,
0.6993,18.115320205688477,2.926522984925875e-05,0.07,2950,,,,,,,,,
0.5819,11.895859718322754,2.9252771894854865e-05,0.07,3000,,,,,,,,,
0.6779,9.841415405273438,2.924031394045098e-05,0.08,3050,,,,,,,,,
0.6651,7.890094757080078,2.9227855986047092e-05,0.08,3100,,,,,,,,,
0.6444,12.526429176330566,2.9215398031643205e-05,0.08,3150,,,,,,,,,
0.5849,9.860623359680176,2.920294007723932e-05,0.08,3200,,,,,,,,,
0.542,27.36063003540039,2.9190482122835432e-05,0.08,3250,,,,,,,,,
0.5695,12.946931838989258,2.9178024168431543e-05,0.08,3300,,,,,,,,,
0.5913,16.281187057495117,2.9165566214027656e-05,0.08,3350,,,,,,,,,
0.5889,12.892293930053711,2.915310825962377e-05,0.08,3400,,,,,,,,,
0.4975,15.177421569824219,2.9140650305219883e-05,0.09,3450,,,,,,,,,
0.6269,9.323006629943848,2.9128192350815996e-05,0.09,3500,,,,,,,,,
0.6007,9.673649787902832,2.911573439641211e-05,0.09,3550,,,,,,,,,
0.6138,7.544255256652832,2.9103276442008223e-05,0.09,3600,,,,,,,,,
0.5612,4.673476219177246,2.9090818487604337e-05,0.09,3650,,,,,,,,,
0.6004,15.986748695373535,2.907836053320045e-05,0.09,3700,,,,,,,,,
0.5522,10.585237503051758,2.9065902578796564e-05,0.09,3750,,,,,,,,,
0.5664,11.298924446105957,2.9053444624392674e-05,0.09,3800,,,,,,,,,
0.6162,8.446792602539062,2.9040986669988787e-05,0.1,3850,,,,,,,,,
0.5662,6.857169151306152,2.90285287155849e-05,0.1,3900,,,,,,,,,
0.591,13.253889083862305,2.9016070761181014e-05,0.1,3950,,,,,,,,,
0.5636,9.212835311889648,2.9003612806777128e-05,0.1,4000,,,,,,,,,
0.5964,6.305471420288086,2.8991154852373238e-05,0.1,4050,,,,,,,,,
0.5825,11.441370010375977,2.8978696897969355e-05,0.1,4100,,,,,,,,,
0.5261,17.134225845336914,2.8966238943565468e-05,0.1,4150,,,,,,,,,
0.5824,5.8684163093566895,2.8953780989161582e-05,0.1,4200,,,,,,,,,
0.6605,9.416844367980957,2.8941323034757695e-05,0.11,4250,,,,,,,,,
0.5514,7.531583786010742,2.8928865080353805e-05,0.11,4300,,,,,,,,,
0.539,12.90771484375,2.891640712594992e-05,0.11,4350,,,,,,,,,
0.5576,10.88699722290039,2.8903949171546032e-05,0.11,4400,,,,,,,,,
0.5738,14.258173942565918,2.8891491217142146e-05,0.11,4450,,,,,,,,,
0.5224,15.671417236328125,2.887903326273826e-05,0.11,4500,,,,,,,,,
0.5614,14.92091178894043,2.886657530833437e-05,0.11,4550,,,,,,,,,
0.5377,11.59138298034668,2.8854117353930486e-05,0.11,4600,,,,,,,,,
0.5757,8.769159317016602,2.88416593995266e-05,0.12,4650,,,,,,,,,
0.5631,12.605531692504883,2.8829201445122713e-05,0.12,4700,,,,,,,,,
0.5158,13.104408264160156,2.8816743490718827e-05,0.12,4750,,,,,,,,,
0.4824,12.784222602844238,2.8804285536314937e-05,0.12,4800,,,,,,,,,
0.5213,8.449742317199707,2.879182758191105e-05,0.12,4850,,,,,,,,,
0.504,14.944300651550293,2.8779369627507164e-05,0.12,4900,,,,,,,,,
0.5039,11.608329772949219,2.8766911673103277e-05,0.12,4950,,,,,,,,,
0.5465,12.10189151763916,2.875445371869939e-05,0.12,5000,,,,,,,,,
,,,0.12,5000,0.511855959892273,406.0277,396.505,24.782,,,,,
0.4935,13.433735847473145,2.87419957642955e-05,0.13,5050,,,,,,,,,
0.5579,10.59625244140625,2.8729537809891614e-05,0.13,5100,,,,,,,,,
0.6011,15.987751960754395,2.871707985548773e-05,0.13,5150,,,,,,,,,
0.5662,11.976768493652344,2.8704621901083845e-05,0.13,5200,,,,,,,,,
0.5691,12.227860450744629,2.8692163946679958e-05,0.13,5250,,,,,,,,,
0.5467,6.933421611785889,2.8679705992276068e-05,0.13,5300,,,,,,,,,
0.5395,17.56119728088379,2.866724803787218e-05,0.13,5350,,,,,,,,,
0.5059,14.285422325134277,2.8654790083468295e-05,0.13,5400,,,,,,,,,
0.5127,17.108827590942383,2.864233212906441e-05,0.14,5450,,,,,,,,,
0.5438,9.956538200378418,2.8629874174660522e-05,0.14,5500,,,,,,,,,
0.6109,14.01575756072998,2.8617416220256632e-05,0.14,5550,,,,,,,,,
0.5281,22.626869201660156,2.8604958265852746e-05,0.14,5600,,,,,,,,,
0.4909,5.4187798500061035,2.859250031144886e-05,0.14,5650,,,,,,,,,
0.5586,16.851428985595703,2.8580042357044976e-05,0.14,5700,,,,,,,,,
0.5447,14.931146621704102,2.856758440264109e-05,0.14,5750,,,,,,,,,
0.5531,10.760720252990723,2.85551264482372e-05,0.14,5800,,,,,,,,,
0.5206,11.545767784118652,2.8542668493833313e-05,0.15,5850,,,,,,,,,
0.5674,9.642192840576172,2.8530210539429426e-05,0.15,5900,,,,,,,,,
0.5068,12.083931922912598,2.851775258502554e-05,0.15,5950,,,,,,,,,
0.4832,15.615342140197754,2.8505294630621653e-05,0.15,6000,,,,,,,,,
0.4965,12.188423156738281,2.8492836676217764e-05,0.15,6050,,,,,,,,,
0.4665,8.244887351989746,2.8480378721813877e-05,0.15,6100,,,,,,,,,
0.5614,12.138593673706055,2.846792076740999e-05,0.15,6150,,,,,,,,,
0.5208,13.697908401489258,2.8455462813006107e-05,0.15,6200,,,,,,,,,
0.5062,18.382709503173828,2.844300485860222e-05,0.16,6250,,,,,,,,,
0.4781,7.022812366485596,2.843054690419833e-05,0.16,6300,,,,,,,,,
0.5527,9.029643058776855,2.8418088949794444e-05,0.16,6350,,,,,,,,,
0.4768,13.556466102600098,2.8405630995390558e-05,0.16,6400,,,,,,,,,
0.4531,12.447672843933105,2.839317304098667e-05,0.16,6450,,,,,,,,,
0.5695,6.945367336273193,2.8380715086582785e-05,0.16,6500,,,,,,,,,
0.542,13.707137107849121,2.8368257132178895e-05,0.16,6550,,,,,,,,,
0.5288,11.955727577209473,2.835579917777501e-05,0.16,6600,,,,,,,,,
0.552,4.82068395614624,2.8343341223371122e-05,0.17,6650,,,,,,,,,
0.5644,23.06273078918457,2.8330883268967235e-05,0.17,6700,,,,,,,,,
0.5331,20.04445457458496,2.8318425314563352e-05,0.17,6750,,,,,,,,,
0.5769,8.935293197631836,2.8305967360159462e-05,0.17,6800,,,,,,,,,
0.52,15.384175300598145,2.8293509405755576e-05,0.17,6850,,,,,,,,,
0.4971,16.38440704345703,2.828105145135169e-05,0.17,6900,,,,,,,,,
0.5443,8.532386779785156,2.8268593496947803e-05,0.17,6950,,,,,,,,,
0.5079,10.814261436462402,2.8256135542543916e-05,0.17,7000,,,,,,,,,
0.5079,19.970399856567383,2.8243677588140026e-05,0.18,7050,,,,,,,,,
0.5241,15.687637329101562,2.823121963373614e-05,0.18,7100,,,,,,,,,
0.4841,3.6623494625091553,2.8218761679332253e-05,0.18,7150,,,,,,,,,
0.5491,8.1530179977417,2.8206303724928367e-05,0.18,7200,,,,,,,,,
0.5316,5.838476657867432,2.819384577052448e-05,0.18,7250,,,,,,,,,
0.5142,21.605356216430664,2.8181387816120594e-05,0.18,7300,,,,,,,,,
0.5439,7.031264781951904,2.8168929861716707e-05,0.18,7350,,,,,,,,,
0.5318,5.4674072265625,2.815647190731282e-05,0.18,7400,,,,,,,,,
0.5514,18.890336990356445,2.8144013952908934e-05,0.19,7450,,,,,,,,,
0.503,6.093623638153076,2.8131555998505048e-05,0.19,7500,,,,,,,,,
0.5148,11.861471176147461,2.8119098044101158e-05,0.19,7550,,,,,,,,,
0.4873,13.219446182250977,2.810664008969727e-05,0.19,7600,,,,,,,,,
0.5769,9.679744720458984,2.8094182135293385e-05,0.19,7650,,,,,,,,,
0.4841,18.900407791137695,2.8081724180889498e-05,0.19,7700,,,,,,,,,
0.5388,3.523440361022949,2.806926622648561e-05,0.19,7750,,,,,,,,,
0.584,11.896674156188965,2.8056808272081725e-05,0.19,7800,,,,,,,,,
0.473,19.742935180664062,2.804435031767784e-05,0.2,7850,,,,,,,,,
0.4775,6.58196496963501,2.8031892363273952e-05,0.2,7900,,,,,,,,,
0.5578,10.471131324768066,2.8019434408870066e-05,0.2,7950,,,,,,,,,
0.468,13.227462768554688,2.800697645446618e-05,0.2,8000,,,,,,,,,
0.4506,11.840142250061035,2.799451850006229e-05,0.2,8050,,,,,,,,,
0.4887,15.21121597290039,2.7982060545658403e-05,0.2,8100,,,,,,,,,
0.4819,7.932619094848633,2.7969602591254516e-05,0.2,8150,,,,,,,,,
0.4784,7.2638020515441895,2.795714463685063e-05,0.2,8200,,,,,,,,,
0.4792,12.350574493408203,2.7944686682446743e-05,0.21,8250,,,,,,,,,
0.4997,3.170703649520874,2.7932228728042853e-05,0.21,8300,,,,,,,,,
0.4917,11.461884498596191,2.791977077363897e-05,0.21,8350,,,,,,,,,
0.4662,13.779528617858887,2.7907312819235083e-05,0.21,8400,,,,,,,,,
0.5137,16.28325080871582,2.7894854864831197e-05,0.21,8450,,,,,,,,,
0.5437,11.627923965454102,2.788239691042731e-05,0.21,8500,,,,,,,,,
0.5173,12.382356643676758,2.786993895602342e-05,0.21,8550,,,,,,,,,
0.5197,19.046722412109375,2.7857481001619534e-05,0.21,8600,,,,,,,,,
0.4453,13.203118324279785,2.7845023047215647e-05,0.22,8650,,,,,,,,,
0.4866,18.196256637573242,2.783256509281176e-05,0.22,8700,,,,,,,,,
0.5251,17.49521255493164,2.7820107138407874e-05,0.22,8750,,,,,,,,,
0.4796,11.298442840576172,2.7807649184003985e-05,0.22,8800,,,,,,,,,
0.5092,15.670719146728516,2.7795191229600098e-05,0.22,8850,,,,,,,,,
0.5368,12.265453338623047,2.7782733275196215e-05,0.22,8900,,,,,,,,,
0.4443,8.583782196044922,2.777027532079233e-05,0.22,8950,,,,,,,,,
0.443,6.732764720916748,2.7757817366388442e-05,0.22,9000,,,,,,,,,
0.5025,13.014845848083496,2.7745359411984552e-05,0.23,9050,,,,,,,,,
0.4238,6.011768341064453,2.7732901457580665e-05,0.23,9100,,,,,,,,,
0.5268,8.379992485046387,2.772044350317678e-05,0.23,9150,,,,,,,,,
0.501,8.393882751464844,2.7707985548772892e-05,0.23,9200,,,,,,,,,
0.4758,17.432872772216797,2.7695527594369006e-05,0.23,9250,,,,,,,,,
0.4809,10.229659080505371,2.7683069639965116e-05,0.23,9300,,,,,,,,,
0.4588,7.676551818847656,2.767061168556123e-05,0.23,9350,,,,,,,,,
0.5074,12.283903121948242,2.7658153731157346e-05,0.23,9400,,,,,,,,,
0.442,16.15497589111328,2.764569577675346e-05,0.24,9450,,,,,,,,,
0.4888,9.800105094909668,2.7633237822349573e-05,0.24,9500,,,,,,,,,
0.5463,10.664545059204102,2.7620779867945683e-05,0.24,9550,,,,,,,,,
0.45,6.131387233734131,2.7608321913541797e-05,0.24,9600,,,,,,,,,
0.5053,3.9391000270843506,2.759586395913791e-05,0.24,9650,,,,,,,,,
0.5029,7.594512462615967,2.7583406004734024e-05,0.24,9700,,,,,,,,,
0.5081,15.293208122253418,2.7570948050330137e-05,0.24,9750,,,,,,,,,
0.5226,7.129703998565674,2.7558490095926247e-05,0.24,9800,,,,,,,,,
0.4367,6.566741943359375,2.754603214152236e-05,0.25,9850,,,,,,,,,
0.4999,13.528502464294434,2.7533574187118474e-05,0.25,9900,,,,,,,,,
0.4456,5.66745138168335,2.752111623271459e-05,0.25,9950,,,,,,,,,
0.4897,15.261503219604492,2.7508658278310705e-05,0.25,10000,,,,,,,,,
,,,0.25,10000,0.47495439648628235,405.9846,396.547,24.784,,,,,
0.4096,9.925573348999023,2.7496200323906815e-05,0.25,10050,,,,,,,,,
0.4493,15.515286445617676,2.7483742369502928e-05,0.25,10100,,,,,,,,,
0.4512,14.149534225463867,2.747128441509904e-05,0.25,10150,,,,,,,,,
0.5313,19.967424392700195,2.7458826460695155e-05,0.25,10200,,,,,,,,,
0.4233,5.705908298492432,2.744636850629127e-05,0.26,10250,,,,,,,,,
0.4649,14.983210563659668,2.743391055188738e-05,0.26,10300,,,,,,,,,
0.5123,12.017034530639648,2.7421452597483492e-05,0.26,10350,,,,,,,,,
0.4471,7.470677852630615,2.7408994643079606e-05,0.26,10400,,,,,,,,,
0.5061,3.8571910858154297,2.739653668867572e-05,0.26,10450,,,,,,,,,
0.4659,12.517751693725586,2.7384078734271836e-05,0.26,10500,,,,,,,,,
0.4606,7.961390972137451,2.7371620779867946e-05,0.26,10550,,,,,,,,,
0.5401,9.084815979003906,2.735916282546406e-05,0.26,10600,,,,,,,,,
0.5051,13.630555152893066,2.7346704871060173e-05,0.27,10650,,,,,,,,,
0.4578,7.940850257873535,2.7334246916656287e-05,0.27,10700,,,,,,,,,
0.5363,6.814021110534668,2.73217889622524e-05,0.27,10750,,,,,,,,,
0.5429,11.099839210510254,2.730933100784851e-05,0.27,10800,,,,,,,,,
0.4902,13.444477081298828,2.7296873053444624e-05,0.27,10850,,,,,,,,,
0.5445,6.13201379776001,2.7284415099040737e-05,0.27,10900,,,,,,,,,
0.4892,14.568120956420898,2.727195714463685e-05,0.27,10950,,,,,,,,,
0.486,11.919559478759766,2.7259499190232967e-05,0.27,11000,,,,,,,,,
0.4407,17.206623077392578,2.7247041235829077e-05,0.28,11050,,,,,,,,,
0.5533,7.1610798835754395,2.723458328142519e-05,0.28,11100,,,,,,,,,
0.4105,16.96826171875,2.7222125327021304e-05,0.28,11150,,,,,,,,,
0.5315,11.768298149108887,2.7209667372617418e-05,0.28,11200,,,,,,,,,
0.4147,12.189136505126953,2.719720941821353e-05,0.28,11250,,,,,,,,,
0.4822,17.031461715698242,2.718475146380964e-05,0.28,11300,,,,,,,,,
0.4757,6.881479263305664,2.7172293509405755e-05,0.28,11350,,,,,,,,,
0.44,6.892650127410889,2.715983555500187e-05,0.28,11400,,,,,,,,,
0.4846,13.900330543518066,2.7147377600597982e-05,0.29,11450,,,,,,,,,
0.4102,20.031831741333008,2.7134919646194095e-05,0.29,11500,,,,,,,,,
0.5258,6.153759002685547,2.712246169179021e-05,0.29,11550,,,,,,,,,
0.4819,8.332466125488281,2.7110003737386322e-05,0.29,11600,,,,,,,,,
0.495,8.282414436340332,2.7097545782982436e-05,0.29,11650,,,,,,,,,
0.4719,4.7363972663879395,2.708508782857855e-05,0.29,11700,,,,,,,,,
0.446,7.310128688812256,2.7072629874174663e-05,0.29,11750,,,,,,,,,
0.5047,13.860169410705566,2.7060171919770773e-05,0.29,11800,,,,,,,,,
0.4611,8.17990779876709,2.7047713965366886e-05,0.3,11850,,,,,,,,,
0.5063,12.95387077331543,2.7035256010963e-05,0.3,11900,,,,,,,,,
0.4576,13.869842529296875,2.7022798056559113e-05,0.3,11950,,,,,,,,,
0.4361,7.934185028076172,2.7010340102155227e-05,0.3,12000,,,,,,,,,
0.4682,16.34234046936035,2.699788214775134e-05,0.3,12050,,,,,,,,,
0.4457,4.97918176651001,2.6985424193347454e-05,0.3,12100,,,,,,,,,
0.4722,8.497332572937012,2.6972966238943567e-05,0.3,12150,,,,,,,,,
0.4904,22.104061126708984,2.696050828453968e-05,0.3,12200,,,,,,,,,
0.4443,5.162528991699219,2.6948050330135794e-05,0.31,12250,,,,,,,,,
0.5055,14.371885299682617,2.6935592375731904e-05,0.31,12300,,,,,,,,,
0.4568,14.235620498657227,2.6923134421328018e-05,0.31,12350,,,,,,,,,
0.4324,16.349525451660156,2.691067646692413e-05,0.31,12400,,,,,,,,,
0.4691,24.436006546020508,2.6898218512520245e-05,0.31,12450,,,,,,,,,
0.45,5.59564733505249,2.6885760558116358e-05,0.31,12500,,,,,,,,,
0.4778,6.0801920890808105,2.6873302603712468e-05,0.31,12550,,,,,,,,,
0.3895,19.763980865478516,2.6860844649308585e-05,0.31,12600,,,,,,,,,
0.4335,9.340636253356934,2.68483866949047e-05,0.32,12650,,,,,,,,,
0.4646,20.028900146484375,2.6835928740500812e-05,0.32,12700,,,,,,,,,
0.4582,8.660699844360352,2.6823470786096926e-05,0.32,12750,,,,,,,,,
0.4776,16.141998291015625,2.6811012831693036e-05,0.32,12800,,,,,,,,,
0.4745,7.9610676765441895,2.679855487728915e-05,0.32,12850,,,,,,,,,
0.4365,4.972134113311768,2.6786096922885263e-05,0.32,12900,,,,,,,,,
0.4676,9.015093803405762,2.6773638968481376e-05,0.32,12950,,,,,,,,,
0.4342,14.045829772949219,2.676118101407749e-05,0.32,13000,,,,,,,,,
0.4419,8.236767768859863,2.67487230596736e-05,0.33,13050,,,,,,,,,
0.4641,6.105585098266602,2.6736265105269713e-05,0.33,13100,,,,,,,,,
0.422,7.923508167266846,2.672380715086583e-05,0.33,13150,,,,,,,,,
0.4482,8.10410213470459,2.6711349196461944e-05,0.33,13200,,,,,,,,,
0.5168,9.651495933532715,2.6698891242058057e-05,0.33,13250,,,,,,,,,
0.4586,10.912524223327637,2.6686433287654167e-05,0.33,13300,,,,,,,,,
0.4606,3.9075510501861572,2.667397533325028e-05,0.33,13350,,,,,,,,,
0.4678,5.847024917602539,2.6661517378846394e-05,0.33,13400,,,,,,,,,
0.4305,16.29166603088379,2.6649059424442508e-05,0.34,13450,,,,,,,,,
0.476,17.284643173217773,2.663660147003862e-05,0.34,13500,,,,,,,,,
0.4773,10.339969635009766,2.662414351563473e-05,0.34,13550,,,,,,,,,
0.4702,10.915843963623047,2.6611685561230845e-05,0.34,13600,,,,,,,,,
0.424,17.281070709228516,2.659922760682696e-05,0.34,13650,,,,,,,,,
0.3897,3.859701633453369,2.6586769652423075e-05,0.34,13700,,,,,,,,,
0.4504,15.732477188110352,2.657431169801919e-05,0.34,13750,,,,,,,,,
0.4309,10.338558197021484,2.65618537436153e-05,0.34,13800,,,,,,,,,
0.4348,13.223011016845703,2.6549395789211412e-05,0.35,13850,,,,,,,,,
0.4419,10.136075973510742,2.6536937834807525e-05,0.35,13900,,,,,,,,,
0.4365,12.309544563293457,2.652447988040364e-05,0.35,13950,,,,,,,,,
0.3848,8.912589073181152,2.6512021925999752e-05,0.35,14000,,,,,,,,,
0.4565,4.3368682861328125,2.6499563971595862e-05,0.35,14050,,,,,,,,,
0.3649,19.53913688659668,2.6487106017191976e-05,0.35,14100,,,,,,,,,
0.4863,11.453481674194336,2.647464806278809e-05,0.35,14150,,,,,,,,,
0.4129,8.334671020507812,2.6462190108384206e-05,0.35,14200,,,,,,,,,
0.4312,6.095139980316162,2.644973215398032e-05,0.36,14250,,,,,,,,,
0.4659,15.853352546691895,2.643727419957643e-05,0.36,14300,,,,,,,,,
0.4968,8.771268844604492,2.6424816245172543e-05,0.36,14350,,,,,,,,,
0.5145,10.632064819335938,2.6412358290768657e-05,0.36,14400,,,,,,,,,
0.4887,9.444867134094238,2.639990033636477e-05,0.36,14450,,,,,,,,,
0.437,13.939260482788086,2.6387442381960884e-05,0.36,14500,,,,,,,,,
0.3977,10.48209285736084,2.6374984427556994e-05,0.36,14550,,,,,,,,,
0.4449,16.42160987854004,2.6362526473153107e-05,0.36,14600,,,,,,,,,
0.4672,4.058034896850586,2.635006851874922e-05,0.37,14650,,,,,,,,,
0.4469,14.522537231445312,2.6337610564345334e-05,0.37,14700,,,,,,,,,
0.4973,3.5462899208068848,2.632515260994145e-05,0.37,14750,,,,,,,,,
0.4582,5.479320049285889,2.631269465553756e-05,0.37,14800,,,,,,,,,
0.4815,12.100398063659668,2.6300236701133675e-05,0.37,14850,,,,,,,,,
0.4368,13.101954460144043,2.6287778746729788e-05,0.37,14900,,,,,,,,,
0.4451,3.4962382316589355,2.6275320792325902e-05,0.37,14950,,,,,,,,,
0.4481,15.25358772277832,2.6262862837922015e-05,0.37,15000,,,,,,,,,
,,,0.37,15000,0.4498773515224457,406.0661,396.467,24.779,,,,,
0.431,11.605328559875488,2.6250404883518125e-05,0.37,15050,,,,,,,,,
0.4239,14.991381645202637,2.623794692911424e-05,0.38,15100,,,,,,,,,
0.4866,8.48978328704834,2.6225488974710352e-05,0.38,15150,,,,,,,,,
0.4592,15.1232271194458,2.6213031020306466e-05,0.38,15200,,,,,,,,,
0.4577,8.435415267944336,2.6200573065902583e-05,0.38,15250,,,,,,,,,
0.4857,8.0031099319458,2.6188115111498693e-05,0.38,15300,,,,,,,,,
0.4463,11.810785293579102,2.6175657157094806e-05,0.38,15350,,,,,,,,,
0.4664,5.850061416625977,2.616319920269092e-05,0.38,15400,,,,,,,,,
0.4859,7.393179893493652,2.6150741248287033e-05,0.38,15450,,,,,,,,,
0.4208,5.990939617156982,2.6138283293883147e-05,0.39,15500,,,,,,,,,
0.4556,7.272082328796387,2.6125825339479257e-05,0.39,15550,,,,,,,,,
0.4863,8.743657112121582,2.611336738507537e-05,0.39,15600,,,,,,,,,
0.4578,6.476193904876709,2.6100909430671484e-05,0.39,15650,,,,,,,,,
0.4732,14.00527286529541,2.6088451476267597e-05,0.39,15700,,,,,,,,,
0.4093,10.156133651733398,2.607599352186371e-05,0.39,15750,,,,,,,,,
0.418,11.973140716552734,2.6063535567459824e-05,0.39,15800,,,,,,,,,
0.5352,6.703959941864014,2.6051077613055938e-05,0.39,15850,,,,,,,,,
0.3701,9.25422477722168,2.603861965865205e-05,0.4,15900,,,,,,,,,
0.5114,6.94317102432251,2.6026161704248164e-05,0.4,15950,,,,,,,,,
0.4559,6.6897664070129395,2.6013703749844278e-05,0.4,16000,,,,,,,,,
0.4888,5.732012748718262,2.6001245795440388e-05,0.4,16050,,,,,,,,,
0.4389,11.305342674255371,2.59887878410365e-05,0.4,16100,,,,,,,,,
0.4255,11.815736770629883,2.5976329886632615e-05,0.4,16150,,,,,,,,,
0.499,9.8707914352417,2.596387193222873e-05,0.4,16200,,,,,,,,,
0.4066,7.816889762878418,2.5951413977824842e-05,0.4,16250,,,,,,,,,
0.4346,18.679920196533203,2.5938956023420952e-05,0.41,16300,,,,,,,,,
0.4353,5.807032585144043,2.592649806901707e-05,0.41,16350,,,,,,,,,
0.419,7.996677875518799,2.5914040114613182e-05,0.41,16400,,,,,,,,,
0.3984,6.595609188079834,2.5901582160209296e-05,0.41,16450,,,,,,,,,
0.4258,8.282217979431152,2.588912420580541e-05,0.41,16500,,,,,,,,,
0.4538,24.217723846435547,2.587666625140152e-05,0.41,16550,,,,,,,,,
0.386,12.350570678710938,2.5864208296997633e-05,0.41,16600,,,,,,,,,
0.4152,13.082611083984375,2.5851750342593746e-05,0.41,16650,,,,,,,,,
0.4005,9.718048095703125,2.583929238818986e-05,0.42,16700,,,,,,,,,
0.4166,9.046377182006836,2.5826834433785973e-05,0.42,16750,,,,,,,,,
0.4237,11.897945404052734,2.5814376479382083e-05,0.42,16800,,,,,,,,,
0.424,9.282177925109863,2.58019185249782e-05,0.42,16850,,,,,,,,,
0.4494,6.6977691650390625,2.5789460570574314e-05,0.42,16900,,,,,,,,,
0.4238,22.89537239074707,2.5777002616170427e-05,0.42,16950,,,,,,,,,
0.3856,11.961467742919922,2.576454466176654e-05,0.42,17000,,,,,,,,,
0.4779,17.433242797851562,2.575208670736265e-05,0.42,17050,,,,,,,,,
0.4558,13.588432312011719,2.5739628752958764e-05,0.43,17100,,,,,,,,,
0.4255,16.299882888793945,2.5727170798554878e-05,0.43,17150,,,,,,,,,
0.4846,3.7895843982696533,2.571471284415099e-05,0.43,17200,,,,,,,,,
0.4386,11.483112335205078,2.5702254889747105e-05,0.43,17250,,,,,,,,,
0.4259,5.66672420501709,2.5689796935343215e-05,0.43,17300,,,,,,,,,
0.3786,7.3051958084106445,2.567733898093933e-05,0.43,17350,,,,,,,,,
0.4639,11.498549461364746,2.5664881026535445e-05,0.43,17400,,,,,,,,,
0.4302,15.445207595825195,2.565242307213156e-05,0.43,17450,,,,,,,,,
0.455,12.457646369934082,2.5639965117727672e-05,0.44,17500,,,,,,,,,
0.4623,12.124271392822266,2.5627507163323782e-05,0.44,17550,,,,,,,,,
0.4362,12.677976608276367,2.5615049208919896e-05,0.44,17600,,,,,,,,,
0.4708,14.42703628540039,2.560259125451601e-05,0.44,17650,,,,,,,,,
0.3717,13.7084321975708,2.5590133300112123e-05,0.44,17700,,,,,,,,,
0.4128,17.298202514648438,2.5577675345708236e-05,0.44,17750,,,,,,,,,
0.483,12.965925216674805,2.5565217391304346e-05,0.44,17800,,,,,,,,,
0.4166,9.085470199584961,2.555275943690046e-05,0.44,17850,,,,,,,,,
0.4055,7.38826847076416,2.5540301482496577e-05,0.45,17900,,,,,,,,,
0.4348,6.620641231536865,2.552784352809269e-05,0.45,17950,,,,,,,,,
0.4642,4.643043041229248,2.5515385573688804e-05,0.45,18000,,,,,,,,,
0.4446,16.054407119750977,2.5502927619284914e-05,0.45,18050,,,,,,,,,
0.4146,13.845417976379395,2.5490469664881027e-05,0.45,18100,,,,,,,,,
0.4173,8.729962348937988,2.547801171047714e-05,0.45,18150,,,,,,,,,
0.4423,5.94232702255249,2.5465553756073254e-05,0.45,18200,,,,,,,,,
0.4794,15.998188972473145,2.5453095801669368e-05,0.45,18250,,,,,,,,,
0.5031,9.50091552734375,2.5440637847265478e-05,0.46,18300,,,,,,,,,
0.488,7.194149017333984,2.542817989286159e-05,0.46,18350,,,,,,,,,
0.4658,2.5621285438537598,2.5415721938457705e-05,0.46,18400,,,,,,,,,
0.5164,17.080459594726562,2.540326398405382e-05,0.46,18450,,,,,,,,,
0.433,10.042957305908203,2.5390806029649935e-05,0.46,18500,,,,,,,,,
0.4221,5.420167446136475,2.5378348075246045e-05,0.46,18550,,,,,,,,,
0.455,21.892396926879883,2.536589012084216e-05,0.46,18600,,,,,,,,,
0.4115,6.255166530609131,2.5353432166438272e-05,0.46,18650,,,,,,,,,
0.4478,10.584203720092773,2.5340974212034385e-05,0.47,18700,,,,,,,,,
0.4426,4.30939245223999,2.53285162576305e-05,0.47,18750,,,,,,,,,
0.4643,12.425429344177246,2.531605830322661e-05,0.47,18800,,,,,,,,,
0.4542,5.228522300720215,2.5303600348822723e-05,0.47,18850,,,,,,,,,
0.4811,12.784452438354492,2.5291142394418836e-05,0.47,18900,,,,,,,,,
0.3896,12.765177726745605,2.527868444001495e-05,0.47,18950,,,,,,,,,
0.5351,10.444184303283691,2.5266226485611066e-05,0.47,19000,,,,,,,,,
0.376,14.014458656311035,2.5253768531207176e-05,0.47,19050,,,,,,,,,
0.4503,4.901368618011475,2.524131057680329e-05,0.48,19100,,,,,,,,,
0.3784,8.934735298156738,2.5228852622399403e-05,0.48,19150,,,,,,,,,
0.3988,4.630709648132324,2.5216394667995517e-05,0.48,19200,,,,,,,,,
0.4053,10.601849555969238,2.520393671359163e-05,0.48,19250,,,,,,,,,
0.417,8.341788291931152,2.519147875918774e-05,0.48,19300,,,,,,,,,
0.4646,19.32855224609375,2.5179020804783854e-05,0.48,19350,,,,,,,,,
0.3504,11.036664962768555,2.5166562850379967e-05,0.48,19400,,,,,,,,,
0.3837,7.386917591094971,2.515410489597608e-05,0.48,19450,,,,,,,,,
0.4448,11.199443817138672,2.5141646941572198e-05,0.49,19500,,,,,,,,,
0.3893,16.183406829833984,2.5129188987168308e-05,0.49,19550,,,,,,,,,
0.4471,8.975910186767578,2.511673103276442e-05,0.49,19600,,,,,,,,,
0.4506,9.035926818847656,2.5104273078360535e-05,0.49,19650,,,,,,,,,
0.4298,4.215577125549316,2.5091815123956648e-05,0.49,19700,,,,,,,,,
0.4757,6.731903553009033,2.5079357169552762e-05,0.49,19750,,,,,,,,,
0.4056,14.918699264526367,2.5066899215148872e-05,0.49,19800,,,,,,,,,
0.3847,9.75930404663086,2.5054441260744985e-05,0.49,19850,,,,,,,,,
0.4369,19.5528507232666,2.50419833063411e-05,0.5,19900,,,,,,,,,
0.4484,4.757908821105957,2.5029525351937212e-05,0.5,19950,,,,,,,,,
0.4862,11.3671236038208,2.5017067397533326e-05,0.5,20000,,,,,,,,,
,,,0.5,20000,0.4199484586715698,405.9299,396.6,24.788,,,,,
0.3908,12.909708023071289,2.500460944312944e-05,0.5,20050,,,,,,,,,
0.3935,7.5004682540893555,2.4992151488725553e-05,0.5,20100,,,,,,,,,
0.4133,17.530351638793945,2.4979693534321666e-05,0.5,20150,,,,,,,,,
0.4105,13.385826110839844,2.496723557991778e-05,0.5,20200,,,,,,,,,
0.4178,13.897716522216797,2.4954777625513893e-05,0.5,20250,,,,,,,,,
0.509,6.775418281555176,2.4942319671110003e-05,0.51,20300,,,,,,,,,
0.4296,22.756084442138672,2.4929861716706117e-05,0.51,20350,,,,,,,,,
0.4177,13.9559965133667,2.491740376230223e-05,0.51,20400,,,,,,,,,
0.3684,10.12187385559082,2.4904945807898344e-05,0.51,20450,,,,,,,,,
0.5028,7.816210746765137,2.4892487853494457e-05,0.51,20500,,,,,,,,,
0.406,12.378264427185059,2.4880029899090567e-05,0.51,20550,,,,,,,,,
0.3871,8.87535285949707,2.4867571944686684e-05,0.51,20600,,,,,,,,,
0.3436,2.793079137802124,2.4855113990282798e-05,0.51,20650,,,,,,,,,
0.501,14.779864311218262,2.484265603587891e-05,0.52,20700,,,,,,,,,
0.3937,3.831651449203491,2.4830198081475025e-05,0.52,20750,,,,,,,,,
0.3565,8.978242874145508,2.4817740127071135e-05,0.52,20800,,,,,,,,,
0.3984,7.027292251586914,2.4805282172667248e-05,0.52,20850,,,,,,,,,
0.3925,12.72964859008789,2.479282421826336e-05,0.52,20900,,,,,,,,,
0.4714,10.713356018066406,2.4780366263859475e-05,0.52,20950,,,,,,,,,
0.4369,11.427467346191406,2.476790830945559e-05,0.52,21000,,,,,,,,,
0.3911,12.054027557373047,2.47554503550517e-05,0.52,21050,,,,,,,,,
0.3902,9.706388473510742,2.4742992400647816e-05,0.53,21100,,,,,,,,,
0.4105,12.092065811157227,2.473053444624393e-05,0.53,21150,,,,,,,,,
0.3528,10.0335693359375,2.4718076491840042e-05,0.53,21200,,,,,,,,,
0.3625,7.928213119506836,2.4705618537436156e-05,0.53,21250,,,,,,,,,
0.4142,7.679603099822998,2.4693160583032266e-05,0.53,21300,,,,,,,,,
0.4236,13.838388442993164,2.468070262862838e-05,0.53,21350,,,,,,,,,
0.4138,7.491858959197998,2.4668244674224493e-05,0.53,21400,,,,,,,,,
0.4381,12.988081932067871,2.4655786719820606e-05,0.53,21450,,,,,,,,,
0.4455,4.488462448120117,2.464332876541672e-05,0.54,21500,,,,,,,,,
0.4185,9.136078834533691,2.463087081101283e-05,0.54,21550,,,,,,,,,
0.3894,6.943697929382324,2.4618412856608944e-05,0.54,21600,,,,,,,,,
0.4638,9.03010368347168,2.460595490220506e-05,0.54,21650,,,,,,,,,
0.4634,21.09282684326172,2.4593496947801174e-05,0.54,21700,,,,,,,,,
0.4212,6.015063285827637,2.4581038993397287e-05,0.54,21750,,,,,,,,,
0.3853,5.437842845916748,2.4568581038993397e-05,0.54,21800,,,,,,,,,
0.3765,8.200562477111816,2.455612308458951e-05,0.54,21850,,,,,,,,,
0.4353,8.415176391601562,2.4543665130185624e-05,0.55,21900,,,,,,,,,
0.4697,11.534772872924805,2.4531207175781738e-05,0.55,21950,,,,,,,,,
0.3789,9.903007507324219,2.451874922137785e-05,0.55,22000,,,,,,,,,
0.3676,3.245079755783081,2.450629126697396e-05,0.55,22050,,,,,,,,,
0.3982,11.503340721130371,2.4493833312570075e-05,0.55,22100,,,,,,,,,
0.4561,6.515764236450195,2.448137535816619e-05,0.55,22150,,,,,,,,,
0.4375,8.331229209899902,2.4468917403762305e-05,0.55,22200,,,,,,,,,
0.4021,3.8387374877929688,2.4456459449358415e-05,0.55,22250,,,,,,,,,
0.4881,8.659492492675781,2.444400149495453e-05,0.56,22300,,,,,,,,,
0.45,18.350509643554688,2.4431543540550642e-05,0.56,22350,,,,,,,,,
0.3893,4.941705226898193,2.4419085586146756e-05,0.56,22400,,,,,,,,,
0.3917,12.44228744506836,2.440662763174287e-05,0.56,22450,,,,,,,,,
0.437,13.700610160827637,2.4394169677338983e-05,0.56,22500,,,,,,,,,
0.4056,21.597078323364258,2.4381711722935093e-05,0.56,22550,,,,,,,,,
0.393,11.59093189239502,2.4369253768531206e-05,0.56,22600,,,,,,,,,
0.4196,10.312833786010742,2.435679581412732e-05,0.56,22650,,,,,,,,,
0.3844,8.959912300109863,2.4344337859723437e-05,0.57,22700,,,,,,,,,
0.4184,6.946960926055908,2.4331879905319547e-05,0.57,22750,,,,,,,,,
0.4359,16.225618362426758,2.431942195091566e-05,0.57,22800,,,,,,,,,
0.4785,8.403955459594727,2.4306963996511774e-05,0.57,22850,,,,,,,,,
0.4098,6.326260089874268,2.4294506042107887e-05,0.57,22900,,,,,,,,,
0.3559,6.150012969970703,2.4282048087704e-05,0.57,22950,,,,,,,,,
0.4253,11.787286758422852,2.426959013330011e-05,0.57,23000,,,,,,,,,
0.3639,10.4141206741333,2.4257132178896224e-05,0.57,23050,,,,,,,,,
0.4141,17.394533157348633,2.4244674224492338e-05,0.58,23100,,,,,,,,,
0.3953,20.266462326049805,2.423221627008845e-05,0.58,23150,,,,,,,,,
0.4612,9.479443550109863,2.4219758315684565e-05,0.58,23200,,,,,,,,,
0.392,9.31033706665039,2.4207300361280678e-05,0.58,23250,,,,,,,,,
0.4074,14.119999885559082,2.419484240687679e-05,0.58,23300,,,,,,,,,
0.3799,5.554375648498535,2.4182384452472905e-05,0.58,23350,,,,,,,,,
0.4528,7.268887519836426,2.416992649806902e-05,0.58,23400,,,,,,,,,
0.4021,21.716537475585938,2.4157468543665132e-05,0.58,23450,,,,,,,,,
0.3789,8.435508728027344,2.4145010589261242e-05,0.59,23500,,,,,,,,,
0.4216,18.800247192382812,2.4132552634857356e-05,0.59,23550,,,,,,,,,
0.3748,22.75071144104004,2.412009468045347e-05,0.59,23600,,,,,,,,,
0.4086,12.547471046447754,2.4107636726049583e-05,0.59,23650,,,,,,,,,
0.4485,9.49768352508545,2.4095178771645696e-05,0.59,23700,,,,,,,,,
0.3911,13.243231773376465,2.4082720817241806e-05,0.59,23750,,,,,,,,,
0.4408,6.559229373931885,2.4070262862837923e-05,0.59,23800,,,,,,,,,
0.4012,2.534804582595825,2.4057804908434037e-05,0.59,23850,,,,,,,,,
0.413,18.105104446411133,2.404534695403015e-05,0.6,23900,,,,,,,,,
0.3926,13.661935806274414,2.4032888999626263e-05,0.6,23950,,,,,,,,,
0.4218,8.996621131896973,2.4020431045222374e-05,0.6,24000,,,,,,,,,
0.4401,17.751306533813477,2.4007973090818487e-05,0.6,24050,,,,,,,,,
0.3813,7.281920433044434,2.39955151364146e-05,0.6,24100,,,,,,,,,
0.4048,10.335284233093262,2.3983057182010714e-05,0.6,24150,,,,,,,,,
0.435,12.160639762878418,2.3970599227606827e-05,0.6,24200,,,,,,,,,
0.3449,4.335293769836426,2.3958141273202938e-05,0.6,24250,,,,,,,,,
0.4442,18.527307510375977,2.3945683318799054e-05,0.61,24300,,,,,,,,,
0.4215,13.36294174194336,2.3933225364395168e-05,0.61,24350,,,,,,,,,
0.4342,5.526872634887695,2.392076740999128e-05,0.61,24400,,,,,,,,,
0.4583,7.28046989440918,2.3908309455587395e-05,0.61,24450,,,,,,,,,
0.4048,9.359471321105957,2.3895851501183505e-05,0.61,24500,,,,,,,,,
0.3935,5.960875988006592,2.388339354677962e-05,0.61,24550,,,,,,,,,
0.5074,5.313474655151367,2.3870935592375732e-05,0.61,24600,,,,,,,,,
0.4147,16.59265899658203,2.3858477637971845e-05,0.61,24650,,,,,,,,,
0.3881,13.064428329467773,2.384601968356796e-05,0.62,24700,,,,,,,,,
0.4053,15.581490516662598,2.383356172916407e-05,0.62,24750,,,,,,,,,
0.4255,11.122385025024414,2.3821103774760182e-05,0.62,24800,,,,,,,,,
0.4092,12.323138236999512,2.38086458203563e-05,0.62,24850,,,,,,,,,
0.4109,7.449933052062988,2.3796187865952413e-05,0.62,24900,,,,,,,,,
0.4844,17.106388092041016,2.3783729911548526e-05,0.62,24950,,,,,,,,,
0.4595,14.043776512145996,2.3771271957144636e-05,0.62,25000,,,,,,,,,
,,,0.62,25000,0.42546916007995605,406.0904,396.444,24.778,,,,,
0.4421,7.355905532836914,2.375881400274075e-05,0.62,25050,,,,,,,,,
0.4365,10.741036415100098,2.3746356048336863e-05,0.63,25100,,,,,,,,,
0.3433,10.268593788146973,2.3733898093932977e-05,0.63,25150,,,,,,,,,
0.4008,6.572536468505859,2.372144013952909e-05,0.63,25200,,,,,,,,,
0.3817,11.3621244430542,2.37089821851252e-05,0.63,25250,,,,,,,,,
0.3683,14.925743103027344,2.3696524230721314e-05,0.63,25300,,,,,,,,,
0.3749,12.35107135772705,2.368406627631743e-05,0.63,25350,,,,,,,,,
0.4456,4.541789531707764,2.3671608321913544e-05,0.63,25400,,,,,,,,,
0.4689,7.5771589279174805,2.3659150367509658e-05,0.63,25450,,,,,,,,,
0.4117,5.561588287353516,2.3646692413105768e-05,0.64,25500,,,,,,,,,
0.4971,9.176823616027832,2.363423445870188e-05,0.64,25550,,,,,,,,,
0.4658,10.070363998413086,2.3621776504297995e-05,0.64,25600,,,,,,,,,
0.3541,11.567944526672363,2.3609318549894108e-05,0.64,25650,,,,,,,,,
0.3879,3.2177813053131104,2.359686059549022e-05,0.64,25700,,,,,,,,,
0.3936,10.16698169708252,2.3584402641086332e-05,0.64,25750,,,,,,,,,
0.3959,13.75434398651123,2.3571944686682445e-05,0.64,25800,,,,,,,,,
0.3814,10.32040023803711,2.355948673227856e-05,0.64,25850,,,,,,,,,
0.366,7.513748645782471,2.3547028777874676e-05,0.65,25900,,,,,,,,,
0.3986,7.599149227142334,2.353457082347079e-05,0.65,25950,,,,,,,,,
0.3539,11.780187606811523,2.35221128690669e-05,0.65,26000,,,,,,,,,
0.432,8.06548023223877,2.3509654914663013e-05,0.65,26050,,,,,,,,,
0.3536,10.087688446044922,2.3497196960259126e-05,0.65,26100,,,,,,,,,
0.3427,12.679060935974121,2.348473900585524e-05,0.65,26150,,,,,,,,,
0.3551,19.382221221923828,2.3472281051451353e-05,0.65,26200,,,,,,,,,
0.4466,7.326057434082031,2.3459823097047463e-05,0.65,26250,,,,,,,,,
0.442,12.292075157165527,2.3447365142643577e-05,0.66,26300,,,,,,,,,
0.4426,15.1278076171875,2.343490718823969e-05,0.66,26350,,,,,,,,,
0.3506,14.110097885131836,2.3422449233835804e-05,0.66,26400,,,,,,,,,
0.3563,10.297958374023438,2.340999127943192e-05,0.66,26450,,,,,,,,,
0.4013,11.65157413482666,2.339753332502803e-05,0.66,26500,,,,,,,,,
0.4817,22.44621467590332,2.3385075370624144e-05,0.66,26550,,,,,,,,,
0.4366,16.622461318969727,2.3372617416220257e-05,0.66,26600,,,,,,,,,
0.3906,15.82446575164795,2.336015946181637e-05,0.66,26650,,,,,,,,,
0.4014,10.01208782196045,2.3347701507412484e-05,0.67,26700,,,,,,,,,
0.4703,9.498101234436035,2.3335243553008595e-05,0.67,26750,,,,,,,,,
0.3861,4.918436050415039,2.3322785598604708e-05,0.67,26800,,,,,,,,,
0.4611,12.086577415466309,2.331032764420082e-05,0.67,26850,,,,,,,,,
0.4519,8.539758682250977,2.3297869689796935e-05,0.67,26900,,,,,,,,,
0.4346,9.570295333862305,2.3285411735393052e-05,0.67,26950,,,,,,,,,
0.356,6.522747039794922,2.3272953780989162e-05,0.67,27000,,,,,,,,,
0.3297,9.299041748046875,2.3260495826585275e-05,0.67,27050,,,,,,,,,
0.4265,9.712672233581543,2.324803787218139e-05,0.68,27100,,,,,,,,,
0.3333,8.000836372375488,2.3223121963373616e-05,0.68,27150,,,,,,,,,
0.395,7.022344589233398,2.3210664008969726e-05,0.68,27200,,,,,,,,,
0.3972,8.18568229675293,2.319820605456584e-05,0.68,27250,,,,,,,,,
0.3855,25.160720825195312,2.3185748100161953e-05,0.68,27300,,,,,,,,,
0.3614,14.506497383117676,2.3173290145758066e-05,0.68,27350,,,,,,,,,
0.3553,8.149733543395996,2.316083219135418e-05,0.68,27400,,,,,,,,,
0.4117,13.88752269744873,2.3148374236950293e-05,0.69,27450,,,,,,,,,
0.4192,2.9333736896514893,2.3135916282546407e-05,0.69,27500,,,,,,,,,
0.3695,14.210261344909668,2.312345832814252e-05,0.69,27550,,,,,,,,,
0.3708,7.462854862213135,2.3111000373738634e-05,0.69,27600,,,,,,,,,
0.3598,15.28996753692627,2.3098542419334747e-05,0.69,27650,,,,,,,,,
0.3263,6.616086483001709,2.3086084464930857e-05,0.69,27700,,,,,,,,,
0.3964,14.074522018432617,2.307362651052697e-05,0.69,27750,,,,,,,,,
0.4002,7.849324703216553,2.3061168556123084e-05,0.69,27800,,,,,,,,,
0.4386,14.376150131225586,2.3048710601719198e-05,0.7,27850,,,,,,,,,
0.4291,3.825287103652954,2.303625264731531e-05,0.7,27900,,,,,,,,,
0.4021,4.422555923461914,2.302379469291142e-05,0.7,27950,,,,,,,,,
0.4254,6.381859302520752,2.3011336738507538e-05,0.7,28000,,,,,,,,,
0.3943,11.581080436706543,2.299887878410365e-05,0.7,28050,,,,,,,,,
0.376,9.326581001281738,2.2986420829699765e-05,0.7,28100,,,,,,,,,
0.361,16.011892318725586,2.297396287529588e-05,0.7,28150,,,,,,,,,
0.3516,7.3506903648376465,2.296150492089199e-05,0.7,28200,,,,,,,,,
0.4057,8.524781227111816,2.2949046966488102e-05,0.71,28250,,,,,,,,,
0.3893,3.7634825706481934,2.2936589012084216e-05,0.71,28300,,,,,,,,,
0.3235,24.176782608032227,2.292413105768033e-05,0.71,28350,,,,,,,,,
0.3971,17.537029266357422,2.2911673103276443e-05,0.71,28400,,,,,,,,,
0.4387,4.829726219177246,2.2899215148872553e-05,0.71,28450,,,,,,,,,
0.3961,16.566993713378906,2.288675719446867e-05,0.71,28500,,,,,,,,,
0.4068,14.599960327148438,2.2874299240064783e-05,0.71,28550,,,,,,,,,
0.4412,13.781195640563965,2.2861841285660897e-05,0.71,28600,,,,,,,,,
0.4016,15.466691017150879,2.284938333125701e-05,0.72,28650,,,,,,,,,
0.4297,6.602484226226807,2.283692537685312e-05,0.72,28700,,,,,,,,,
0.3334,4.225074768066406,2.2824467422449234e-05,0.72,28750,,,,,,,,,
0.3623,14.553768157958984,2.2812009468045347e-05,0.72,28800,,,,,,,,,
0.3342,6.440365791320801,2.279955151364146e-05,0.72,28850,,,,,,,,,
0.391,7.214588165283203,2.2787093559237574e-05,0.72,28900,,,,,,,,,
0.3457,8.606939315795898,2.2774635604833684e-05,0.72,28950,,,,,,,,,
0.3828,5.456560134887695,2.2762177650429798e-05,0.72,29000,,,,,,,,,
0.3938,9.294772148132324,2.2749719696025914e-05,0.73,29050,,,,,,,,,
0.4364,28.62360954284668,2.2737261741622028e-05,0.73,29100,,,,,,,,,
0.3811,3.8460521697998047,2.272480378721814e-05,0.73,29150,,,,,,,,,
0.3863,8.989140510559082,2.271234583281425e-05,0.73,29200,,,,,,,,,
0.3843,13.805906295776367,2.2699887878410365e-05,0.73,29250,,,,,,,,,
0.4187,10.265666007995605,2.268742992400648e-05,0.73,29300,,,,,,,,,
0.3638,7.033398628234863,2.2674971969602592e-05,0.73,29350,,,,,,,,,
0.4075,11.856025695800781,2.2662514015198705e-05,0.73,29400,,,,,,,,,
0.4001,6.585733413696289,2.2650056060794816e-05,0.74,29450,,,,,,,,,
0.3552,12.180413246154785,2.263759810639093e-05,0.74,29500,,,,,,,,,
0.3954,11.402923583984375,2.2625140151987042e-05,0.74,29550,,,,,,,,,
0.4162,28.737504959106445,2.261268219758316e-05,0.74,29600,,,,,,,,,
0.4,5.250612258911133,2.2600224243179273e-05,0.74,29650,,,,,,,,,
0.3605,3.1716763973236084,2.2587766288775383e-05,0.74,29700,,,,,,,,,
0.4321,14.173827171325684,2.2575308334371496e-05,0.74,29750,,,,,,,,,
0.394,7.42128849029541,2.256285037996761e-05,0.74,29800,,,,,,,,,
0.3963,10.124938011169434,2.2550392425563723e-05,0.74,29850,,,,,,,,,
0.3333,12.770370483398438,2.2537934471159837e-05,0.75,29900,,,,,,,,,
0.3902,1.6908921003341675,2.2525476516755947e-05,0.75,29950,,,,,,,,,
,,,0.75,29950,0.4175989627838135,406.0841,396.45,24.778,,,,,
0.3766,5.456294536590576,2.251301856235206e-05,0.75,30000,,,,,,,,,
0.3945,23.64723014831543,2.2500560607948174e-05,0.75,30050,,,,,,,,,
0.4464,4.813529968261719,2.248810265354429e-05,0.75,30100,,,,,,,,,
0.4055,8.87681770324707,2.2475644699140404e-05,0.75,30150,,,,,,,,,
0.4063,6.23336124420166,2.2463186744736514e-05,0.75,30200,,,,,,,,,
0.4257,11.326138496398926,2.2450728790332628e-05,0.75,30250,,,,,,,,,
0.4157,2.875957489013672,2.243827083592874e-05,0.76,30300,,,,,,,,,
0.385,7.657533645629883,2.2425812881524855e-05,0.76,30350,,,,,,,,,
0.4136,16.38921356201172,2.2413354927120968e-05,0.76,30400,,,,,,,,,
0.4275,8.115432739257812,2.240089697271708e-05,0.76,30450,,,,,,,,,
0.4382,17.764421463012695,2.2388439018313192e-05,0.76,30500,,,,,,,,,
0.3988,10.097419738769531,2.2375981063909305e-05,0.76,30550,,,,,,,,,
0.4155,4.224456787109375,2.236352310950542e-05,0.76,30600,,,,,,,,,
0.3821,17.72301483154297,2.2351065155101536e-05,0.76,30650,,,,,,,,,
0.405,7.2942657470703125,2.2338607200697646e-05,0.77,30700,,,,,,,,,
0.4005,6.9239678382873535,2.232614924629376e-05,0.77,30750,,,,,,,,,
0.3622,5.426736831665039,2.2313691291889873e-05,0.77,30800,,,,,,,,,
0.4147,11.108119010925293,2.2301233337485986e-05,0.77,30850,,,,,,,,,
0.4038,8.619866371154785,2.22887753830821e-05,0.77,30900,,,,,,,,,
0.328,12.16102123260498,2.227631742867821e-05,0.77,30950,,,,,,,,,
0.3749,17.985754013061523,2.2263859474274323e-05,0.77,31000,,,,,,,,,
0.3897,12.58845329284668,2.2251401519870437e-05,0.77,31050,,,,,,,,,
0.4119,11.170010566711426,2.223894356546655e-05,0.78,31100,,,,,,,,,
0.3514,13.130122184753418,2.2226485611062664e-05,0.78,31150,,,,,,,,,
0.4255,3.9185333251953125,2.2214027656658777e-05,0.78,31200,,,,,,,,,
0.3638,6.151335716247559,2.220156970225489e-05,0.78,31250,,,,,,,,,
0.3885,12.351493835449219,2.2189111747851004e-05,0.78,31300,,,,,,,,,
0.348,13.72547435760498,2.2176653793447118e-05,0.78,31350,,,,,,,,,
0.3675,17.12184715270996,2.216419583904323e-05,0.78,31400,,,,,,,,,
0.3826,15.759601593017578,2.215173788463934e-05,0.78,31450,,,,,,,,,
0.4208,8.724632263183594,2.2139279930235455e-05,0.79,31500,,,,,,,,,
0.3967,2.772764205932617,2.2126821975831568e-05,0.79,31550,,,,,,,,,
0.3709,11.568204879760742,2.211436402142768e-05,0.79,31600,,,,,,,,,
0.4145,15.79184341430664,2.2101906067023795e-05,0.79,31650,,,,,,,,,
0.3766,5.456294536590576,2.251301856235206e-05,0.75,31700,,,,,,,,,
0.3945,23.64723014831543,2.2500560607948174e-05,0.75,31750,,,,,,,,,
0.4464,4.813529968261719,2.248810265354429e-05,0.75,31800,,,,,,,,,
0.4055,8.87681770324707,2.2475644699140404e-05,0.75,31850,,,,,,,,,
0.4063,6.23336124420166,2.2463186744736514e-05,0.75,31900,,,,,,,,,
0.4257,11.326138496398926,2.2450728790332628e-05,0.75,31950,,,,,,,,,
0.4157,2.875957489013672,2.243827083592874e-05,0.76,32000,,,,,,,,,
0.385,7.657533645629883,2.2425812881524855e-05,0.76,32050,,,,,,,,,
0.4136,16.38921356201172,2.2413354927120968e-05,0.76,32100,,,,,,,,,
0.4275,8.115432739257812,2.240089697271708e-05,0.76,32150,,,,,,,,,
0.4382,17.764421463012695,2.2388439018313192e-05,0.76,32200,,,,,,,,,
0.3988,10.097419738769531,2.2375981063909305e-05,0.76,32250,,,,,,,,,
0.4155,4.224456787109375,2.236352310950542e-05,0.76,32300,,,,,,,,,
0.3821,17.72301483154297,2.2351065155101536e-05,0.76,32350,,,,,,,,,
0.405,7.2942657470703125,2.2338607200697646e-05,0.77,32400,,,,,,,,,
0.4005,6.9239678382873535,2.232614924629376e-05,0.77,32450,,,,,,,,,
0.3622,5.426736831665039,2.2313691291889873e-05,0.77,32500,,,,,,,,,
0.4147,11.108119010925293,2.2301233337485986e-05,0.77,32550,,,,,,,,,
0.4038,8.619866371154785,2.22887753830821e-05,0.77,32600,,,,,,,,,
0.328,12.16102123260498,2.227631742867821e-05,0.77,32650,,,,,,,,,
0.3749,17.985754013061523,2.2263859474274323e-05,0.77,32700,,,,,,,,,
0.3897,12.58845329284668,2.2251401519870437e-05,0.77,32750,,,,,,,,,
0.4119,11.170010566711426,2.223894356546655e-05,0.78,32800,,,,,,,,,
0.3514,13.130122184753418,2.2226485611062664e-05,0.78,32850,,,,,,,,,
0.4255,3.9185333251953125,2.2214027656658777e-05,0.78,32900,,,,,,,,,
0.3638,6.151335716247559,2.220156970225489e-05,0.78,32950,,,,,,,,,
0.3885,12.351493835449219,2.2189111747851004e-05,0.78,33000,,,,,,,,,
0.348,13.72547435760498,2.2176653793447118e-05,0.78,33050,,,,,,,,,
0.3675,17.12184715270996,2.216419583904323e-05,0.78,33100,,,,,,,,,
0.3826,15.759601593017578,2.215173788463934e-05,0.78,33150,,,,,,,,,
0.4208,8.724632263183594,2.2139279930235455e-05,0.79,33200,,,,,,,,,
0.3967,2.772764205932617,2.2126821975831568e-05,0.79,33250,,,,,,,,,
0.3709,11.568204879760742,2.211436402142768e-05,0.79,33300,,,,,,,,,
0.4145,15.79184341430664,2.2101906067023795e-05,0.79,33350,,,,,,,,,
0.3652,5.201261043548584,2.208944811261991e-05,0.79,33400,,,,,,,,,
0.3831,4.653117656707764,2.2076990158216022e-05,0.79,33450,,,,,,,,,
0.3786,12.08694076538086,2.2064532203812135e-05,0.79,33500,,,,,,,,,
0.3601,12.665233612060547,2.205207424940825e-05,0.79,33550,,,,,,,,,
0.3976,7.490853309631348,2.2039616295004362e-05,0.8,33600,,,,,,,,,
0.3501,15.27832317352295,2.2027158340600473e-05,0.8,33650,,,,,,,,,
0.3512,3.1441805362701416,2.2014700386196586e-05,0.8,33700,,,,,,,,,
0.3531,10.154000282287598,2.20022424317927e-05,0.8,33750,,,,,,,,,
0.3428,14.718658447265625,2.1989784477388813e-05,0.8,33800,,,,,,,,,
0.4161,7.566314697265625,2.1977326522984926e-05,0.8,33850,,,,,,,,,
0.3795,3.955641746520996,2.1964868568581037e-05,0.8,33900,,,,,,,,,
0.4504,5.410040855407715,2.1952410614177153e-05,0.8,33950,,,,,,,,,
0.3979,25.444231033325195,2.1939952659773267e-05,0.81,34000,,,,,,,,,
0.4511,8.225288391113281,2.192749470536938e-05,0.81,34050,,,,,,,,,
0.396,8.667880058288574,2.1915036750965494e-05,0.81,34100,,,,,,,,,
0.3887,7.227795600891113,2.1902578796561604e-05,0.81,34150,,,,,,,,,
0.4703,9.87099838256836,2.1890120842157717e-05,0.81,34200,,,,,,,,,
0.3979,5.494369983673096,2.187766288775383e-05,0.81,34250,,,,,,,,,
0.4068,10.555864334106445,2.1865204933349944e-05,0.81,34300,,,,,,,,,
0.306,20.678638458251953,2.1852746978946058e-05,0.81,34350,,,,,,,,,
0.3513,6.713589191436768,2.1840289024542168e-05,0.82,34400,,,,,,,,,
0.4422,9.368866920471191,2.1827831070138285e-05,0.82,34450,,,,,,,,,
0.4183,6.038932800292969,2.1815373115734398e-05,0.82,34500,,,,,,,,,
0.4108,8.942532539367676,2.1802915161330512e-05,0.82,34550,,,,,,,,,
0.4452,12.520084381103516,2.1790457206926625e-05,0.82,34600,,,,,,,,,
0.3372,11.486322402954102,2.1777999252522735e-05,0.82,34650,,,,,,,,,
0.4514,8.969871520996094,2.176554129811885e-05,0.82,34700,,,,,,,,,
0.3669,12.914462089538574,2.1753083343714962e-05,0.82,34750,,,,,,,,,
0.4223,5.768293380737305,2.1740625389311076e-05,0.83,34800,,,,,,,,,
0.3548,10.579375267028809,2.172816743490719e-05,0.83,34850,,,,,,,,,
0.3873,2.561244487762451,2.17157094805033e-05,0.83,34900,,,,,,,,,
0.3953,13.260480880737305,2.1703251526099413e-05,0.83,34950,,,,,,,,,
0.3957,10.62700080871582,2.169079357169553e-05,0.83,35000,,,,,,,,,
0.4191,11.54128360748291,2.1678335617291643e-05,0.83,35050,,,,,,,,,
0.4063,2.3781073093414307,2.1665877662887757e-05,0.83,35100,,,,,,,,,
0.3486,22.652822494506836,2.1653419708483867e-05,0.83,35150,,,,,,,,,
0.3472,8.853249549865723,2.164096175407998e-05,0.84,35200,,,,,,,,,
0.3878,6.879238128662109,2.1628503799676094e-05,0.84,35250,,,,,,,,,
0.3944,5.863474369049072,2.1616045845272207e-05,0.84,35300,,,,,,,,,
0.4125,8.657950401306152,2.160358789086832e-05,0.84,35350,,,,,,,,,
0.354,13.14310073852539,2.159112993646443e-05,0.84,35400,,,,,,,,,
0.3527,9.323185920715332,2.1578671982060544e-05,0.84,35450,,,,,,,,,
0.3387,16.923799514770508,2.1566214027656658e-05,0.84,35500,,,,,,,,,
0.3849,12.70948600769043,2.1553756073252775e-05,0.84,35550,,,,,,,,,
0.3505,5.142523765563965,2.1541298118848888e-05,0.85,35600,,,,,,,,,
0.4179,10.9139404296875,2.1528840164444998e-05,0.85,35650,,,,,,,,,
0.3565,20.888751983642578,2.151638221004111e-05,0.85,35700,,,,,,,,,
0.3239,10.090478897094727,2.1503924255637225e-05,0.85,35750,,,,,,,,,
0.3686,9.934833526611328,2.149146630123334e-05,0.85,35800,,,,,,,,,
0.3852,18.46558380126953,2.1479008346829452e-05,0.85,35850,,,,,,,,,
0.3766,7.183096885681152,2.1466550392425562e-05,0.85,35900,,,,,,,,,
0.3655,18.12361717224121,2.1454092438021676e-05,0.85,35950,,,,,,,,,
0.3344,11.356813430786133,2.144163448361779e-05,0.86,36000,,,,,,,,,
0.3819,6.2289509773254395,2.1429176529213906e-05,0.86,36050,,,,,,,,,
0.3539,14.965370178222656,2.141671857481002e-05,0.86,36100,,,,,,,,,
0.3635,13.75657844543457,2.140426062040613e-05,0.86,36150,,,,,,,,,
0.3273,15.5130033493042,2.1391802666002243e-05,0.86,36200,,,,,,,,,
0.3975,13.24276065826416,2.1379344711598356e-05,0.86,36250,,,,,,,,,
0.3869,9.592292785644531,2.136688675719447e-05,0.86,36300,,,,,,,,,
0.3889,3.451699733734131,2.1354428802790583e-05,0.86,36350,,,,,,,,,
0.3594,2.0350499153137207,2.1341970848386694e-05,0.87,36400,,,,,,,,,
0.3761,9.652618408203125,2.1329512893982807e-05,0.87,36450,,,,,,,,,
0.3739,6.335817813873291,2.131705493957892e-05,0.87,36500,,,,,,,,,
0.4078,4.483860015869141,2.1304596985175034e-05,0.87,36550,,,,,,,,,
0.3809,14.338879585266113,2.129213903077115e-05,0.87,36600,,,,,,,,,
0.4126,12.255369186401367,2.127968107636726e-05,0.87,36650,,,,,,,,,
,,,0.87,36650,0.4133211076259613,405.9656,396.566,24.785,,,,,
0.3363,22.72188949584961,2.1267223121963374e-05,0.87,36700,,,,,,,,,
0.3722,2.8574936389923096,2.1254765167559488e-05,0.87,36750,,,,,,,,,
0.4379,4.693201541900635,2.12423072131556e-05,0.88,36800,,,,,,,,,
0.3184,9.913926124572754,2.1229849258751715e-05,0.88,36850,,,,,,,,,
0.3549,8.58481216430664,2.1217391304347825e-05,0.88,36900,,,,,,,,,
0.3685,8.739876747131348,2.120493334994394e-05,0.88,36950,,,,,,,,,
0.3378,13.033698081970215,2.1192475395540052e-05,0.88,37000,,,,,,,,,
0.4169,7.5023603439331055,2.1180017441136165e-05,0.88,37050,,,,,,,,,
0.3654,15.75269889831543,2.116755948673228e-05,0.88,37100,,,,,,,,,
0.3333,18.14950942993164,2.1155101532328392e-05,0.88,37150,,,,,,,,,
0.4457,16.819604873657227,2.1142643577924506e-05,0.89,37200,,,,,,,,,
0.368,10.833852767944336,2.113018562352062e-05,0.89,37250,,,,,,,,,
0.4024,7.32307767868042,2.1117727669116733e-05,0.89,37300,,,,,,,,,
0.3639,6.0967020988464355,2.1105269714712846e-05,0.89,37350,,,,,,,,,
0.3257,10.003470420837402,2.1092811760308956e-05,0.89,37400,,,,,,,,,
0.356,14.797233581542969,2.108035380590507e-05,0.89,37450,,,,,,,,,
0.4028,9.234238624572754,2.1067895851501183e-05,0.89,37500,,,,,,,,,
0.3868,13.20280933380127,2.1055437897097297e-05,0.89,37550,,,,,,,,,
0.3583,11.66490364074707,2.104297994269341e-05,0.9,37600,,,,,,,,,
0.3412,10.617502212524414,2.1030521988289524e-05,0.9,37650,,,,,,,,,
0.3653,2.846008062362671,2.1018064033885637e-05,0.9,37700,,,,,,,,,
0.355,4.59800386428833,2.100560607948175e-05,0.9,37750,,,,,,,,,
0.3213,8.525652885437012,2.0993148125077864e-05,0.9,37800,,,,,,,,,
0.3653,12.152924537658691,2.0980690170673978e-05,0.9,37850,,,,,,,,,
0.419,14.968811988830566,2.0968232216270088e-05,0.9,37900,,,,,,,,,
0.459,19.041749954223633,2.09557742618662e-05,0.9,37950,,,,,,,,,
0.2916,14.638298988342285,2.0943316307462315e-05,0.91,38000,,,,,,,,,
0.3852,10.00878620147705,2.0930858353058428e-05,0.91,38050,,,,,,,,,
0.351,19.198152542114258,2.091840039865454e-05,0.91,38100,,,,,,,,,
0.3448,10.809059143066406,2.0905942444250652e-05,0.91,38150,,,,,,,,,
0.3783,0.91396564245224,2.089348448984677e-05,0.91,38200,,,,,,,,,
0.3895,4.207253932952881,2.0881026535442882e-05,0.91,38250,,,,,,,,,
0.4111,7.199731349945068,2.0868568581038996e-05,0.91,38300,,,,,,,,,
0.3714,7.83636999130249,2.085611062663511e-05,0.91,38350,,,,,,,,,
0.3927,15.708006858825684,2.084365267223122e-05,0.92,38400,,,,,,,,,
0.3219,5.29460334777832,2.0831194717827333e-05,0.92,38450,,,,,,,,,
0.3329,7.167515754699707,2.0818736763423446e-05,0.92,38500,,,,,,,,,
0.3472,10.479016304016113,2.080627880901956e-05,0.92,38550,,,,,,,,,
0.4292,5.403779983520508,2.0793820854615673e-05,0.92,38600,,,,,,,,,
0.3701,3.298828125,2.0781362900211783e-05,0.92,38650,,,,,,,,,
0.3957,9.103983879089355,2.0768904945807897e-05,0.92,38700,,,,,,,,,
0.3615,3.984229326248169,2.0756446991404013e-05,0.92,38750,,,,,,,,,
0.3491,10.36275863647461,2.0743989037000127e-05,0.93,38800,,,,,,,,,
0.4239,7.582690238952637,2.073153108259624e-05,0.93,38850,,,,,,,,,
0.3375,7.10260009765625,2.071907312819235e-05,0.93,38900,,,,,,,,,
0.3656,17.670957565307617,2.0706615173788464e-05,0.93,38950,,,,,,,,,
0.3536,2.4493227005004883,2.0694157219384577e-05,0.93,39000,,,,,,,,,
0.3795,10.740066528320312,2.068169926498069e-05,0.93,39050,,,,,,,,,
0.4399,7.463804244995117,2.0669241310576804e-05,0.93,39100,,,,,,,,,
0.366,8.47487735748291,2.0656783356172914e-05,0.93,39150,,,,,,,,,
0.3573,8.203926086425781,2.0644325401769028e-05,0.94,39200,,,,,,,,,
0.3778,9.798043251037598,2.0631867447365145e-05,0.94,39250,,,,,,,,,
0.3676,1.3168659210205078,2.061940949296126e-05,0.94,39300,,,,,,,,,
0.3906,12.288544654846191,2.0606951538557372e-05,0.94,39350,,,,,,,,,
0.4107,19.189422607421875,2.0594493584153482e-05,0.94,39400,,,,,,,,,
0.3748,6.643547058105469,2.0582035629749595e-05,0.94,39450,,,,,,,,,
0.3719,6.410117149353027,2.056957767534571e-05,0.94,39500,,,,,,,,,
0.3591,5.962651252746582,2.0557119720941822e-05,0.94,39550,,,,,,,,,
0.3737,16.668384552001953,2.0544661766537936e-05,0.95,39600,,,,,,,,,
0.3737,12.607202529907227,2.0532203812134046e-05,0.95,39650,,,,,,,,,
0.3617,3.8213045597076416,2.051974585773016e-05,0.95,39700,,,,,,,,,
0.387,12.458393096923828,2.0507287903326273e-05,0.95,39750,,,,,,,,,
0.3833,11.83174991607666,2.049482994892239e-05,0.95,39800,,,,,,,,,
0.3244,5.34972620010376,2.0482371994518503e-05,0.95,39850,,,,,,,,,
0.3631,10.359479904174805,2.0469914040114613e-05,0.95,39900,,,,,,,,,
0.3971,13.736031532287598,2.0457456085710727e-05,0.95,39950,,,,,,,,,
0.3709,9.329837799072266,2.044499813130684e-05,0.96,40000,,,,,,,,,
0.3898,4.267448902130127,2.0432540176902954e-05,0.96,40050,,,,,,,,,
0.3815,9.286826133728027,2.0420082222499067e-05,0.96,40100,,,,,,,,,
0.4188,2.523585557937622,2.0407624268095177e-05,0.96,40150,,,,,,,,,
0.3139,9.808780670166016,2.039516631369129e-05,0.96,40200,,,,,,,,,
0.378,10.572317123413086,2.0382708359287404e-05,0.96,40250,,,,,,,,,
0.3655,7.046095848083496,2.037025040488352e-05,0.96,40300,,,,,,,,,
0.3333,11.657175064086914,2.0357792450479635e-05,0.96,40350,,,,,,,,,
0.3728,13.040326118469238,2.0345334496075745e-05,0.97,40400,,,,,,,,,
0.3791,4.202450752258301,2.0332876541671858e-05,0.97,40450,,,,,,,,,
0.3985,13.951606750488281,2.032041858726797e-05,0.97,40500,,,,,,,,,
0.3367,9.760889053344727,2.0307960632864085e-05,0.97,40550,,,,,,,,,
0.4017,4.020149230957031,2.02955026784602e-05,0.97,40600,,,,,,,,,
0.3452,9.44720458984375,2.028304472405631e-05,0.97,40650,,,,,,,,,
0.377,8.472870826721191,2.0270586769652422e-05,0.97,40700,,,,,,,,,
0.3008,12.352502822875977,2.0258128815248536e-05,0.97,40750,,,,,,,,,
0.3591,13.301481246948242,2.024567086084465e-05,0.98,40800,,,,,,,,,
0.3569,3.9645514488220215,2.0233212906440766e-05,0.98,40850,,,,,,,,,
0.3405,3.934518814086914,2.0220754952036876e-05,0.98,40900,,,,,,,,,
0.3743,16.9440860748291,2.020829699763299e-05,0.98,40950,,,,,,,,,
0.403,3.2684836387634277,2.0195839043229103e-05,0.98,41000,,,,,,,,,
0.3902,9.74572467803955,2.0183381088825217e-05,0.98,41050,,,,,,,,,
0.3623,5.964612007141113,2.017092313442133e-05,0.98,41100,,,,,,,,,
0.3031,7.898919582366943,2.015846518001744e-05,0.98,41150,,,,,,,,,
0.3421,18.055805206298828,2.0146007225613554e-05,0.99,41200,,,,,,,,,
0.3919,3.1747725009918213,2.0133549271209667e-05,0.99,41250,,,,,,,,,
0.3512,7.55422830581665,2.012109131680578e-05,0.99,41300,,,,,,,,,
0.3893,10.628626823425293,2.0108633362401894e-05,0.99,41350,,,,,,,,,
0.3422,5.588465213775635,2.0096175407998007e-05,0.99,41400,,,,,,,,,
0.3654,11.177823066711426,2.008371745359412e-05,0.99,41450,,,,,,,,,
0.3241,24.67290496826172,2.0071259499190234e-05,0.99,41500,,,,,,,,,
0.3981,11.837942123413086,2.0058801544786348e-05,0.99,41550,,,,,,,,,
0.3169,4.527294158935547,2.004634359038246e-05,1.0,41600,,,,,,,,,
0.4238,15.715907096862793,2.003388563597857e-05,1.0,41650,,,,,,,,,
,,,1.0,41650,0.40282565355300903,406.0531,396.48,24.78,,,,,
0.3565,13.979829788208008,2.0021427681574685e-05,1.0,41700,,,,,,,,,
0.355,9.67634105682373,2.00089697271708e-05,1.0,41750,,,,,,,,,
0.325,14.499798774719238,1.9996511772766912e-05,1.0,41800,,,,,,,,,
0.2801,37.077789306640625,1.9984053818363025e-05,1.0,41850,,,,,,,,,
0.2508,14.154841423034668,1.997159586395914e-05,1.0,41900,,,,,,,,,
0.2612,13.8960542678833,1.9959137909555252e-05,1.0,41950,,,,,,,,,
0.291,16.484621047973633,1.9946679955151366e-05,1.01,42000,,,,,,,,,
0.2942,9.04935073852539,1.993422200074748e-05,1.01,42050,,,,,,,,,
0.2651,20.14092254638672,1.9921764046343593e-05,1.01,42100,,,,,,,,,
0.2454,16.939729690551758,1.9909306091939703e-05,1.01,42150,,,,,,,,,
0.261,13.796154022216797,1.9896848137535816e-05,1.01,42200,,,,,,,,,
0.2415,9.52254581451416,1.988439018313193e-05,1.01,42250,,,,,,,,,
0.2747,21.139711380004883,1.9871932228728043e-05,1.01,42300,,,,,,,,,
0.2594,2.5423505306243896,1.9859474274324157e-05,1.01,42350,,,,,,,,,
0.2711,1.4736247062683105,1.9847016319920267e-05,1.02,42400,,,,,,,,,
0.3063,7.7007012367248535,1.9834558365516384e-05,1.02,42450,,,,,,,,,
0.3014,4.518695831298828,1.9822100411112497e-05,1.02,42500,,,,,,,,,
0.2543,3.844557046890259,1.980964245670861e-05,1.02,42550,,,,,,,,,
0.3347,8.799921035766602,1.9797184502304724e-05,1.02,42600,,,,,,,,,
0.2629,16.860509872436523,1.9784726547900834e-05,1.02,42650,,,,,,,,,
0.2966,3.0601906776428223,1.9772268593496948e-05,1.02,42700,,,,,,,,,
0.2713,4.381226062774658,1.975981063909306e-05,1.02,42750,,,,,,,,,
0.2778,0.3208812177181244,1.9747352684689175e-05,1.03,42800,,,,,,,,,
0.2711,8.052092552185059,1.9734894730285288e-05,1.03,42850,,,,,,,,,
0.2941,12.575708389282227,1.9722436775881398e-05,1.03,42900,,,,,,,,,
0.2842,12.44225788116455,1.9709978821477512e-05,1.03,42950,,,,,,,,,
0.2376,5.167501449584961,1.969752086707363e-05,1.03,43000,,,,,,,,,
0.2405,11.206751823425293,1.9685062912669742e-05,1.03,43050,,,,,,,,,
0.231,3.9409945011138916,1.9672604958265856e-05,1.03,43100,,,,,,,,,
0.3137,9.612322807312012,1.9660147003861966e-05,1.03,43150,,,,,,,,,
0.27,10.68021297454834,1.964768904945808e-05,1.04,43200,,,,,,,,,
0.249,5.899751663208008,1.9635231095054193e-05,1.04,43250,,,,,,,,,
0.2729,6.296570301055908,1.9622773140650306e-05,1.04,43300,,,,,,,,,
0.2428,11.78984260559082,1.961031518624642e-05,1.04,43350,,,,,,,,,
0.2798,9.362491607666016,1.959785723184253e-05,1.04,43400,,,,,,,,,
0.2926,26.8448543548584,1.9585399277438643e-05,1.04,43450,,,,,,,,,
0.278,14.720301628112793,1.957294132303476e-05,1.04,43500,,,,,,,,,
0.2851,7.286801338195801,1.9560483368630874e-05,1.04,43550,,,,,,,,,
0.2586,7.309638977050781,1.9548025414226987e-05,1.05,43600,,,,,,,,,
0.2881,14.205445289611816,1.9535567459823097e-05,1.05,43650,,,,,,,,,
0.2205,5.222548961639404,1.952310950541921e-05,1.05,43700,,,,,,,,,
0.2813,11.096363067626953,1.9510651551015324e-05,1.05,43750,,,,,,,,,
0.2675,8.425395011901855,1.9498193596611438e-05,1.05,43800,,,,,,,,,
0.245,6.501664638519287,1.948573564220755e-05,1.05,43850,,,,,,,,,
0.2808,4.63435697555542,1.947327768780366e-05,1.05,43900,,,,,,,,,
0.304,11.115001678466797,1.9460819733399775e-05,1.05,43950,,,,,,,,,
0.2624,6.540879249572754,1.9448361778995888e-05,1.06,44000,,,,,,,,,
0.2681,15.803436279296875,1.9435903824592005e-05,1.06,44050,,,,,,,,,
0.2185,16.490325927734375,1.942344587018812e-05,1.06,44100,,,,,,,,,
0.2744,17.656204223632812,1.941098791578423e-05,1.06,44150,,,,,,,,,
0.254,8.814066886901855,1.9398529961380342e-05,1.06,44200,,,,,,,,,
0.2919,7.781073093414307,1.9386072006976455e-05,1.06,44250,,,,,,,,,
0.2639,19.04616928100586,1.937361405257257e-05,1.06,44300,,,,,,,,,
0.2733,6.053880214691162,1.9361156098168682e-05,1.06,44350,,,,,,,,,
0.278,19.785411834716797,1.9348698143764792e-05,1.07,44400,,,,,,,,,
0.273,8.263162612915039,1.9336240189360906e-05,1.07,44450,,,,,,,,,
0.2365,16.15448570251465,1.932378223495702e-05,1.07,44500,,,,,,,,,
0.2955,14.142424583435059,1.9311324280553133e-05,1.07,44550,,,,,,,,,
0.2814,8.444134712219238,1.929886632614925e-05,1.07,44600,,,,,,,,,
0.24,8.249418258666992,1.928640837174536e-05,1.07,44650,,,,,,,,,
0.3234,7.397544860839844,1.9273950417341473e-05,1.07,44700,,,,,,,,,
0.2658,11.806489944458008,1.9261492462937587e-05,1.07,44750,,,,,,,,,
0.2431,23.36870002746582,1.92490345085337e-05,1.08,44800,,,,,,,,,
0.2726,8.484590530395508,1.9236576554129814e-05,1.08,44850,,,,,,,,,
0.2681,4.890349388122559,1.9224118599725924e-05,1.08,44900,,,,,,,,,
0.2679,23.10542106628418,1.9211660645322037e-05,1.08,44950,,,,,,,,,
0.2639,21.848041534423828,1.919920269091815e-05,1.08,45000,,,,,,,,,
0.293,0.9533894062042236,1.9186744736514264e-05,1.08,45050,,,,,,,,,
0.2937,12.551172256469727,1.917428678211038e-05,1.08,45100,,,,,,,,,
0.2996,3.0647947788238525,1.916182882770649e-05,1.08,45150,,,,,,,,,
0.2556,11.242982864379883,1.9149370873302605e-05,1.09,45200,,,,,,,,,
0.3199,14.687844276428223,1.9136912918898718e-05,1.09,45250,,,,,,,,,
0.2977,13.115331649780273,1.9124454964494832e-05,1.09,45300,,,,,,,,,
0.2576,13.481709480285645,1.9111997010090945e-05,1.09,45350,,,,,,,,,
0.2671,10.810834884643555,1.9099539055687055e-05,1.09,45400,,,,,,,,,
0.2868,3.3171937465667725,1.908708110128317e-05,1.09,45450,,,,,,,,,
0.2539,8.215508460998535,1.9074623146879282e-05,1.09,45500,,,,,,,,,
0.254,9.597320556640625,1.9062165192475396e-05,1.09,45550,,,,,,,,,
0.2713,9.718221664428711,1.904970723807151e-05,1.1,45600,,,,,,,,,
0.2824,9.638198852539062,1.9037249283667623e-05,1.1,45650,,,,,,,,,
0.3039,5.437420845031738,1.9024791329263736e-05,1.1,45700,,,,,,,,,
0.2934,12.887481689453125,1.901233337485985e-05,1.1,45750,,,,,,,,,
0.2287,7.681511402130127,1.8999875420455963e-05,1.1,45800,,,,,,,,,
0.27,11.055542945861816,1.8987417466052077e-05,1.1,45850,,,,,,,,,
0.2816,7.974767208099365,1.8974959511648187e-05,1.1,45900,,,,,,,,,
0.2987,8.445818901062012,1.89625015572443e-05,1.1,45950,,,,,,,,,
0.2595,10.828927040100098,1.8950043602840414e-05,1.11,46000,,,,,,,,,
0.2945,13.077290534973145,1.8937585648436527e-05,1.11,46050,,,,,,,,,
0.2417,2.293499231338501,1.892512769403264e-05,1.11,46100,,,,,,,,,
0.2709,10.207509994506836,1.891266973962875e-05,1.11,46150,,,,,,,,,
0.2818,4.368991851806641,1.8900211785224868e-05,1.11,46200,,,,,,,,,
0.2444,11.445430755615234,1.888775383082098e-05,1.11,46250,,,,,,,,,
0.2079,8.015132904052734,1.8875295876417094e-05,1.11,46300,,,,,,,,,
0.2705,16.601959228515625,1.8862837922013208e-05,1.11,46350,,,,,,,,,
0.2943,11.127612113952637,1.8850379967609318e-05,1.11,46400,,,,,,,,,
0.2897,27.265682220458984,1.883792201320543e-05,1.12,46450,,,,,,,,,
0.2471,5.5652241706848145,1.8825464058801545e-05,1.12,46500,,,,,,,,,
0.2602,0.3921581208705902,1.881300610439766e-05,1.12,46550,,,,,,,,,
0.2088,16.078845977783203,1.8800548149993772e-05,1.12,46600,,,,,,,,,
0.3095,10.127363204956055,1.8788090195589882e-05,1.12,46650,,,,,,,,,
,,,1.12,46650,0.4568796157836914,406.2862,396.253,24.766,,,,,
0.3028,11.195130348205566,1.8775632241186e-05,1.12,46700,,,,,,,,,
0.2509,6.559689998626709,1.8763174286782112e-05,1.12,46750,,,,,,,,,
0.3001,6.9449591636657715,1.8750716332378226e-05,1.12,46800,,,,,,,,,
0.2649,8.893293380737305,1.873825837797434e-05,1.13,46850,,,,,,,,,
0.2791,5.506414413452148,1.872580042357045e-05,1.13,46900,,,,,,,,,
0.2587,5.244787693023682,1.8713342469166563e-05,1.13,46950,,,,,,,,,
0.2656,17.784862518310547,1.8700884514762676e-05,1.13,47000,,,,,,,,,
0.2774,1.104588508605957,1.868842656035879e-05,1.13,47050,,,,,,,,,
0.2887,12.720367431640625,1.8675968605954903e-05,1.13,47100,,,,,,,,,
0.2624,5.168403625488281,1.8663510651551013e-05,1.13,47150,,,,,,,,,
0.2654,6.271652698516846,1.8651052697147127e-05,1.13,47200,,,,,,,,,
0.2964,10.158133506774902,1.8638594742743244e-05,1.14,47250,,,,,,,,,
0.2342,3.5131664276123047,1.8626136788339357e-05,1.14,47300,,,,,,,,,
0.2676,26.880327224731445,1.861367883393547e-05,1.14,47350,,,,,,,,,
0.2282,9.578330993652344,1.860122087953158e-05,1.14,47400,,,,,,,,,
0.2949,6.557074546813965,1.8588762925127694e-05,1.14,47450,,,,,,,,,
0.2712,2.3835084438323975,1.8576304970723808e-05,1.14,47500,,,,,,,,,
0.269,6.049620628356934,1.856384701631992e-05,1.14,47550,,,,,,,,,
0.2688,4.60930871963501,1.8551389061916035e-05,1.14,47600,,,,,,,,,
0.2473,4.581575393676758,1.8538931107512145e-05,1.15,47650,,,,,,,,,
0.2717,13.172203063964844,1.852647315310826e-05,1.15,47700,,,,,,,,,
0.3204,8.274279594421387,1.8514015198704375e-05,1.15,47750,,,,,,,,,
0.3319,5.3670501708984375,1.850155724430049e-05,1.15,47800,,,,,,,,,
0.2658,5.224505424499512,1.8489099289896602e-05,1.15,47850,,,,,,,,,
0.2641,16.616363525390625,1.8476641335492712e-05,1.15,47900,,,,,,,,,
0.2818,16.297122955322266,1.8464183381088826e-05,1.15,47950,,,,,,,,,
0.2492,1.4788622856140137,1.845172542668494e-05,1.15,48000,,,,,,,,,
0.2545,24.089603424072266,1.8439267472281053e-05,1.16,48050,,,,,,,,,
0.2833,9.955489158630371,1.8426809517877166e-05,1.16,48100,,,,,,,,,
0.2826,8.558289527893066,1.8414351563473276e-05,1.16,48150,,,,,,,,,
0.2727,19.822296142578125,1.840189360906939e-05,1.16,48200,,,,,,,,,
0.2663,0.6513251662254333,1.8389435654665503e-05,1.16,48250,,,,,,,,,
0.2344,3.2493577003479004,1.837697770026162e-05,1.16,48300,,,,,,,,,
0.2568,27.600671768188477,1.836451974585773e-05,1.16,48350,,,,,,,,,
0.243,0.8369728922843933,1.8352061791453844e-05,1.16,48400,,,,,,,,,
0.2673,10.295327186584473,1.8339603837049957e-05,1.17,48450,,,,,,,,,
0.303,6.55642032623291,1.832714588264607e-05,1.17,48500,,,,,,,,,
0.1726,1.2083711624145508,1.8314687928242184e-05,1.17,48550,,,,,,,,,
0.3346,6.813378810882568,1.8302229973838298e-05,1.17,48600,,,,,,,,,
0.2227,8.167049407958984,1.8289772019434408e-05,1.17,48650,,,,,,,,,
0.3019,10.784282684326172,1.827731406503052e-05,1.17,48700,,,,,,,,,
0.2562,4.500034332275391,1.8264856110626635e-05,1.17,48750,,,,,,,,,
0.2504,15.851106643676758,1.8252398156222748e-05,1.17,48800,,,,,,,,,
0.262,7.324953556060791,1.823994020181886e-05,1.18,48850,,,,,,,,,
0.3486,12.823528289794922,1.8227482247414975e-05,1.18,48900,,,,,,,,,
0.2711,6.87864875793457,1.821502429301109e-05,1.18,48950,,,,,,,,,
0.2585,23.951814651489258,1.8202566338607202e-05,1.18,49000,,,,,,,,,
0.2755,12.503129005432129,1.8190108384203315e-05,1.18,49050,,,,,,,,,
0.2816,6.899959087371826,1.8177650429799426e-05,1.18,49100,,,,,,,,,
0.2755,0.6551212668418884,1.816519247539554e-05,1.18,49150,,,,,,,,,
0.2764,11.915852546691895,1.8152734520991653e-05,1.18,49200,,,,,,,,,
0.2897,6.4828338623046875,1.8140276566587766e-05,1.19,49250,,,,,,,,,
0.2617,14.508594512939453,1.812781861218388e-05,1.19,49300,,,,,,,,,
0.2395,18.740966796875,1.8115360657779993e-05,1.19,49350,,,,,,,,,
0.2399,4.7045369148254395,1.8102902703376106e-05,1.19,49400,,,,,,,,,
0.271,12.965842247009277,1.809044474897222e-05,1.19,49450,,,,,,,,,
0.3192,13.028420448303223,1.8077986794568333e-05,1.19,49500,,,,,,,,,
0.2646,7.610192775726318,1.8065528840164447e-05,1.19,49550,,,,,,,,,
0.2887,8.458359718322754,1.8053070885760557e-05,1.19,49600,,,,,,,,,
0.28,16.8449764251709,1.804061293135667e-05,1.2,49650,,,,,,,,,
0.3108,16.294015884399414,1.8028154976952784e-05,1.2,49700,,,,,,,,,
0.2707,4.972858905792236,1.8015697022548897e-05,1.2,49750,,,,,,,,,
0.2796,12.876856803894043,1.800323906814501e-05,1.2,49800,,,,,,,,,
0.3048,14.822107315063477,1.799078111374112e-05,1.2,49850,,,,,,,,,
0.2211,5.314713478088379,1.7978323159337238e-05,1.2,49900,,,,,,,,,
0.2797,4.926540851593018,1.796586520493335e-05,1.2,49950,,,,,,,,,
0.2403,7.808403015136719,1.7953407250529465e-05,1.2,50000,,,,,,,,,
0.2312,14.378386497497559,1.7940949296125578e-05,1.21,50050,,,,,,,,,
0.3043,2.4696006774902344,1.792849134172169e-05,1.21,50100,,,,,,,,,
0.28,6.472928524017334,1.7916033387317802e-05,1.21,50150,,,,,,,,,
0.2546,4.7311296463012695,1.7903575432913915e-05,1.21,50200,,,,,,,,,
0.2492,1.6341134309768677,1.789111747851003e-05,1.21,50250,,,,,,,,,
0.2627,12.978368759155273,1.7878659524106142e-05,1.21,50300,,,,,,,,,
0.2822,6.306166648864746,1.7866201569702252e-05,1.21,50350,,,,,,,,,
0.2975,13.135638236999512,1.7853743615298366e-05,1.21,50400,,,,,,,,,
0.2192,8.355332374572754,1.7841285660894483e-05,1.22,50450,,,,,,,,,
0.2855,10.592888832092285,1.7828827706490596e-05,1.22,50500,,,,,,,,,
0.2494,4.696330547332764,1.781636975208671e-05,1.22,50550,,,,,,,,,
0.2561,8.608009338378906,1.780391179768282e-05,1.22,50600,,,,,,,,,
0.3085,15.427446365356445,1.7791453843278933e-05,1.22,50650,,,,,,,,,
0.2839,7.241189479827881,1.7778995888875047e-05,1.22,50700,,,,,,,,,
0.2622,8.87952709197998,1.776653793447116e-05,1.22,50750,,,,,,,,,
0.2588,22.344341278076172,1.7754079980067274e-05,1.22,50800,,,,,,,,,
0.3128,11.296402931213379,1.7741622025663384e-05,1.23,50850,,,,,,,,,
0.2988,20.343246459960938,1.7729164071259497e-05,1.23,50900,,,,,,,,,
0.2737,7.982536792755127,1.7716706116855614e-05,1.23,50950,,,,,,,,,
0.2713,13.75412368774414,1.7704248162451728e-05,1.23,51000,,,,,,,,,
0.3286,2.4881160259246826,1.769179020804784e-05,1.23,51050,,,,,,,,,
0.2522,10.316786766052246,1.767933225364395e-05,1.23,51100,,,,,,,,,
0.2685,12.312429428100586,1.7666874299240065e-05,1.23,51150,,,,,,,,,
0.2614,6.532674789428711,1.7654416344836178e-05,1.23,51200,,,,,,,,,
0.2871,19.14508628845215,1.764195839043229e-05,1.24,51250,,,,,,,,,
0.24,34.06585693359375,1.7629500436028405e-05,1.24,51300,,,,,,,,,
0.2752,2.8789010047912598,1.7617042481624515e-05,1.24,51350,,,,,,,,,
0.2383,13.465255737304688,1.760458452722063e-05,1.24,51400,,,,,,,,,
0.2972,12.591939926147461,1.7592126572816742e-05,1.24,51450,,,,,,,,,
0.2457,4.1739044189453125,1.757966861841286e-05,1.24,51500,,,,,,,,,
0.2321,18.859359741210938,1.7567210664008972e-05,1.24,51550,,,,,,,,,
0.2129,4.44028902053833,1.7554752709605083e-05,1.24,51600,,,,,,,,,
0.1837,3.649022340774536,1.7542294755201196e-05,1.25,51650,,,,,,,,,
,,,1.25,51650,0.5029794573783875,405.9476,396.583,24.786,,,,,
0.2625,18.388519287109375,1.752983680079731e-05,1.25,51700,,,,,,,,,
0.2628,14.048697471618652,1.7517378846393423e-05,1.25,51750,,,,,,,,,
0.2872,3.356107234954834,1.7504920891989536e-05,1.25,51800,,,,,,,,,
0.2764,12.46730899810791,1.7492462937585647e-05,1.25,51850,,,,,,,,,
0.2914,13.467808723449707,1.748000498318176e-05,1.25,51900,,,,,,,,,
0.257,19.217636108398438,1.7467547028777874e-05,1.25,51950,,,,,,,,,
0.2998,13.148218154907227,1.7455089074373987e-05,1.25,52000,,,,,,,,,
0.2714,12.508079528808594,1.7442631119970104e-05,1.26,52050,,,,,,,,,
0.2649,10.1980562210083,1.7430173165566214e-05,1.26,52100,,,,,,,,,
0.2593,11.847555160522461,1.7417715211162327e-05,1.26,52150,,,,,,,,,
0.2955,4.504526615142822,1.740525725675844e-05,1.26,52200,,,,,,,,,
0.3104,11.01278018951416,1.7392799302354554e-05,1.26,52250,,,,,,,,,
0.2535,1.6765156984329224,1.7380341347950668e-05,1.26,52300,,,,,,,,,
0.2385,30.530704498291016,1.7367883393546778e-05,1.26,52350,,,,,,,,,
0.3223,17.724212646484375,1.735542543914289e-05,1.26,52400,,,,,,,,,
0.3171,20.611713409423828,1.7342967484739005e-05,1.27,52450,,,,,,,,,
0.2628,16.02448844909668,1.733050953033512e-05,1.27,52500,,,,,,,,,
0.2562,4.201257228851318,1.7318051575931235e-05,1.27,52550,,,,,,,,,
0.3009,14.675432205200195,1.7305593621527345e-05,1.27,52600,,,,,,,,,
0.2495,9.28050422668457,1.729313566712346e-05,1.27,52650,,,,,,,,,
0.2447,4.738955020904541,1.7280677712719572e-05,1.27,52700,,,,,,,,,
0.2804,10.96696949005127,1.7268219758315686e-05,1.27,52750,,,,,,,,,
0.2472,5.116241931915283,1.72557618039118e-05,1.27,52800,,,,,,,,,
0.2376,8.019298553466797,1.724330384950791e-05,1.28,52850,,,,,,,,,
0.2823,17.10649871826172,1.7230845895104023e-05,1.28,52900,,,,,,,,,
0.2982,9.220442771911621,1.7218387940700136e-05,1.28,52950,,,,,,,,,
0.2197,7.377518653869629,1.720592998629625e-05,1.28,53000,,,,,,,,,
0.2011,6.368315696716309,1.7193472031892363e-05,1.28,53050,,,,,,,,,
0.2495,12.155800819396973,1.7181014077488477e-05,1.28,53100,,,,,,,,,
0.276,9.160906791687012,1.716855612308459e-05,1.28,53150,,,,,,,,,
0.2815,7.6309733390808105,1.7156098168680704e-05,1.28,53200,,,,,,,,,
0.282,22.761198043823242,1.7143640214276817e-05,1.29,53250,,,,,,,,,
0.2911,11.156563758850098,1.713118225987293e-05,1.29,53300,,,,,,,,,
0.2554,13.455496788024902,1.711872430546904e-05,1.29,53350,,,,,,,,,
0.261,0.36110466718673706,1.7106266351065154e-05,1.29,53400,,,,,,,,,
0.3088,9.849064826965332,1.7093808396661268e-05,1.29,53450,,,,,,,,,
0.2396,2.3507728576660156,1.708135044225738e-05,1.29,53500,,,,,,,,,
0.2932,1.394657850265503,1.7068892487853495e-05,1.29,53550,,,,,,,,,
0.2679,10.219181060791016,1.7056434533449605e-05,1.29,53600,,,,,,,,,
0.2809,10.475547790527344,1.704397657904572e-05,1.3,53650,,,,,,,,,
0.2781,14.952604293823242,1.7031518624641835e-05,1.3,53700,,,,,,,,,
0.2745,6.417741775512695,1.701906067023795e-05,1.3,53750,,,,,,,,,
0.2636,8.039793014526367,1.7006602715834062e-05,1.3,53800,,,,,,,,,
0.2359,6.371134281158447,1.6994144761430172e-05,1.3,53850,,,,,,,,,
0.2644,2.9157874584198,1.6981686807026286e-05,1.3,53900,,,,,,,,,
0.238,16.632490158081055,1.69692288526224e-05,1.3,53950,,,,,,,,,
0.3142,10.120295524597168,1.6956770898218513e-05,1.3,54000,,,,,,,,,
0.2334,12.031852722167969,1.6944312943814626e-05,1.31,54050,,,,,,,,,
0.2453,16.358776092529297,1.6931854989410736e-05,1.31,54100,,,,,,,,,
0.2981,7.66737699508667,1.6919397035006853e-05,1.31,54150,,,,,,,,,
0.2669,20.712533950805664,1.6906939080602967e-05,1.31,54200,,,,,,,,,
0.2543,1.2995586395263672,1.689448112619908e-05,1.31,54250,,,,,,,,,
0.2605,13.638151168823242,1.6882023171795193e-05,1.31,54300,,,,,,,,,
0.2253,9.306620597839355,1.6869565217391304e-05,1.31,54350,,,,,,,,,
0.2485,9.37755012512207,1.6857107262987417e-05,1.31,54400,,,,,,,,,
0.258,11.971149444580078,1.684464930858353e-05,1.32,54450,,,,,,,,,
0.3292,25.061811447143555,1.6832191354179644e-05,1.32,54500,,,,,,,,,
0.2953,5.570275783538818,1.6819733399775757e-05,1.32,54550,,,,,,,,,
0.2562,4.379864692687988,1.6807275445371868e-05,1.32,54600,,,,,,,,,
0.3117,6.485109806060791,1.679481749096798e-05,1.32,54650,,,,,,,,,
0.2723,5.481686592102051,1.6782359536564098e-05,1.32,54700,,,,,,,,,
0.2847,7.977758407592773,1.676990158216021e-05,1.32,54750,,,,,,,,,
0.2832,21.031627655029297,1.6757443627756325e-05,1.32,54800,,,,,,,,,
0.293,15.74828815460205,1.6744985673352435e-05,1.33,54850,,,,,,,,,
0.2162,20.413461685180664,1.673252771894855e-05,1.33,54900,,,,,,,,,
0.2849,13.395038604736328,1.6720069764544662e-05,1.33,54950,,,,,,,,,
0.2697,20.49835205078125,1.6707611810140775e-05,1.33,55000,,,,,,,,,
0.272,14.40812873840332,1.669515385573689e-05,1.33,55050,,,,,,,,,
0.2036,5.320014953613281,1.6682695901333e-05,1.33,55100,,,,,,,,,
0.2819,6.534000873565674,1.6670237946929112e-05,1.33,55150,,,,,,,,,
0.2687,16.278671264648438,1.665777999252523e-05,1.33,55200,,,,,,,,,
0.1995,24.1059513092041,1.6645322038121343e-05,1.34,55250,,,,,,,,,
0.2714,4.912615776062012,1.6632864083717456e-05,1.34,55300,,,,,,,,,
0.2619,8.588173866271973,1.6620406129313566e-05,1.34,55350,,,,,,,,,
0.2467,4.4493231773376465,1.660794817490968e-05,1.34,55400,,,,,,,,,
0.2969,15.661355018615723,1.6595490220505793e-05,1.34,55450,,,,,,,,,
0.2796,9.080026626586914,1.6583032266101907e-05,1.34,55500,,,,,,,,,
0.3262,8.77841567993164,1.657057431169802e-05,1.34,55550,,,,,,,,,
0.2439,14.374735832214355,1.655811635729413e-05,1.34,55600,,,,,,,,,
0.2278,4.820708274841309,1.6545658402890244e-05,1.35,55650,,,,,,,,,
0.2368,8.13613224029541,1.6533200448486357e-05,1.35,55700,,,,,,,,,
0.243,9.53172779083252,1.6520742494082474e-05,1.35,55750,,,,,,,,,
0.2434,9.712217330932617,1.6508284539678588e-05,1.35,55800,,,,,,,,,
0.2886,15.26744270324707,1.6495826585274698e-05,1.35,55850,,,,,,,,,
0.2861,9.628281593322754,1.648336863087081e-05,1.35,55900,,,,,,,,,
0.2741,7.4357404708862305,1.6470910676466925e-05,1.35,55950,,,,,,,,,
0.2222,12.017006874084473,1.6458452722063038e-05,1.35,56000,,,,,,,,,
0.2493,28.08945083618164,1.644599476765915e-05,1.36,56050,,,,,,,,,
0.3128,8.81298828125,1.6433536813255262e-05,1.36,56100,,,,,,,,,
0.3149,32.9046745300293,1.6421078858851375e-05,1.36,56150,,,,,,,,,
0.277,16.14352798461914,1.640862090444749e-05,1.36,56200,,,,,,,,,
0.2438,25.583770751953125,1.6396162950043602e-05,1.36,56250,,,,,,,,,
0.2488,2.9615790843963623,1.638370499563972e-05,1.36,56300,,,,,,,,,
0.2633,4.122197151184082,1.637124704123583e-05,1.36,56350,,,,,,,,,
0.2447,10.918978691101074,1.6358789086831943e-05,1.36,56400,,,,,,,,,
0.2582,9.378602027893066,1.6346331132428056e-05,1.37,56450,,,,,,,,,
0.2408,10.218321800231934,1.633387317802417e-05,1.37,56500,,,,,,,,,
0.2623,27.484498977661133,1.6321415223620283e-05,1.37,56550,,,,,,,,,
0.2653,16.009784698486328,1.6308957269216393e-05,1.37,56600,,,,,,,,,
0.2831,4.5835957527160645,1.6296499314812507e-05,1.37,56650,,,,,,,,,
,,,1.37,56650,0.4309349060058594,406.4153,396.127,24.758,,,,,
0.244,2.545116901397705,1.628404136040862e-05,1.37,56700,,,,,,,,,
0.2957,7.813713073730469,1.6271583406004734e-05,1.37,56750,,,,,,,,,
0.236,7.098089218139648,1.625912545160085e-05,1.37,56800,,,,,,,,,
0.2556,15.662246704101562,1.624666749719696e-05,1.38,56850,,,,,,,,,
0.2773,15.005913734436035,1.6234209542793074e-05,1.38,56900,,,,,,,,,
0.2639,24.113271713256836,1.6221751588389187e-05,1.38,56950,,,,,,,,,
0.226,6.364513397216797,1.62092936339853e-05,1.38,57000,,,,,,,,,
0.2575,6.082192897796631,1.6196835679581414e-05,1.38,57050,,,,,,,,,
0.2957,21.699386596679688,1.6184377725177525e-05,1.38,57100,,,,,,,,,
0.2303,10.355958938598633,1.6171919770773638e-05,1.38,57150,,,,,,,,,
0.2458,11.302183151245117,1.615946181636975e-05,1.38,57200,,,,,,,,,
0.3235,10.965499877929688,1.6147003861965865e-05,1.39,57250,,,,,,,,,
0.269,17.271310806274414,1.613454590756198e-05,1.39,57300,,,,,,,,,
0.2545,5.56016731262207,1.6122087953158092e-05,1.39,57350,,,,,,,,,
0.246,7.8822479248046875,1.6109629998754205e-05,1.39,57400,,,,,,,,,
0.2461,20.74344253540039,1.609717204435032e-05,1.39,57450,,,,,,,,,
0.2566,9.50667667388916,1.6084714089946432e-05,1.39,57500,,,,,,,,,
0.2727,6.456217288970947,1.6072256135542546e-05,1.39,57550,,,,,,,,,
0.2746,8.327184677124023,1.6059798181138656e-05,1.39,57600,,,,,,,,,
0.2918,2.988740921020508,1.604734022673477e-05,1.4,57650,,,,,,,,,
0.2292,7.529606819152832,1.6034882272330883e-05,1.4,57700,,,,,,,,,
0.2567,8.275943756103516,1.6022424317926996e-05,1.4,57750,,,,,,,,,
0.2385,7.084955215454102,1.600996636352311e-05,1.4,57800,,,,,,,,,
0.2751,29.759889602661133,1.599750840911922e-05,1.4,57850,,,,,,,,,
0.2913,13.730055809020996,1.5985050454715337e-05,1.4,57900,,,,,,,,,
0.2372,2.611332893371582,1.597259250031145e-05,1.4,57950,,,,,,,,,
0.2504,7.06649112701416,1.5960134545907564e-05,1.4,58000,,,,,,,,,
0.3024,6.415864944458008,1.5947676591503677e-05,1.41,58050,,,,,,,,,
0.2906,8.065558433532715,1.5935218637099787e-05,1.41,58100,,,,,,,,,
0.2036,4.49367618560791,1.59227606826959e-05,1.41,58150,,,,,,,,,
0.2554,2.644047737121582,1.5910302728292014e-05,1.41,58200,,,,,,,,,
0.2596,1.7039028406143188,1.5897844773888128e-05,1.41,58250,,,,,,,,,
0.2815,19.168134689331055,1.588538681948424e-05,1.41,58300,,,,,,,,,
0.2773,3.76216197013855,1.587292886508035e-05,1.41,58350,,,,,,,,,
0.238,3.0195796489715576,1.5860470910676468e-05,1.41,58400,,,,,,,,,
0.2628,14.227654457092285,1.584801295627258e-05,1.42,58450,,,,,,,,,
0.2835,20.150936126708984,1.5835555001868695e-05,1.42,58500,,,,,,,,,
0.3174,2.9677834510803223,1.582309704746481e-05,1.42,58550,,,,,,,,,
0.2763,12.645790100097656,1.581063909306092e-05,1.42,58600,,,,,,,,,
0.222,9.631295204162598,1.5798181138657032e-05,1.42,58650,,,,,,,,,
0.2016,6.249520778656006,1.5785723184253146e-05,1.42,58700,,,,,,,,,
0.2749,5.189361095428467,1.577326522984926e-05,1.42,58750,,,,,,,,,
0.249,8.665886878967285,1.5760807275445373e-05,1.42,58800,,,,,,,,,
0.2639,7.227934837341309,1.5748349321041483e-05,1.43,58850,,,,,,,,,
0.2797,1.8913495540618896,1.5735891366637596e-05,1.43,58900,,,,,,,,,
0.2755,15.999528884887695,1.5723433412233713e-05,1.43,58950,,,,,,,,,
0.3132,16.838375091552734,1.5710975457829827e-05,1.43,59000,,,,,,,,,
0.2731,25.87069320678711,1.569851750342594e-05,1.43,59050,,,,,,,,,
0.2658,8.220245361328125,1.568605954902205e-05,1.43,59100,,,,,,,,,
0.2284,4.853100776672363,1.5673601594618164e-05,1.43,59150,,,,,,,,,
0.2455,13.149415016174316,1.5661143640214277e-05,1.43,59200,,,,,,,,,
0.2428,4.821798801422119,1.564868568581039e-05,1.44,59250,,,,,,,,,
0.2334,27.843196868896484,1.5636227731406504e-05,1.44,59300,,,,,,,,,
0.3399,18.31775665283203,1.5623769777002614e-05,1.44,59350,,,,,,,,,
0.2336,10.913454055786133,1.5611311822598728e-05,1.44,59400,,,,,,,,,
0.2222,7.909034252166748,1.559885386819484e-05,1.44,59450,,,,,,,,,
0.2893,19.773107528686523,1.5586395913790958e-05,1.44,59500,,,,,,,,,
0.3213,11.279019355773926,1.557393795938707e-05,1.44,59550,,,,,,,,,
0.1949,21.201452255249023,1.556148000498318e-05,1.44,59600,,,,,,,,,
0.2361,9.566038131713867,1.5549022050579295e-05,1.45,59650,,,,,,,,,
0.2524,17.052993774414062,1.553656409617541e-05,1.45,59700,,,,,,,,,
0.2936,4.638454914093018,1.5524106141771522e-05,1.45,59750,,,,,,,,,
0.2448,2.0121545791625977,1.5511648187367635e-05,1.45,59800,,,,,,,,,
0.2669,19.965490341186523,1.5499190232963746e-05,1.45,59850,,,,,,,,,
0.2742,13.454095840454102,1.548673227855986e-05,1.45,59900,,,,,,,,,
0.2035,4.805573463439941,1.5474274324155972e-05,1.45,59950,,,,,,,,,
0.2837,6.147075653076172,1.546181636975209e-05,1.45,60000,,,,,,,,,
0.2373,10.876530647277832,1.5449358415348203e-05,1.46,60050,,,,,,,,,
0.2162,22.674867630004883,1.5436900460944313e-05,1.46,60100,,,,,,,,,
0.2893,13.793320655822754,1.5424442506540426e-05,1.46,60150,,,,,,,,,
0.2871,22.313867568969727,1.541198455213654e-05,1.46,60200,,,,,,,,,
0.2944,19.262441635131836,1.5399526597732653e-05,1.46,60250,,,,,,,,,
0.2824,18.42206573486328,1.5387068643328767e-05,1.46,60300,,,,,,,,,
0.2998,9.672224044799805,1.5374610688924877e-05,1.46,60350,,,,,,,,,
0.2235,4.381172180175781,1.536215273452099e-05,1.46,60400,,,,,,,,,
0.2419,18.55797576904297,1.5349694780117104e-05,1.47,60450,,,,,,,,,
0.2808,10.785089492797852,1.5337236825713217e-05,1.47,60500,,,,,,,,,
0.2468,3.7418322563171387,1.5324778871309334e-05,1.47,60550,,,,,,,,,
0.2954,4.206060886383057,1.5312320916905444e-05,1.47,60600,,,,,,,,,
0.2445,6.639401912689209,1.5299862962501558e-05,1.47,60650,,,,,,,,,
0.2182,3.884908437728882,1.528740500809767e-05,1.47,60700,,,,,,,,,
0.2159,16.21327018737793,1.5274947053693785e-05,1.47,60750,,,,,,,,,
0.2691,13.543562889099121,1.5262489099289898e-05,1.47,60800,,,,,,,,,
0.2065,10.985751152038574,1.525003114488601e-05,1.48,60850,,,,,,,,,
0.3064,3.1163957118988037,1.5237573190482122e-05,1.48,60900,,,,,,,,,
0.2665,6.181856155395508,1.5225115236078235e-05,1.48,60950,,,,,,,,,
0.272,16.527320861816406,1.5212657281674349e-05,1.48,61000,,,,,,,,,
0.2782,15.769807815551758,1.520019932727046e-05,1.48,61050,,,,,,,,,
0.2383,6.675417423248291,1.5187741372866577e-05,1.48,61100,,,,,,,,,
0.2218,3.6316263675689697,1.517528341846269e-05,1.48,61150,,,,,,,,,
0.2504,18.315629959106445,1.5162825464058803e-05,1.48,61200,,,,,,,,,
0.2867,2.443878412246704,1.5150367509654916e-05,1.48,61250,,,,,,,,,
0.2065,13.817770004272461,1.5137909555251028e-05,1.49,61300,,,,,,,,,
0.284,13.359926223754883,1.5125451600847141e-05,1.49,61350,,,,,,,,,
0.2484,25.195919036865234,1.5112993646443253e-05,1.49,61400,,,,,,,,,
0.2239,9.131256103515625,1.5100535692039367e-05,1.49,61450,,,,,,,,,
0.2811,17.822107315063477,1.508807773763548e-05,1.49,61500,,,,,,,,,
0.2977,13.564356803894043,1.5075619783231592e-05,1.49,61550,,,,,,,,,
0.2017,2.204859733581543,1.5063161828827709e-05,1.49,61600,,,,,,,,,
0.233,10.565082550048828,1.505070387442382e-05,1.49,61650,,,,,,,,,
,,,1.49,61650,0.47001340985298157,406.8757,395.679,24.73,,,,,
0.2389,10.461162567138672,1.5038245920019934e-05,1.5,61700,,,,,,,,,
0.3221,16.92599105834961,1.5025787965616048e-05,1.5,61750,,,,,,,,,
0.2555,8.150721549987793,1.501333001121216e-05,1.5,61800,,,,,,,,,
0.2802,19.93735694885254,1.5000872056808273e-05,1.5,61850,,,,,,,,,
0.2456,2.7526702880859375,1.4988414102404385e-05,1.5,61900,,,,,,,,,
0.2579,10.471139907836914,1.4975956148000498e-05,1.5,61950,,,,,,,,,
0.2394,5.709919452667236,1.4963498193596613e-05,1.5,62000,,,,,,,,,
0.2419,12.129902839660645,1.4951040239192725e-05,1.5,62050,,,,,,,,,
0.2359,4.7755537033081055,1.4938582284788839e-05,1.51,62100,,,,,,,,,
0.2179,10.05272388458252,1.492612433038495e-05,1.51,62150,,,,,,,,,
0.2235,4.391096115112305,1.4913666375981064e-05,1.51,62200,,,,,,,,,
0.2797,21.241300582885742,1.4901208421577179e-05,1.51,62250,,,,,,,,,
0.2255,23.92030906677246,1.488875046717329e-05,1.51,62300,,,,,,,,,
0.2722,10.994169235229492,1.4876292512769404e-05,1.51,62350,,,,,,,,,
0.3001,7.028628349304199,1.4863834558365516e-05,1.51,62400,,,,,,,,,
0.3171,14.036555290222168,1.485137660396163e-05,1.51,62450,,,,,,,,,
0.2403,2.8289804458618164,1.4838918649557743e-05,1.52,62500,,,,,,,,,
0.3146,9.824973106384277,1.4826460695153856e-05,1.52,62550,,,,,,,,,
0.2442,4.232371807098389,1.481400274074997e-05,1.52,62600,,,,,,,,,
0.2293,7.334883689880371,1.4801544786346082e-05,1.52,62650,,,,,,,,,
0.2048,2.8221046924591064,1.4789086831942195e-05,1.52,62700,,,,,,,,,
0.2652,2.494903326034546,1.4776628877538309e-05,1.52,62750,,,,,,,,,
0.2607,9.317937850952148,1.4764170923134422e-05,1.52,62800,,,,,,,,,
0.2519,15.96735954284668,1.4751712968730536e-05,1.52,62850,,,,,,,,,
0.2039,7.952551364898682,1.4739255014326647e-05,1.53,62900,,,,,,,,,
0.2785,8.971824645996094,1.4726797059922761e-05,1.53,62950,,,,,,,,,
0.2595,2.9788599014282227,1.4714339105518874e-05,1.53,63000,,,,,,,,,
0.2474,12.33084487915039,1.4701881151114988e-05,1.53,63050,,,,,,,,,
0.2261,14.946873664855957,1.4689423196711101e-05,1.53,63100,,,,,,,,,
0.2403,9.360971450805664,1.4676965242307213e-05,1.53,63150,,,,,,,,,
0.2587,10.932109832763672,1.4664507287903327e-05,1.53,63200,,,,,,,,,
0.2855,11.01374340057373,1.465204933349944e-05,1.53,63250,,,,,,,,,
0.2713,14.979530334472656,1.4639591379095552e-05,1.54,63300,,,,,,,,,
0.229,7.110736846923828,1.4627133424691667e-05,1.54,63350,,,,,,,,,
0.3026,1.926789402961731,1.4614675470287779e-05,1.54,63400,,,,,,,,,
0.2761,1.4597185850143433,1.4602217515883892e-05,1.54,63450,,,,,,,,,
0.2402,16.815000534057617,1.4589759561480006e-05,1.54,63500,,,,,,,,,
0.2899,7.480279445648193,1.4577301607076118e-05,1.54,63550,,,,,,,,,
0.2407,22.984708786010742,1.4564843652672233e-05,1.54,63600,,,,,,,,,
0.2797,5.822256088256836,1.4552385698268344e-05,1.54,63650,,,,,,,,,
0.2646,20.364315032958984,1.4539927743864458e-05,1.55,63700,,,,,,,,,
0.2394,12.720270156860352,1.4527469789460571e-05,1.55,63750,,,,,,,,,
0.2593,14.06059741973877,1.4515011835056683e-05,1.55,63800,,,,,,,,,
0.3179,23.76392936706543,1.4502553880652798e-05,1.55,63850,,,,,,,,,
0.2781,7.453426361083984,1.449009592624891e-05,1.55,63900,,,,,,,,,
0.256,13.744318962097168,1.4477637971845024e-05,1.55,63950,,,,,,,,,
0.2625,13.69998550415039,1.4465180017441137e-05,1.55,64000,,,,,,,,,
0.26,8.641948699951172,1.4452722063037249e-05,1.55,64050,,,,,,,,,
0.2536,23.769559860229492,1.4440264108633362e-05,1.56,64100,,,,,,,,,
0.2448,6.179233551025391,1.4427806154229476e-05,1.56,64150,,,,,,,,,
0.2379,5.125894069671631,1.441534819982559e-05,1.56,64200,,,,,,,,,
0.2902,14.348187446594238,1.4402890245421703e-05,1.56,64250,,,,,,,,,
0.2656,7.460156440734863,1.4390432291017815e-05,1.56,64300,,,,,,,,,
0.2387,0.6845622062683105,1.4377974336613928e-05,1.56,64350,,,,,,,,,
0.2571,20.537044525146484,1.4365516382210042e-05,1.56,64400,,,,,,,,,
0.2569,8.29284381866455,1.4353058427806155e-05,1.56,64450,,,,,,,,,
0.2682,2.8485190868377686,1.4340600473402269e-05,1.57,64500,,,,,,,,,
0.2872,9.661426544189453,1.432814251899838e-05,1.57,64550,,,,,,,,,
0.2533,9.534249305725098,1.4315684564594494e-05,1.57,64600,,,,,,,,,
0.2957,16.63561248779297,1.4303226610190607e-05,1.57,64650,,,,,,,,,
0.2619,11.51975154876709,1.429076865578672e-05,1.57,64700,,,,,,,,,
0.2165,14.057269096374512,1.4278310701382834e-05,1.57,64750,,,,,,,,,
0.2643,3.6860945224761963,1.4265852746978946e-05,1.57,64800,,,,,,,,,
0.2769,7.3818745613098145,1.425339479257506e-05,1.57,64850,,,,,,,,,
0.2392,1.9184966087341309,1.4240936838171171e-05,1.58,64900,,,,,,,,,
0.2239,15.724376678466797,1.4228478883767286e-05,1.58,64950,,,,,,,,,
0.2658,4.110653400421143,1.42160209293634e-05,1.58,65000,,,,,,,,,
0.2646,16.335411071777344,1.4203562974959512e-05,1.58,65050,,,,,,,,,
0.2214,3.156643867492676,1.4191105020555625e-05,1.58,65100,,,,,,,,,
0.2531,4.873205184936523,1.4178647066151737e-05,1.58,65150,,,,,,,,,
0.2517,17.010042190551758,1.4166189111747852e-05,1.58,65200,,,,,,,,,
0.264,6.007634162902832,1.4153731157343966e-05,1.58,65250,,,,,,,,,
0.2416,7.979617595672607,1.4141273202940077e-05,1.59,65300,,,,,,,,,
0.2495,15.477435111999512,1.4128815248536191e-05,1.59,65350,,,,,,,,,
0.229,3.8016245365142822,1.4116357294132303e-05,1.59,65400,,,,,,,,,
0.2685,10.132615089416504,1.4103899339728418e-05,1.59,65450,,,,,,,,,
0.3123,6.288594722747803,1.4091441385324531e-05,1.59,65500,,,,,,,,,
0.2981,13.969175338745117,1.4078983430920643e-05,1.59,65550,,,,,,,,,
0.2208,8.95206356048584,1.4066525476516757e-05,1.59,65600,,,,,,,,,
0.209,12.451095581054688,1.4054067522112868e-05,1.59,65650,,,,,,,,,
0.2962,12.84373664855957,1.4041609567708982e-05,1.6,65700,,,,,,,,,
0.2913,7.758505344390869,1.4029151613305097e-05,1.6,65750,,,,,,,,,
0.3108,9.696147918701172,1.4016693658901209e-05,1.6,65800,,,,,,,,,
0.2181,8.870798110961914,1.4004235704497322e-05,1.6,65850,,,,,,,,,
0.2821,4.084746837615967,1.3991777750093434e-05,1.6,65900,,,,,,,,,
0.2676,6.010599136352539,1.3979319795689548e-05,1.6,65950,,,,,,,,,
0.2571,13.13762378692627,1.3966861841285663e-05,1.6,66000,,,,,,,,,
0.2768,9.489336013793945,1.3954403886881775e-05,1.6,66050,,,,,,,,,
0.2629,0.8259317278862,1.3941945932477888e-05,1.61,66100,,,,,,,,,
0.2322,15.423596382141113,1.3929487978074e-05,1.61,66150,,,,,,,,,
0.1978,13.950289726257324,1.3917030023670113e-05,1.61,66200,,,,,,,,,
0.3,13.627312660217285,1.3904572069266228e-05,1.61,66250,,,,,,,,,
0.2066,8.826193809509277,1.389211411486234e-05,1.61,66300,,,,,,,,,
0.2565,22.072998046875,1.3879656160458454e-05,1.61,66350,,,,,,,,,
0.2191,29.18678092956543,1.3867198206054565e-05,1.61,66400,,,,,,,,,
0.2462,23.266698837280273,1.3854740251650679e-05,1.61,66450,,,,,,,,,
0.2359,15.972443580627441,1.3842282297246792e-05,1.62,66500,,,,,,,,,
0.309,17.477161407470703,1.3829824342842906e-05,1.62,66550,,,,,,,,,
0.209,5.37865686416626,1.381736638843902e-05,1.62,66600,,,,,,,,,
0.2483,7.394783973693848,1.3804908434035131e-05,1.62,66650,,,,,,,,,
,,,1.62,66650,0.44436243176460266,406.4684,396.075,24.755,,,,,
0.2438,8.911859512329102,1.3792450479631245e-05,1.62,66700,,,,,,,,,
0.2245,9.84664249420166,1.3779992525227358e-05,1.62,66750,,,,,,,,,
0.2812,6.7974677085876465,1.3767534570823472e-05,1.62,66800,,,,,,,,,
0.204,30.818288803100586,1.3755076616419585e-05,1.62,66850,,,,,,,,,
0.2955,10.232559204101562,1.3742618662015697e-05,1.63,66900,,,,,,,,,
0.2511,11.218725204467773,1.373016070761181e-05,1.63,66950,,,,,,,,,
0.2826,3.6536569595336914,1.3717702753207924e-05,1.63,67000,,,,,,,,,
0.2759,8.459617614746094,1.3705244798804037e-05,1.63,67050,,,,,,,,,
0.2828,13.594871520996094,1.369278684440015e-05,1.63,67100,,,,,,,,,
0.2044,7.278015613555908,1.3680328889996263e-05,1.63,67150,,,,,,,,,
0.2814,9.794623374938965,1.3667870935592376e-05,1.63,67200,,,,,,,,,
0.2562,15.022608757019043,1.365541298118849e-05,1.63,67250,,,,,,,,,
0.2749,2.4993958473205566,1.3642955026784601e-05,1.64,67300,,,,,,,,,
0.2416,7.636329174041748,1.3630497072380716e-05,1.64,67350,,,,,,,,,
0.1919,6.765174388885498,1.3618039117976828e-05,1.64,67400,,,,,,,,,
0.2509,4.848570346832275,1.3605581163572942e-05,1.64,67450,,,,,,,,,
0.2244,0.23507313430309296,1.3593123209169055e-05,1.64,67500,,,,,,,,,
0.2512,0.23325297236442566,1.3580665254765167e-05,1.64,67550,,,,,,,,,
0.2384,12.006340026855469,1.3568207300361282e-05,1.64,67600,,,,,,,,,
0.2774,17.204423904418945,1.3555749345957394e-05,1.64,67650,,,,,,,,,
0.201,16.940143585205078,1.3543291391553507e-05,1.65,67700,,,,,,,,,
0.2441,0.24164003133773804,1.353083343714962e-05,1.65,67750,,,,,,,,,
0.2324,3.4663357734680176,1.3518375482745733e-05,1.65,67800,,,,,,,,,
0.2753,20.00457000732422,1.3505917528341848e-05,1.65,67850,,,,,,,,,
0.2287,4.269957542419434,1.349345957393796e-05,1.65,67900,,,,,,,,,
0.2473,10.199299812316895,1.3481001619534073e-05,1.65,67950,,,,,,,,,
0.2315,5.392569065093994,1.3468543665130185e-05,1.65,68000,,,,,,,,,
0.2644,8.921829223632812,1.3456085710726298e-05,1.65,68050,,,,,,,,,
0.3057,9.139028549194336,1.3443627756322414e-05,1.66,68100,,,,,,,,,
0.2022,11.85024642944336,1.3431169801918525e-05,1.66,68150,,,,,,,,,
0.262,1.9565598964691162,1.3418711847514639e-05,1.66,68200,,,,,,,,,
0.2456,1.364125370979309,1.340625389311075e-05,1.66,68250,,,,,,,,,
0.2718,15.119013786315918,1.3393795938706864e-05,1.66,68300,,,,,,,,,
0.243,24.840471267700195,1.3381337984302978e-05,1.66,68350,,,,,,,,,
0.2474,21.516271591186523,1.3368880029899091e-05,1.66,68400,,,,,,,,,
0.2282,13.929545402526855,1.3356422075495205e-05,1.66,68450,,,,,,,,,
0.2255,11.959185600280762,1.3343964121091316e-05,1.67,68500,,,,,,,,,
0.2681,11.93954849243164,1.333150616668743e-05,1.67,68550,,,,,,,,,
0.2818,11.399698257446289,1.3319048212283543e-05,1.67,68600,,,,,,,,,
0.245,10.587725639343262,1.3306590257879657e-05,1.67,68650,,,,,,,,,
0.2162,2.5579147338867188,1.329413230347577e-05,1.67,68700,,,,,,,,,
0.2731,4.0062360763549805,1.3281674349071882e-05,1.67,68750,,,,,,,,,
0.2661,18.200979232788086,1.3269216394667996e-05,1.67,68800,,,,,,,,,
0.3035,17.689605712890625,1.3256758440264109e-05,1.67,68850,,,,,,,,,
0.2517,7.801377296447754,1.3244300485860222e-05,1.68,68900,,,,,,,,,
0.2356,17.183380126953125,1.3231842531456336e-05,1.68,68950,,,,,,,,,
0.2477,8.604108810424805,1.3219384577052448e-05,1.68,69000,,,,,,,,,
0.22,4.30703592300415,1.3206926622648561e-05,1.68,69050,,,,,,,,,
0.2366,4.784145832061768,1.3194468668244675e-05,1.68,69100,,,,,,,,,
0.2084,11.380473136901855,1.3182010713840786e-05,1.68,69150,,,,,,,,,
0.2558,7.948054313659668,1.3169552759436902e-05,1.68,69200,,,,,,,,,
0.2376,6.5072832107543945,1.3157094805033013e-05,1.68,69250,,,,,,,,,
0.2375,4.014484405517578,1.3144636850629127e-05,1.69,69300,,,,,,,,,
0.2254,31.547107696533203,1.313217889622524e-05,1.69,69350,,,,,,,,,
0.2919,9.840009689331055,1.3119720941821352e-05,1.69,69400,,,,,,,,,
0.249,8.048616409301758,1.3107262987417467e-05,1.69,69450,,,,,,,,,
0.2902,6.193011283874512,1.3094805033013579e-05,1.69,69500,,,,,,,,,
0.1985,8.644087791442871,1.3082347078609693e-05,1.69,69550,,,,,,,,,
0.2373,6.950117111206055,1.3069889124205806e-05,1.69,69600,,,,,,,,,
0.2345,8.695710182189941,1.3057431169801918e-05,1.69,69650,,,,,,,,,
0.2591,23.559253692626953,1.3044973215398033e-05,1.7,69700,,,,,,,,,
0.2324,6.336287498474121,1.3032515260994145e-05,1.7,69750,,,,,,,,,
0.2306,6.257138729095459,1.3020057306590258e-05,1.7,69800,,,,,,,,,
0.2344,6.996106147766113,1.3007599352186372e-05,1.7,69850,,,,,,,,,
0.3343,15.178324699401855,1.2995141397782484e-05,1.7,69900,,,,,,,,,
0.2642,13.62378978729248,1.2982683443378597e-05,1.7,69950,,,,,,,,,
0.2401,16.60694694519043,1.297022548897471e-05,1.7,70000,,,,,,,,,
0.2636,9.822447776794434,1.2957767534570824e-05,1.7,70050,,,,,,,,,
0.2966,9.940171241760254,1.2945309580166937e-05,1.71,70100,,,,,,,,,
0.2593,8.6908597946167,1.293285162576305e-05,1.71,70150,,,,,,,,,
0.2488,9.272438049316406,1.2920393671359163e-05,1.71,70200,,,,,,,,,
0.2058,2.9240009784698486,1.2907935716955276e-05,1.71,70250,,,,,,,,,
0.2337,21.517940521240234,1.289547776255139e-05,1.71,70300,,,,,,,,,
0.1948,5.541133403778076,1.2883019808147503e-05,1.71,70350,,,,,,,,,
0.313,10.026876449584961,1.2870561853743615e-05,1.71,70400,,,,,,,,,
0.2929,7.9975666999816895,1.2858103899339728e-05,1.71,70450,,,,,,,,,
0.2268,9.319433212280273,1.2845645944935842e-05,1.72,70500,,,,,,,,,
0.2476,12.379836082458496,1.2833187990531955e-05,1.72,70550,,,,,,,,,
0.237,11.737096786499023,1.2820730036128069e-05,1.72,70600,,,,,,,,,
0.2784,19.62849998474121,1.280827208172418e-05,1.72,70650,,,,,,,,,
0.2586,17.93800163269043,1.2795814127320294e-05,1.72,70700,,,,,,,,,
0.2106,10.144619941711426,1.2783356172916406e-05,1.72,70750,,,,,,,,,
0.2188,2.7932748794555664,1.2770898218512521e-05,1.72,70800,,,,,,,,,
0.2667,6.127338886260986,1.2758440264108635e-05,1.72,70850,,,,,,,,,
0.2874,16.72252655029297,1.2745982309704746e-05,1.73,70900,,,,,,,,,
0.2829,15.534324645996094,1.273352435530086e-05,1.73,70950,,,,,,,,,
0.2342,21.217544555664062,1.2721066400896972e-05,1.73,71000,,,,,,,,,
0.282,12.140830993652344,1.2708608446493087e-05,1.73,71050,,,,,,,,,
0.2094,7.392726421356201,1.26961504920892e-05,1.73,71100,,,,,,,,,
0.2314,5.3487348556518555,1.2683692537685312e-05,1.73,71150,,,,,,,,,
0.2268,9.714688301086426,1.2671234583281426e-05,1.73,71200,,,,,,,,,
0.2301,2.572530746459961,1.2658776628877537e-05,1.73,71250,,,,,,,,,
0.205,11.966789245605469,1.2646318674473652e-05,1.74,71300,,,,,,,,,
0.2218,10.369359016418457,1.2633860720069766e-05,1.74,71350,,,,,,,,,
0.2063,7.021795272827148,1.2621402765665878e-05,1.74,71400,,,,,,,,,
0.3038,22.517536163330078,1.2608944811261991e-05,1.74,71450,,,,,,,,,
0.2741,4.213036060333252,1.2596486856858103e-05,1.74,71500,,,,,,,,,
0.28,4.912436485290527,1.2584028902454216e-05,1.74,71550,,,,,,,,,
0.2721,12.911567687988281,1.2571570948050332e-05,1.74,71600,,,,,,,,,
0.2605,2.511023759841919,1.2559112993646443e-05,1.74,71650,,,,,,,,,
,,,1.74,71650,0.45553380250930786,406.4592,396.084,24.755,,,,,
0.2412,18.872173309326172,1.2546655039242557e-05,1.75,71700,,,,,,,,,
0.2417,2.3461790084838867,1.2534197084838669e-05,1.75,71750,,,,,,,,,
0.225,10.211356163024902,1.2521739130434782e-05,1.75,71800,,,,,,,,,
0.2581,18.802236557006836,1.2509281176030897e-05,1.75,71850,,,,,,,,,
0.2693,8.007351875305176,1.2496823221627009e-05,1.75,71900,,,,,,,,,
0.2485,2.916579484939575,1.2484365267223123e-05,1.75,71950,,,,,,,,,
0.2576,4.166895866394043,1.2471907312819234e-05,1.75,72000,,,,,,,,,
0.2543,11.835132598876953,1.2459449358415348e-05,1.75,72050,,,,,,,,,
0.2668,8.14242172241211,1.2446991404011463e-05,1.76,72100,,,,,,,,,
0.2315,8.509281158447266,1.2434533449607575e-05,1.76,72150,,,,,,,,,
0.3117,14.733975410461426,1.2422075495203688e-05,1.76,72200,,,,,,,,,
0.2505,13.977039337158203,1.24096175407998e-05,1.76,72250,,,,,,,,,
0.257,9.239038467407227,1.2397159586395914e-05,1.76,72300,,,,,,,,,
0.2341,6.643346786499023,1.2384701631992027e-05,1.76,72350,,,,,,,,,
0.2523,18.1234188079834,1.237224367758814e-05,1.76,72400,,,,,,,,,
0.2701,7.252308368682861,1.2359785723184254e-05,1.76,72450,,,,,,,,,
0.2438,9.25130844116211,1.2347327768780366e-05,1.77,72500,,,,,,,,,
0.2365,10.253683090209961,1.233486981437648e-05,1.77,72550,,,,,,,,,
0.2142,7.111584663391113,1.2322411859972593e-05,1.77,72600,,,,,,,,,
0.2422,24.87224578857422,1.2309953905568706e-05,1.77,72650,,,,,,,,,
0.2597,16.828048706054688,1.229749595116482e-05,1.77,72700,,,,,,,,,
0.218,6.740383148193359,1.2285037996760932e-05,1.77,72750,,,,,,,,,
0.2691,9.223663330078125,1.2272580042357045e-05,1.77,72800,,,,,,,,,
0.2274,9.023660659790039,1.2260122087953158e-05,1.77,72850,,,,,,,,,
0.2507,16.817543029785156,1.2247664133549272e-05,1.78,72900,,,,,,,,,
0.2371,1.576669454574585,1.2235206179145385e-05,1.78,72950,,,,,,,,,
0.2788,10.52414321899414,1.2222748224741497e-05,1.78,73000,,,,,,,,,
0.2157,17.49018096923828,1.221029027033761e-05,1.78,73050,,,,,,,,,
0.2204,25.545103073120117,1.2197832315933724e-05,1.78,73100,,,,,,,,,
0.2323,17.677873611450195,1.2185374361529836e-05,1.78,73150,,,,,,,,,
0.2285,8.533597946166992,1.2172916407125951e-05,1.78,73200,,,,,,,,,
0.2448,13.70667552947998,1.2160458452722063e-05,1.78,73250,,,,,,,,,
0.222,11.207128524780273,1.2148000498318176e-05,1.79,73300,,,,,,,,,
0.2532,17.123001098632812,1.213554254391429e-05,1.79,73350,,,,,,,,,
0.239,9.22579288482666,1.2123084589510402e-05,1.79,73400,,,,,,,,,
0.2769,6.799946308135986,1.2110626635106517e-05,1.79,73450,,,,,,,,,
0.2102,10.69502067565918,1.2098168680702629e-05,1.79,73500,,,,,,,,,
0.2331,24.454566955566406,1.2085710726298742e-05,1.79,73550,,,,,,,,,
0.2785,3.4489760398864746,1.2073252771894856e-05,1.79,73600,,,,,,,,,
0.2574,22.400453567504883,1.2060794817490967e-05,1.79,73650,,,,,,,,,
0.2241,3.5856995582580566,1.2048336863087083e-05,1.8,73700,,,,,,,,,
0.2826,14.079659461975098,1.2035878908683194e-05,1.8,73750,,,,,,,,,
0.2427,8.19028091430664,1.2023420954279308e-05,1.8,73800,,,,,,,,,
0.2588,26.602197647094727,1.2010962999875421e-05,1.8,73850,,,,,,,,,
0.2592,10.899992942810059,1.1998505045471533e-05,1.8,73900,,,,,,,,,
0.2398,5.513119220733643,1.1986047091067647e-05,1.8,73950,,,,,,,,,
0.182,5.111739635467529,1.197358913666376e-05,1.8,74000,,,,,,,,,
0.2508,9.961633682250977,1.1961131182259873e-05,1.8,74050,,,,,,,,,
0.2743,10.549664497375488,1.1948673227855987e-05,1.81,74100,,,,,,,,,
0.2481,6.245158672332764,1.1936215273452099e-05,1.81,74150,,,,,,,,,
0.2883,29.55193519592285,1.1923757319048212e-05,1.81,74200,,,,,,,,,
0.2268,12.23991870880127,1.1911299364644326e-05,1.81,74250,,,,,,,,,
0.2083,7.464634895324707,1.189884141024044e-05,1.81,74300,,,,,,,,,
0.2095,20.442604064941406,1.1886383455836553e-05,1.81,74350,,,,,,,,,
0.2959,12.784696578979492,1.1873925501432664e-05,1.81,74400,,,,,,,,,
0.2686,9.098895072937012,1.1861467547028778e-05,1.81,74450,,,,,,,,,
0.2422,7.773210048675537,1.1849009592624891e-05,1.82,74500,,,,,,,,,
0.2353,26.6669979095459,1.1836551638221005e-05,1.82,74550,,,,,,,,,
0.2186,16.567556381225586,1.1824093683817118e-05,1.82,74600,,,,,,,,,
0.2238,5.845651626586914,1.181163572941323e-05,1.82,74650,,,,,,,,,
0.2594,8.816119194030762,1.1799177775009344e-05,1.82,74700,,,,,,,,,
0.2123,18.25225067138672,1.1786719820605455e-05,1.82,74750,,,,,,,,,
0.2629,12.563501358032227,1.177426186620157e-05,1.82,74800,,,,,,,,,
0.2493,15.974297523498535,1.1761803911797684e-05,1.82,74850,,,,,,,,,
0.2181,8.448119163513184,1.1749345957393796e-05,1.83,74900,,,,,,,,,
0.2643,22.88153839111328,1.173688800298991e-05,1.83,74950,,,,,,,,,
0.2443,3.7944047451019287,1.1724430048586021e-05,1.83,75000,,,,,,,,,
0.2507,17.27008819580078,1.1711972094182136e-05,1.83,75050,,,,,,,,,
0.2321,1.491607904434204,1.169951413977825e-05,1.83,75100,,,,,,,,,
0.2828,9.845340728759766,1.1687056185374362e-05,1.83,75150,,,,,,,,,
0.2368,20.10055923461914,1.1674598230970475e-05,1.83,75200,,,,,,,,,
0.3211,9.167288780212402,1.1662140276566587e-05,1.83,75250,,,,,,,,,
0.2496,8.54395580291748,1.1649682322162702e-05,1.84,75300,,,,,,,,,
0.2387,14.966821670532227,1.1637224367758815e-05,1.84,75350,,,,,,,,,
0.2527,8.24318790435791,1.1624766413354927e-05,1.84,75400,,,,,,,,,
0.2537,2.7717342376708984,1.161230845895104e-05,1.84,75450,,,,,,,,,
0.2584,14.378460884094238,1.1599850504547152e-05,1.84,75500,,,,,,,,,
0.249,8.49820613861084,1.1587392550143268e-05,1.84,75550,,,,,,,,,
0.2488,17.240161895751953,1.1574934595739381e-05,1.84,75600,,,,,,,,,
0.2668,16.871801376342773,1.1562476641335493e-05,1.84,75650,,,,,,,,,
0.2385,13.317691802978516,1.1550018686931606e-05,1.85,75700,,,,,,,,,
0.2361,9.355080604553223,1.1537560732527718e-05,1.85,75750,,,,,,,,,
0.2157,2.893944501876831,1.1525102778123832e-05,1.85,75800,,,,,,,,,
0.1871,5.9145731925964355,1.1512644823719947e-05,1.85,75850,,,,,,,,,
0.2977,21.437196731567383,1.1500186869316059e-05,1.85,75900,,,,,,,,,
0.2951,17.72334861755371,1.1487728914912172e-05,1.85,75950,,,,,,,,,
0.2353,10.918811798095703,1.1475270960508284e-05,1.85,76000,,,,,,,,,
0.2603,13.855655670166016,1.1462813006104397e-05,1.85,76050,,,,,,,,,
0.2355,8.890949249267578,1.1450355051700513e-05,1.85,76100,,,,,,,,,
0.1981,13.392436027526855,1.1437897097296624e-05,1.86,76150,,,,,,,,,
0.2575,4.708926200866699,1.1425439142892738e-05,1.86,76200,,,,,,,,,
0.2532,2.8072915077209473,1.141298118848885e-05,1.86,76250,,,,,,,,,
0.2216,11.429646492004395,1.1400523234084963e-05,1.86,76300,,,,,,,,,
0.2683,11.501028060913086,1.1388065279681078e-05,1.86,76350,,,,,,,,,
0.2278,13.471555709838867,1.137560732527719e-05,1.86,76400,,,,,,,,,
0.2406,7.304924011230469,1.1363149370873304e-05,1.86,76450,,,,,,,,,
0.2409,7.817922115325928,1.1350691416469415e-05,1.86,76500,,,,,,,,,
0.2676,8.673065185546875,1.1338233462065529e-05,1.87,76550,,,,,,,,,
0.2094,11.714584350585938,1.1325775507661642e-05,1.87,76600,,,,,,,,,
0.2351,8.688563346862793,1.1313317553257756e-05,1.87,76650,,,,,,,,,
,,,1.87,76650,0.48181068897247314,406.7124,395.837,24.74,,,,,
0.2551,8.555230140686035,1.130085959885387e-05,1.87,76700,,,,,,,,,
0.2485,5.796024322509766,1.1288401644449981e-05,1.87,76750,,,,,,,,,
0.2494,25.513097763061523,1.1275943690046094e-05,1.87,76800,,,,,,,,,
0.2756,13.02563762664795,1.1263485735642208e-05,1.87,76850,,,,,,,,,
0.1966,28.192731857299805,1.1251027781238321e-05,1.87,76900,,,,,,,,,
0.212,16.815128326416016,1.1238569826834435e-05,1.88,76950,,,,,,,,,
0.2508,13.623908996582031,1.1226111872430547e-05,1.88,77000,,,,,,,,,
0.2208,7.142001152038574,1.121365391802666e-05,1.88,77050,,,,,,,,,
0.193,19.452484130859375,1.1201195963622774e-05,1.88,77100,,,,,,,,,
0.2071,6.18164587020874,1.1188738009218887e-05,1.88,77150,,,,,,,,,
0.2184,9.067607879638672,1.1176280054815e-05,1.88,77200,,,,,,,,,
0.295,5.169480800628662,1.1163822100411112e-05,1.88,77250,,,,,,,,,
0.1737,4.440279006958008,1.1151364146007226e-05,1.88,77300,,,,,,,,,
0.292,9.481653213500977,1.113890619160334e-05,1.89,77350,,,,,,,,,
0.2148,7.452922344207764,1.1126448237199451e-05,1.89,77400,,,,,,,,,
0.2117,8.943245887756348,1.1113990282795566e-05,1.89,77450,,,,,,,,,
0.2244,1.6445084810256958,1.1101532328391678e-05,1.89,77500,,,,,,,,,
0.2513,1.0382577180862427,1.1089074373987792e-05,1.89,77550,,,,,,,,,
0.2557,1.4065898656845093,1.1076616419583905e-05,1.89,77600,,,,,,,,,
0.2331,1.7684314250946045,1.1064158465180017e-05,1.89,77650,,,,,,,,,
0.2094,27.921327590942383,1.1051700510776132e-05,1.89,77700,,,,,,,,,
0.2482,1.5669342279434204,1.1039242556372244e-05,1.9,77750,,,,,,,,,
0.2495,6.087461471557617,1.1026784601968357e-05,1.9,77800,,,,,,,,,
0.2247,17.107654571533203,1.101432664756447e-05,1.9,77850,,,,,,,,,
0.2535,12.971131324768066,1.1001868693160583e-05,1.9,77900,,,,,,,,,
0.2607,13.559739112854004,1.0989410738756698e-05,1.9,77950,,,,,,,,,
0.2386,21.705238342285156,1.097695278435281e-05,1.9,78000,,,,,,,,,
0.238,22.098188400268555,1.0964494829948923e-05,1.9,78050,,,,,,,,,
0.2366,13.449408531188965,1.0952036875545036e-05,1.9,78100,,,,,,,,,
0.2221,14.940485000610352,1.0939578921141148e-05,1.91,78150,,,,,,,,,
0.2565,17.467647552490234,1.0927120966737262e-05,1.91,78200,,,,,,,,,
0.2194,10.418679237365723,1.0914663012333375e-05,1.91,78250,,,,,,,,,
0.2514,7.613039016723633,1.0902205057929489e-05,1.91,78300,,,,,,,,,
0.217,6.796873092651367,1.0889747103525602e-05,1.91,78350,,,,,,,,,
0.2494,19.760725021362305,1.0877289149121714e-05,1.91,78400,,,,,,,,,
0.229,30.18798065185547,1.0864831194717827e-05,1.91,78450,,,,,,,,,
0.2191,13.5678071975708,1.0852373240313941e-05,1.91,78500,,,,,,,,,
0.1926,7.821505546569824,1.0839915285910054e-05,1.92,78550,,,,,,,,,
0.2323,4.026717662811279,1.0827457331506168e-05,1.92,78600,,,,,,,,,
0.2328,18.59854507446289,1.081499937710228e-05,1.92,78650,,,,,,,,,
0.2778,4.853435516357422,1.0802541422698393e-05,1.92,78700,,,,,,,,,
0.2235,9.50012493133545,1.0790083468294507e-05,1.92,78750,,,,,,,,,
0.2262,3.0527076721191406,1.077762551389062e-05,1.92,78800,,,,,,,,,
0.2705,3.6301865577697754,1.0765167559486734e-05,1.92,78850,,,,,,,,,
0.2142,8.989046096801758,1.0752709605082845e-05,1.92,78900,,,,,,,,,
0.2501,10.072595596313477,1.0740251650678959e-05,1.93,78950,,,,,,,,,
0.2878,12.978754043579102,1.072779369627507e-05,1.93,79000,,,,,,,,,
0.2359,3.173548698425293,1.0715335741871186e-05,1.93,79050,,,,,,,,,
0.239,21.781700134277344,1.07028777874673e-05,1.93,79100,,,,,,,,,
0.2383,3.3998661041259766,1.0690419833063411e-05,1.93,79150,,,,,,,,,
0.2702,21.250247955322266,1.0677961878659524e-05,1.93,79200,,,,,,,,,
0.2003,33.389404296875,1.0665503924255636e-05,1.93,79250,,,,,,,,,
0.2343,7.4846272468566895,1.0653045969851751e-05,1.93,79300,,,,,,,,,
0.2078,0.3826187252998352,1.0640588015447863e-05,1.94,79350,,,,,,,,,
0.2779,1.6991536617279053,1.0628130061043977e-05,1.94,79400,,,,,,,,,
0.2539,15.7242431640625,1.061567210664009e-05,1.94,79450,,,,,,,,,
0.2356,7.6882429122924805,1.0603214152236202e-05,1.94,79500,,,,,,,,,
0.2551,12.947976112365723,1.0590756197832317e-05,1.94,79550,,,,,,,,,
0.267,13.639701843261719,1.0578298243428429e-05,1.94,79600,,,,,,,,,
0.2749,10.812544822692871,1.0565840289024542e-05,1.94,79650,,,,,,,,,
0.2014,6.855816841125488,1.0553382334620656e-05,1.94,79700,,,,,,,,,
0.2577,17.0096378326416,1.0540924380216768e-05,1.95,79750,,,,,,,,,
0.2253,1.1942435503005981,1.0528466425812881e-05,1.95,79800,,,,,,,,,
0.2035,5.139524936676025,1.0516008471408995e-05,1.95,79850,,,,,,,,,
0.2757,6.966775894165039,1.0503550517005108e-05,1.95,79900,,,,,,,,,
0.2267,1.0745569467544556,1.0491092562601222e-05,1.95,79950,,,,,,,,,
0.2615,7.462143421173096,1.0478634608197333e-05,1.95,80000,,,,,,,,,
0.2341,12.062023162841797,1.0466176653793447e-05,1.95,80050,,,,,,,,,
0.2387,19.90658187866211,1.045371869938956e-05,1.95,80100,,,,,,,,,
0.2476,16.209856033325195,1.0441260744985674e-05,1.96,80150,,,,,,,,,
0.2429,25.877899169921875,1.0428802790581787e-05,1.96,80200,,,,,,,,,
0.1992,9.248818397521973,1.0416344836177899e-05,1.96,80250,,,,,,,,,
0.2189,7.342836380004883,1.0403886881774013e-05,1.96,80300,,,,,,,,,
0.2239,19.061071395874023,1.0391428927370126e-05,1.96,80350,,,,,,,,,
0.2527,11.614066123962402,1.037897097296624e-05,1.96,80400,,,,,,,,,
0.2088,4.483438968658447,1.0366513018562353e-05,1.96,80450,,,,,,,,,
0.229,11.135976791381836,1.0354055064158465e-05,1.96,80500,,,,,,,,,
0.2609,6.0205607414245605,1.0341597109754578e-05,1.97,80550,,,,,,,,,
0.281,3.6721832752227783,1.032913915535069e-05,1.97,80600,,,,,,,,,
0.2609,3.9866483211517334,1.0316681200946805e-05,1.97,80650,,,,,,,,,
0.1977,14.403923988342285,1.0304223246542919e-05,1.97,80700,,,,,,,,,
0.2395,16.869056701660156,1.029176529213903e-05,1.97,80750,,,,,,,,,
0.2351,4.155879020690918,1.0279307337735144e-05,1.97,80800,,,,,,,,,
0.2161,20.289464950561523,1.0266849383331256e-05,1.97,80850,,,,,,,,,
0.2481,8.174866676330566,1.0254391428927371e-05,1.97,80900,,,,,,,,,
0.1997,31.84088706970215,1.0241933474523484e-05,1.98,80950,,,,,,,,,
0.217,22.848751068115234,1.0229475520119596e-05,1.98,81000,,,,,,,,,
0.2337,13.643214225769043,1.021701756571571e-05,1.98,81050,,,,,,,,,
0.2807,7.490754127502441,1.0204559611311821e-05,1.98,81100,,,,,,,,,
0.2682,22.44540023803711,1.0192101656907937e-05,1.98,81150,,,,,,,,,
0.2587,14.336727142333984,1.017964370250405e-05,1.98,81200,,,,,,,,,
0.2467,3.2848079204559326,1.0167185748100162e-05,1.98,81250,,,,,,,,,
0.2286,26.07352066040039,1.0154727793696275e-05,1.98,81300,,,,,,,,,
0.2585,9.291452407836914,1.0142269839292387e-05,1.99,81350,,,,,,,,,
0.2151,17.869831085205078,1.01298118848885e-05,1.99,81400,,,,,,,,,
0.2264,5.631968975067139,1.0117353930484616e-05,1.99,81450,,,,,,,,,
0.2073,4.408684253692627,1.0104895976080728e-05,1.99,81500,,,,,,,,,
0.2442,4.585232734680176,1.0092438021676841e-05,1.99,81550,,,,,,,,,
0.2073,6.158417224884033,1.0079980067272953e-05,1.99,81600,,,,,,,,,
0.2256,2.5876071453094482,1.0067522112869066e-05,1.99,81650,,,,,,,,,
,,,1.99,81650,0.451057493686676,406.7219,395.828,24.739,,,,,
0.2238,17.618528366088867,1.0055064158465181e-05,1.99,81700,,,,,,,,,
0.2105,9.574945449829102,1.0042606204061293e-05,2.0,81750,,,,,,,,,
0.2582,2.5803518295288086,1.0030148249657407e-05,2.0,81800,,,,,,,,,
0.2726,1.6370151042938232,1.0017690295253519e-05,2.0,81850,,,,,,,,,
0.2548,7.0840630531311035,1.0005232340849632e-05,2.0,81900,,,,,,,,,
0.1753,9.095120429992676,9.992774386445747e-06,2.0,81950,,,,,,,,,
0.1087,11.733180046081543,9.980316432041859e-06,2.0,82000,,,,,,,,,
0.1409,19.2691593170166,9.967858477637972e-06,2.0,82050,,,,,,,,,
0.152,12.062078475952148,9.955400523234084e-06,2.0,82100,,,,,,,,,
0.1609,5.50026273727417,9.942942568830198e-06,2.01,82150,,,,,,,,,
0.1603,19.061424255371094,9.930484614426313e-06,2.01,82200,,,,,,,,,
0.1539,2.056002616882324,9.918026660022425e-06,2.01,82250,,,,,,,,,
0.1335,31.07335090637207,9.905568705618538e-06,2.01,82300,,,,,,,,,
0.1786,16.3195743560791,9.89311075121465e-06,2.01,82350,,,,,,,,,
0.1666,10.79956340789795,9.880652796810763e-06,2.01,82400,,,,,,,,,
0.166,1.5279568433761597,9.868194842406877e-06,2.01,82450,,,,,,,,,
0.1605,17.080732345581055,9.85573688800299e-06,2.01,82500,,,,,,,,,
0.1416,5.9167070388793945,9.843278933599104e-06,2.02,82550,,,,,,,,,
0.1556,3.0702598094940186,9.830820979195216e-06,2.02,82600,,,,,,,,,
0.1247,12.700119018554688,9.818363024791329e-06,2.02,82650,,,,,,,,,
0.1323,21.368925094604492,9.805905070387443e-06,2.02,82700,,,,,,,,,
0.1327,8.37393856048584,9.793447115983556e-06,2.02,82750,,,,,,,,,
0.1506,6.805022716522217,9.78098916157967e-06,2.02,82800,,,,,,,,,
0.1945,18.195659637451172,9.768531207175781e-06,2.02,82850,,,,,,,,,
0.1377,31.972423553466797,9.756073252771895e-06,2.02,82900,,,,,,,,,
0.1605,11.928462982177734,9.743615298368008e-06,2.03,82950,,,,,,,,,
0.1211,3.0566883087158203,9.731157343964122e-06,2.03,83000,,,,,,,,,
0.154,4.494304180145264,9.718699389560235e-06,2.03,83050,,,,,,,,,
0.1537,24.30355453491211,9.706241435156347e-06,2.03,83100,,,,,,,,,
0.1775,19.557676315307617,9.69378348075246e-06,2.03,83150,,,,,,,,,
0.1302,13.025449752807617,9.681325526348574e-06,2.03,83200,,,,,,,,,
0.1691,6.854714870452881,9.668867571944686e-06,2.03,83250,,,,,,,,,
0.1814,17.556472778320312,9.656409617540801e-06,2.03,83300,,,,,,,,,
0.1171,12.168584823608398,9.643951663136913e-06,2.04,83350,,,,,,,,,
0.1605,3.5160388946533203,9.631493708733026e-06,2.04,83400,,,,,,,,,
0.1662,3.817392110824585,9.61903575432914e-06,2.04,83450,,,,,,,,,
0.1373,4.557428359985352,9.606577799925251e-06,2.04,83500,,,,,,,,,
0.1343,8.354857444763184,9.594119845521367e-06,2.04,83550,,,,,,,,,
0.1468,21.430015563964844,9.581661891117478e-06,2.04,83600,,,,,,,,,
0.1821,2.407949209213257,9.569203936713592e-06,2.04,83650,,,,,,,,,
0.1631,39.047943115234375,9.556745982309705e-06,2.04,83700,,,,,,,,,
0.1281,11.72117805480957,9.544288027905817e-06,2.05,83750,,,,,,,,,
0.1842,18.304615020751953,9.531830073501932e-06,2.05,83800,,,,,,,,,
0.1401,11.953749656677246,9.519372119098044e-06,2.05,83850,,,,,,,,,
0.1492,16.862085342407227,9.506914164694158e-06,2.05,83900,,,,,,,,,
0.2213,1.7455357313156128,9.494456210290271e-06,2.05,83950,,,,,,,,,
0.1107,2.79057240486145,9.481998255886383e-06,2.05,84000,,,,,,,,,
0.1156,9.456254005432129,9.469540301482496e-06,2.05,84050,,,,,,,,,
0.1666,29.81318473815918,9.45708234707861e-06,2.05,84100,,,,,,,,,
0.1388,5.1319756507873535,9.444624392674723e-06,2.06,84150,,,,,,,,,
0.1189,14.871058464050293,9.432166438270837e-06,2.06,84200,,,,,,,,,
0.1995,0.9760535955429077,9.419708483866949e-06,2.06,84250,,,,,,,,,
0.1924,7.67195463180542,9.407250529463062e-06,2.06,84300,,,,,,,,,
0.1642,8.519933700561523,9.394792575059176e-06,2.06,84350,,,,,,,,,
0.1604,0.577085018157959,9.382334620655289e-06,2.06,84400,,,,,,,,,
0.1666,25.748172760009766,9.369876666251402e-06,2.06,84450,,,,,,,,,
0.1646,0.25120458006858826,9.357418711847514e-06,2.06,84500,,,,,,,,,
0.1602,17.74533462524414,9.344960757443628e-06,2.07,84550,,,,,,,,,
0.14,11.596467018127441,9.332502803039741e-06,2.07,84600,,,,,,,,,
0.1204,1.9473973512649536,9.320044848635855e-06,2.07,84650,,,,,,,,,
0.1522,0.2710798382759094,9.307586894231968e-06,2.07,84700,,,,,,,,,
0.1324,0.46660563349723816,9.29512893982808e-06,2.07,84750,,,,,,,,,
0.1031,0.48030221462249756,9.282670985424193e-06,2.07,84800,,,,,,,,,
0.1673,18.128576278686523,9.270213031020305e-06,2.07,84850,,,,,,,,,
0.1552,1.0104353427886963,9.25775507661642e-06,2.07,84900,,,,,,,,,
0.1891,16.99921417236328,9.245297122212534e-06,2.08,84950,,,,,,,,,
0.1519,16.34449005126953,9.232839167808646e-06,2.08,85000,,,,,,,,,
0.15,29.2584285736084,9.220381213404759e-06,2.08,85050,,,,,,,,,
0.1725,0.11399417370557785,9.207923259000871e-06,2.08,85100,,,,,,,,,
0.1491,2.539050579071045,9.195465304596986e-06,2.08,85150,,,,,,,,,
0.1531,13.075268745422363,9.1830073501931e-06,2.08,85200,,,,,,,,,
0.192,25.134912490844727,9.170549395789211e-06,2.08,85250,,,,,,,,,
0.1561,24.3115291595459,9.158091441385325e-06,2.08,85300,,,,,,,,,
0.1295,4.446627140045166,9.145633486981437e-06,2.09,85350,,,,,,,,,
0.1725,14.271777153015137,9.133175532577552e-06,2.09,85400,,,,,,,,,
0.1635,2.540426731109619,9.120717578173665e-06,2.09,85450,,,,,,,,,
0.1413,7.415279388427734,9.108259623769777e-06,2.09,85500,,,,,,,,,
0.1286,13.640883445739746,9.09580166936589e-06,2.09,85550,,,,,,,,,
0.1398,8.902045249938965,9.083343714962002e-06,2.09,85600,,,,,,,,,
0.1543,10.724869728088379,9.070885760558116e-06,2.09,85650,,,,,,,,,
0.1145,17.547346115112305,9.058427806154231e-06,2.09,85700,,,,,,,,,
0.15,12.484341621398926,9.045969851750343e-06,2.1,85750,,,,,,,,,
0.1958,2.933067798614502,9.033511897346456e-06,2.1,85800,,,,,,,,,
0.1505,17.454315185546875,9.021053942942568e-06,2.1,85850,,,,,,,,,
0.141,3.4688801765441895,9.008595988538681e-06,2.1,85900,,,,,,,,,
0.1241,13.411001205444336,8.996138034134797e-06,2.1,85950,,,,,,,,,
0.1918,1.521772027015686,8.983680079730908e-06,2.1,86000,,,,,,,,,
0.1421,29.834272384643555,8.971222125327022e-06,2.1,86050,,,,,,,,,
0.2088,1.193598985671997,8.958764170923134e-06,2.1,86100,,,,,,,,,
0.1972,3.760322332382202,8.946306216519247e-06,2.11,86150,,,,,,,,,
0.1691,2.682804584503174,8.933848262115362e-06,2.11,86200,,,,,,,,,
0.1544,6.102358818054199,8.921390307711474e-06,2.11,86250,,,,,,,,,
0.2081,1.668831467628479,8.908932353307588e-06,2.11,86300,,,,,,,,,
0.2141,10.2470064163208,8.8964743989037e-06,2.11,86350,,,,,,,,,
0.1271,6.245000839233398,8.884016444499813e-06,2.11,86400,,,,,,,,,
0.1459,2.526646614074707,8.871558490095926e-06,2.11,86450,,,,,,,,,
0.1698,3.0653421878814697,8.85910053569204e-06,2.11,86500,,,,,,,,,
0.1617,2.7326221466064453,8.846642581288153e-06,2.12,86550,,,,,,,,,
0.1613,4.384912490844727,8.834184626884265e-06,2.12,86600,,,,,,,,,
0.1521,0.93326735496521,8.821726672480379e-06,2.12,86650,,,,,,,,,
,,,2.12,86650,0.5646570324897766,406.5722,395.974,24.748,,,,,
0.1347,10.6685209274292,8.809268718076492e-06,2.12,86700,,,,,,,,,
0.1214,15.207656860351562,8.796810763672606e-06,2.12,86750,,,,,,,,,
0.1369,6.747359752655029,8.784352809268719e-06,2.12,86800,,,,,,,,,
0.1797,1.9176210165023804,8.77189485486483e-06,2.12,86850,,,,,,,,,
0.133,14.099509239196777,8.759436900460944e-06,2.12,86900,,,,,,,,,
0.1269,2.307358980178833,8.746978946057058e-06,2.13,86950,,,,,,,,,
0.1805,5.9527130126953125,8.734520991653171e-06,2.13,87000,,,,,,,,,
0.1725,12.64432144165039,8.722063037249285e-06,2.13,87050,,,,,,,,,
0.1302,0.08826421201229095,8.709605082845397e-06,2.13,87100,,,,,,,,,
0.1264,19.626893997192383,8.69714712844151e-06,2.13,87150,,,,,,,,,
0.1475,19.09158706665039,8.684689174037623e-06,2.13,87200,,,,,,,,,
0.1208,9.527116775512695,8.672231219633735e-06,2.13,87250,,,,,,,,,
0.1619,12.526510238647461,8.65977326522985e-06,2.13,87300,,,,,,,,,
0.1636,16.40228271484375,8.647315310825962e-06,2.14,87350,,,,,,,,,
0.1252,15.34483528137207,8.634857356422076e-06,2.14,87400,,,,,,,,,
0.1425,42.27128219604492,8.62239940201819e-06,2.14,87450,,,,,,,,,
0.1187,4.7313232421875,8.609941447614301e-06,2.14,87500,,,,,,,,,
0.16,16.67617416381836,8.597483493210416e-06,2.14,87550,,,,,,,,,
0.1563,18.144054412841797,8.585025538806528e-06,2.14,87600,,,,,,,,,
0.172,3.90852952003479,8.572567584402641e-06,2.14,87650,,,,,,,,,
0.1419,5.050012111663818,8.560109629998755e-06,2.14,87700,,,,,,,,,
0.1784,8.843514442443848,8.547651675594867e-06,2.15,87750,,,,,,,,,
0.1475,11.033292770385742,8.535193721190982e-06,2.15,87800,,,,,,,,,
0.1244,7.543455123901367,8.522735766787094e-06,2.15,87850,,,,,,,,,
0.1435,10.624798774719238,8.510277812383207e-06,2.15,87900,,,,,,,,,
0.1673,1.1654244661331177,8.49781985797932e-06,2.15,87950,,,,,,,,,
0.1154,15.571541786193848,8.485361903575432e-06,2.15,88000,,,,,,,,,
0.1263,23.68140411376953,8.472903949171546e-06,2.15,88050,,,,,,,,,
0.1496,7.758004188537598,8.46044599476766e-06,2.15,88100,,,,,,,,,
0.1589,16.688648223876953,8.447988040363773e-06,2.16,88150,,,,,,,,,
0.1577,3.9233553409576416,8.435530085959886e-06,2.16,88200,,,,,,,,,
0.1319,25.45524024963379,8.423072131555998e-06,2.16,88250,,,,,,,,,
0.1504,0.477415531873703,8.410614177152112e-06,2.16,88300,,,,,,,,,
0.1311,10.112112045288086,8.398156222748225e-06,2.16,88350,,,,,,,,,
0.0894,16.010055541992188,8.385698268344338e-06,2.16,88400,,,,,,,,,
0.1834,5.921021461486816,8.373240313940452e-06,2.16,88450,,,,,,,,,
0.1258,14.622659683227539,8.360782359536564e-06,2.16,88500,,,,,,,,,
0.1268,16.104684829711914,8.348324405132677e-06,2.17,88550,,,,,,,,,
0.1618,19.67275047302246,8.33586645072879e-06,2.17,88600,,,,,,,,,
0.1033,3.478764057159424,8.323408496324904e-06,2.17,88650,,,,,,,,,
0.2065,39.167335510253906,8.310950541921018e-06,2.17,88700,,,,,,,,,
0.1294,2.100874662399292,8.29849258751713e-06,2.17,88750,,,,,,,,,
0.1558,8.854464530944824,8.286034633113243e-06,2.17,88800,,,,,,,,,
0.1186,7.811578273773193,8.273576678709355e-06,2.17,88850,,,,,,,,,
0.1398,25.61463737487793,8.26111872430547e-06,2.17,88900,,,,,,,,,
0.1774,7.709287643432617,8.248660769901583e-06,2.18,88950,,,,,,,,,
0.1815,5.135559558868408,8.236202815497695e-06,2.18,89000,,,,,,,,,
0.118,2.358064651489258,8.223744861093809e-06,2.18,89050,,,,,,,,,
0.1505,26.379533767700195,8.21128690668992e-06,2.18,89100,,,,,,,,,
0.1218,3.586061477661133,8.198828952286036e-06,2.18,89150,,,,,,,,,
0.142,17.557844161987305,8.186370997882149e-06,2.18,89200,,,,,,,,,
0.1245,2.866560935974121,8.17391304347826e-06,2.18,89250,,,,,,,,,
0.0984,13.700111389160156,8.161455089074374e-06,2.18,89300,,,,,,,,,
0.1338,21.879426956176758,8.148997134670486e-06,2.19,89350,,,,,,,,,
0.1139,16.825471878051758,8.136539180266601e-06,2.19,89400,,,,,,,,,
0.1611,12.143598556518555,8.124081225862715e-06,2.19,89450,,,,,,,,,
0.1772,9.524361610412598,8.111623271458827e-06,2.19,89500,,,,,,,,,
0.1494,2.0401670932769775,8.09916531705494e-06,2.19,89550,,,,,,,,,
0.1566,34.48406219482422,8.086707362651052e-06,2.19,89600,,,,,,,,,
0.154,3.282707452774048,8.074249408247167e-06,2.19,89650,,,,,,,,,
0.1371,3.078611135482788,8.06179145384328e-06,2.19,89700,,,,,,,,,
0.2024,17.144268035888672,8.049333499439392e-06,2.2,89750,,,,,,,,,
0.162,3.7151105403900146,8.036875545035506e-06,2.2,89800,,,,,,,,,
0.1228,0.43906170129776,8.024417590631617e-06,2.2,89850,,,,,,,,,
0.179,8.677955627441406,8.011959636227731e-06,2.2,89900,,,,,,,,,
0.1696,4.780969142913818,7.999501681823846e-06,2.2,89950,,,,,,,,,
0.1621,1.120644450187683,7.987043727419958e-06,2.2,90000,,,,,,,,,
0.1308,2.0702569484710693,7.974585773016071e-06,2.2,90050,,,,,,,,,
0.1955,16.112760543823242,7.962127818612183e-06,2.2,90100,,,,,,,,,
0.1224,30.305864334106445,7.949669864208297e-06,2.21,90150,,,,,,,,,
0.1318,5.953878402709961,7.937211909804412e-06,2.21,90200,,,,,,,,,
0.2037,0.4373409152030945,7.924753955400524e-06,2.21,90250,,,,,,,,,
0.2008,12.663908004760742,7.912296000996637e-06,2.21,90300,,,,,,,,,
0.1419,0.23986977338790894,7.899838046592749e-06,2.21,90350,,,,,,,,,
0.1308,6.879058361053467,7.887380092188862e-06,2.21,90400,,,,,,,,,
0.1384,3.5141377449035645,7.874922137784978e-06,2.21,90450,,,,,,,,,
0.1944,0.9067873358726501,7.86246418338109e-06,2.21,90500,,,,,,,,,
0.1472,2.9048619270324707,7.850006228977203e-06,2.22,90550,,,,,,,,,
0.2094,5.580482006072998,7.837548274573315e-06,2.22,90600,,,,,,,,,
0.1887,44.374977111816406,7.825090320169428e-06,2.22,90650,,,,,,,,,
0.1199,10.393187522888184,7.812632365765542e-06,2.22,90700,,,,,,,,,
0.1663,22.110979080200195,7.800174411361655e-06,2.22,90750,,,,,,,,,
0.142,0.33881092071533203,7.787716456957769e-06,2.22,90800,,,,,,,,,
0.1338,8.779260635375977,7.77525850255388e-06,2.22,90850,,,,,,,,,
0.1727,5.839131832122803,7.762800548149994e-06,2.22,90900,,,,,,,,,
0.1657,5.644932746887207,7.750342593746107e-06,2.22,90950,,,,,,,,,
0.1915,0.7189957499504089,7.73788463934222e-06,2.23,91000,,,,,,,,,
0.1596,2.176142930984497,7.725426684938334e-06,2.23,91050,,,,,,,,,
0.1504,9.762784957885742,7.712968730534446e-06,2.23,91100,,,,,,,,,
0.1608,0.2235560566186905,7.70051077613056e-06,2.23,91150,,,,,,,,,
0.1301,3.11653733253479,7.688052821726673e-06,2.23,91200,,,,,,,,,
0.1789,1.1033190488815308,7.675594867322786e-06,2.23,91250,,,,,,,,,
0.1278,13.240361213684082,7.6631369129189e-06,2.23,91300,,,,,,,,,
0.137,10.945813179016113,7.650678958515012e-06,2.23,91350,,,,,,,,,
0.1397,4.53727388381958,7.638221004111125e-06,2.24,91400,,,,,,,,,
0.1306,18.584941864013672,7.625763049707238e-06,2.24,91450,,,,,,,,,
0.1643,10.586225509643555,7.6133050953033504e-06,2.24,91500,,,,,,,,,
0.1679,0.7598572373390198,7.600847140899465e-06,2.24,91550,,,,,,,,,
0.134,14.936867713928223,7.588389186495578e-06,2.24,91600,,,,,,,,,
0.1544,22.278106689453125,7.575931232091691e-06,2.24,91650,,,,,,,,,
,,,2.24,91650,0.598247230052948,406.816,395.737,24.734,,,,,
0.2065,1.0287020206451416,7.5634732776878035e-06,2.24,91700,,,,,,,,,
0.1412,0.8182632923126221,7.551015323283916e-06,2.24,91750,,,,,,,,,
0.145,0.17425374686717987,7.5385573688800304e-06,2.25,91800,,,,,,,,,
0.1693,1.5440571308135986,7.526099414476144e-06,2.25,91850,,,,,,,,,
0.1257,2.3052027225494385,7.5136414600722566e-06,2.25,91900,,,,,,,,,
0.1773,0.2591032087802887,7.501183505668369e-06,2.25,91950,,,,,,,,,
0.1701,23.65755844116211,7.488725551264483e-06,2.25,92000,,,,,,,,,
0.1046,2.160776376724243,7.476267596860595e-06,2.25,92050,,,,,,,,,
0.1823,12.749829292297363,7.463809642456709e-06,2.25,92100,,,,,,,,,
0.1719,16.499677658081055,7.451351688052822e-06,2.25,92150,,,,,,,,,
0.1385,1.0910899639129639,7.438893733648935e-06,2.26,92200,,,,,,,,,
0.1315,13.449359893798828,7.426435779245048e-06,2.26,92250,,,,,,,,,
0.1636,18.054832458496094,7.413977824841161e-06,2.26,92300,,,,,,,,,
0.1577,18.910358428955078,7.4015198704372745e-06,2.26,92350,,,,,,,,,
0.1422,4.6282219886779785,7.389061916033388e-06,2.26,92400,,,,,,,,,
0.1537,12.527928352355957,7.376603961629501e-06,2.26,92450,,,,,,,,,
0.1528,41.74673843383789,7.364146007225613e-06,2.26,92500,,,,,,,,,
0.1382,28.10774803161621,7.351688052821727e-06,2.26,92550,,,,,,,,,
0.1248,1.786806344985962,7.33923009841784e-06,2.27,92600,,,,,,,,,
0.1804,4.177473068237305,7.326772144013954e-06,2.27,92650,,,,,,,,,
0.2027,23.20391273498535,7.314314189610066e-06,2.27,92700,,,,,,,,,
0.1524,4.227052211761475,7.301856235206179e-06,2.27,92750,,,,,,,,,
0.1766,14.969109535217285,7.289398280802292e-06,2.27,92800,,,,,,,,,
0.1273,2.6774795055389404,7.276940326398406e-06,2.27,92850,,,,,,,,,
0.1577,1.4398318529129028,7.2644823719945185e-06,2.27,92900,,,,,,,,,
0.1358,10.495837211608887,7.252024417590632e-06,2.27,92950,,,,,,,,,
0.1628,12.32691478729248,7.239566463186745e-06,2.28,93000,,,,,,,,,
0.1603,3.2227256298065186,7.227108508782858e-06,2.28,93050,,,,,,,,,
0.1412,0.6394597291946411,7.2146505543789716e-06,2.28,93100,,,,,,,,,
0.1453,2.7094290256500244,7.202192599975084e-06,2.28,93150,,,,,,,,,
0.123,16.87628173828125,7.189734645571198e-06,2.28,93200,,,,,,,,,
0.2165,12.308784484863281,7.17727669116731e-06,2.28,93250,,,,,,,,,
0.1776,3.124544858932495,7.164818736763423e-06,2.28,93300,,,,,,,,,
0.1414,12.60746955871582,7.152360782359537e-06,2.28,93350,,,,,,,,,
0.1428,3.2089860439300537,7.13990282795565e-06,2.29,93400,,,,,,,,,
0.1549,10.451967239379883,7.127444873551763e-06,2.29,93450,,,,,,,,,
0.1525,1.0636721849441528,7.114986919147876e-06,2.29,93500,,,,,,,,,
0.1745,5.9939775466918945,7.102528964743989e-06,2.29,93550,,,,,,,,,
0.1717,19.281421661376953,7.090071010340103e-06,2.29,93600,,,,,,,,,
0.1339,20.674907684326172,7.077613055936216e-06,2.29,93650,,,,,,,,,
0.1419,15.670968055725098,7.065155101532328e-06,2.29,93700,,,,,,,,,
0.1672,13.9509859085083,7.052697147128442e-06,2.29,93750,,,,,,,,,
0.1821,1.036548137664795,7.040239192724554e-06,2.3,93800,,,,,,,,,
0.1611,16.435455322265625,7.027781238320669e-06,2.3,93850,,,,,,,,,
0.1625,0.11926848441362381,7.015323283916781e-06,2.3,93900,,,,,,,,,
0.1631,21.903640747070312,7.002865329512894e-06,2.3,93950,,,,,,,,,
0.123,2.008678436279297,6.990407375109007e-06,2.3,94000,,,,,,,,,
0.1514,30.541412353515625,6.97794942070512e-06,2.3,94050,,,,,,,,,
0.1711,4.595743179321289,6.9654914663012335e-06,2.3,94100,,,,,,,,,
0.1331,7.75424337387085,6.953033511897347e-06,2.3,94150,,,,,,,,,
0.1553,1.3010733127593994,6.94057555749346e-06,2.31,94200,,,,,,,,,
0.1201,17.39990997314453,6.928117603089573e-06,2.31,94250,,,,,,,,,
0.1418,8.74288272857666,6.915659648685686e-06,2.31,94300,,,,,,,,,
0.1574,11.194109916687012,6.903201694281799e-06,2.31,94350,,,,,,,,,
0.1436,1.9619629383087158,6.890743739877913e-06,2.31,94400,,,,,,,,,
0.157,9.017114639282227,6.878285785474025e-06,2.31,94450,,,,,,,,,
0.1785,6.576826572418213,6.865827831070138e-06,2.31,94500,,,,,,,,,
0.1457,2.964658737182617,6.8533698766662514e-06,2.31,94550,,,,,,,,,
0.1485,17.501970291137695,6.840911922262365e-06,2.32,94600,,,,,,,,,
0.1402,9.818148612976074,6.828453967858478e-06,2.32,94650,,,,,,,,,
0.1143,16.647804260253906,6.815996013454591e-06,2.32,94700,,,,,,,,,
0.1249,2.9157016277313232,6.803538059050704e-06,2.32,94750,,,,,,,,,
0.1575,22.90204620361328,6.791080104646817e-06,2.32,94800,,,,,,,,,
0.1247,0.6176838874816895,6.778622150242931e-06,2.32,94850,,,,,,,,,
0.1881,3.3896255493164062,6.766164195839043e-06,2.32,94900,,,,,,,,,
0.1746,38.24226760864258,6.753706241435157e-06,2.32,94950,,,,,,,,,
0.1311,5.3265228271484375,6.741248287031269e-06,2.33,95000,,,,,,,,,
0.1376,2.5321543216705322,6.728790332627383e-06,2.33,95050,,,,,,,,,
0.1406,15.999427795410156,6.7163323782234955e-06,2.33,95100,,,,,,,,,
0.1812,19.44329833984375,6.703874423819609e-06,2.33,95150,,,,,,,,,
0.1187,1.3469219207763672,6.691416469415722e-06,2.33,95200,,,,,,,,,
0.1547,18.84821128845215,6.678958515011835e-06,2.33,95250,,,,,,,,,
0.1249,12.947677612304688,6.666500560607948e-06,2.33,95300,,,,,,,,,
0.1519,11.00292682647705,6.654042606204061e-06,2.33,95350,,,,,,,,,
0.1869,1.4308958053588867,6.641584651800175e-06,2.34,95400,,,,,,,,,
0.1709,8.045611381530762,6.629126697396288e-06,2.34,95450,,,,,,,,,
0.1434,10.86882209777832,6.616668742992401e-06,2.34,95500,,,,,,,,,
0.1636,10.548030853271484,6.604210788588513e-06,2.34,95550,,,,,,,,,
0.1668,2.1615095138549805,6.591752834184627e-06,2.34,95600,,,,,,,,,
0.1494,2.2722482681274414,6.57929487978074e-06,2.34,95650,,,,,,,,,
0.1341,11.935047149658203,6.566836925376853e-06,2.34,95700,,,,,,,,,
0.1361,51.481754302978516,6.5543789709729665e-06,2.34,95750,,,,,,,,,
0.11,15.749322891235352,6.541921016569079e-06,2.35,95800,,,,,,,,,
0.1292,1.622725486755371,6.5294630621651926e-06,2.35,95850,,,,,,,,,
0.1639,5.141484260559082,6.517005107761306e-06,2.35,95900,,,,,,,,,
0.1387,8.918728828430176,6.504547153357419e-06,2.35,95950,,,,,,,,,
0.1535,21.741201400756836,6.492089198953532e-06,2.35,96000,,,,,,,,,
0.1405,42.327239990234375,6.479631244549645e-06,2.35,96050,,,,,,,,,
0.1718,10.613372802734375,6.467173290145758e-06,2.35,96100,,,,,,,,,
0.1191,16.499431610107422,6.454715335741872e-06,2.35,96150,,,,,,,,,
0.1502,14.873196601867676,6.442257381337984e-06,2.36,96200,,,,,,,,,
0.1402,6.065331935882568,6.429799426934098e-06,2.36,96250,,,,,,,,,
0.1347,12.378536224365234,6.4173414725302105e-06,2.36,96300,,,,,,,,,
0.1819,51.5430793762207,6.404883518126323e-06,2.36,96350,,,,,,,,,
0.1218,18.10845375061035,6.3924255637224374e-06,2.36,96400,,,,,,,,,
0.1853,0.9932917356491089,6.37996760931855e-06,2.36,96450,,,,,,,,,
0.1265,13.560690879821777,6.3675096549146635e-06,2.36,96500,,,,,,,,,
0.1138,14.261974334716797,6.355051700510776e-06,2.36,96550,,,,,,,,,
0.131,16.788158416748047,6.342593746106889e-06,2.37,96600,,,,,,,,,
0.1387,14.728124618530273,6.330135791703003e-06,2.37,96650,,,,,,,,,
,,,2.37,96650,0.608974277973175,406.2404,396.297,24.769,,,,,
0.1398,0.3918227255344391,6.317677837299116e-06,2.37,96700,,,,,,,,,
0.1995,13.196331024169922,6.305219882895228e-06,2.37,96750,,,,,,,,,
0.1393,31.10890007019043,6.292761928491342e-06,2.37,96800,,,,,,,,,
0.1664,0.40849581360816956,6.2803039740874545e-06,2.37,96850,,,,,,,,,
0.1752,15.677558898925781,6.267846019683569e-06,2.37,96900,,,,,,,,,
0.1072,2.737276554107666,6.2553880652796815e-06,2.37,96950,,,,,,,,,
0.2153,23.859920501708984,6.242930110875794e-06,2.38,97000,,,,,,,,,
0.16,0.3983974754810333,6.2304721564719076e-06,2.38,97050,,,,,,,,,
0.1582,18.251075744628906,6.21801420206802e-06,2.38,97100,,,,,,,,,
0.1515,7.558614253997803,6.205556247664134e-06,2.38,97150,,,,,,,,,
0.1634,31.441509246826172,6.193098293260247e-06,2.38,97200,,,,,,,,,
0.143,8.619741439819336,6.18064033885636e-06,2.38,97250,,,,,,,,,
0.1467,27.065156936645508,6.168182384452473e-06,2.38,97300,,,,,,,,,
0.1165,9.61434555053711,6.155724430048586e-06,2.38,97350,,,,,,,,,
0.1951,7.336990833282471,6.143266475644699e-06,2.39,97400,,,,,,,,,
0.1581,6.8799824714660645,6.130808521240813e-06,2.39,97450,,,,,,,,,
0.1624,28.349267959594727,6.1183505668369255e-06,2.39,97500,,,,,,,,,
0.1912,0.22488194704055786,6.105892612433038e-06,2.39,97550,,,,,,,,,
0.1296,7.2500739097595215,6.093434658029152e-06,2.39,97600,,,,,,,,,
0.1601,9.573386192321777,6.080976703625265e-06,2.39,97650,,,,,,,,,
0.1435,17.89480209350586,6.0685187492213786e-06,2.39,97700,,,,,,,,,
0.1359,3.5741074085235596,6.056060794817491e-06,2.39,97750,,,,,,,,,
0.1248,32.21731948852539,6.043602840413604e-06,2.4,97800,,,,,,,,,
0.2191,6.614163875579834,6.031144886009717e-06,2.4,97850,,,,,,,,,
0.1531,2.7566709518432617,6.018686931605831e-06,2.4,97900,,,,,,,,,
0.1266,22.354753494262695,6.006228977201943e-06,2.4,97950,,,,,,,,,
0.1489,11.322548866271973,5.993771022798057e-06,2.4,98000,,,,,,,,,
0.1631,29.613414764404297,5.9813130683941695e-06,2.4,98050,,,,,,,,,
0.141,8.052199363708496,5.968855113990283e-06,2.4,98100,,,,,,,,,
0.161,9.99273681640625,5.9563971595863965e-06,2.4,98150,,,,,,,,,
0.1645,15.785428047180176,5.943939205182509e-06,2.41,98200,,,,,,,,,
0.1446,9.557587623596191,5.931481250778623e-06,2.41,98250,,,,,,,,,
0.1592,17.713163375854492,5.919023296374735e-06,2.41,98300,,,,,,,,,
0.1609,4.941781520843506,5.906565341970848e-06,2.41,98350,,,,,,,,,
0.1676,10.63653564453125,5.894107387566962e-06,2.41,98400,,,,,,,,,
0.1462,53.46885681152344,5.881649433163075e-06,2.41,98450,,,,,,,,,
0.0991,6.3049774169921875,5.869191478759188e-06,2.41,98500,,,,,,,,,
0.149,13.14362621307373,5.856733524355301e-06,2.41,98550,,,,,,,,,
0.1274,30.00093650817871,5.8442755699514136e-06,2.42,98600,,,,,,,,,
0.1564,1.0997161865234375,5.831817615547528e-06,2.42,98650,,,,,,,,,
0.1639,16.180543899536133,5.8193596611436405e-06,2.42,98700,,,,,,,,,
0.1416,15.887024879455566,5.806901706739753e-06,2.42,98750,,,,,,,,,
0.1254,9.547858238220215,5.794443752335867e-06,2.42,98800,,,,,,,,,
0.1376,0.28346318006515503,5.781985797931979e-06,2.42,98850,,,,,,,,,
0.1883,22.291154861450195,5.7695278435280936e-06,2.42,98900,,,,,,,,,
0.1571,6.161381244659424,5.757069889124206e-06,2.42,98950,,,,,,,,,
0.1091,15.821229934692383,5.744611934720319e-06,2.43,99000,,,,,,,,,
0.1228,0.4109335243701935,5.732153980316432e-06,2.43,99050,,,,,,,,,
0.1656,3.645192861557007,5.719696025912545e-06,2.43,99100,,,,,,,,,
0.1257,2.106663227081299,5.7072380715086584e-06,2.43,99150,,,,,,,,,
0.15,5.884925365447998,5.694780117104772e-06,2.43,99200,,,,,,,,,
0.1267,16.828779220581055,5.6823221627008845e-06,2.43,99250,,,,,,,,,
0.1642,27.313488006591797,5.669864208296998e-06,2.43,99300,,,,,,,,,
0.1883,7.834283828735352,5.657406253893111e-06,2.43,99350,,,,,,,,,
0.1112,0.4776466488838196,5.644948299489224e-06,2.44,99400,,,,,,,,,
0.1752,8.024665832519531,5.632490345085338e-06,2.44,99450,,,,,,,,,
0.1571,2.16162109375,5.62003239068145e-06,2.44,99500,,,,,,,,,
0.1517,1.0235981941223145,5.607574436277563e-06,2.44,99550,,,,,,,,,
0.1596,5.316930294036865,5.595116481873676e-06,2.44,99600,,,,,,,,,
0.1577,53.060543060302734,5.58265852746979e-06,2.44,99650,,,,,,,,,
0.1854,12.618228912353516,5.570200573065903e-06,2.44,99700,,,,,,,,,
0.1146,2.563065528869629,5.557742618662016e-06,2.44,99750,,,,,,,,,
0.1658,7.602277755737305,5.5452846642581286e-06,2.45,99800,,,,,,,,,
0.1342,16.005046844482422,5.532826709854242e-06,2.45,99850,,,,,,,,,
0.1477,11.688870429992676,5.5203687554503555e-06,2.45,99900,,,,,,,,,
0.1665,1.6211544275283813,5.507910801046468e-06,2.45,99950,,,,,,,,,
0.1237,31.378541946411133,5.495452846642582e-06,2.45,100000,,,,,,,,,
0.1601,0.21839869022369385,5.482994892238694e-06,2.45,100050,,,,,,,,,
0.1308,19.634445190429688,5.470536937834808e-06,2.45,100100,,,,,,,,,
0.1474,18.60249137878418,5.458078983430921e-06,2.45,100150,,,,,,,,,
0.1627,2.092057704925537,5.445621029027034e-06,2.46,100200,,,,,,,,,
0.1916,9.240401268005371,5.433163074623147e-06,2.46,100250,,,,,,,,,
0.1211,32.364646911621094,5.42070512021926e-06,2.46,100300,,,,,,,,,
0.1637,11.433414459228516,5.408247165815373e-06,2.46,100350,,,,,,,,,
0.112,13.13931941986084,5.395789211411487e-06,2.46,100400,,,,,,,,,
0.146,51.669227600097656,5.3833312570075996e-06,2.46,100450,,,,,,,,,
0.1125,52.57279586791992,5.370873302603713e-06,2.46,100500,,,,,,,,,
0.1268,9.276031494140625,5.358415348199826e-06,2.46,100550,,,,,,,,,
0.181,12.483928680419922,5.345957393795938e-06,2.47,100600,,,,,,,,,
0.1297,19.069686889648438,5.333499439392053e-06,2.47,100650,,,,,,,,,
0.1438,4.96856689453125,5.321041484988165e-06,2.47,100700,,,,,,,,,
0.1475,12.143784523010254,5.308583530584278e-06,2.47,100750,,,,,,,,,
0.1189,36.530094146728516,5.296125576180391e-06,2.47,100800,,,,,,,,,
0.1861,7.93864631652832,5.283667621776504e-06,2.47,100850,,,,,,,,,
0.1496,18.763948440551758,5.2712096673726175e-06,2.47,100900,,,,,,,,,
0.168,7.775393009185791,5.258751712968731e-06,2.47,100950,,,,,,,,,
0.1244,2.005687713623047,5.246293758564844e-06,2.48,101000,,,,,,,,,
0.1373,7.468495845794678,5.233835804160957e-06,2.48,101050,,,,,,,,,
0.1758,4.644234657287598,5.22137784975707e-06,2.48,101100,,,,,,,,,
0.1781,4.795783519744873,5.208919895353183e-06,2.48,101150,,,,,,,,,
0.1346,5.5091753005981445,5.196461940949297e-06,2.48,101200,,,,,,,,,
0.1604,0.08308368176221848,5.184003986545409e-06,2.48,101250,,,,,,,,,
0.1724,0.4669390320777893,5.171546032141523e-06,2.48,101300,,,,,,,,,
0.1463,63.042274475097656,5.159088077737635e-06,2.48,101350,,,,,,,,,
0.1641,4.9672465324401855,5.146630123333748e-06,2.49,101400,,,,,,,,,
0.14,7.661755561828613,5.134172168929862e-06,2.49,101450,,,,,,,,,
0.1662,16.763961791992188,5.121714214525975e-06,2.49,101500,,,,,,,,,
0.1628,13.793850898742676,5.109256260122088e-06,2.49,101550,,,,,,,,,
0.141,2.173741579055786,5.096798305718201e-06,2.49,101600,,,,,,,,,
0.1482,7.675440788269043,5.084340351314314e-06,2.49,101650,,,,,,,,,
,,,2.49,101650,0.5848563313484192,406.3376,396.203,24.763,,,,,
0.1208,0.6340436339378357,5.071882396910428e-06,2.49,101700,,,,,,,,,
0.1876,9.74266242980957,5.059424442506541e-06,2.49,101750,,,,,,,,,
0.1101,21.88862419128418,5.046966488102653e-06,2.5,101800,,,,,,,,,
0.1276,2.66202449798584,5.034508533698767e-06,2.5,101850,,,,,,,,,
0.1539,46.75979232788086,5.022050579294879e-06,2.5,101900,,,,,,,,,
0.1433,25.289318084716797,5.009592624890993e-06,2.5,101950,,,,,,,,,
0.1484,0.23365584015846252,4.997134670487106e-06,2.5,102000,,,,,,,,,
0.1348,0.8932225108146667,4.984676716083219e-06,2.5,102050,,,,,,,,,
0.2029,34.312034606933594,4.9722187616793325e-06,2.5,102100,,,,,,,,,
0.1381,6.952949523925781,4.959760807275445e-06,2.5,102150,,,,,,,,,
0.1536,16.20843505859375,4.947302852871559e-06,2.51,102200,,,,,,,,,
0.1796,17.566408157348633,4.934844898467672e-06,2.51,102250,,,,,,,,,
0.1617,13.817816734313965,4.922386944063785e-06,2.51,102300,,,,,,,,,
0.1062,5.73162317276001,4.909928989659897e-06,2.51,102350,,,,,,,,,
0.1356,7.993401050567627,4.897471035256011e-06,2.51,102400,,,,,,,,,
0.1778,8.854186058044434,4.885013080852124e-06,2.51,102450,,,,,,,,,
0.1541,3.2714762687683105,4.872555126448238e-06,2.51,102500,,,,,,,,,
0.1074,12.83181095123291,4.86009717204435e-06,2.51,102550,,,,,,,,,
0.1334,3.2916760444641113,4.847639217640463e-06,2.52,102600,,,,,,,,,
0.1487,1.8247054815292358,4.8351812632365765e-06,2.52,102650,,,,,,,,,
0.1499,7.700461387634277,4.82272330883269e-06,2.52,102700,,,,,,,,,
0.1225,7.959460258483887,4.810265354428803e-06,2.52,102750,,,,,,,,,
0.1117,1.7781744003295898,4.797807400024916e-06,2.52,102800,,,,,,,,,
0.1266,1.3834375143051147,4.785349445621029e-06,2.52,102850,,,,,,,,,
0.1715,15.046011924743652,4.772891491217142e-06,2.52,102900,,,,,,,,,
0.1521,25.93999671936035,4.760433536813256e-06,2.52,102950,,,,,,,,,
0.1403,12.135738372802734,4.747975582409368e-06,2.53,103000,,,,,,,,,
0.1526,48.36499786376953,4.735517628005482e-06,2.53,103050,,,,,,,,,
0.1547,3.6587421894073486,4.7230596736015944e-06,2.53,103100,,,,,,,,,
0.1038,7.4673991203308105,4.710601719197708e-06,2.53,103150,,,,,,,,,
0.1263,1.2265777587890625,4.698143764793821e-06,2.53,103200,,,,,,,,,
0.1628,27.90491485595703,4.685685810389934e-06,2.53,103250,,,,,,,,,
0.1309,5.222962856292725,4.6732278559860475e-06,2.53,103300,,,,,,,,,
0.0984,2.4542112350463867,4.66076990158216e-06,2.53,103350,,,,,,,,,
0.1442,23.414899826049805,4.648311947178273e-06,2.54,103400,,,,,,,,,
0.1433,2.7450637817382812,4.635853992774387e-06,2.54,103450,,,,,,,,,
0.0951,17.41306495666504,4.6233960383705e-06,2.54,103500,,,,,,,,,
0.1399,17.083311080932617,4.610938083966613e-06,2.54,103550,,,,,,,,,
0.1421,3.572598457336426,4.598480129562726e-06,2.54,103600,,,,,,,,,
0.1358,5.654568195343018,4.5860221751588385e-06,2.54,103650,,,,,,,,,
0.1544,0.35511764883995056,4.573564220754953e-06,2.54,103700,,,,,,,,,
0.1163,20.414867401123047,4.561106266351065e-06,2.54,103750,,,,,,,,,
0.1323,11.189289093017578,4.548648311947178e-06,2.55,103800,,,,,,,,,
0.1565,16.85190773010254,4.5361903575432915e-06,2.55,103850,,,,,,,,,
0.1806,11.097782135009766,4.523732403139404e-06,2.55,103900,,,,,,,,,
0.1319,21.216489791870117,4.5112744487355185e-06,2.55,103950,,,,,,,,,
0.1239,1.8696341514587402,4.498816494331631e-06,2.55,104000,,,,,,,,,
0.16,13.672486305236816,4.486358539927744e-06,2.55,104050,,,,,,,,,
0.1634,1.4123917818069458,4.473900585523857e-06,2.55,104100,,,,,,,,,
0.113,0.5172439813613892,4.46144263111997e-06,2.55,104150,,,,,,,,,
0.1832,0.1488790661096573,4.448984676716083e-06,2.56,104200,,,,,,,,,
0.1434,2.348773717880249,4.436526722312197e-06,2.56,104250,,,,,,,,,
0.1862,8.792064666748047,4.4240687679083094e-06,2.56,104300,,,,,,,,,
0.0833,18.768001556396484,4.411610813504423e-06,2.56,104350,,,,,,,,,
0.1292,8.886563301086426,4.3991528591005356e-06,2.56,104400,,,,,,,,,
0.1645,17.950862884521484,4.386694904696649e-06,2.56,104450,,,,,,,,,
0.1351,88.1095962524414,4.3742369502927625e-06,2.56,104500,,,,,,,,,
0.1363,31.811538696289062,4.361778995888875e-06,2.56,104550,,,,,,,,,
0.141,7.488436698913574,4.349321041484988e-06,2.57,104600,,,,,,,,,
0.1616,1.1351633071899414,4.336863087081101e-06,2.57,104650,,,,,,,,,
0.1632,18.36088752746582,4.324405132677215e-06,2.57,104700,,,,,,,,,
0.1823,2.568871259689331,4.311947178273328e-06,2.57,104750,,,,,,,,,
0.0996,23.54662322998047,4.299489223869441e-06,2.57,104800,,,,,,,,,
0.1525,16.360944747924805,4.2870312694655535e-06,2.57,104850,,,,,,,,,
0.129,23.361230850219727,4.274573315061667e-06,2.57,104900,,,,,,,,,
0.175,19.69110679626465,4.2621153606577804e-06,2.57,104950,,,,,,,,,
0.1541,9.867862701416016,4.249657406253893e-06,2.58,105000,,,,,,,,,
0.175,19.01214027404785,4.2371994518500065e-06,2.58,105050,,,,,,,,,
0.1387,7.182590007781982,4.224741497446119e-06,2.58,105100,,,,,,,,,
0.1154,21.353269577026367,4.212283543042233e-06,2.58,105150,,,,,,,,,
0.1802,29.733840942382812,4.199825588638346e-06,2.58,105200,,,,,,,,,
0.151,3.9444336891174316,4.187367634234459e-06,2.58,105250,,,,,,,,,
0.1435,24.231050491333008,4.174909679830572e-06,2.58,105300,,,,,,,,,
0.1209,10.15719985961914,4.162451725426685e-06,2.58,105350,,,,,,,,,
0.1532,0.4287286698818207,4.1499937710227975e-06,2.59,105400,,,,,,,,,
0.1902,0.14833742380142212,4.137535816618912e-06,2.59,105450,,,,,,,,,
0.1052,39.155460357666016,4.1250778622150245e-06,2.59,105500,,,,,,,,,
0.1513,1.2575114965438843,4.112619907811138e-06,2.59,105550,,,,,,,,,
0.1044,36.55884552001953,4.1001619534072506e-06,2.59,105600,,,,,,,,,
0.1267,1.6345683336257935,4.087703999003363e-06,2.59,105650,,,,,,,,,
0.1478,22.341121673583984,4.0752460445994775e-06,2.59,105700,,,,,,,,,
0.1692,0.3204583525657654,4.06278809019559e-06,2.59,105750,,,,,,,,,
0.1994,13.00136661529541,4.050330135791703e-06,2.59,105800,,,,,,,,,
0.1054,9.726489067077637,4.037872181387816e-06,2.6,105850,,,,,,,,,
0.1135,0.4606918394565582,4.025414226983929e-06,2.6,105900,,,,,,,,,
0.1362,45.22543716430664,4.012956272580043e-06,2.6,105950,,,,,,,,,
0.1372,0.19928836822509766,4.000498318176156e-06,2.6,106000,,,,,,,,,
0.1218,0.8600229620933533,3.9880403637722685e-06,2.6,106050,,,,,,,,,
0.1653,0.09262659400701523,3.975582409368382e-06,2.6,106100,,,,,,,,,
0.1037,2.173264980316162,3.963124454964495e-06,2.6,106150,,,,,,,,,
0.1356,1.1655335426330566,3.950666500560608e-06,2.6,106200,,,,,,,,,
0.182,2.1046152114868164,3.9382085461567216e-06,2.61,106250,,,,,,,,,
0.1555,7.188432216644287,3.925750591752834e-06,2.61,106300,,,,,,,,,
0.1759,24.714326858520508,3.913292637348948e-06,2.61,106350,,,,,,,,,
0.1746,10.973798751831055,3.90083468294506e-06,2.61,106400,,,,,,,,,
0.1369,1.209127426147461,3.888376728541174e-06,2.61,106450,,,,,,,,,
0.1096,7.163354873657227,3.875918774137287e-06,2.61,106500,,,,,,,,,
0.1381,79.86658477783203,3.8634608197334e-06,2.61,106550,,,,,,,,,
0.1474,23.306379318237305,3.8510028653295125e-06,2.61,106600,,,,,,,,,
0.1338,24.157855987548828,3.838544910925626e-06,2.62,106650,,,,,,,,,
,,,2.62,106650,0.592684268951416,406.0301,396.503,24.781,,,,,
0.1424,12.273032188415527,3.8260869565217395e-06,2.62,106700,,,,,,,,,
0.1579,2.253769636154175,3.8136290021178525e-06,2.62,106750,,,,,,,,,
0.1269,50.63028335571289,3.8011710477139656e-06,2.62,106800,,,,,,,,,
0.1199,5.00944185256958,3.7887130933100782e-06,2.62,106850,,,,,,,,,
0.1508,2.205080032348633,3.776255138906192e-06,2.62,106900,,,,,,,,,
0.1655,21.624122619628906,3.7637971845023047e-06,2.62,106950,,,,,,,,,
0.1516,1.2834875583648682,3.7513392300984174e-06,2.62,107000,,,,,,,,,
0.1385,0.41473332047462463,3.7388812756945313e-06,2.63,107050,,,,,,,,,
0.138,14.44687557220459,3.726423321290644e-06,2.63,107100,,,,,,,,,
0.1549,8.946197509765625,3.7139653668867574e-06,2.63,107150,,,,,,,,,
0.1252,7.578741550445557,3.7015074124828704e-06,2.63,107200,,,,,,,,,
0.1271,5.600485324859619,3.6890494580789835e-06,2.63,107250,,,,,,,,,
0.158,5.929174423217773,3.6765915036750966e-06,2.63,107300,,,,,,,,,
0.1456,34.119171142578125,3.6641335492712096e-06,2.63,107350,,,,,,,,,
0.1313,49.16008377075195,3.651675594867323e-06,2.63,107400,,,,,,,,,
0.1621,32.945560455322266,3.639217640463436e-06,2.64,107450,,,,,,,,,
0.1483,1.4683040380477905,3.6267596860595488e-06,2.64,107500,,,,,,,,,
0.1566,0.849726676940918,3.6143017316556623e-06,2.64,107550,,,,,,,,,
0.1422,8.465999603271484,3.6018437772517753e-06,2.64,107600,,,,,,,,,
0.1115,2.636216163635254,3.589385822847889e-06,2.64,107650,,,,,,,,,
0.1038,18.01870346069336,3.5769278684440014e-06,2.64,107700,,,,,,,,,
0.1954,0.6355811953544617,3.5644699140401145e-06,2.64,107750,,,,,,,,,
0.1803,24.38104248046875,3.552011959636228e-06,2.64,107800,,,,,,,,,
0.1298,0.14083923399448395,3.539554005232341e-06,2.65,107850,,,,,,,,,
0.176,7.176072597503662,3.527096050828454e-06,2.65,107900,,,,,,,,,
0.1149,8.548498153686523,3.514638096424567e-06,2.65,107950,,,,,,,,,
0.1156,7.872990131378174,3.50218014202068e-06,2.65,108000,,,,,,,,,
0.1213,8.196353912353516,3.4897221876167937e-06,2.65,108050,,,,,,,,,
0.1476,0.1332845538854599,3.4772642332129063e-06,2.65,108100,,,,,,,,,
0.1338,20.747638702392578,3.4648062788090198e-06,2.65,108150,,,,,,,,,
0.1563,16.644817352294922,3.452348324405133e-06,2.65,108200,,,,,,,,,
0.1357,0.11947023868560791,3.439890370001246e-06,2.66,108250,,,,,,,,,
0.1086,27.72051239013672,3.427432415597359e-06,2.66,108300,,,,,,,,,
0.1744,5.3815016746521,3.414974461193472e-06,2.66,108350,,,,,,,,,
0.1023,0.29595908522605896,3.4025165067895855e-06,2.66,108400,,,,,,,,,
0.1668,1.2285741567611694,3.3900585523856985e-06,2.66,108450,,,,,,,,,
0.127,0.8606860041618347,3.377600597981811e-06,2.66,108500,,,,,,,,,
0.145,10.116209030151367,3.3651426435779246e-06,2.66,108550,,,,,,,,,
0.1272,16.57046890258789,3.3526846891740377e-06,2.66,108600,,,,,,,,,
0.1916,0.6990178227424622,3.3402267347701507e-06,2.67,108650,,,,,,,,,
0.1108,8.935587882995605,3.327768780366264e-06,2.67,108700,,,,,,,,,
0.1229,0.12036111950874329,3.315310825962377e-06,2.67,108750,,,,,,,,,
0.1373,1.051781177520752,3.3028528715584903e-06,2.67,108800,,,,,,,,,
0.1235,9.383199691772461,3.2903949171546034e-06,2.67,108850,,,,,,,,,
0.1296,1.4545387029647827,3.277936962750716e-06,2.67,108900,,,,,,,,,
0.1442,2.796844005584717,3.2654790083468295e-06,2.67,108950,,,,,,,,,
0.134,0.05865717679262161,3.2530210539429425e-06,2.67,109000,,,,,,,,,
0.0934,5.672352313995361,3.240563099539056e-06,2.68,109050,,,,,,,,,
0.1835,2.5587005615234375,3.2281051451351687e-06,2.68,109100,,,,,,,,,
0.185,8.750105857849121,3.2156471907312817e-06,2.68,109150,,,,,,,,,
0.1132,0.7058877944946289,3.203189236327395e-06,2.68,109200,,,,,,,,,
0.1313,9.939291000366211,3.1907312819235082e-06,2.68,109250,,,,,,,,,
0.175,29.98070526123047,3.1782733275196213e-06,2.68,109300,,,,,,,,,
0.1334,12.204116821289062,3.1658153731157344e-06,2.68,109350,,,,,,,,,
0.1355,10.76016902923584,3.1533574187118474e-06,2.68,109400,,,,,,,,,
0.1098,9.291894912719727,3.140899464307961e-06,2.69,109450,,,,,,,,,
0.1005,29.214271545410156,3.1284415099040735e-06,2.69,109500,,,,,,,,,
0.1736,4.311770439147949,3.115983555500187e-06,2.69,109550,,,,,,,,,
0.1419,0.08034419268369675,3.1035256010963e-06,2.69,109600,,,,,,,,,
0.1182,0.6817171573638916,3.091067646692413e-06,2.69,109650,,,,,,,,,
0.1638,49.30185317993164,3.078609692288526e-06,2.69,109700,,,,,,,,,
0.1359,3.8295624256134033,3.0661517378846392e-06,2.69,109750,,,,,,,,,
0.1818,6.861276149749756,3.0536937834807527e-06,2.69,109800,,,,,,,,,
0.1353,48.75514221191406,3.0412358290768657e-06,2.7,109850,,,,,,,,,
0.1617,24.336837768554688,3.028777874672979e-06,2.7,109900,,,,,,,,,
0.1367,11.276947021484375,3.016319920269092e-06,2.7,109950,,,,,,,,,
0.1771,27.27737808227539,3.003861965865205e-06,2.7,110000,,,,,,,,,
0.1586,19.27553367614746,2.9914040114613184e-06,2.7,110050,,,,,,,,,
0.1489,0.13906432688236237,2.9789460570574314e-06,2.7,110100,,,,,,,,,
0.1013,21.301401138305664,2.966488102653544e-06,2.7,110150,,,,,,,,,
0.1641,3.1392807960510254,2.9540301482496576e-06,2.7,110200,,,,,,,,,
0.1023,0.05455978587269783,2.9415721938457706e-06,2.71,110250,,,,,,,,,
0.114,0.4513050317764282,2.929114239441884e-06,2.71,110300,,,,,,,,,
0.1276,0.7880712151527405,2.9166562850379967e-06,2.71,110350,,,,,,,,,
0.1152,64.2119369506836,2.9041983306341098e-06,2.71,110400,,,,,,,,,
0.1309,0.37067481875419617,2.8917403762302233e-06,2.71,110450,,,,,,,,,
0.1041,0.5577951073646545,2.8792824218263363e-06,2.71,110500,,,,,,,,,
0.1551,7.363591194152832,2.8668244674224494e-06,2.71,110550,,,,,,,,,
0.1513,5.94918966293335,2.8543665130185624e-06,2.71,110600,,,,,,,,,
0.1115,16.156644821166992,2.8419085586146755e-06,2.72,110650,,,,,,,,,
0.1698,0.23816156387329102,2.829450604210789e-06,2.72,110700,,,,,,,,,
0.1382,7.685248851776123,2.8169926498069016e-06,2.72,110750,,,,,,,,,
0.102,6.700745582580566,2.804534695403015e-06,2.72,110800,,,,,,,,,
0.1433,0.4054373502731323,2.792076740999128e-06,2.72,110850,,,,,,,,,
0.143,21.560258865356445,2.779618786595241e-06,2.72,110900,,,,,,,,,
0.1281,19.525283813476562,2.7671608321913542e-06,2.72,110950,,,,,,,,,
0.1204,14.747454643249512,2.7547028777874673e-06,2.72,111000,,,,,,,,,
0.1605,0.29166266322135925,2.7422449233835808e-06,2.73,111050,,,,,,,,,
0.1051,0.5323732495307922,2.729786968979694e-06,2.73,111100,,,,,,,,,
0.1262,19.484933853149414,2.7173290145758065e-06,2.73,111150,,,,,,,,,
0.1219,25.007312774658203,2.70487106017192e-06,2.73,111200,,,,,,,,,
0.1655,0.7289489507675171,2.692413105768033e-06,2.73,111250,,,,,,,,,
0.1826,2.277893304824829,2.6799551513641465e-06,2.73,111300,,,,,,,,,
0.1094,12.972532272338867,2.667497196960259e-06,2.73,111350,,,,,,,,,
0.152,1.8158502578735352,2.655039242556372e-06,2.73,111400,,,,,,,,,
0.1498,4.1529622077941895,2.6425812881524856e-06,2.74,111450,,,,,,,,,
0.1486,0.3916293680667877,2.6301233337485987e-06,2.74,111500,,,,,,,,,
0.1104,0.37031275033950806,2.6176653793447117e-06,2.74,111550,,,,,,,,,
0.1182,7.5438714027404785,2.605207424940825e-06,2.74,111600,,,,,,,,,
0.2043,29.397809982299805,2.592749470536938e-06,2.74,111650,,,,,,,,,
,,,2.74,111650,0.6119896769523621,406.1516,396.384,24.774,,,,,
0.1947,7.218643665313721,2.5802915161330513e-06,2.74,111700,,,,,,,,,
0.1329,0.36692219972610474,2.567833561729164e-06,2.74,111750,,,,,,,,,
0.093,1.4507436752319336,2.5553756073252774e-06,2.74,111800,,,,,,,,,
0.1558,17.050891876220703,2.5429176529213905e-06,2.75,111850,,,,,,,,,
0.1058,17.239675521850586,2.5304596985175035e-06,2.75,111900,,,,,,,,,
0.1752,0.9302904605865479,2.5180017441136166e-06,2.75,111950,,,,,,,,,
0.1258,0.19039662182331085,2.5055437897097297e-06,2.75,112000,,,,,,,,,
0.1794,1.5129293203353882,2.4930858353058427e-06,2.75,112050,,,,,,,,,
0.1245,5.719961166381836,2.480627880901956e-06,2.75,112100,,,,,,,,,
0.1347,4.049994468688965,2.468169926498069e-06,2.75,112150,,,,,,,,,
0.1402,39.126739501953125,2.4557119720941823e-06,2.75,112200,,,,,,,,,
0.1307,0.7977160215377808,2.4432540176902954e-06,2.76,112250,,,,,,,,,
0.188,0.8022866249084473,2.4307960632864084e-06,2.76,112300,,,,,,,,,
0.1428,0.7742080092430115,2.4183381088825215e-06,2.76,112350,,,,,,,,,
0.1857,4.287891387939453,2.4058801544786345e-06,2.76,112400,,,,,,,,,
0.1193,1.0885456800460815,2.393422200074748e-06,2.76,112450,,,,,,,,,
0.1307,0.3202705383300781,2.380964245670861e-06,2.76,112500,,,,,,,,,
0.1266,8.042911529541016,2.3685062912669737e-06,2.76,112550,,,,,,,,,
0.1568,20.255956649780273,2.356048336863087e-06,2.76,112600,,,,,,,,,
0.1375,11.740690231323242,2.3435903824592002e-06,2.77,112650,,,,,,,,,
0.159,15.143232345581055,2.3311324280553137e-06,2.77,112700,,,,,,,,,
0.1923,5.7486186027526855,2.3186744736514263e-06,2.77,112750,,,,,,,,,
0.1268,9.316383361816406,2.3062165192475394e-06,2.77,112800,,,,,,,,,
0.1189,1.604435920715332,2.293758564843653e-06,2.77,112850,,,,,,,,,
0.1509,26.75594711303711,2.281300610439766e-06,2.77,112900,,,,,,,,,
0.1297,9.476072311401367,2.268842656035879e-06,2.77,112950,,,,,,,,,
0.1175,9.039754867553711,2.256384701631992e-06,2.77,113000,,,,,,,,,
0.1119,0.8098145127296448,2.243926747228105e-06,2.78,113050,,,,,,,,,
0.1972,32.683773040771484,2.2314687928242186e-06,2.78,113100,,,,,,,,,
0.1459,18.532690048217773,2.219010838420331e-06,2.78,113150,,,,,,,,,
0.1635,32.01759719848633,2.2065528840164447e-06,2.78,113200,,,,,,,,,
0.108,3.6111013889312744,2.1940949296125577e-06,2.78,113250,,,,,,,,,
0.1703,21.89324951171875,2.1816369752086708e-06,2.78,113300,,,,,,,,,
0.1233,0.46061503887176514,2.169179020804784e-06,2.78,113350,,,,,,,,,
0.1356,0.5480099320411682,2.156721066400897e-06,2.78,113400,,,,,,,,,
0.0979,3.336214542388916,2.1442631119970104e-06,2.79,113450,,,,,,,,,
0.1509,13.309897422790527,2.1318051575931234e-06,2.79,113500,,,,,,,,,
0.1644,6.839898586273193,2.119347203189236e-06,2.79,113550,,,,,,,,,
0.1363,0.49950695037841797,2.1068892487853495e-06,2.79,113600,,,,,,,,,
0.1512,23.096952438354492,2.0944312943814626e-06,2.79,113650,,,,,,,,,
0.1345,12.535111427307129,2.081973339977576e-06,2.79,113700,,,,,,,,,
0.1074,12.146937370300293,2.0695153855736887e-06,2.79,113750,,,,,,,,,
0.1619,5.9523491859436035,2.0570574311698018e-06,2.79,113800,,,,,,,,,
0.1188,3.3526499271392822,2.0445994767659152e-06,2.8,113850,,,,,,,,,
0.1576,19.39780044555664,2.0321415223620283e-06,2.8,113900,,,,,,,,,
0.141,1.8272227048873901,2.0196835679581413e-06,2.8,113950,,,,,,,,,
0.1062,0.9005813598632812,2.0072256135542544e-06,2.8,114000,,,,,,,,,
0.1299,5.54202127456665,1.9947676591503675e-06,2.8,114050,,,,,,,,,
0.1656,10.5369873046875,1.982309704746481e-06,2.8,114100,,,,,,,,,
0.0938,1.055558443069458,1.9698517503425936e-06,2.8,114150,,,,,,,,,
0.1145,15.16086196899414,1.957393795938707e-06,2.8,114200,,,,,,,,,
0.15,22.390161514282227,1.94493584153482e-06,2.81,114250,,,,,,,,,
0.0824,0.6163903474807739,1.932477887130933e-06,2.81,114300,,,,,,,,,
0.1253,0.6458460688591003,1.920019932727046e-06,2.81,114350,,,,,,,,,
0.1271,21.556833267211914,1.9075619783231593e-06,2.81,114400,,,,,,,,,
0.1773,12.8204984664917,1.8951040239192725e-06,2.81,114450,,,,,,,,,
0.1445,0.09557334333658218,1.8826460695153858e-06,2.81,114500,,,,,,,,,
0.1211,0.7328624725341797,1.8701881151114988e-06,2.81,114550,,,,,,,,,
0.1532,0.6575246453285217,1.8577301607076117e-06,2.81,114600,,,,,,,,,
0.0949,6.231464862823486,1.845272206303725e-06,2.82,114650,,,,,,,,,
0.1355,4.729743480682373,1.832814251899838e-06,2.82,114700,,,,,,,,,
0.0814,0.8153360486030579,1.8203562974959513e-06,2.82,114750,,,,,,,,,
0.2234,15.303571701049805,1.8078983430920643e-06,2.82,114800,,,,,,,,,
0.1825,24.639312744140625,1.7954403886881774e-06,2.82,114850,,,,,,,,,
0.1175,0.0756382867693901,1.7829824342842904e-06,2.82,114900,,,,,,,,,
0.1518,18.585092544555664,1.7705244798804037e-06,2.82,114950,,,,,,,,,
0.1711,9.157429695129395,1.7580665254765168e-06,2.82,115000,,,,,,,,,
0.1131,27.763689041137695,1.74560857107263e-06,2.83,115050,,,,,,,,,
0.1222,1.0015621185302734,1.7331506166687429e-06,2.83,115100,,,,,,,,,
0.1249,6.222301006317139,1.7206926622648561e-06,2.83,115150,,,,,,,,,
0.1363,6.850584030151367,1.7082347078609692e-06,2.83,115200,,,,,,,,,
0.1204,20.495452880859375,1.6957767534570825e-06,2.83,115250,,,,,,,,,
0.1992,0.7815807461738586,1.6833187990531955e-06,2.83,115300,,,,,,,,,
0.1141,9.604612350463867,1.6708608446493086e-06,2.83,115350,,,,,,,,,
0.1099,9.075540542602539,1.6584028902454216e-06,2.83,115400,,,,,,,,,
0.1135,9.591876983642578,1.645944935841535e-06,2.84,115450,,,,,,,,,
0.1046,4.136606216430664,1.633486981437648e-06,2.84,115500,,,,,,,,,
0.1362,16.112306594848633,1.6210290270337612e-06,2.84,115550,,,,,,,,,
0.1553,4.429612159729004,1.608571072629874e-06,2.84,115600,,,,,,,,,
0.1515,18.266324996948242,1.5961131182259873e-06,2.84,115650,,,,,,,,,
0.0909,15.07231616973877,1.5836551638221004e-06,2.84,115700,,,,,,,,,
0.1531,5.313540458679199,1.5711972094182137e-06,2.84,115750,,,,,,,,,
0.1144,0.21950086951255798,1.5587392550143265e-06,2.84,115800,,,,,,,,,
0.1829,25.52076530456543,1.5462813006104398e-06,2.85,115850,,,,,,,,,
0.1505,1.7279971837997437,1.5338233462065528e-06,2.85,115900,,,,,,,,,
0.113,3.2799384593963623,1.521365391802666e-06,2.85,115950,,,,,,,,,
0.1321,12.846352577209473,1.5089074373987791e-06,2.85,116000,,,,,,,,,
0.1366,0.20737560093402863,1.4964494829948922e-06,2.85,116050,,,,,,,,,
0.1363,28.91196632385254,1.4839915285910052e-06,2.85,116100,,,,,,,,,
0.1181,5.7542524337768555,1.4715335741871185e-06,2.85,116150,,,,,,,,,
0.1822,15.14413833618164,1.4590756197832316e-06,2.85,116200,,,,,,,,,
0.1177,0.1961326003074646,1.4466176653793448e-06,2.86,116250,,,,,,,,,
0.136,0.9283371567726135,1.4341597109754577e-06,2.86,116300,,,,,,,,,
0.1876,15.715670585632324,1.421701756571571e-06,2.86,116350,,,,,,,,,
0.1506,5.080471515655518,1.409243802167684e-06,2.86,116400,,,,,,,,,
0.1348,0.4396657943725586,1.3967858477637973e-06,2.86,116450,,,,,,,,,
0.1427,43.39572525024414,1.3843278933599103e-06,2.86,116500,,,,,,,,,
0.1204,4.476132392883301,1.3718699389560234e-06,2.86,116550,,,,,,,,,
0.1568,15.370636940002441,1.3594119845521364e-06,2.86,116600,,,,,,,,,
0.1559,29.3233642578125,1.3469540301482497e-06,2.87,116650,,,,,,,,,
,,,2.87,116650,0.6131913661956787,406.2011,396.336,24.771,,,,,
0.154,0.7989052534103394,1.3344960757443628e-06,2.87,116700,,,,,,,,,
0.1198,7.748142719268799,1.322038121340476e-06,2.87,116750,,,,,,,,,
0.1108,11.77588176727295,1.309580166936589e-06,2.87,116800,,,,,,,,,
0.1294,6.429750919342041,1.2971222125327021e-06,2.87,116850,,,,,,,,,
0.1113,6.939537048339844,1.2846642581288154e-06,2.87,116900,,,,,,,,,
0.1472,10.425187110900879,1.2722063037249285e-06,2.87,116950,,,,,,,,,
0.1303,19.446950912475586,1.2597483493210417e-06,2.87,117000,,,,,,,,,
0.1672,56.17239761352539,1.2472903949171546e-06,2.88,117050,,,,,,,,,
0.1003,5.839023590087891,1.2348324405132678e-06,2.88,117100,,,,,,,,,
0.1842,0.7210330963134766,1.2223744861093809e-06,2.88,117150,,,,,,,,,
0.1277,20.172182083129883,1.2099165317054942e-06,2.88,117200,,,,,,,,,
0.1375,2.68135404586792,1.197458577301607e-06,2.88,117250,,,,,,,,,
0.1274,6.043002128601074,1.1850006228977203e-06,2.88,117300,,,,,,,,,
0.0989,0.34224259853363037,1.1725426684938333e-06,2.88,117350,,,,,,,,,
0.1411,4.365716457366943,1.1600847140899466e-06,2.88,117400,,,,,,,,,
0.1258,4.088863372802734,1.1476267596860596e-06,2.89,117450,,,,,,,,,
0.125,0.7595357298851013,1.1351688052821727e-06,2.89,117500,,,,,,,,,
0.1132,0.11012079566717148,1.1227108508782857e-06,2.89,117550,,,,,,,,,
0.1826,12.903596878051758,1.110252896474399e-06,2.89,117600,,,,,,,,,
0.15,15.668137550354004,1.097794942070512e-06,2.89,117650,,,,,,,,,
0.1544,1.064111590385437,1.0853369876666253e-06,2.89,117700,,,,,,,,,
0.1211,2.581071615219116,1.0728790332627382e-06,2.89,117750,,,,,,,,,
0.1588,6.321796894073486,1.0604210788588514e-06,2.89,117800,,,,,,,,,
0.1342,1.5316119194030762,1.0479631244549645e-06,2.9,117850,,,,,,,,,
0.2073,25.355491638183594,1.0355051700510778e-06,2.9,117900,,,,,,,,,
0.1248,15.314334869384766,1.0230472156471908e-06,2.9,117950,,,,,,,,,
0.0936,0.053406454622745514,1.0105892612433039e-06,2.9,118000,,,,,,,,,
0.1625,1.6394672393798828,9.98131306839417e-07,2.9,118050,,,,,,,,,
0.131,8.885489463806152,9.856733524355302e-07,2.9,118100,,,,,,,,,
0.1162,2.6654765605926514,9.732153980316433e-07,2.9,118150,,,,,,,,,
0.1331,14.522547721862793,9.607574436277565e-07,2.9,118200,,,,,,,,,
0.1793,0.3944179117679596,9.482994892238695e-07,2.91,118250,,,,,,,,,
0.16,27.433704376220703,9.358415348199825e-07,2.91,118300,,,,,,,,,
0.1879,18.26492691040039,9.233835804160957e-07,2.91,118350,,,,,,,,,
0.1405,1.3981986045837402,9.109256260122087e-07,2.91,118400,,,,,,,,,
0.1417,23.433361053466797,8.984676716083219e-07,2.91,118450,,,,,,,,,
0.1246,3.6709249019622803,8.860097172044351e-07,2.91,118500,,,,,,,,,
0.2048,1.0007426738739014,8.735517628005481e-07,2.91,118550,,,,,,,,,
0.1957,48.397796630859375,8.610938083966613e-07,2.91,118600,,,,,,,,,
0.137,15.810262680053711,8.486358539927743e-07,2.92,118650,,,,,,,,,
0.1582,4.591291427612305,8.361778995888875e-07,2.92,118700,,,,,,,,,
0.1374,15.110451698303223,8.237199451850007e-07,2.92,118750,,,,,,,,,
0.1529,13.312464714050293,8.112619907811137e-07,2.92,118800,,,,,,,,,
0.1477,0.669116199016571,7.988040363772269e-07,2.92,118850,,,,,,,,,
0.1544,7.092024803161621,7.863460819733399e-07,2.92,118900,,,,,,,,,
0.1329,18.722105026245117,7.738881275694531e-07,2.92,118950,,,,,,,,,
0.1111,1.6872174739837646,7.614301731655662e-07,2.92,119000,,,,,,,,,
0.1409,2.488454580307007,7.489722187616793e-07,2.93,119050,,,,,,,,,
0.1192,2.224198579788208,7.365142643577925e-07,2.93,119100,,,,,,,,,
0.1778,2.6206369400024414,7.240563099539055e-07,2.93,119150,,,,,,,,,
0.1844,19.601318359375,7.115983555500187e-07,2.93,119200,,,,,,,,,
0.1493,24.66510581970215,6.991404011461317e-07,2.93,119250,,,,,,,,,
0.1381,3.331416606903076,6.866824467422449e-07,2.93,119300,,,,,,,,,
0.1588,16.71895980834961,6.742244923383581e-07,2.93,119350,,,,,,,,,
0.1091,7.6099371910095215,6.617665379344711e-07,2.93,119400,,,,,,,,,
0.1637,18.829631805419922,6.493085835305843e-07,2.94,119450,,,,,,,,,
0.1354,3.651994466781616,6.368506291266973e-07,2.94,119500,,,,,,,,,
0.1601,8.59579086303711,6.243926747228105e-07,2.94,119550,,,,,,,,,
0.1768,3.344700574874878,6.119347203189237e-07,2.94,119600,,,,,,,,,
0.137,1.847605586051941,5.994767659150367e-07,2.94,119650,,,,,,,,,
0.1604,4.596427917480469,5.870188115111499e-07,2.94,119700,,,,,,,,,
0.1377,6.522511959075928,5.745608571072629e-07,2.94,119750,,,,,,,,,
0.1725,10.842491149902344,5.621029027033761e-07,2.94,119800,,,,,,,,,
0.1315,2.6753435134887695,5.496449482994892e-07,2.95,119850,,,,,,,,,
0.1045,1.0844340324401855,5.371869938956023e-07,2.95,119900,,,,,,,,,
0.1531,3.682042121887207,5.247290394917155e-07,2.95,119950,,,,,,,,,
0.1357,11.104379653930664,5.122710850878285e-07,2.95,120000,,,,,,,,,
0.1371,3.498384714126587,4.998131306839417e-07,2.95,120050,,,,,,,,,
0.1483,1.4786807298660278,4.873551762800547e-07,2.95,120100,,,,,,,,,
0.1338,6.517707824707031,4.748972218761679e-07,2.95,120150,,,,,,,,,
0.1356,1.6483139991760254,4.6243926747228105e-07,2.95,120200,,,,,,,,,
0.1008,7.986121654510498,4.4998131306839416e-07,2.96,120250,,,,,,,,,
0.1266,2.4258177280426025,4.375233586645073e-07,2.96,120300,,,,,,,,,
0.15,41.162986755371094,4.2506540426062043e-07,2.96,120350,,,,,,,,,
0.1428,24.891395568847656,4.1260744985673354e-07,2.96,120400,,,,,,,,,
0.1824,1.0727014541625977,4.0014949545284664e-07,2.96,120450,,,,,,,,,
0.1582,19.782310485839844,3.8769154104895975e-07,2.96,120500,,,,,,,,,
0.1624,7.2217698097229,3.7523358664507286e-07,2.96,120550,,,,,,,,,
0.1638,31.968341827392578,3.62775632241186e-07,2.96,120600,,,,,,,,,
0.1047,7.570052146911621,3.5031767783729913e-07,2.96,120650,,,,,,,,,
0.1193,1.3513661623001099,3.3785972343341224e-07,2.97,120700,,,,,,,,,
0.1907,11.603943824768066,3.2540176902952535e-07,2.97,120750,,,,,,,,,
0.1235,0.7234824895858765,3.1294381462563845e-07,2.97,120800,,,,,,,,,
0.1168,23.099628448486328,3.0048586022175156e-07,2.97,120850,,,,,,,,,
0.163,15.879769325256348,2.880279058178647e-07,2.97,120900,,,,,,,,,
0.1546,0.47029754519462585,2.7556995141397783e-07,2.97,120950,,,,,,,,,
0.1315,3.323453187942505,2.6311199701009094e-07,2.97,121000,,,,,,,,,
0.1449,0.9060960412025452,2.5065404260620405e-07,2.97,121050,,,,,,,,,
0.1493,0.5340012907981873,2.3819608820231718e-07,2.98,121100,,,,,,,,,
0.1252,14.242444038391113,2.2573813379843031e-07,2.98,121150,,,,,,,,,
0.1275,5.448860168457031,2.1328017939454342e-07,2.98,121200,,,,,,,,,
0.1314,13.807377815246582,2.0082222499065656e-07,2.98,121250,,,,,,,,,
0.1179,10.056245803833008,1.8836427058676967e-07,2.98,121300,,,,,,,,,
0.1548,8.924098014831543,1.7590631618288277e-07,2.98,121350,,,,,,,,,
0.1514,10.62376594543457,1.634483617789959e-07,2.98,121400,,,,,,,,,
0.1151,1.7293267250061035,1.5099040737510902e-07,2.98,121450,,,,,,,,,
0.1454,11.35826301574707,1.3853245297122212e-07,2.99,121500,,,,,,,,,
0.145,0.3698250353336334,1.2607449856733526e-07,2.99,121550,,,,,,,,,
0.1357,0.2085091471672058,1.1361654416344837e-07,2.99,121600,,,,,,,,,
0.1033,44.77459716796875,1.0115858975956149e-07,2.99,121650,,,,,,,,,
,,,2.99,121650,0.6051138043403625,406.2083,396.329,24.771,,,,,
0.1122,1.390264868736267,8.870063535567461e-08,2.99,121700,,,,,,,,,
0.1519,10.48160457611084,7.624268095178772e-08,2.99,121750,,,,,,,,,
0.1098,7.694887638092041,6.378472654790084e-08,2.99,121800,,,,,,,,,
0.1062,4.953437805175781,5.132677214401396e-08,2.99,121850,,,,,,,,,
0.1108,8.057583808898926,3.886881774012707e-08,3.0,121900,,,,,,,,,
0.1445,16.173179626464844,2.641086333624019e-08,3.0,121950,,,,,,,,,
0.1161,17.740087509155273,1.3952908932353309e-08,3.0,122000,,,,,,,,,
0.1566,0.34167107939720154,1.494954528466426e-09,3.0,122050,,,,,,,,,
,,,3.0,122050,,,,,22098.7413,87.174,5.449,,0.1662162636389819
