loss,grad_norm,learning_rate,epoch,step,eval_loss,eval_runtime,eval_samples_per_second,eval_steps_per_second,train_runtime,train_samples_per_second,train_steps_per_second,total_flos,train_loss
3.5045,10.539599418640137,2.9983093537591004e-05,0.0017251492254079979,50,,,,,,,,,
2.2031,18.990530014038086,2.9965842045336922e-05,0.0034502984508159957,100,,,,,,,,,
1.9129,18.631879806518555,2.994859055308284e-05,0.005175447676223993,150,,,,,,,,,
1.5333,12.89256763458252,2.9931339060828762e-05,0.0069005969016319915,200,,,,,,,,,
1.5044,15.760879516601562,2.991408756857468e-05,0.00862574612703999,250,,,,,,,,,
1.3975,17.248653411865234,2.9896836076320603e-05,0.010350895352447986,300,,,,,,,,,
1.3197,16.997827529907227,2.987958458406652e-05,0.012076044577855985,350,,,,,,,,,
1.2747,16.651653289794922,2.9862333091812443e-05,0.013801193803263983,400,,,,,,,,,
1.205,13.944568634033203,2.984508159955836e-05,0.01552634302867198,450,,,,,,,,,
1.1675,15.096762657165527,2.982783010730428e-05,0.01725149225407998,500,,,,,,,,,
1.211,16.83234405517578,2.98105786150502e-05,0.018976641479487976,550,,,,,,,,,
1.136,22.127500534057617,2.979332712279612e-05,0.020701790704895973,600,,,,,,,,,
1.1161,17.73126220703125,2.9776075630542042e-05,0.022426939930303973,650,,,,,,,,,
1.0188,14.059807777404785,2.975882413828796e-05,0.02415208915571197,700,,,,,,,,,
1.1013,11.76921558380127,2.9741572646033882e-05,0.025877238381119966,750,,,,,,,,,
1.1083,17.365285873413086,2.9724321153779804e-05,0.027602387606527966,800,,,,,,,,,
1.1005,17.161224365234375,2.9707069661525726e-05,0.029327536831935962,850,,,,,,,,,
1.0929,12.410662651062012,2.9689818169271644e-05,0.03105268605734396,900,,,,,,,,,
1.0567,13.188411712646484,2.9672566677017563e-05,0.03277783528275196,950,,,,,,,,,
1.0256,15.63632583618164,2.9655315184763485e-05,0.03450298450815996,1000,,,,,,,,,
0.9804,23.381229400634766,2.9638063692509403e-05,0.03622813373356795,1050,,,,,,,,,
1.0148,8.838793754577637,2.9620812200255325e-05,0.03795328295897595,1100,,,,,,,,,
0.9072,14.763330459594727,2.9603560708001243e-05,0.03967843218438395,1150,,,,,,,,,
1.0048,15.417407989501953,2.9586309215747165e-05,0.041403581409791945,1200,,,,,,,,,
0.9328,9.086467742919922,2.9569057723493084e-05,0.043128730635199945,1250,,,,,,,,,
0.9693,16.151302337646484,2.9551806231239002e-05,0.044853879860607945,1300,,,,,,,,,
0.9912,19.925262451171875,2.9534554738984924e-05,0.04657902908601594,1350,,,,,,,,,
0.9476,12.147184371948242,2.9517303246730842e-05,0.04830417831142394,1400,,,,,,,,,
0.951,13.862521171569824,2.9500051754476764e-05,0.05002932753683194,1450,,,,,,,,,
0.9393,10.968415260314941,2.9482800262222683e-05,0.05175447676223993,1500,,,,,,,,,
0.8797,15.575489044189453,2.9465548769968605e-05,0.05347962598764793,1550,,,,,,,,,
0.9454,13.901312828063965,2.9448297277714523e-05,0.05520477521305593,1600,,,,,,,,,
0.9447,23.6286678314209,2.943104578546044e-05,0.056929924438463925,1650,,,,,,,,,
0.9116,15.452251434326172,2.9413794293206363e-05,0.058655073663871925,1700,,,,,,,,,
0.898,18.04953956604004,2.9396542800952282e-05,0.060380222889279925,1750,,,,,,,,,
0.907,16.764312744140625,2.9379291308698204e-05,0.06210537211468792,1800,,,,,,,,,
0.9403,8.328986167907715,2.9362039816444122e-05,0.06383052134009592,1850,,,,,,,,,
0.9298,12.706061363220215,2.9344788324190044e-05,0.06555567056550392,1900,,,,,,,,,
0.8062,14.118973731994629,2.9327536831935962e-05,0.06728081979091191,1950,,,,,,,,,
0.8478,16.19000816345215,2.9310285339681884e-05,0.06900596901631992,2000,,,,,,,,,
0.9695,17.659900665283203,2.9293033847427803e-05,0.07073111824172791,2050,,,,,,,,,
0.8263,8.873366355895996,2.927578235517372e-05,0.0724562674671359,2100,,,,,,,,,
0.8759,10.828047752380371,2.9258530862919643e-05,0.07418141669254391,2150,,,,,,,,,
0.8603,9.79318618774414,2.924127937066556e-05,0.0759065659179519,2200,,,,,,,,,
0.8994,17.067298889160156,2.9224027878411483e-05,0.0776317151433599,2250,,,,,,,,,
0.762,21.171205520629883,2.9206776386157402e-05,0.0793568643687679,2300,,,,,,,,,
0.8553,16.7340145111084,2.9189524893903324e-05,0.0810820135941759,2350,,,,,,,,,
0.9281,23.17261505126953,2.9172273401649242e-05,0.08280716281958389,2400,,,,,,,,,
0.8063,19.958641052246094,2.915502190939516e-05,0.0845323120449919,2450,,,,,,,,,
0.8251,9.935432434082031,2.9137770417141082e-05,0.08625746127039989,2500,,,,,,,,,
0.78,11.94107437133789,2.9120518924887e-05,0.08798261049580788,2550,,,,,,,,,
0.8536,5.446702003479004,2.9103267432632926e-05,0.08970775972121589,2600,,,,,,,,,
0.7527,11.190370559692383,2.9086015940378844e-05,0.09143290894662388,2650,,,,,,,,,
0.8372,10.379497528076172,2.9068764448124766e-05,0.09315805817203188,2700,,,,,,,,,
0.8168,14.251585006713867,2.9051512955870685e-05,0.09488320739743988,2750,,,,,,,,,
0.8776,18.886024475097656,2.9034261463616603e-05,0.09660835662284788,2800,,,,,,,,,
0.7959,10.749502182006836,2.9017009971362525e-05,0.09833350584825587,2850,,,,,,,,,
0.8042,13.628546714782715,2.8999758479108444e-05,0.10005865507366388,2900,,,,,,,,,
0.8111,14.72176742553711,2.8982506986854365e-05,0.10178380429907187,2950,,,,,,,,,
0.8008,8.85888671875,2.8965255494600284e-05,0.10350895352447986,3000,,,,,,,,,
0.7563,17.116518020629883,2.8948004002346206e-05,0.10523410274988787,3050,,,,,,,,,
0.9162,16.284032821655273,2.8930752510092124e-05,0.10695925197529586,3100,,,,,,,,,
0.8106,13.952606201171875,2.8913501017838046e-05,0.10868440120070386,3150,,,,,,,,,
0.819,14.86140251159668,2.8896249525583964e-05,0.11040955042611186,3200,,,,,,,,,
0.8255,12.601627349853516,2.8878998033329883e-05,0.11213469965151986,3250,,,,,,,,,
0.8495,9.131258964538574,2.8861746541075805e-05,0.11385984887692785,3300,,,,,,,,,
0.8079,12.065021514892578,2.8844495048821723e-05,0.11558499810233586,3350,,,,,,,,,
0.7826,12.47219181060791,2.8827243556567645e-05,0.11731014732774385,3400,,,,,,,,,
0.799,15.655939102172852,2.8809992064313563e-05,0.11903529655315184,3450,,,,,,,,,
0.7946,12.88332462310791,2.8792740572059485e-05,0.12076044577855985,3500,,,,,,,,,
0.8349,11.872077941894531,2.8775489079805404e-05,0.12248559500396784,3550,,,,,,,,,
0.8354,12.609639167785645,2.8758237587551322e-05,0.12421074422937584,3600,,,,,,,,,
0.7789,6.06558895111084,2.8740986095297244e-05,0.12593589345478384,3650,,,,,,,,,
0.7584,5.403959274291992,2.8723734603043162e-05,0.12766104268019185,3700,,,,,,,,,
0.7747,17.242759704589844,2.8706483110789084e-05,0.12938619190559983,3750,,,,,,,,,
0.7974,14.224831581115723,2.8689231618535003e-05,0.13111134113100784,3800,,,,,,,,,
0.7513,10.158197402954102,2.8671980126280925e-05,0.13283649035641584,3850,,,,,,,,,
0.7921,8.375080108642578,2.8654728634026843e-05,0.13456163958182382,3900,,,,,,,,,
0.7922,8.006765365600586,2.863747714177276e-05,0.13628678880723183,3950,,,,,,,,,
0.7559,16.924436569213867,2.8620225649518683e-05,0.13801193803263984,4000,,,,,,,,,
0.7435,6.589911937713623,2.8602974157264602e-05,0.13973708725804782,4050,,,,,,,,,
0.7774,13.356451988220215,2.8585722665010524e-05,0.14146223648345582,4100,,,,,,,,,
0.765,9.796639442443848,2.8568471172756442e-05,0.14318738570886383,4150,,,,,,,,,
0.719,11.680459976196289,2.8551219680502364e-05,0.1449125349342718,4200,,,,,,,,,
0.8671,16.81059455871582,2.8533968188248282e-05,0.14663768415967982,4250,,,,,,,,,
0.8008,7.051301002502441,2.8516716695994204e-05,0.14836283338508782,4300,,,,,,,,,
0.7596,22.332494735717773,2.8499465203740123e-05,0.1500879826104958,4350,,,,,,,,,
0.8127,12.249629020690918,2.8482213711486045e-05,0.1518131318359038,4400,,,,,,,,,
0.8113,13.309493064880371,2.8464962219231966e-05,0.15353828106131182,4450,,,,,,,,,
0.7514,13.093974113464355,2.8447710726977885e-05,0.1552634302867198,4500,,,,,,,,,
0.7794,10.934356689453125,2.8430459234723807e-05,0.1569885795121278,4550,,,,,,,,,
0.7745,16.115867614746094,2.8413207742469725e-05,0.1587137287375358,4600,,,,,,,,,
0.7446,10.465570449829102,2.8395956250215647e-05,0.1604388779629438,4650,,,,,,,,,
0.8374,9.388167381286621,2.8378704757961565e-05,0.1621640271883518,4700,,,,,,,,,
0.7902,16.16779136657715,2.8361453265707484e-05,0.1638891764137598,4750,,,,,,,,,
0.8288,11.592480659484863,2.8344201773453406e-05,0.16561432563916778,4800,,,,,,,,,
0.7449,16.764909744262695,2.8326950281199324e-05,0.1673394748645758,4850,,,,,,,,,
0.6704,11.269622802734375,2.8309698788945246e-05,0.1690646240899838,4900,,,,,,,,,
0.7898,12.589245796203613,2.8292447296691164e-05,0.17078977331539177,4950,,,,,,,,,
0.7408,5.871101379394531,2.8275195804437086e-05,0.17251492254079978,5000,,,,,,,,,
,,,0.17251492254079978,5000,0.773720920085907,293.0349,397.031,24.816,,,,,
0.8259,10.648838996887207,2.8257944312183005e-05,0.1742400717662078,5050,,,,,,,,,
0.7772,7.282995700836182,2.8240692819928927e-05,0.17596522099161577,5100,,,,,,,,,
0.7119,4.598970413208008,2.8223441327674845e-05,0.17769037021702377,5150,,,,,,,,,
0.7754,11.021505355834961,2.8206189835420764e-05,0.17941551944243178,5200,,,,,,,,,
0.8759,9.33641529083252,2.8188938343166685e-05,0.18114066866783976,5250,,,,,,,,,
0.731,9.230005264282227,2.8171686850912604e-05,0.18286581789324777,5300,,,,,,,,,
0.7056,7.769164085388184,2.8154435358658526e-05,0.18459096711865577,5350,,,,,,,,,
0.7333,9.21146011352539,2.8137183866404444e-05,0.18631611634406375,5400,,,,,,,,,
0.7319,12.201934814453125,2.8119932374150366e-05,0.18804126556947176,5450,,,,,,,,,
0.7776,14.648365020751953,2.8102680881896284e-05,0.18976641479487977,5500,,,,,,,,,
0.8161,20.398679733276367,2.8085429389642203e-05,0.19149156402028775,5550,,,,,,,,,
0.7047,10.486113548278809,2.8068177897388125e-05,0.19321671324569575,5600,,,,,,,,,
0.7857,14.288080215454102,2.8050926405134043e-05,0.19494186247110376,5650,,,,,,,,,
0.7012,8.965713500976562,2.8033674912879965e-05,0.19666701169651174,5700,,,,,,,,,
0.7785,18.267866134643555,2.8016423420625883e-05,0.19839216092191975,5750,,,,,,,,,
0.7346,17.35976791381836,2.7999171928371805e-05,0.20011731014732775,5800,,,,,,,,,
0.7431,10.198405265808105,2.7981920436117724e-05,0.20184245937273573,5850,,,,,,,,,
0.804,9.39672565460205,2.7964668943863642e-05,0.20356760859814374,5900,,,,,,,,,
0.6924,18.291175842285156,2.7947417451609564e-05,0.20529275782355175,5950,,,,,,,,,
0.6698,11.92097282409668,2.7930165959355482e-05,0.20701790704895973,6000,,,,,,,,,
0.6862,16.656360626220703,2.7912914467101404e-05,0.20874305627436773,6050,,,,,,,,,
0.7615,14.487444877624512,2.7895662974847323e-05,0.21046820549977574,6100,,,,,,,,,
0.6768,13.589690208435059,2.7878411482593245e-05,0.21219335472518372,6150,,,,,,,,,
0.7895,14.425366401672363,2.7861159990339163e-05,0.21391850395059173,6200,,,,,,,,,
0.6368,11.449949264526367,2.784390849808509e-05,0.21564365317599973,6250,,,,,,,,,
0.6829,14.537297248840332,2.7826657005831007e-05,0.2173688024014077,6300,,,,,,,,,
0.6319,11.131946563720703,2.7809405513576925e-05,0.21909395162681572,6350,,,,,,,,,
0.6563,10.42298698425293,2.7792154021322847e-05,0.22081910085222373,6400,,,,,,,,,
0.734,11.301264762878418,2.7774902529068766e-05,0.2225442500776317,6450,,,,,,,,,
0.7149,12.912975311279297,2.7757651036814687e-05,0.2242693993030397,6500,,,,,,,,,
0.767,14.59913444519043,2.7740399544560606e-05,0.22599454852844772,6550,,,,,,,,,
0.7298,10.426749229431152,2.7723148052306528e-05,0.2277196977538557,6600,,,,,,,,,
0.7421,10.725128173828125,2.7705896560052446e-05,0.2294448469792637,6650,,,,,,,,,
0.683,11.41172981262207,2.7688645067798365e-05,0.2311699962046717,6700,,,,,,,,,
0.787,11.466224670410156,2.7671393575544286e-05,0.2328951454300797,6750,,,,,,,,,
0.6769,10.829748153686523,2.7654142083290205e-05,0.2346202946554877,6800,,,,,,,,,
0.7119,17.415616989135742,2.7636890591036127e-05,0.2363454438808957,6850,,,,,,,,,
0.7121,11.55422306060791,2.7619639098782045e-05,0.23807059310630369,6900,,,,,,,,,
0.6885,5.009611129760742,2.7602387606527967e-05,0.2397957423317117,6950,,,,,,,,,
0.7069,13.40134048461914,2.7585136114273885e-05,0.2415208915571197,7000,,,,,,,,,
0.7169,7.621727466583252,2.7567884622019804e-05,0.24324604078252768,7050,,,,,,,,,
0.7225,19.19584083557129,2.7550633129765726e-05,0.24497119000793569,7100,,,,,,,,,
0.7944,4.824566841125488,2.7533381637511644e-05,0.2466963392333437,7150,,,,,,,,,
0.7315,14.141212463378906,2.7516130145257566e-05,0.24842148845875167,7200,,,,,,,,,
0.7415,12.703652381896973,2.7498878653003484e-05,0.2501466376841597,7250,,,,,,,,,
0.7236,19.483341217041016,2.7481627160749406e-05,0.2518717869095677,7300,,,,,,,,,
0.7191,10.35976791381836,2.7464375668495325e-05,0.2535969361349757,7350,,,,,,,,,
0.7208,9.73405933380127,2.7447124176241247e-05,0.2553220853603837,7400,,,,,,,,,
0.7745,18.485261917114258,2.7429872683987165e-05,0.25704723458579165,7450,,,,,,,,,
0.7814,15.510674476623535,2.7412621191733084e-05,0.25877238381119966,7500,,,,,,,,,
0.8086,9.327589988708496,2.7395369699479005e-05,0.26049753303660766,7550,,,,,,,,,
0.699,12.88904857635498,2.7378118207224924e-05,0.26222268226201567,7600,,,,,,,,,
0.6859,20.272968292236328,2.7360866714970846e-05,0.2639478314874237,7650,,,,,,,,,
0.691,13.250349044799805,2.7343615222716764e-05,0.2656729807128317,7700,,,,,,,,,
0.6284,13.415863037109375,2.7326363730462686e-05,0.26739812993823964,7750,,,,,,,,,
0.7094,10.031081199645996,2.7309112238208604e-05,0.26912327916364764,7800,,,,,,,,,
0.6444,13.066888809204102,2.7291860745954523e-05,0.27084842838905565,7850,,,,,,,,,
0.5795,6.773427486419678,2.7274609253700445e-05,0.27257357761446366,7900,,,,,,,,,
0.7379,7.796978950500488,2.7257357761446363e-05,0.27429872683987166,7950,,,,,,,,,
0.705,14.702957153320312,2.7240106269192285e-05,0.27602387606527967,8000,,,,,,,,,
0.7015,9.665543556213379,2.7222854776938207e-05,0.2777490252906876,8050,,,,,,,,,
0.6658,12.568105697631836,2.720560328468413e-05,0.27947417451609563,8100,,,,,,,,,
0.6861,6.636467933654785,2.7188351792430047e-05,0.28119932374150364,8150,,,,,,,,,
0.7191,10.003541946411133,2.7171100300175966e-05,0.28292447296691164,8200,,,,,,,,,
0.7192,11.077380180358887,2.7153848807921887e-05,0.28464962219231965,8250,,,,,,,,,
0.6815,12.536072731018066,2.7136597315667806e-05,0.28637477141772766,8300,,,,,,,,,
0.7046,15.644049644470215,2.7119345823413728e-05,0.2880999206431356,8350,,,,,,,,,
0.6264,12.918007850646973,2.7102094331159646e-05,0.2898250698685436,8400,,,,,,,,,
0.6331,18.652070999145508,2.7084842838905568e-05,0.2915502190939516,8450,,,,,,,,,
0.6576,18.279584884643555,2.7067591346651486e-05,0.29327536831935963,8500,,,,,,,,,
0.6275,8.760416984558105,2.705033985439741e-05,0.29500051754476764,8550,,,,,,,,,
0.7592,11.739951133728027,2.7033088362143327e-05,0.29672566677017564,8600,,,,,,,,,
0.7035,12.412696838378906,2.7015836869889245e-05,0.2984508159955836,8650,,,,,,,,,
0.7908,6.231618881225586,2.6998585377635167e-05,0.3001759652209916,8700,,,,,,,,,
0.6752,17.304656982421875,2.6981333885381086e-05,0.3019011144463996,8750,,,,,,,,,
0.6492,10.279768943786621,2.6964082393127007e-05,0.3036262636718076,8800,,,,,,,,,
0.6952,15.671363830566406,2.6946830900872926e-05,0.3053514128972156,8850,,,,,,,,,
0.7458,14.53548812866211,2.6929579408618848e-05,0.30707656212262363,8900,,,,,,,,,
0.7069,10.02560043334961,2.6912327916364766e-05,0.3088017113480316,8950,,,,,,,,,
0.5988,10.184823036193848,2.6895076424110685e-05,0.3105268605734396,9000,,,,,,,,,
0.678,14.61452579498291,2.6877824931856606e-05,0.3122520097988476,9050,,,,,,,,,
0.7313,13.559491157531738,2.6860573439602525e-05,0.3139771590242556,9100,,,,,,,,,
0.7099,15.337040901184082,2.6843321947348447e-05,0.3157023082496636,9150,,,,,,,,,
0.6216,11.979349136352539,2.6826070455094365e-05,0.3174274574750716,9200,,,,,,,,,
0.73,9.149408340454102,2.6808818962840287e-05,0.31915260670047957,9250,,,,,,,,,
0.7217,4.548846244812012,2.6791567470586205e-05,0.3208777559258876,9300,,,,,,,,,
0.6897,7.989072322845459,2.6774315978332127e-05,0.3226029051512956,9350,,,,,,,,,
0.7342,14.64608383178711,2.6757064486078046e-05,0.3243280543767036,9400,,,,,,,,,
0.7302,11.28287410736084,2.6739812993823964e-05,0.3260532036021116,9450,,,,,,,,,
0.6854,11.324199676513672,2.6722561501569886e-05,0.3277783528275196,9500,,,,,,,,,
0.6025,10.90693473815918,2.6705310009315805e-05,0.32950350205292755,9550,,,,,,,,,
0.7228,20.416988372802734,2.6688058517061726e-05,0.33122865127833556,9600,,,,,,,,,
0.6468,12.185442924499512,2.6670807024807645e-05,0.33295380050374357,9650,,,,,,,,,
0.6859,8.48530387878418,2.6653555532553567e-05,0.3346789497291516,9700,,,,,,,,,
0.6306,19.407270431518555,2.6636304040299485e-05,0.3364040989545596,9750,,,,,,,,,
0.6161,8.441354751586914,2.6619052548045404e-05,0.3381292481799676,9800,,,,,,,,,
0.7571,9.228652000427246,2.660180105579133e-05,0.33985439740537554,9850,,,,,,,,,
0.6834,9.022167205810547,2.6584549563537247e-05,0.34157954663078355,9900,,,,,,,,,
0.7174,11.183061599731445,2.656729807128317e-05,0.34330469585619156,9950,,,,,,,,,
0.6144,8.769503593444824,2.6550046579029088e-05,0.34502984508159956,10000,,,,,,,,,
,,,0.34502984508159956,10000,0.7006055116653442,292.9177,397.19,24.826,,,,,
0.6777,8.7286958694458,2.653279508677501e-05,0.34675499430700757,10050,,,,,,,,,
0.6221,7.991220474243164,2.6515543594520928e-05,0.3484801435324156,10100,,,,,,,,,
0.6435,7.89702844619751,2.6498292102266846e-05,0.3502052927578235,10150,,,,,,,,,
0.6683,9.185447692871094,2.6481040610012768e-05,0.35193044198323153,10200,,,,,,,,,
0.6037,15.665606498718262,2.6463789117758687e-05,0.35365559120863954,10250,,,,,,,,,
0.5995,11.612703323364258,2.644653762550461e-05,0.35538074043404755,10300,,,,,,,,,
0.6457,11.779641151428223,2.6429286133250527e-05,0.35710588965945556,10350,,,,,,,,,
0.6663,10.31050968170166,2.641203464099645e-05,0.35883103888486356,10400,,,,,,,,,
0.7065,13.985528945922852,2.6394783148742367e-05,0.3605561881102715,10450,,,,,,,,,
0.6543,6.737071990966797,2.637753165648829e-05,0.3622813373356795,10500,,,,,,,,,
0.6708,8.09565544128418,2.6360280164234207e-05,0.36400648656108753,10550,,,,,,,,,
0.7808,19.00688934326172,2.6343028671980126e-05,0.36573163578649553,10600,,,,,,,,,
0.6747,15.515490531921387,2.6325777179726048e-05,0.36745678501190354,10650,,,,,,,,,
0.626,15.310470581054688,2.6308525687471966e-05,0.36918193423731155,10700,,,,,,,,,
0.6672,16.293380737304688,2.6291274195217888e-05,0.3709070834627195,10750,,,,,,,,,
0.7522,8.438089370727539,2.6274022702963807e-05,0.3726322326881275,10800,,,,,,,,,
0.6799,8.716148376464844,2.625677121070973e-05,0.3743573819135355,10850,,,,,,,,,
0.666,12.742767333984375,2.6239519718455647e-05,0.3760825311389435,10900,,,,,,,,,
0.6254,12.823400497436523,2.6222268226201565e-05,0.37780768036435153,10950,,,,,,,,,
0.6661,8.242439270019531,2.6205016733947487e-05,0.37953282958975953,11000,,,,,,,,,
0.6696,10.65132999420166,2.6187765241693406e-05,0.3812579788151675,11050,,,,,,,,,
0.6716,7.716119766235352,2.6170513749439327e-05,0.3829831280405755,11100,,,,,,,,,
0.6344,12.058432579040527,2.6153262257185246e-05,0.3847082772659835,11150,,,,,,,,,
0.663,12.706151962280273,2.6136010764931168e-05,0.3864334264913915,11200,,,,,,,,,
0.5825,7.284506797790527,2.6118759272677086e-05,0.3881585757167995,11250,,,,,,,,,
0.6711,9.568824768066406,2.6101507780423005e-05,0.3898837249422075,11300,,,,,,,,,
0.6718,8.270520210266113,2.6084256288168926e-05,0.3916088741676155,11350,,,,,,,,,
0.6449,18.15520477294922,2.6067004795914845e-05,0.3933340233930235,11400,,,,,,,,,
0.6348,13.971025466918945,2.6049753303660767e-05,0.3950591726184315,11450,,,,,,,,,
0.666,11.367815017700195,2.6032501811406685e-05,0.3967843218438395,11500,,,,,,,,,
0.638,11.477381706237793,2.6015250319152607e-05,0.3985094710692475,11550,,,,,,,,,
0.6695,8.16712474822998,2.5997998826898525e-05,0.4002346202946555,11600,,,,,,,,,
0.6477,11.879619598388672,2.598074733464445e-05,0.40195976952006346,11650,,,,,,,,,
0.6531,7.864821910858154,2.596349584239037e-05,0.40368491874547147,11700,,,,,,,,,
0.6404,14.025426864624023,2.5946244350136288e-05,0.4054100679708795,11750,,,,,,,,,
0.722,8.323352813720703,2.592899285788221e-05,0.4071352171962875,11800,,,,,,,,,
0.6149,14.600870132446289,2.5911741365628128e-05,0.4088603664216955,11850,,,,,,,,,
0.7874,16.298412322998047,2.589448987337405e-05,0.4105855156471035,11900,,,,,,,,,
0.6259,11.650947570800781,2.5877238381119968e-05,0.41231066487251145,11950,,,,,,,,,
0.7423,6.53837251663208,2.585998688886589e-05,0.41403581409791945,12000,,,,,,,,,
0.6582,7.481685638427734,2.584273539661181e-05,0.41576096332332746,12050,,,,,,,,,
0.662,13.16398811340332,2.5825483904357727e-05,0.41748611254873547,12100,,,,,,,,,
0.5701,12.547615051269531,2.580823241210365e-05,0.4192112617741435,12150,,,,,,,,,
0.5922,10.535818099975586,2.5790980919849567e-05,0.4209364109995515,12200,,,,,,,,,
0.5972,6.51636266708374,2.577372942759549e-05,0.42266156022495943,12250,,,,,,,,,
0.7076,15.857218742370605,2.5756477935341408e-05,0.42438670945036744,12300,,,,,,,,,
0.6735,13.097112655639648,2.573922644308733e-05,0.42611185867577545,12350,,,,,,,,,
0.6768,22.606971740722656,2.5721974950833248e-05,0.42783700790118345,12400,,,,,,,,,
0.6334,7.403182029724121,2.5704723458579166e-05,0.42956215712659146,12450,,,,,,,,,
0.6382,14.868001937866211,2.5687471966325088e-05,0.43128730635199947,12500,,,,,,,,,
0.6188,8.981800079345703,2.5670220474071007e-05,0.4330124555774075,12550,,,,,,,,,
0.6881,17.057086944580078,2.565296898181693e-05,0.4347376048028154,12600,,,,,,,,,
0.6305,8.780254364013672,2.5635717489562847e-05,0.43646275402822343,12650,,,,,,,,,
0.6227,11.94546127319336,2.561846599730877e-05,0.43818790325363144,12700,,,,,,,,,
0.6623,9.473708152770996,2.5601214505054687e-05,0.43991305247903945,12750,,,,,,,,,
0.6414,5.269712448120117,2.558396301280061e-05,0.44163820170444745,12800,,,,,,,,,
0.5925,9.535027503967285,2.5566711520546527e-05,0.44336335092985546,12850,,,,,,,,,
0.6693,5.421575546264648,2.5549460028292446e-05,0.4450885001552634,12900,,,,,,,,,
0.6096,6.230409145355225,2.5532208536038368e-05,0.4468136493806714,12950,,,,,,,,,
0.6564,15.153444290161133,2.5514957043784286e-05,0.4485387986060794,13000,,,,,,,,,
0.6516,13.277105331420898,2.5497705551530208e-05,0.45026394783148743,13050,,,,,,,,,
0.6621,12.724802017211914,2.5480454059276127e-05,0.45198909705689544,13100,,,,,,,,,
0.6044,9.712383270263672,2.546320256702205e-05,0.45371424628230345,13150,,,,,,,,,
0.6353,12.839584350585938,2.5445951074767967e-05,0.4554393955077114,13200,,,,,,,,,
0.7202,10.48178768157959,2.5428699582513885e-05,0.4571645447331194,13250,,,,,,,,,
0.6374,7.623144626617432,2.5411448090259807e-05,0.4588896939585274,13300,,,,,,,,,
0.6338,12.693078994750977,2.5394196598005726e-05,0.4606148431839354,13350,,,,,,,,,
0.6269,7.837917804718018,2.5376945105751647e-05,0.4623399924093434,13400,,,,,,,,,
0.6135,6.892518997192383,2.5359693613497566e-05,0.46406514163475143,13450,,,,,,,,,
0.6134,19.79700469970703,2.534244212124349e-05,0.4657902908601594,13500,,,,,,,,,
0.6303,15.328338623046875,2.532519062898941e-05,0.4675154400855674,13550,,,,,,,,,
0.5876,14.277389526367188,2.5307939136735328e-05,0.4692405893109754,13600,,,,,,,,,
0.6697,13.442733764648438,2.529068764448125e-05,0.4709657385363834,13650,,,,,,,,,
0.6655,10.26390266418457,2.5273436152227168e-05,0.4726908877617914,13700,,,,,,,,,
0.6323,13.31268310546875,2.525618465997309e-05,0.4744160369871994,13750,,,,,,,,,
0.6179,9.918931007385254,2.523893316771901e-05,0.47614118621260737,13800,,,,,,,,,
0.5964,12.078118324279785,2.522168167546493e-05,0.4778663354380154,13850,,,,,,,,,
0.6766,11.219767570495605,2.520443018321085e-05,0.4795914846634234,13900,,,,,,,,,
0.5789,10.632909774780273,2.518717869095677e-05,0.4813166338888314,13950,,,,,,,,,
0.6494,16.857004165649414,2.516992719870269e-05,0.4830417831142394,14000,,,,,,,,,
0.6201,8.128975868225098,2.5152675706448608e-05,0.4847669323396474,14050,,,,,,,,,
0.665,14.346980094909668,2.513542421419453e-05,0.48649208156505536,14100,,,,,,,,,
0.6188,14.210269927978516,2.5118172721940448e-05,0.48821723079046336,14150,,,,,,,,,
0.6318,13.735193252563477,2.510092122968637e-05,0.48994238001587137,14200,,,,,,,,,
0.6131,6.567228317260742,2.5083669737432288e-05,0.4916675292412794,14250,,,,,,,,,
0.6111,8.563713073730469,2.506641824517821e-05,0.4933926784666874,14300,,,,,,,,,
0.5874,13.571309089660645,2.504916675292413e-05,0.4951178276920954,14350,,,,,,,,,
0.5891,8.486969947814941,2.5031915260670047e-05,0.49684297691750334,14400,,,,,,,,,
0.634,10.662921905517578,2.501466376841597e-05,0.49856812614291135,14450,,,,,,,,,
0.5947,13.863039016723633,2.4997412276161887e-05,0.5002932753683194,14500,,,,,,,,,
0.5912,21.592817306518555,2.498016078390781e-05,0.5020184245937274,14550,,,,,,,,,
0.6225,10.056562423706055,2.4962909291653728e-05,0.5037435738191354,14600,,,,,,,,,
0.6509,15.484740257263184,2.494565779939965e-05,0.5054687230445434,14650,,,,,,,,,
0.6287,11.951203346252441,2.4928406307145568e-05,0.5071938722699514,14700,,,,,,,,,
0.5943,18.402359008789062,2.491115481489149e-05,0.5089190214953594,14750,,,,,,,,,
0.5921,7.036702632904053,2.4893903322637408e-05,0.5106441707207674,14800,,,,,,,,,
0.6644,9.1201753616333,2.4876651830383327e-05,0.5123693199461753,14850,,,,,,,,,
0.6234,9.529183387756348,2.485940033812925e-05,0.5140944691715833,14900,,,,,,,,,
0.676,6.608137607574463,2.4842148845875167e-05,0.5158196183969913,14950,,,,,,,,,
0.5993,12.688644409179688,2.482489735362109e-05,0.5175447676223993,15000,,,,,,,,,
,,,0.5175447676223993,15000,0.6525660157203674,292.8711,397.253,24.83,,,,,
0.5998,9.28957462310791,2.4807645861367007e-05,0.5192699168478073,15050,,,,,,,,,
0.6305,7.813519477844238,2.479039436911293e-05,0.5209950660732153,15100,,,,,,,,,
0.6042,12.625923156738281,2.4773142876858847e-05,0.5227202152986233,15150,,,,,,,,,
0.6174,21.393152236938477,2.4755891384604766e-05,0.5244453645240313,15200,,,,,,,,,
0.6233,5.973946571350098,2.4738639892350688e-05,0.5261705137494394,15250,,,,,,,,,
0.6316,4.612584590911865,2.472138840009661e-05,0.5278956629748474,15300,,,,,,,,,
0.6423,12.57970905303955,2.470413690784253e-05,0.5296208122002554,15350,,,,,,,,,
0.6519,12.195208549499512,2.468688541558845e-05,0.5313459614256634,15400,,,,,,,,,
0.6282,20.548690795898438,2.4669633923334372e-05,0.5330711106510713,15450,,,,,,,,,
0.6759,15.843836784362793,2.465238243108029e-05,0.5347962598764793,15500,,,,,,,,,
0.5418,14.140705108642578,2.463513093882621e-05,0.5365214091018873,15550,,,,,,,,,
0.6764,13.567992210388184,2.461787944657213e-05,0.5382465583272953,15600,,,,,,,,,
0.6257,8.639104843139648,2.460062795431805e-05,0.5399717075527033,15650,,,,,,,,,
0.5706,12.547106742858887,2.458337646206397e-05,0.5416968567781113,15700,,,,,,,,,
0.6689,7.951199531555176,2.456612496980989e-05,0.5434220060035193,15750,,,,,,,,,
0.6252,11.5078125,2.454887347755581e-05,0.5451471552289273,15800,,,,,,,,,
0.6217,8.543314933776855,2.453162198530173e-05,0.5468723044543353,15850,,,,,,,,,
0.6158,9.21522331237793,2.451437049304765e-05,0.5485974536797433,15900,,,,,,,,,
0.6218,15.170660018920898,2.449711900079357e-05,0.5503226029051513,15950,,,,,,,,,
0.5531,14.882332801818848,2.447986750853949e-05,0.5520477521305593,16000,,,,,,,,,
0.6388,7.197287082672119,2.446261601628541e-05,0.5537729013559672,16050,,,,,,,,,
0.6199,11.355420112609863,2.444536452403133e-05,0.5554980505813752,16100,,,,,,,,,
0.5792,13.824418067932129,2.442811303177725e-05,0.5572231998067833,16150,,,,,,,,,
0.642,10.087939262390137,2.441086153952317e-05,0.5589483490321913,16200,,,,,,,,,
0.5825,11.194640159606934,2.439361004726909e-05,0.5606734982575993,16250,,,,,,,,,
0.6271,9.579617500305176,2.437635855501501e-05,0.5623986474830073,16300,,,,,,,,,
0.6186,15.873908996582031,2.4359107062760928e-05,0.5641237967084153,16350,,,,,,,,,
0.6323,6.392579078674316,2.434185557050685e-05,0.5658489459338233,16400,,,,,,,,,
0.5323,14.98812484741211,2.4324604078252768e-05,0.5675740951592313,16450,,,,,,,,,
0.6332,11.896669387817383,2.430735258599869e-05,0.5692992443846393,16500,,,,,,,,,
0.6467,9.331428527832031,2.4290101093744608e-05,0.5710243936100473,16550,,,,,,,,,
0.5897,13.400113105773926,2.427284960149053e-05,0.5727495428354553,16600,,,,,,,,,
0.618,18.507034301757812,2.425559810923645e-05,0.5744746920608632,16650,,,,,,,,,
0.6211,7.64193058013916,2.4238346616982367e-05,0.5761998412862712,16700,,,,,,,,,
0.5983,7.018945217132568,2.422109512472829e-05,0.5779249905116792,16750,,,,,,,,,
0.6234,12.481871604919434,2.4203843632474207e-05,0.5796501397370872,16800,,,,,,,,,
0.5963,13.139041900634766,2.418659214022013e-05,0.5813752889624952,16850,,,,,,,,,
0.5635,11.212885856628418,2.4169340647966048e-05,0.5831004381879032,16900,,,,,,,,,
0.5983,14.764748573303223,2.415208915571197e-05,0.5848255874133113,16950,,,,,,,,,
0.5636,17.90121078491211,2.4134837663457888e-05,0.5865507366387193,17000,,,,,,,,,
0.5948,12.953166007995605,2.411758617120381e-05,0.5882758858641273,17050,,,,,,,,,
0.6422,18.745214462280273,2.410033467894973e-05,0.5900010350895353,17100,,,,,,,,,
0.5988,13.712571144104004,2.408308318669565e-05,0.5917261843149433,17150,,,,,,,,,
0.6559,8.61816692352295,2.4065831694441572e-05,0.5934513335403513,17200,,,,,,,,,
0.564,10.854814529418945,2.404858020218749e-05,0.5951764827657592,17250,,,,,,,,,
0.5915,11.07589340209961,2.4031328709933412e-05,0.5969016319911672,17300,,,,,,,,,
0.656,9.938506126403809,2.401407721767933e-05,0.5986267812165752,17350,,,,,,,,,
0.5665,8.85744857788086,2.3996825725425252e-05,0.6003519304419832,17400,,,,,,,,,
0.6077,12.87432861328125,2.397957423317117e-05,0.6020770796673912,17450,,,,,,,,,
0.5881,13.870457649230957,2.396232274091709e-05,0.6038022288927992,17500,,,,,,,,,
0.5836,18.02114486694336,2.394507124866301e-05,0.6055273781182072,17550,,,,,,,,,
0.6646,13.679154396057129,2.392781975640893e-05,0.6072525273436152,17600,,,,,,,,,
0.586,18.126428604125977,2.391056826415485e-05,0.6089776765690232,17650,,,,,,,,,
0.5752,12.752927780151367,2.389331677190077e-05,0.6107028257944312,17700,,,,,,,,,
0.5598,9.653831481933594,2.3876065279646692e-05,0.6124279750198393,17750,,,,,,,,,
0.5791,17.57901382446289,2.385881378739261e-05,0.6141531242452473,17800,,,,,,,,,
0.5503,3.788287401199341,2.384156229513853e-05,0.6158782734706552,17850,,,,,,,,,
0.5955,16.133949279785156,2.382431080288445e-05,0.6176034226960632,17900,,,,,,,,,
0.5798,8.998163223266602,2.380705931063037e-05,0.6193285719214712,17950,,,,,,,,,
0.6212,12.706829071044922,2.378980781837629e-05,0.6210537211468792,18000,,,,,,,,,
0.615,21.981351852416992,2.377255632612221e-05,0.6227788703722872,18050,,,,,,,,,
0.5431,12.784806251525879,2.375530483386813e-05,0.6245040195976952,18100,,,,,,,,,
0.6494,10.696392059326172,2.373805334161405e-05,0.6262291688231032,18150,,,,,,,,,
0.5837,9.499184608459473,2.372080184935997e-05,0.6279543180485112,18200,,,,,,,,,
0.6068,8.232085227966309,2.370355035710589e-05,0.6296794672739192,18250,,,,,,,,,
0.5618,16.004337310791016,2.368629886485181e-05,0.6314046164993272,18300,,,,,,,,,
0.5907,10.091263771057129,2.366904737259773e-05,0.6331297657247352,18350,,,,,,,,,
0.5348,7.366514682769775,2.365179588034365e-05,0.6348549149501432,18400,,,,,,,,,
0.5804,8.414072036743164,2.363454438808957e-05,0.6365800641755511,18450,,,,,,,,,
0.5875,12.611759185791016,2.361729289583549e-05,0.6383052134009591,18500,,,,,,,,,
0.514,9.40909481048584,2.360004140358141e-05,0.6400303626263671,18550,,,,,,,,,
0.601,11.794069290161133,2.358278991132733e-05,0.6417555118517752,18600,,,,,,,,,
0.539,9.91689682006836,2.3565538419073248e-05,0.6434806610771832,18650,,,,,,,,,
0.5794,8.716747283935547,2.354828692681917e-05,0.6452058103025912,18700,,,,,,,,,
0.6487,23.598922729492188,2.3531035434565088e-05,0.6469309595279992,18750,,,,,,,,,
0.6226,13.332039833068848,2.351378394231101e-05,0.6486561087534072,18800,,,,,,,,,
0.5794,11.278510093688965,2.3496532450056928e-05,0.6503812579788152,18850,,,,,,,,,
0.5966,11.462275505065918,2.347928095780285e-05,0.6521064072042232,18900,,,,,,,,,
0.5933,5.83476448059082,2.3462029465548772e-05,0.6538315564296312,18950,,,,,,,,,
0.6799,7.1777663230896,2.344477797329469e-05,0.6555567056550392,19000,,,,,,,,,
0.5751,10.269440650939941,2.3427526481040612e-05,0.6572818548804472,19050,,,,,,,,,
0.5381,6.00217342376709,2.341027498878653e-05,0.6590070041058551,19100,,,,,,,,,
0.4994,8.73330020904541,2.3393023496532453e-05,0.6607321533312631,19150,,,,,,,,,
0.5944,15.572010040283203,2.337577200427837e-05,0.6624573025566711,19200,,,,,,,,,
0.6703,13.780369758605957,2.3358520512024293e-05,0.6641824517820791,19250,,,,,,,,,
0.6021,11.629369735717773,2.334126901977021e-05,0.6659076010074871,19300,,,,,,,,,
0.5524,8.851333618164062,2.3324017527516133e-05,0.6676327502328951,19350,,,,,,,,,
0.5581,12.435662269592285,2.330676603526205e-05,0.6693578994583032,19400,,,,,,,,,
0.5594,5.596431255340576,2.328951454300797e-05,0.6710830486837112,19450,,,,,,,,,
0.6094,11.40300178527832,2.3272263050753892e-05,0.6728081979091192,19500,,,,,,,,,
0.5524,8.821978569030762,2.325501155849981e-05,0.6745333471345272,19550,,,,,,,,,
0.5484,7.821781158447266,2.3237760066245732e-05,0.6762584963599352,19600,,,,,,,,,
0.5729,5.8515238761901855,2.322050857399165e-05,0.6779836455853432,19650,,,,,,,,,
0.5853,9.259699821472168,2.3203257081737572e-05,0.6797087948107511,19700,,,,,,,,,
0.6581,6.871830940246582,2.318600558948349e-05,0.6814339440361591,19750,,,,,,,,,
0.5842,20.550548553466797,2.316875409722941e-05,0.6831590932615671,19800,,,,,,,,,
0.6128,3.9809963703155518,2.315150260497533e-05,0.6848842424869751,19850,,,,,,,,,
0.6116,14.469634056091309,2.313425111272125e-05,0.6866093917123831,19900,,,,,,,,,
0.5956,9.116145133972168,2.311699962046717e-05,0.6883345409377911,19950,,,,,,,,,
0.6119,19.845806121826172,2.309974812821309e-05,0.6900596901631991,20000,,,,,,,,,
,,,0.6900596901631991,20000,0.6281881332397461,292.8283,397.311,24.834,,,,,
0.531,8.09500503540039,2.3082496635959012e-05,0.6917848393886071,20050,,,,,,,,,
0.5569,23.577404022216797,2.306524514370493e-05,0.6935099886140151,20100,,,,,,,,,
0.5519,10.794798851013184,2.3047993651450852e-05,0.6952351378394231,20150,,,,,,,,,
0.6113,7.683854103088379,2.303074215919677e-05,0.6969602870648312,20200,,,,,,,,,
0.615,12.785884857177734,2.301349066694269e-05,0.6986854362902392,20250,,,,,,,,,
0.6115,18.247276306152344,2.299623917468861e-05,0.700410585515647,20300,,,,,,,,,
0.6373,11.250429153442383,2.297898768243453e-05,0.7021357347410551,20350,,,,,,,,,
0.5193,13.300088882446289,2.296173619018045e-05,0.7038608839664631,20400,,,,,,,,,
0.6298,7.995356559753418,2.294448469792637e-05,0.7055860331918711,20450,,,,,,,,,
0.6003,17.395687103271484,2.292723320567229e-05,0.7073111824172791,20500,,,,,,,,,
0.5343,11.926281929016113,2.290998171341821e-05,0.7090363316426871,20550,,,,,,,,,
0.645,12.08244514465332,2.289273022116413e-05,0.7107614808680951,20600,,,,,,,,,
0.5821,5.829849720001221,2.287547872891005e-05,0.7124866300935031,20650,,,,,,,,,
0.6423,9.575182914733887,2.285822723665597e-05,0.7142117793189111,20700,,,,,,,,,
0.5927,12.671900749206543,2.2840975744401894e-05,0.7159369285443191,20750,,,,,,,,,
0.6323,21.646007537841797,2.2823724252147812e-05,0.7176620777697271,20800,,,,,,,,,
0.5294,12.881355285644531,2.2806472759893734e-05,0.7193872269951351,20850,,,,,,,,,
0.5776,23.123729705810547,2.2789221267639653e-05,0.721112376220543,20900,,,,,,,,,
0.5679,14.485006332397461,2.277196977538557e-05,0.722837525445951,20950,,,,,,,,,
0.5957,13.941751480102539,2.2754718283131493e-05,0.724562674671359,21000,,,,,,,,,
0.5971,7.989261627197266,2.273746679087741e-05,0.726287823896767,21050,,,,,,,,,
0.5379,16.5924129486084,2.2720215298623333e-05,0.7280129731221751,21100,,,,,,,,,
0.5314,29.086708068847656,2.270296380636925e-05,0.7297381223475831,21150,,,,,,,,,
0.5576,9.304068565368652,2.2685712314115174e-05,0.7314632715729911,21200,,,,,,,,,
0.5777,14.460509300231934,2.2668460821861092e-05,0.7331884207983991,21250,,,,,,,,,
0.5842,15.011249542236328,2.2651209329607014e-05,0.7349135700238071,21300,,,,,,,,,
0.5893,10.966839790344238,2.2633957837352932e-05,0.7366387192492151,21350,,,,,,,,,
0.5568,12.797188758850098,2.261670634509885e-05,0.7383638684746231,21400,,,,,,,,,
0.5447,9.553711891174316,2.2599454852844773e-05,0.7400890177000311,21450,,,,,,,,,
0.5631,6.409731864929199,2.258220336059069e-05,0.741814166925439,21500,,,,,,,,,
0.6226,8.395898818969727,2.2564951868336613e-05,0.743539316150847,21550,,,,,,,,,
0.5869,11.269518852233887,2.254770037608253e-05,0.745264465376255,21600,,,,,,,,,
0.568,9.426520347595215,2.2530448883828453e-05,0.746989614601663,21650,,,,,,,,,
0.4971,9.56247329711914,2.251319739157437e-05,0.748714763827071,21700,,,,,,,,,
0.5205,20.691614151000977,2.249594589932029e-05,0.750439913052479,21750,,,,,,,,,
0.621,11.692521095275879,2.2478694407066212e-05,0.752165062277887,21800,,,,,,,,,
0.5997,14.31056022644043,2.246144291481213e-05,0.753890211503295,21850,,,,,,,,,
0.5519,9.624041557312012,2.2444191422558052e-05,0.7556153607287031,21900,,,,,,,,,
0.564,9.242696762084961,2.242693993030397e-05,0.7573405099541111,21950,,,,,,,,,
0.5833,10.745759010314941,2.2409688438049892e-05,0.7590656591795191,22000,,,,,,,,,
0.5629,14.488607406616211,2.239243694579581e-05,0.7607908084049271,22050,,,,,,,,,
0.5881,20.274099349975586,2.237518545354173e-05,0.762515957630335,22100,,,,,,,,,
0.5636,9.439030647277832,2.235793396128765e-05,0.764241106855743,22150,,,,,,,,,
0.596,7.1926350593566895,2.234068246903357e-05,0.765966256081151,22200,,,,,,,,,
0.5117,13.652021408081055,2.232343097677949e-05,0.767691405306559,22250,,,,,,,,,
0.5784,14.060243606567383,2.230617948452541e-05,0.769416554531967,22300,,,,,,,,,
0.5805,19.55132484436035,2.2288927992271332e-05,0.771141703757375,22350,,,,,,,,,
0.5542,17.12212562561035,2.227167650001725e-05,0.772866852982783,22400,,,,,,,,,
0.5585,8.694357872009277,2.2254425007763172e-05,0.774592002208191,22450,,,,,,,,,
0.5782,16.3950138092041,2.223717351550909e-05,0.776317151433599,22500,,,,,,,,,
0.5502,6.647253513336182,2.2219922023255012e-05,0.778042300659007,22550,,,,,,,,,
0.6333,23.790000915527344,2.2202670531000934e-05,0.779767449884415,22600,,,,,,,,,
0.5203,2.7415056228637695,2.2185419038746853e-05,0.781492599109823,22650,,,,,,,,,
0.5579,8.925676345825195,2.2168167546492775e-05,0.783217748335231,22700,,,,,,,,,
0.5468,7.480615139007568,2.2150916054238693e-05,0.784942897560639,22750,,,,,,,,,
0.5799,6.4825544357299805,2.2133664561984615e-05,0.786668046786047,22800,,,,,,,,,
0.5566,9.802242279052734,2.2116413069730533e-05,0.788393196011455,22850,,,,,,,,,
0.5838,10.368570327758789,2.2099161577476452e-05,0.790118345236863,22900,,,,,,,,,
0.5031,13.165624618530273,2.2081910085222374e-05,0.791843494462271,22950,,,,,,,,,
0.5644,10.995975494384766,2.2064658592968292e-05,0.793568643687679,23000,,,,,,,,,
0.5519,12.610625267028809,2.2047407100714214e-05,0.795293792913087,23050,,,,,,,,,
0.5629,14.645923614501953,2.2030155608460132e-05,0.797018942138495,23100,,,,,,,,,
0.5614,13.449872016906738,2.2012904116206054e-05,0.798744091363903,23150,,,,,,,,,
0.5744,11.725541114807129,2.1995652623951973e-05,0.800469240589311,23200,,,,,,,,,
0.5234,8.889971733093262,2.197840113169789e-05,0.802194389814719,23250,,,,,,,,,
0.5534,8.014759063720703,2.1961149639443813e-05,0.8039195390401269,23300,,,,,,,,,
0.6209,19.44059181213379,2.194389814718973e-05,0.8056446882655349,23350,,,,,,,,,
0.5529,14.727752685546875,2.1926646654935653e-05,0.8073698374909429,23400,,,,,,,,,
0.533,11.083951950073242,2.190939516268157e-05,0.8090949867163509,23450,,,,,,,,,
0.6325,8.86829948425293,2.1892143670427494e-05,0.810820135941759,23500,,,,,,,,,
0.553,11.540861129760742,2.1874892178173412e-05,0.812545285167167,23550,,,,,,,,,
0.5455,12.073685646057129,2.1857640685919334e-05,0.814270434392575,23600,,,,,,,,,
0.4966,8.317999839782715,2.1840389193665252e-05,0.815995583617983,23650,,,,,,,,,
0.545,18.522722244262695,2.182313770141117e-05,0.817720732843391,23700,,,,,,,,,
0.5466,8.833870887756348,2.1805886209157093e-05,0.819445882068799,23750,,,,,,,,,
0.5379,6.332955360412598,2.178863471690301e-05,0.821171031294207,23800,,,,,,,,,
0.5575,8.679923057556152,2.1771383224648933e-05,0.822896180519615,23850,,,,,,,,,
0.5689,8.903451919555664,2.175413173239485e-05,0.8246213297450229,23900,,,,,,,,,
0.5128,8.783495903015137,2.1736880240140773e-05,0.8263464789704309,23950,,,,,,,,,
0.5139,18.664966583251953,2.171962874788669e-05,0.8280716281958389,24000,,,,,,,,,
0.5413,13.780210494995117,2.170237725563261e-05,0.8297967774212469,24050,,,,,,,,,
0.59,8.18571662902832,2.1685125763378532e-05,0.8315219266466549,24100,,,,,,,,,
0.5436,9.502968788146973,2.166787427112445e-05,0.8332470758720629,24150,,,,,,,,,
0.5576,13.82228946685791,2.1650622778870372e-05,0.8349722250974709,24200,,,,,,,,,
0.5893,16.914052963256836,2.163337128661629e-05,0.8366973743228789,24250,,,,,,,,,
0.616,9.308782577514648,2.1616119794362213e-05,0.838422523548287,24300,,,,,,,,,
0.55,11.386651992797852,2.159886830210813e-05,0.840147672773695,24350,,,,,,,,,
0.5427,7.176994323730469,2.1581616809854056e-05,0.841872821999103,24400,,,,,,,,,
0.5667,8.768634796142578,2.1564365317599975e-05,0.843597971224511,24450,,,,,,,,,
0.5198,10.554006576538086,2.1547113825345893e-05,0.8453231204499189,24500,,,,,,,,,
0.5294,9.265128135681152,2.1529862333091815e-05,0.8470482696753269,24550,,,,,,,,,
0.5437,7.727964878082275,2.1512610840837733e-05,0.8487734189007349,24600,,,,,,,,,
0.5199,13.818840026855469,2.1495359348583655e-05,0.8504985681261429,24650,,,,,,,,,
0.5333,14.557710647583008,2.1478107856329574e-05,0.8522237173515509,24700,,,,,,,,,
0.5424,25.959030151367188,2.1460856364075496e-05,0.8539488665769589,24750,,,,,,,,,
0.5802,18.367877960205078,2.1443604871821414e-05,0.8556740158023669,24800,,,,,,,,,
0.5241,9.37336540222168,2.1426353379567332e-05,0.8573991650277749,24850,,,,,,,,,
0.5641,7.86630392074585,2.1409101887313254e-05,0.8591243142531829,24900,,,,,,,,,
0.6002,9.709328651428223,2.1391850395059173e-05,0.8608494634785909,24950,,,,,,,,,
0.5378,10.226568222045898,2.1374598902805095e-05,0.8625746127039989,25000,,,,,,,,,
,,,0.8625746127039989,25000,0.6500602960586548,292.9515,397.144,24.823,,,,,
0.5207,10.630444526672363,2.1357347410551013e-05,0.8642997619294069,25050,,,,,,,,,
0.5321,9.956253051757812,2.1340095918296935e-05,0.866024911154815,25100,,,,,,,,,
0.4943,6.960829734802246,2.1322844426042853e-05,0.8677500603802228,25150,,,,,,,,,
0.5698,7.764441013336182,2.1305592933788772e-05,0.8694752096056308,25200,,,,,,,,,
0.5091,16.82806968688965,2.1288341441534694e-05,0.8712003588310389,25250,,,,,,,,,
0.5791,13.594268798828125,2.1271089949280612e-05,0.8729255080564469,25300,,,,,,,,,
0.5014,6.031179904937744,2.1253838457026534e-05,0.8746506572818549,25350,,,,,,,,,
0.5834,8.404619216918945,2.1236586964772452e-05,0.8763758065072629,25400,,,,,,,,,
0.5596,18.275007247924805,2.1219335472518374e-05,0.8781009557326709,25450,,,,,,,,,
0.558,12.291872024536133,2.1202083980264293e-05,0.8798261049580789,25500,,,,,,,,,
0.5787,12.195751190185547,2.1184832488010214e-05,0.8815512541834869,25550,,,,,,,,,
0.5697,15.347180366516113,2.1167580995756133e-05,0.8832764034088949,25600,,,,,,,,,
0.5798,13.950505256652832,2.115032950350205e-05,0.8850015526343029,25650,,,,,,,,,
0.5582,20.141725540161133,2.1133078011247973e-05,0.8867267018597109,25700,,,,,,,,,
0.6561,25.253271102905273,2.1115826518993892e-05,0.8884518510851188,25750,,,,,,,,,
0.5508,8.765402793884277,2.1098575026739814e-05,0.8901770003105268,25800,,,,,,,,,
0.5572,5.684798240661621,2.1081323534485732e-05,0.8919021495359348,25850,,,,,,,,,
0.5137,12.36473274230957,2.1064072042231654e-05,0.8936272987613428,25900,,,,,,,,,
0.5091,12.324198722839355,2.1046820549977572e-05,0.8953524479867508,25950,,,,,,,,,
0.5193,18.07135009765625,2.102956905772349e-05,0.8970775972121589,26000,,,,,,,,,
0.575,7.601790428161621,2.1012317565469413e-05,0.8988027464375669,26050,,,,,,,,,
0.5725,15.018213272094727,2.099506607321533e-05,0.9005278956629749,26100,,,,,,,,,
0.5549,3.6684770584106445,2.0977814580961253e-05,0.9022530448883829,26150,,,,,,,,,
0.491,13.733461380004883,2.0960563088707175e-05,0.9039781941137909,26200,,,,,,,,,
0.5719,10.201493263244629,2.0943311596453097e-05,0.9057033433391989,26250,,,,,,,,,
0.5209,14.767611503601074,2.0926060104199015e-05,0.9074284925646069,26300,,,,,,,,,
0.5522,14.969317436218262,2.0908808611944933e-05,0.9091536417900148,26350,,,,,,,,,
0.5867,8.76634407043457,2.0891557119690855e-05,0.9108787910154228,26400,,,,,,,,,
0.4968,11.629171371459961,2.0874305627436774e-05,0.9126039402408308,26450,,,,,,,,,
0.5582,14.967567443847656,2.0857054135182696e-05,0.9143290894662388,26500,,,,,,,,,
0.5441,14.482640266418457,2.0839802642928614e-05,0.9160542386916468,26550,,,,,,,,,
0.5485,20.178699493408203,2.0822551150674536e-05,0.9177793879170548,26600,,,,,,,,,
0.5493,8.447235107421875,2.0805299658420454e-05,0.9195045371424628,26650,,,,,,,,,
0.5499,12.000566482543945,2.0788048166166376e-05,0.9212296863678708,26700,,,,,,,,,
0.5831,15.652453422546387,2.0770796673912295e-05,0.9229548355932788,26750,,,,,,,,,
0.5215,9.760513305664062,2.0753545181658213e-05,0.9246799848186869,26800,,,,,,,,,
0.5378,12.443707466125488,2.0736293689404135e-05,0.9264051340440949,26850,,,,,,,,,
0.562,13.272490501403809,2.0719042197150053e-05,0.9281302832695029,26900,,,,,,,,,
0.5643,22.285863876342773,2.0701790704895975e-05,0.9298554324949108,26950,,,,,,,,,
0.5249,14.189570426940918,2.0684539212641894e-05,0.9315805817203188,27000,,,,,,,,,
0.5178,12.494901657104492,2.0667287720387816e-05,0.9333057309457268,27050,,,,,,,,,
0.5213,9.602492332458496,2.0650036228133734e-05,0.9350308801711348,27100,,,,,,,,,
0.5727,13.207503318786621,2.0632784735879652e-05,0.9367560293965428,27150,,,,,,,,,
0.5035,9.904195785522461,2.0615533243625574e-05,0.9384811786219508,27200,,,,,,,,,
0.5539,10.6539888381958,2.0598281751371493e-05,0.9402063278473588,27250,,,,,,,,,
0.4666,16.45204734802246,2.0581030259117415e-05,0.9419314770727668,27300,,,,,,,,,
0.5362,18.301847457885742,2.0563778766863333e-05,0.9436566262981748,27350,,,,,,,,,
0.5284,7.1659159660339355,2.0546527274609255e-05,0.9453817755235828,27400,,,,,,,,,
0.5539,19.818269729614258,2.0529275782355173e-05,0.9471069247489908,27450,,,,,,,,,
0.5493,12.838778495788574,2.0512024290101092e-05,0.9488320739743988,27500,,,,,,,,,
0.4971,5.288315773010254,2.0494772797847014e-05,0.9505572231998067,27550,,,,,,,,,
0.5469,16.466211318969727,2.0477521305592932e-05,0.9522823724252147,27600,,,,,,,,,
0.4791,7.2181925773620605,2.0460269813338854e-05,0.9540075216506227,27650,,,,,,,,,
0.5584,13.215042114257812,2.0443018321084772e-05,0.9557326708760308,27700,,,,,,,,,
0.5377,17.139741897583008,2.0425766828830694e-05,0.9574578201014388,27750,,,,,,,,,
0.4941,13.241991996765137,2.0408515336576613e-05,0.9591829693268468,27800,,,,,,,,,
0.5655,14.123871803283691,2.0391263844322535e-05,0.9609081185522548,27850,,,,,,,,,
0.5599,4.386043071746826,2.0374012352068453e-05,0.9626332677776628,27900,,,,,,,,,
0.4999,15.373981475830078,2.035676085981437e-05,0.9643584170030708,27950,,,,,,,,,
0.5046,10.563655853271484,2.0339509367560297e-05,0.9660835662284788,28000,,,,,,,,,
0.5524,13.67821216583252,2.0322257875306215e-05,0.9678087154538868,28050,,,,,,,,,
0.4942,16.75464630126953,2.0305006383052137e-05,0.9695338646792948,28100,,,,,,,,,
0.4603,18.018827438354492,2.0287754890798055e-05,0.9712590139047027,28150,,,,,,,,,
0.5306,13.780261993408203,2.0270503398543977e-05,0.9729841631301107,28200,,,,,,,,,
0.507,13.19674301147461,2.0253251906289896e-05,0.9747093123555187,28250,,,,,,,,,
0.4938,5.419245719909668,2.0236000414035814e-05,0.9764344615809267,28300,,,,,,,,,
0.5427,24.642671585083008,2.0218748921781736e-05,0.9781596108063347,28350,,,,,,,,,
0.515,10.056814193725586,2.0201497429527654e-05,0.9798847600317427,28400,,,,,,,,,
0.4957,12.291080474853516,2.0184245937273576e-05,0.9816099092571507,28450,,,,,,,,,
0.6113,15.076770782470703,2.0166994445019495e-05,0.9833350584825588,28500,,,,,,,,,
0.486,19.370454788208008,2.0149742952765417e-05,0.9850602077079668,28550,,,,,,,,,
0.5489,3.2680535316467285,2.0132491460511335e-05,0.9867853569333748,28600,,,,,,,,,
0.4906,10.086190223693848,2.0115239968257257e-05,0.9885105061587828,28650,,,,,,,,,
0.4831,11.11545467376709,2.0097988476003175e-05,0.9902356553841908,28700,,,,,,,,,
0.4942,4.662642002105713,2.0080736983749094e-05,0.9919608046095987,28750,,,,,,,,,
0.4578,17.33867645263672,2.0063485491495016e-05,0.9936859538350067,28800,,,,,,,,,
0.5444,11.29161548614502,2.0046233999240934e-05,0.9954111030604147,28850,,,,,,,,,
0.4856,7.745406150817871,2.0028982506986856e-05,0.9971362522858227,28900,,,,,,,,,
0.5572,8.8145112991333,2.0011731014732774e-05,0.9988614015112307,28950,,,,,,,,,
0.4273,10.47590160369873,1.9994479522478696e-05,1.0005865507366387,29000,,,,,,,,,
0.4197,15.34671401977539,1.9977228030224615e-05,1.0023116999620467,29050,,,,,,,,,
0.3828,18.3324031829834,1.9959976537970533e-05,1.0040368491874547,29100,,,,,,,,,
0.3774,24.438756942749023,1.9942725045716455e-05,1.0057619984128627,29150,,,,,,,,,
0.3814,7.197426795959473,1.9925473553462373e-05,1.0074871476382707,29200,,,,,,,,,
0.385,9.009147644042969,1.9908222061208295e-05,1.0092122968636787,29250,,,,,,,,,
0.3889,4.463683128356934,1.9890970568954214e-05,1.0109374460890868,29300,,,,,,,,,
0.4139,8.422001838684082,1.9873719076700136e-05,1.0126625953144948,29350,,,,,,,,,
0.3869,5.846883296966553,1.9856467584446054e-05,1.0143877445399028,29400,,,,,,,,,
0.4246,7.105283737182617,1.9839216092191972e-05,1.0161128937653108,29450,,,,,,,,,
0.3814,16.834590911865234,1.9821964599937894e-05,1.0178380429907188,29500,,,,,,,,,
0.3706,7.815739631652832,1.9804713107683813e-05,1.0195631922161268,29550,,,,,,,,,
0.4368,15.270317077636719,1.9787461615429735e-05,1.0212883414415348,29600,,,,,,,,,
0.3563,12.457504272460938,1.9770210123175653e-05,1.0230134906669426,29650,,,,,,,,,
0.4229,22.557079315185547,1.9752958630921575e-05,1.0247386398923506,29700,,,,,,,,,
0.374,6.767134666442871,1.9735707138667493e-05,1.0264637891177586,29750,,,,,,,,,
0.3659,18.775163650512695,1.971845564641342e-05,1.0281889383431666,29800,,,,,,,,,
0.3815,12.632649421691895,1.9701204154159337e-05,1.0299140875685746,29850,,,,,,,,,
0.3629,5.523781776428223,1.9683952661905255e-05,1.0316392367939826,29900,,,,,,,,,
0.3711,12.844156265258789,1.9666701169651177e-05,1.0333643860193906,29950,,,,,,,,,
0.4102,2.479001522064209,1.9649449677397096e-05,1.0350895352447986,30000,,,,,,,,,
,,,1.0350895352447986,30000,0.6967011094093323,292.6844,397.507,24.846,,,,,
0.3876,8.77794361114502,1.9632198185143018e-05,1.0368146844702066,30050,,,,,,,,,
0.3582,9.498336791992188,1.9614946692888936e-05,1.0385398336956146,30100,,,,,,,,,
0.3485,1.525413155555725,1.9597695200634858e-05,1.0402649829210227,30150,,,,,,,,,
0.3919,10.875731468200684,1.9580443708380776e-05,1.0419901321464307,30200,,,,,,,,,
0.3548,12.336065292358398,1.9563192216126695e-05,1.0437152813718387,30250,,,,,,,,,
0.3547,3.7445414066314697,1.9545940723872617e-05,1.0454404305972467,30300,,,,,,,,,
0.4256,30.719961166381836,1.9528689231618535e-05,1.0471655798226547,30350,,,,,,,,,
0.4191,6.9397735595703125,1.9511437739364457e-05,1.0488907290480627,30400,,,,,,,,,
0.3699,21.113351821899414,1.9494186247110375e-05,1.0506158782734707,30450,,,,,,,,,
0.4425,20.86834716796875,1.9476934754856297e-05,1.0523410274988787,30500,,,,,,,,,
0.4439,7.837395668029785,1.9459683262602216e-05,1.0540661767242867,30550,,,,,,,,,
0.3874,7.964264392852783,1.9442431770348134e-05,1.0557913259496947,30600,,,,,,,,,
0.467,9.243135452270508,1.9425180278094056e-05,1.0575164751751027,30650,,,,,,,,,
0.4308,14.301505088806152,1.9407928785839974e-05,1.0592416244005107,30700,,,,,,,,,
0.3385,14.632715225219727,1.9390677293585896e-05,1.0609667736259187,30750,,,,,,,,,
0.4231,27.995420455932617,1.9373425801331815e-05,1.0626919228513267,30800,,,,,,,,,
0.397,13.791078567504883,1.9356174309077737e-05,1.0644170720767345,30850,,,,,,,,,
0.3976,11.905868530273438,1.9338922816823655e-05,1.0661422213021425,30900,,,,,,,,,
0.3946,10.687116622924805,1.9321671324569577e-05,1.0678673705275505,30950,,,,,,,,,
0.3722,15.26495361328125,1.9304419832315495e-05,1.0695925197529585,31000,,,,,,,,,
0.4078,19.548067092895508,1.9287168340061414e-05,1.0713176689783666,31050,,,,,,,,,
0.4378,16.25356674194336,1.9269916847807336e-05,1.0730428182037746,31100,,,,,,,,,
0.3694,12.748903274536133,1.9252665355553254e-05,1.0747679674291826,31150,,,,,,,,,
0.3929,8.05548095703125,1.9235413863299176e-05,1.0764931166545906,31200,,,,,,,,,
0.372,3.5483052730560303,1.9218162371045094e-05,1.0782182658799986,31250,,,,,,,,,
0.3559,11.979903221130371,1.9200910878791016e-05,1.0799434151054066,31300,,,,,,,,,
0.3618,6.65690279006958,1.9183659386536935e-05,1.0816685643308146,31350,,,,,,,,,
0.4176,6.133031845092773,1.9166407894282853e-05,1.0833937135562226,31400,,,,,,,,,
0.3872,19.873018264770508,1.9149156402028775e-05,1.0851188627816306,31450,,,,,,,,,
0.4017,15.669096946716309,1.9131904909774693e-05,1.0868440120070386,31500,,,,,,,,,
0.4107,16.424583435058594,1.9114653417520615e-05,1.0885691612324466,31550,,,,,,,,,
0.3749,12.080467224121094,1.9097401925266534e-05,1.0902943104578546,31600,,,,,,,,,
0.4534,9.588953018188477,1.908015043301246e-05,1.0920194596832626,31650,,,,,,,,,
0.4347,6.012679576873779,1.9062898940758377e-05,1.0937446089086706,31700,,,,,,,,,
0.3542,13.842755317687988,1.9045647448504296e-05,1.0954697581340787,31750,,,,,,,,,
0.3535,5.558513641357422,1.9028395956250218e-05,1.0971949073594867,31800,,,,,,,,,
0.3672,8.652153968811035,1.9011144463996136e-05,1.0989200565848947,31850,,,,,,,,,
0.4445,4.367512226104736,1.8993892971742058e-05,1.1006452058103027,31900,,,,,,,,,
0.385,26.848573684692383,1.8976641479487976e-05,1.1023703550357107,31950,,,,,,,,,
0.4242,5.624452114105225,1.8959389987233898e-05,1.1040955042611187,32000,,,,,,,,,
0.385,17.108604431152344,1.8942138494979817e-05,1.1058206534865267,32050,,,,,,,,,
0.3338,6.236024856567383,1.892488700272574e-05,1.1075458027119345,32100,,,,,,,,,
0.4483,9.069889068603516,1.8907635510471657e-05,1.1092709519373425,32150,,,,,,,,,
0.4158,8.605693817138672,1.8890384018217576e-05,1.1109961011627505,32200,,,,,,,,,
0.4194,10.585030555725098,1.8873132525963497e-05,1.1127212503881585,32250,,,,,,,,,
0.3192,13.139877319335938,1.8855881033709416e-05,1.1144463996135665,32300,,,,,,,,,
0.3876,5.9092302322387695,1.8838629541455338e-05,1.1161715488389745,32350,,,,,,,,,
0.3402,16.6185359954834,1.8821378049201256e-05,1.1178966980643825,32400,,,,,,,,,
0.356,14.6566162109375,1.8804126556947178e-05,1.1196218472897905,32450,,,,,,,,,
0.3937,7.521387577056885,1.8786875064693096e-05,1.1213469965151985,32500,,,,,,,,,
0.4136,12.269787788391113,1.8769623572439015e-05,1.1230721457406065,32550,,,,,,,,,
0.4444,22.67606544494629,1.8752372080184937e-05,1.1247972949660145,32600,,,,,,,,,
0.3693,13.465709686279297,1.8735120587930855e-05,1.1265224441914226,32650,,,,,,,,,
0.39,6.868785858154297,1.8717869095676777e-05,1.1282475934168306,32700,,,,,,,,,
0.3962,11.435981750488281,1.8700617603422695e-05,1.1299727426422386,32750,,,,,,,,,
0.3967,1.9697768688201904,1.8683366111168617e-05,1.1316978918676466,32800,,,,,,,,,
0.3905,8.742743492126465,1.8666114618914536e-05,1.1334230410930546,32850,,,,,,,,,
0.4058,19.281147003173828,1.8648863126660458e-05,1.1351481903184626,32900,,,,,,,,,
0.3805,17.383813858032227,1.8631611634406376e-05,1.1368733395438706,32950,,,,,,,,,
0.4353,32.747535705566406,1.8614360142152294e-05,1.1385984887692786,33000,,,,,,,,,
0.3642,7.09115743637085,1.8597108649898216e-05,1.1403236379946866,33050,,,,,,,,,
0.4159,23.216764450073242,1.8579857157644135e-05,1.1420487872200946,33100,,,,,,,,,
0.497,10.853315353393555,1.8562605665390057e-05,1.1437739364455026,33150,,,,,,,,,
0.4004,8.59649658203125,1.8545354173135975e-05,1.1454990856709104,33200,,,,,,,,,
0.4031,15.448606491088867,1.8528102680881897e-05,1.1472242348963184,33250,,,,,,,,,
0.3346,12.8879976272583,1.8510851188627815e-05,1.1489493841217264,33300,,,,,,,,,
0.3719,12.102316856384277,1.8493599696373734e-05,1.1506745333471344,33350,,,,,,,,,
0.3949,23.074478149414062,1.8476348204119656e-05,1.1523996825725424,33400,,,,,,,,,
0.4244,13.470149040222168,1.8459096711865578e-05,1.1541248317979504,33450,,,,,,,,,
0.3727,10.823641777038574,1.84418452196115e-05,1.1558499810233585,33500,,,,,,,,,
0.3531,8.602005004882812,1.8424593727357418e-05,1.1575751302487665,33550,,,,,,,,,
0.3465,19.059690475463867,1.840734223510334e-05,1.1593002794741745,33600,,,,,,,,,
0.3543,15.177312850952148,1.8390090742849258e-05,1.1610254286995825,33650,,,,,,,,,
0.3893,9.413887023925781,1.8372839250595177e-05,1.1627505779249905,33700,,,,,,,,,
0.3482,2.272223949432373,1.83555877583411e-05,1.1644757271503985,33750,,,,,,,,,
0.4608,12.812929153442383,1.8338336266087017e-05,1.1662008763758065,33800,,,,,,,,,
0.4147,6.20414400100708,1.832108477383294e-05,1.1679260256012145,33850,,,,,,,,,
0.3979,9.826089859008789,1.8303833281578857e-05,1.1696511748266225,33900,,,,,,,,,
0.3821,7.1936564445495605,1.828658178932478e-05,1.1713763240520305,33950,,,,,,,,,
0.4071,10.6131010055542,1.8269330297070697e-05,1.1731014732774385,34000,,,,,,,,,
0.3345,4.521677494049072,1.825207880481662e-05,1.1748266225028465,34050,,,,,,,,,
0.3661,15.31363582611084,1.8234827312562538e-05,1.1765517717282545,34100,,,,,,,,,
0.4013,29.91598892211914,1.8217575820308456e-05,1.1782769209536625,34150,,,,,,,,,
0.3863,20.97469711303711,1.8200324328054378e-05,1.1800020701790706,34200,,,,,,,,,
0.4004,3.926248073577881,1.8183072835800296e-05,1.1817272194044786,34250,,,,,,,,,
0.3601,3.912510871887207,1.816582134354622e-05,1.1834523686298866,34300,,,,,,,,,
0.3756,26.98408317565918,1.8148569851292137e-05,1.1851775178552946,34350,,,,,,,,,
0.4137,10.527931213378906,1.813131835903806e-05,1.1869026670807026,34400,,,,,,,,,
0.4205,16.809999465942383,1.8114066866783977e-05,1.1886278163061106,34450,,,,,,,,,
0.385,7.347232341766357,1.8096815374529896e-05,1.1903529655315186,34500,,,,,,,,,
0.4068,23.73628044128418,1.8079563882275817e-05,1.1920781147569266,34550,,,,,,,,,
0.4198,6.136487007141113,1.8062312390021736e-05,1.1938032639823344,34600,,,,,,,,,
0.3593,18.118928909301758,1.8045060897767658e-05,1.1955284132077424,34650,,,,,,,,,
0.3849,19.330141067504883,1.8027809405513576e-05,1.1972535624331504,34700,,,,,,,,,
0.424,14.430920600891113,1.8010557913259498e-05,1.1989787116585584,34750,,,,,,,,,
0.4259,8.412660598754883,1.7993306421005416e-05,1.2007038608839664,34800,,,,,,,,,
0.3749,17.61756706237793,1.7976054928751335e-05,1.2024290101093744,34850,,,,,,,,,
0.4165,11.227681159973145,1.7958803436497257e-05,1.2041541593347824,34900,,,,,,,,,
0.3278,11.28640079498291,1.7941551944243175e-05,1.2058793085601904,34950,,,,,,,,,
0.4204,14.044075012207031,1.7924300451989097e-05,1.2076044577855984,35000,,,,,,,,,
,,,1.2076044577855984,35000,0.6777267456054688,292.653,397.549,24.849,,,,,
0.3696,5.610522270202637,1.7907048959735015e-05,1.2093296070110064,35050,,,,,,,,,
0.3804,8.092107772827148,1.7889797467480937e-05,1.2110547562364145,35100,,,,,,,,,
0.3712,19.197351455688477,1.7872545975226856e-05,1.2127799054618225,35150,,,,,,,,,
0.3999,8.248326301574707,1.7855294482972778e-05,1.2145050546872305,35200,,,,,,,,,
0.3456,14.48229694366455,1.78380429907187e-05,1.2162302039126385,35250,,,,,,,,,
0.3678,14.030075073242188,1.7820791498464618e-05,1.2179553531380465,35300,,,,,,,,,
0.3872,7.413409233093262,1.780354000621054e-05,1.2196805023634545,35350,,,,,,,,,
0.4179,40.95473861694336,1.7786288513956458e-05,1.2214056515888625,35400,,,,,,,,,
0.3863,12.462787628173828,1.776903702170238e-05,1.2231308008142705,35450,,,,,,,,,
0.3269,5.506324768066406,1.77517855294483e-05,1.2248559500396785,35500,,,,,,,,,
0.3958,8.704009056091309,1.773453403719422e-05,1.2265810992650865,35550,,,,,,,,,
0.4117,7.245436668395996,1.771728254494014e-05,1.2283062484904945,35600,,,,,,,,,
0.3892,35.674949645996094,1.7700031052686057e-05,1.2300313977159023,35650,,,,,,,,,
0.4205,10.240265846252441,1.768277956043198e-05,1.2317565469413103,35700,,,,,,,,,
0.3556,1.7623180150985718,1.7665528068177898e-05,1.2334816961667183,35750,,,,,,,,,
0.328,9.301900863647461,1.764827657592382e-05,1.2352068453921263,35800,,,,,,,,,
0.377,14.338242530822754,1.7631025083669738e-05,1.2369319946175343,35850,,,,,,,,,
0.3662,5.058361053466797,1.761377359141566e-05,1.2386571438429423,35900,,,,,,,,,
0.3709,5.391087532043457,1.7596522099161578e-05,1.2403822930683504,35950,,,,,,,,,
0.4342,16.66762351989746,1.7579270606907497e-05,1.2421074422937584,36000,,,,,,,,,
0.4303,8.159071922302246,1.756201911465342e-05,1.2438325915191664,36050,,,,,,,,,
0.3756,17.935697555541992,1.7544767622399337e-05,1.2455577407445744,36100,,,,,,,,,
0.3869,18.84381675720215,1.752751613014526e-05,1.2472828899699824,36150,,,,,,,,,
0.4046,15.30803394317627,1.7510264637891177e-05,1.2490080391953904,36200,,,,,,,,,
0.3817,14.125791549682617,1.74930131456371e-05,1.2507331884207984,36250,,,,,,,,,
0.3628,13.733450889587402,1.7475761653383017e-05,1.2524583376462064,36300,,,,,,,,,
0.3579,7.7465949058532715,1.745851016112894e-05,1.2541834868716144,36350,,,,,,,,,
0.3407,15.285928726196289,1.7441258668874858e-05,1.2559086360970224,36400,,,,,,,,,
0.3578,11.538200378417969,1.7424007176620776e-05,1.2576337853224304,36450,,,,,,,,,
0.4149,5.117239475250244,1.7406755684366698e-05,1.2593589345478384,36500,,,,,,,,,
0.39,7.744292259216309,1.7389504192112616e-05,1.2610840837732464,36550,,,,,,,,,
0.3583,18.186092376708984,1.737225269985854e-05,1.2628092329986544,36600,,,,,,,,,
0.3991,10.014888763427734,1.7355001207604457e-05,1.2645343822240624,36650,,,,,,,,,
0.3856,6.243982315063477,1.733774971535038e-05,1.2662595314494705,36700,,,,,,,,,
0.3952,2.514436721801758,1.7320498223096297e-05,1.2679846806748785,36750,,,,,,,,,
0.3625,17.93385124206543,1.7303246730842216e-05,1.2697098299002865,36800,,,,,,,,,
0.3601,5.445304870605469,1.7285995238588137e-05,1.2714349791256945,36850,,,,,,,,,
0.4003,19.803356170654297,1.7268743746334056e-05,1.2731601283511025,36900,,,,,,,,,
0.3984,10.424758911132812,1.7251492254079978e-05,1.2748852775765105,36950,,,,,,,,,
0.3939,12.513912200927734,1.7234240761825896e-05,1.2766104268019185,37000,,,,,,,,,
0.3292,3.7772181034088135,1.7216989269571818e-05,1.2783355760273263,37050,,,,,,,,,
0.409,6.855206489562988,1.719973777731774e-05,1.2800607252527343,37100,,,,,,,,,
0.4095,8.97662353515625,1.7182486285063658e-05,1.2817858744781423,37150,,,,,,,,,
0.3597,15.180553436279297,1.716523479280958e-05,1.2835110237035503,37200,,,,,,,,,
0.3827,15.166497230529785,1.71479833005555e-05,1.2852361729289583,37250,,,,,,,,,
0.3393,6.969770431518555,1.713073180830142e-05,1.2869613221543663,37300,,,,,,,,,
0.3189,10.620633125305176,1.711348031604734e-05,1.2886864713797743,37350,,,,,,,,,
0.3974,16.17070198059082,1.709622882379326e-05,1.2904116206051823,37400,,,,,,,,,
0.4561,8.590208053588867,1.707897733153918e-05,1.2921367698305903,37450,,,,,,,,,
0.3679,9.489517211914062,1.70617258392851e-05,1.2938619190559983,37500,,,,,,,,,
0.4405,15.525691032409668,1.704447434703102e-05,1.2955870682814064,37550,,,,,,,,,
0.4015,7.747929573059082,1.7027222854776938e-05,1.2973122175068144,37600,,,,,,,,,
0.3204,4.503544807434082,1.700997136252286e-05,1.2990373667322224,37650,,,,,,,,,
0.3904,7.916823387145996,1.6992719870268778e-05,1.3007625159576304,37700,,,,,,,,,
0.3845,5.118090629577637,1.69754683780147e-05,1.3024876651830384,37750,,,,,,,,,
0.3526,16.032625198364258,1.695821688576062e-05,1.3042128144084464,37800,,,,,,,,,
0.3514,3.9626200199127197,1.694096539350654e-05,1.3059379636338544,37850,,,,,,,,,
0.3816,11.314026832580566,1.692371390125246e-05,1.3076631128592624,37900,,,,,,,,,
0.3814,13.253986358642578,1.6906462408998377e-05,1.3093882620846704,37950,,,,,,,,,
0.3831,10.98872184753418,1.68892109167443e-05,1.3111134113100782,38000,,,,,,,,,
0.3707,14.731220245361328,1.6871959424490218e-05,1.3128385605354862,38050,,,,,,,,,
0.3641,21.226362228393555,1.685470793223614e-05,1.3145637097608942,38100,,,,,,,,,
0.3676,6.9964375495910645,1.6837456439982058e-05,1.3162888589863022,38150,,,,,,,,,
0.3949,11.331128120422363,1.682020494772798e-05,1.3180140082117102,38200,,,,,,,,,
0.3796,5.545437812805176,1.6802953455473898e-05,1.3197391574371182,38250,,,,,,,,,
0.3662,13.388504981994629,1.678570196321982e-05,1.3214643066625262,38300,,,,,,,,,
0.353,13.597599983215332,1.676845047096574e-05,1.3231894558879342,38350,,,,,,,,,
0.3733,6.341464042663574,1.6751198978711657e-05,1.3249146051133422,38400,,,,,,,,,
0.3755,15.351141929626465,1.673394748645758e-05,1.3266397543387503,38450,,,,,,,,,
0.3398,5.628968238830566,1.6716695994203497e-05,1.3283649035641583,38500,,,,,,,,,
0.5105,14.681178092956543,1.669944450194942e-05,1.3300900527895663,38550,,,,,,,,,
0.387,8.484588623046875,1.6682193009695337e-05,1.3318152020149743,38600,,,,,,,,,
0.4129,6.637336730957031,1.666494151744126e-05,1.3335403512403823,38650,,,,,,,,,
0.4153,7.744027614593506,1.6647690025187178e-05,1.3352655004657903,38700,,,,,,,,,
0.3179,9.440733909606934,1.6630438532933096e-05,1.3369906496911983,38750,,,,,,,,,
0.356,10.73885726928711,1.6613187040679018e-05,1.3387157989166063,38800,,,,,,,,,
0.4246,8.203432083129883,1.6595935548424937e-05,1.3404409481420143,38850,,,,,,,,,
0.3884,14.877176284790039,1.6578684056170862e-05,1.3421660973674223,38900,,,,,,,,,
0.4557,9.983198165893555,1.656143256391678e-05,1.3438912465928303,38950,,,,,,,,,
0.4225,7.427349090576172,1.6544181071662702e-05,1.3456163958182383,39000,,,,,,,,,
0.4107,12.757120132446289,1.652692957940862e-05,1.3473415450436463,39050,,,,,,,,,
0.3882,13.264206886291504,1.650967808715454e-05,1.3490666942690543,39100,,,,,,,,,
0.3481,8.928531646728516,1.649242659490046e-05,1.3507918434944624,39150,,,,,,,,,
0.3679,15.224194526672363,1.647517510264638e-05,1.3525169927198704,39200,,,,,,,,,
0.3524,14.70096206665039,1.64579236103923e-05,1.3542421419452784,39250,,,,,,,,,
0.4209,4.721097946166992,1.644067211813822e-05,1.3559672911706864,39300,,,,,,,,,
0.3831,10.77066421508789,1.642342062588414e-05,1.3576924403960944,39350,,,,,,,,,
0.3243,12.325002670288086,1.640616913363006e-05,1.3594175896215024,39400,,,,,,,,,
0.3822,6.512702941894531,1.638891764137598e-05,1.3611427388469104,39450,,,,,,,,,
0.3226,12.09787654876709,1.63716661491219e-05,1.3628678880723182,39500,,,,,,,,,
0.4475,12.305099487304688,1.635441465686782e-05,1.3645930372977262,39550,,,,,,,,,
0.3917,12.271486282348633,1.633716316461374e-05,1.3663181865231342,39600,,,,,,,,,
0.4292,8.836909294128418,1.631991167235966e-05,1.3680433357485422,39650,,,,,,,,,
0.3492,15.034032821655273,1.630266018010558e-05,1.3697684849739502,39700,,,,,,,,,
0.3738,26.147401809692383,1.62854086878515e-05,1.3714936341993582,39750,,,,,,,,,
0.3676,20.187822341918945,1.626815719559742e-05,1.3732187834247662,39800,,,,,,,,,
0.3769,2.4999332427978516,1.625090570334334e-05,1.3749439326501742,39850,,,,,,,,,
0.3371,16.997779846191406,1.6233654211089258e-05,1.3766690818755822,39900,,,,,,,,,
0.3808,7.1434712409973145,1.621640271883518e-05,1.3783942311009902,39950,,,,,,,,,
0.3627,5.154646873474121,1.6199151226581098e-05,1.3801193803263982,40000,,,,,,,,,
,,,1.3801193803263982,40000,0.6890345215797424,292.6596,397.54,24.848,,,,,
0.3912,6.72700834274292,1.618189973432702e-05,1.3818445295518063,40050,,,,,,,,,
0.4392,13.15981388092041,1.616464824207294e-05,1.3835696787772143,40100,,,,,,,,,
0.4276,8.023698806762695,1.614739674981886e-05,1.3852948280026223,40150,,,,,,,,,
0.3578,4.830056667327881,1.613014525756478e-05,1.3870199772280303,40200,,,,,,,,,
0.3653,5.004202365875244,1.6112893765310697e-05,1.3887451264534383,40250,,,,,,,,,
0.3554,7.686151504516602,1.609564227305662e-05,1.3904702756788463,40300,,,,,,,,,
0.3589,6.322291851043701,1.6078390780802538e-05,1.3921954249042543,40350,,,,,,,,,
0.352,3.627775192260742,1.606113928854846e-05,1.393920574129662,40400,,,,,,,,,
0.3678,9.181897163391113,1.6043887796294378e-05,1.39564572335507,40450,,,,,,,,,
0.3948,12.649774551391602,1.60266363040403e-05,1.397370872580478,40500,,,,,,,,,
0.4041,8.623804092407227,1.6009384811786218e-05,1.399096021805886,40550,,,,,,,,,
0.3528,10.860840797424316,1.599213331953214e-05,1.400821171031294,40600,,,,,,,,,
0.4146,7.553542613983154,1.597488182727806e-05,1.4025463202567021,40650,,,,,,,,,
0.371,13.227632522583008,1.595763033502398e-05,1.4042714694821101,40700,,,,,,,,,
0.3267,9.72954273223877,1.5940378842769902e-05,1.4059966187075181,40750,,,,,,,,,
0.3478,15.795759201049805,1.592312735051582e-05,1.4077217679329261,40800,,,,,,,,,
0.4068,15.238408088684082,1.5905875858261742e-05,1.4094469171583341,40850,,,,,,,,,
0.35,7.956450462341309,1.588862436600766e-05,1.4111720663837422,40900,,,,,,,,,
0.4249,8.896583557128906,1.5871372873753583e-05,1.4128972156091502,40950,,,,,,,,,
0.3391,13.055307388305664,1.58541213814995e-05,1.4146223648345582,41000,,,,,,,,,
0.3813,14.003740310668945,1.583686988924542e-05,1.4163475140599662,41050,,,,,,,,,
0.4168,9.126670837402344,1.581961839699134e-05,1.4180726632853742,41100,,,,,,,,,
0.3452,3.7815091609954834,1.580236690473726e-05,1.4197978125107822,41150,,,,,,,,,
0.407,11.113723754882812,1.5785115412483182e-05,1.4215229617361902,41200,,,,,,,,,
0.3061,20.64781951904297,1.57678639202291e-05,1.4232481109615982,41250,,,,,,,,,
0.4073,13.35242748260498,1.5750612427975022e-05,1.4249732601870062,41300,,,,,,,,,
0.3907,13.646759033203125,1.573336093572094e-05,1.4266984094124142,41350,,,,,,,,,
0.3348,6.7638115882873535,1.571610944346686e-05,1.4284235586378222,41400,,,,,,,,,
0.331,10.469627380371094,1.569885795121278e-05,1.4301487078632302,41450,,,,,,,,,
0.3577,2.7359163761138916,1.56816064589587e-05,1.4318738570886382,41500,,,,,,,,,
0.3946,7.677228927612305,1.566435496670462e-05,1.4335990063140462,41550,,,,,,,,,
0.3612,16.94190216064453,1.564710347445054e-05,1.4353241555394542,41600,,,,,,,,,
0.4332,13.971558570861816,1.562985198219646e-05,1.4370493047648623,41650,,,,,,,,,
0.3795,18.207275390625,1.561260048994238e-05,1.4387744539902703,41700,,,,,,,,,
0.3587,5.875053882598877,1.55953489976883e-05,1.4404996032156783,41750,,,,,,,,,
0.3624,8.527104377746582,1.557809750543422e-05,1.4422247524410863,41800,,,,,,,,,
0.3445,12.342988967895508,1.556084601318014e-05,1.4439499016664943,41850,,,,,,,,,
0.368,13.058100700378418,1.554359452092606e-05,1.445675050891902,41900,,,,,,,,,
0.415,8.408062934875488,1.552634302867198e-05,1.44740020011731,41950,,,,,,,,,
0.4031,9.25131607055664,1.55090915364179e-05,1.449125349342718,42000,,,,,,,,,
0.4143,14.349323272705078,1.549184004416382e-05,1.450850498568126,42050,,,,,,,,,
0.3592,4.849011421203613,1.547458855190974e-05,1.452575647793534,42100,,,,,,,,,
0.4056,10.380005836486816,1.545733705965566e-05,1.454300797018942,42150,,,,,,,,,
0.4031,14.228503227233887,1.5440085567401578e-05,1.4560259462443501,42200,,,,,,,,,
0.3311,9.497127532958984,1.54228340751475e-05,1.4577510954697581,42250,,,,,,,,,
0.4381,3.9418768882751465,1.5405582582893418e-05,1.4594762446951661,42300,,,,,,,,,
0.3481,7.162246227264404,1.538833109063934e-05,1.4612013939205741,42350,,,,,,,,,
0.3424,9.291473388671875,1.537107959838526e-05,1.4629265431459821,42400,,,,,,,,,
0.364,8.026041984558105,1.535382810613118e-05,1.4646516923713901,42450,,,,,,,,,
0.4011,13.434203147888184,1.5336576613877102e-05,1.4663768415967982,42500,,,,,,,,,
0.3838,11.390233993530273,1.531932512162302e-05,1.4681019908222062,42550,,,,,,,,,
0.3039,11.90239429473877,1.5302073629368943e-05,1.4698271400476142,42600,,,,,,,,,
0.3571,16.05257225036621,1.528482213711486e-05,1.4715522892730222,42650,,,,,,,,,
0.3505,10.56706428527832,1.5267570644860783e-05,1.4732774384984302,42700,,,,,,,,,
0.3804,9.715643882751465,1.5250319152606701e-05,1.4750025877238382,42750,,,,,,,,,
0.3708,12.041565895080566,1.5233067660352621e-05,1.476727736949246,42800,,,,,,,,,
0.3546,23.999074935913086,1.5215816168098542e-05,1.478452886174654,42850,,,,,,,,,
0.4224,9.286587715148926,1.5198564675844462e-05,1.480178035400062,42900,,,,,,,,,
0.3491,5.60495662689209,1.5181313183590382e-05,1.48190318462547,42950,,,,,,,,,
0.4094,8.494032859802246,1.5164061691336302e-05,1.483628333850878,43000,,,,,,,,,
0.3568,20.067771911621094,1.5146810199082222e-05,1.485353483076286,43050,,,,,,,,,
0.387,14.617565155029297,1.5129558706828142e-05,1.487078632301694,43100,,,,,,,,,
0.3926,18.048500061035156,1.511230721457406e-05,1.488803781527102,43150,,,,,,,,,
0.3358,9.04597282409668,1.5095055722319981e-05,1.49052893075251,43200,,,,,,,,,
0.3983,5.877072811126709,1.5077804230065901e-05,1.492254079977918,43250,,,,,,,,,
0.3598,1.2770483493804932,1.5060552737811821e-05,1.493979229203326,43300,,,,,,,,,
0.3848,12.817704200744629,1.5043301245557741e-05,1.495704378428734,43350,,,,,,,,,
0.3677,16.855260848999023,1.5026049753303661e-05,1.497429527654142,43400,,,,,,,,,
0.3644,13.80590534210205,1.5008798261049582e-05,1.49915467687955,43450,,,,,,,,,
0.3484,12.314375877380371,1.4991546768795502e-05,1.500879826104958,43500,,,,,,,,,
0.3028,23.630006790161133,1.497429527654142e-05,1.502604975330366,43550,,,,,,,,,
0.3738,14.858620643615723,1.495704378428734e-05,1.504330124555774,43600,,,,,,,,,
0.4061,10.376564025878906,1.493979229203326e-05,1.506055273781182,43650,,,,,,,,,
0.3952,13.34870719909668,1.492254079977918e-05,1.50778042300659,43700,,,,,,,,,
0.381,16.07554054260254,1.49052893075251e-05,1.509505572231998,43750,,,,,,,,,
0.3736,13.367903709411621,1.4888037815271021e-05,1.5112307214574061,43800,,,,,,,,,
0.4433,29.774734497070312,1.4870786323016941e-05,1.5129558706828141,43850,,,,,,,,,
0.3884,21.578283309936523,1.4853534830762863e-05,1.5146810199082221,43900,,,,,,,,,
0.3463,9.871895790100098,1.4836283338508781e-05,1.5164061691336301,43950,,,,,,,,,
0.3563,13.899024963378906,1.4819031846254702e-05,1.5181313183590381,44000,,,,,,,,,
0.3455,19.7304630279541,1.4801780354000622e-05,1.5198564675844461,44050,,,,,,,,,
0.3334,4.707992076873779,1.4784528861746542e-05,1.5215816168098542,44100,,,,,,,,,
0.4138,2.7777152061462402,1.4767277369492462e-05,1.5233067660352622,44150,,,,,,,,,
0.3673,13.729798316955566,1.4750025877238382e-05,1.5250319152606702,44200,,,,,,,,,
0.2933,9.61249828338623,1.4732774384984302e-05,1.5267570644860782,44250,,,,,,,,,
0.3776,13.407482147216797,1.471552289273022e-05,1.5284822137114862,44300,,,,,,,,,
0.3636,10.158954620361328,1.4698271400476141e-05,1.5302073629368942,44350,,,,,,,,,
0.2891,17.486358642578125,1.4681019908222061e-05,1.5319325121623022,44400,,,,,,,,,
0.3304,7.0152177810668945,1.4663768415967981e-05,1.5336576613877102,44450,,,,,,,,,
0.3625,28.731813430786133,1.4646516923713901e-05,1.535382810613118,44500,,,,,,,,,
0.4015,9.887893676757812,1.4629265431459821e-05,1.537107959838526,44550,,,,,,,,,
0.3725,4.0610270500183105,1.4612013939205742e-05,1.538833109063934,44600,,,,,,,,,
0.3705,26.815181732177734,1.4594762446951662e-05,1.540558258289342,44650,,,,,,,,,
0.3525,12.382448196411133,1.457751095469758e-05,1.54228340751475,44700,,,,,,,,,
0.4035,6.361772060394287,1.45602594624435e-05,1.544008556740158,44750,,,,,,,,,
0.3303,22.934856414794922,1.4543007970189422e-05,1.545733705965566,44800,,,,,,,,,
0.3568,19.816436767578125,1.4525756477935342e-05,1.547458855190974,44850,,,,,,,,,
0.3648,15.563322067260742,1.4508504985681263e-05,1.549184004416382,44900,,,,,,,,,
0.4074,14.396244049072266,1.4491253493427183e-05,1.55090915364179,44950,,,,,,,,,
0.4662,7.797572135925293,1.4474002001173103e-05,1.552634302867198,45000,,,,,,,,,
,,,1.552634302867198,45000,0.6406071782112122,292.5674,397.666,24.856,,,,,
0.3672,7.693264007568359,1.4456750508919023e-05,1.554359452092606,45050,,,,,,,,,
0.3762,7.355535507202148,1.4439499016664941e-05,1.5560846013180138,45100,,,,,,,,,
0.3419,10.247119903564453,1.4422247524410862e-05,1.5578097505434219,45150,,,,,,,,,
0.3586,3.3244166374206543,1.4404996032156782e-05,1.5595348997688299,45200,,,,,,,,,
0.3729,8.808686256408691,1.4387744539902702e-05,1.5612600489942379,45250,,,,,,,,,
0.3323,15.952311515808105,1.4370493047648622e-05,1.5629851982196459,45300,,,,,,,,,
0.3359,22.926223754882812,1.4353241555394542e-05,1.5647103474450539,45350,,,,,,,,,
0.3287,15.24234390258789,1.4335990063140462e-05,1.566435496670462,45400,,,,,,,,,
0.3723,22.687355041503906,1.431873857088638e-05,1.56816064589587,45450,,,,,,,,,
0.3852,12.026365280151367,1.4301487078632301e-05,1.569885795121278,45500,,,,,,,,,
0.3589,14.436983108520508,1.4284235586378221e-05,1.571610944346686,45550,,,,,,,,,
0.3797,10.820571899414062,1.4266984094124141e-05,1.573336093572094,45600,,,,,,,,,
0.364,1.1852134466171265,1.4249732601870061e-05,1.575061242797502,45650,,,,,,,,,
0.3596,15.749377250671387,1.4232481109615983e-05,1.57678639202291,45700,,,,,,,,,
0.3384,7.1491827964782715,1.4215229617361903e-05,1.578511541248318,45750,,,,,,,,,
0.3375,19.54367446899414,1.4197978125107823e-05,1.580236690473726,45800,,,,,,,,,
0.3638,4.684746265411377,1.4180726632853742e-05,1.581961839699134,45850,,,,,,,,,
0.3754,5.316812992095947,1.4163475140599662e-05,1.583686988924542,45900,,,,,,,,,
0.4147,13.83963680267334,1.4146223648345582e-05,1.58541213814995,45950,,,,,,,,,
0.3488,11.258280754089355,1.4128972156091502e-05,1.587137287375358,46000,,,,,,,,,
0.3496,13.824703216552734,1.4111720663837423e-05,1.588862436600766,46050,,,,,,,,,
0.318,11.061859130859375,1.4094469171583343e-05,1.590587585826174,46100,,,,,,,,,
0.3598,20.832866668701172,1.4077217679329263e-05,1.592312735051582,46150,,,,,,,,,
0.3894,11.915060997009277,1.4059966187075183e-05,1.59403788427699,46200,,,,,,,,,
0.3522,5.147489070892334,1.4042714694821101e-05,1.595763033502398,46250,,,,,,,,,
0.343,11.209832191467285,1.4025463202567022e-05,1.597488182727806,46300,,,,,,,,,
0.3975,2.73511004447937,1.4008211710312942e-05,1.599213331953214,46350,,,,,,,,,
0.4014,18.264497756958008,1.3990960218058862e-05,1.600938481178622,46400,,,,,,,,,
0.404,5.772908687591553,1.3973708725804782e-05,1.60266363040403,46450,,,,,,,,,
0.3593,3.2150774002075195,1.3956457233550702e-05,1.604388779629438,46500,,,,,,,,,
0.3693,9.473499298095703,1.3939205741296622e-05,1.606113928854846,46550,,,,,,,,,
0.3563,11.251932144165039,1.3921954249042544e-05,1.607839078080254,46600,,,,,,,,,
0.299,27.200525283813477,1.3904702756788463e-05,1.609564227305662,46650,,,,,,,,,
0.3537,14.012451171875,1.3887451264534383e-05,1.61128937653107,46700,,,,,,,,,
0.4394,11.011284828186035,1.3870199772280303e-05,1.613014525756478,46750,,,,,,,,,
0.3546,22.02310562133789,1.3852948280026223e-05,1.614739674981886,46800,,,,,,,,,
0.35,7.981043815612793,1.3835696787772143e-05,1.616464824207294,46850,,,,,,,,,
0.3463,5.6967315673828125,1.3818445295518063e-05,1.6181899734327019,46900,,,,,,,,,
0.3592,8.50044059753418,1.3801193803263983e-05,1.6199151226581099,46950,,,,,,,,,
0.3253,13.465509414672852,1.3783942311009902e-05,1.621640271883518,47000,,,,,,,,,
0.3669,6.379051685333252,1.3766690818755822e-05,1.623365421108926,47050,,,,,,,,,
0.3605,17.720956802368164,1.3749439326501742e-05,1.625090570334334,47100,,,,,,,,,
0.3796,7.25837516784668,1.3732187834247662e-05,1.626815719559742,47150,,,,,,,,,
0.3725,20.49837303161621,1.3714936341993583e-05,1.62854086878515,47200,,,,,,,,,
0.3672,11.236249923706055,1.3697684849739503e-05,1.630266018010558,47250,,,,,,,,,
0.394,13.012539863586426,1.3680433357485423e-05,1.631991167235966,47300,,,,,,,,,
0.3785,7.113159656524658,1.3663181865231343e-05,1.633716316461374,47350,,,,,,,,,
0.3813,12.160715103149414,1.3645930372977261e-05,1.635441465686782,47400,,,,,,,,,
0.3364,13.878499031066895,1.3628678880723182e-05,1.63716661491219,47450,,,,,,,,,
0.3811,12.085540771484375,1.3611427388469103e-05,1.6388917641375977,47500,,,,,,,,,
0.3768,10.912708282470703,1.3594175896215024e-05,1.6406169133630057,47550,,,,,,,,,
0.3581,3.861262083053589,1.3576924403960944e-05,1.6423420625884138,47600,,,,,,,,,
0.3409,6.542198181152344,1.3559672911706864e-05,1.6440672118138218,47650,,,,,,,,,
0.3668,6.785967826843262,1.3542421419452784e-05,1.6457923610392298,47700,,,,,,,,,
0.3676,5.120011806488037,1.3525169927198704e-05,1.6475175102646378,47750,,,,,,,,,
0.3122,22.01390838623047,1.3507918434944623e-05,1.6492426594900458,47800,,,,,,,,,
0.3437,9.835280418395996,1.3490666942690543e-05,1.6509678087154538,47850,,,,,,,,,
0.3998,3.7414183616638184,1.3473415450436463e-05,1.6526929579408618,47900,,,,,,,,,
0.3269,6.235432147979736,1.3456163958182383e-05,1.6544181071662698,47950,,,,,,,,,
0.4194,13.289271354675293,1.3438912465928303e-05,1.6561432563916778,48000,,,,,,,,,
0.3721,12.581498146057129,1.3421660973674223e-05,1.6578684056170858,48050,,,,,,,,,
0.3414,9.794703483581543,1.3404409481420144e-05,1.6595935548424938,48100,,,,,,,,,
0.3639,9.929149627685547,1.3387157989166064e-05,1.6613187040679018,48150,,,,,,,,,
0.32,10.087390899658203,1.3369906496911982e-05,1.6630438532933098,48200,,,,,,,,,
0.3168,10.622123718261719,1.3352655004657902e-05,1.6647690025187178,48250,,,,,,,,,
0.3704,19.229543685913086,1.3335403512403822e-05,1.6664941517441259,48300,,,,,,,,,
0.3672,6.825143814086914,1.3318152020149743e-05,1.6682193009695339,48350,,,,,,,,,
0.3556,13.079556465148926,1.3300900527895664e-05,1.6699444501949419,48400,,,,,,,,,
0.3309,12.229206085205078,1.3283649035641585e-05,1.6716695994203499,48450,,,,,,,,,
0.3894,18.457420349121094,1.3266397543387505e-05,1.6733947486457579,48500,,,,,,,,,
0.3218,8.346193313598633,1.3249146051133423e-05,1.6751198978711659,48550,,,,,,,,,
0.3279,6.762136459350586,1.3231894558879343e-05,1.676845047096574,48600,,,,,,,,,
0.3665,23.366069793701172,1.3214643066625263e-05,1.678570196321982,48650,,,,,,,,,
0.3585,37.448246002197266,1.3197391574371184e-05,1.68029534554739,48700,,,,,,,,,
0.3531,9.83752155303955,1.3180140082117104e-05,1.682020494772798,48750,,,,,,,,,
0.3322,8.20892333984375,1.3162888589863024e-05,1.683745643998206,48800,,,,,,,,,
0.3401,8.845877647399902,1.3145637097608944e-05,1.685470793223614,48850,,,,,,,,,
0.3222,11.700530052185059,1.3128385605354864e-05,1.687195942449022,48900,,,,,,,,,
0.3311,21.203107833862305,1.3111134113100783e-05,1.68892109167443,48950,,,,,,,,,
0.362,9.718422889709473,1.3093882620846703e-05,1.690646240899838,49000,,,,,,,,,
0.2886,7.196089744567871,1.3076631128592623e-05,1.692371390125246,49050,,,,,,,,,
0.3431,22.52091407775879,1.3059379636338543e-05,1.694096539350654,49100,,,,,,,,,
0.3302,22.45928382873535,1.3042128144084463e-05,1.695821688576062,49150,,,,,,,,,
0.3258,13.88379192352295,1.3024876651830383e-05,1.69754683780147,49200,,,,,,,,,
0.3491,9.729344367980957,1.3007625159576304e-05,1.699271987026878,49250,,,,,,,,,
0.3373,10.563600540161133,1.2990373667322225e-05,1.7009971362522858,49300,,,,,,,,,
0.3421,6.829899311065674,1.2973122175068144e-05,1.7027222854776938,49350,,,,,,,,,
0.3337,18.062700271606445,1.2955870682814064e-05,1.7044474347031018,49400,,,,,,,,,
0.3417,18.81223487854004,1.2938619190559984e-05,1.7061725839285098,49450,,,,,,,,,
0.4067,9.676304817199707,1.2921367698305904e-05,1.7078977331539178,49500,,,,,,,,,
0.3303,15.634723663330078,1.2904116206051824e-05,1.7096228823793258,49550,,,,,,,,,
0.3757,1.2911298274993896,1.2886864713797745e-05,1.7113480316047338,49600,,,,,,,,,
0.3074,13.503437995910645,1.2869613221543665e-05,1.7130731808301418,49650,,,,,,,,,
0.326,12.804065704345703,1.2852361729289583e-05,1.7147983300555498,49700,,,,,,,,,
0.3301,6.071609973907471,1.2835110237035503e-05,1.7165234792809578,49750,,,,,,,,,
0.355,8.95411491394043,1.2817858744781423e-05,1.7182486285063658,49800,,,,,,,,,
0.3055,5.83712911605835,1.2800607252527344e-05,1.7199737777317738,49850,,,,,,,,,
0.3572,22.063411712646484,1.2783355760273264e-05,1.7216989269571816,49900,,,,,,,,,
0.3582,4.359597206115723,1.2766104268019184e-05,1.7234240761825896,49950,,,,,,,,,
0.3888,3.910677433013916,1.2748852775765104e-05,1.7251492254079976,50000,,,,,,,,,
,,,1.7251492254079976,50000,0.6894460916519165,292.6272,397.584,24.851,,,,,
0.3359,15.34579086303711,1.2731601283511024e-05,1.7268743746334057,50050,,,,,,,,,
0.3647,4.483213424682617,1.2714349791256943e-05,1.7285995238588137,50100,,,,,,,,,
0.3543,3.6130728721618652,1.2697098299002863e-05,1.7303246730842217,50150,,,,,,,,,
0.3371,20.387922286987305,1.2679846806748783e-05,1.7320498223096297,50200,,,,,,,,,
0.3566,17.862293243408203,1.2662595314494705e-05,1.7337749715350377,50250,,,,,,,,,
0.3366,19.340686798095703,1.2645343822240625e-05,1.7355001207604457,50300,,,,,,,,,
0.3271,12.746175765991211,1.2628092329986545e-05,1.7372252699858537,50350,,,,,,,,,
0.3463,9.836226463317871,1.2610840837732465e-05,1.7389504192112617,50400,,,,,,,,,
0.3514,6.731086730957031,1.2593589345478385e-05,1.7406755684366697,50450,,,,,,,,,
0.3217,6.497381210327148,1.2576337853224304e-05,1.7424007176620777,50500,,,,,,,,,
0.3167,13.627119064331055,1.2559086360970224e-05,1.7441258668874857,50550,,,,,,,,,
0.3716,8.364130020141602,1.2541834868716144e-05,1.7458510161128937,50600,,,,,,,,,
0.3273,21.10161590576172,1.2524583376462064e-05,1.7475761653383017,50650,,,,,,,,,
0.3597,12.627861976623535,1.2507331884207984e-05,1.7493013145637097,50700,,,,,,,,,
0.3085,3.8056750297546387,1.2490080391953905e-05,1.7510264637891177,50750,,,,,,,,,
0.383,16.002056121826172,1.2472828899699825e-05,1.7527516130145258,50800,,,,,,,,,
0.3106,13.262039184570312,1.2455577407445745e-05,1.7544767622399338,50850,,,,,,,,,
0.3539,9.300743103027344,1.2438325915191663e-05,1.7562019114653418,50900,,,,,,,,,
0.2925,1.6304270029067993,1.2421074422937583e-05,1.7579270606907498,50950,,,,,,,,,
0.3474,10.336077690124512,1.2403822930683504e-05,1.7596522099161578,51000,,,,,,,,,
0.295,6.064356327056885,1.2386571438429424e-05,1.7613773591415658,51050,,,,,,,,,
0.2941,1.8832261562347412,1.2369319946175344e-05,1.7631025083669738,51100,,,,,,,,,
0.312,17.881027221679688,1.2352068453921266e-05,1.7648276575923818,51150,,,,,,,,,
0.3349,8.221803665161133,1.2334816961667186e-05,1.7665528068177898,51200,,,,,,,,,
0.3083,9.296285629272461,1.2317565469413104e-05,1.7682779560431978,51250,,,,,,,,,
0.3334,8.044439315795898,1.2300313977159024e-05,1.7700031052686058,51300,,,,,,,,,
0.3222,8.453349113464355,1.2283062484904945e-05,1.7717282544940138,51350,,,,,,,,,
0.3718,8.522342681884766,1.2265810992650865e-05,1.7734534037194218,51400,,,,,,,,,
0.3579,9.629130363464355,1.2248559500396785e-05,1.7751785529448298,51450,,,,,,,,,
0.3306,15.367647171020508,1.2231308008142705e-05,1.7769037021702379,51500,,,,,,,,,
0.3179,18.891937255859375,1.2214056515888625e-05,1.7786288513956459,51550,,,,,,,,,
0.3875,17.325698852539062,1.2196805023634545e-05,1.7803540006210539,51600,,,,,,,,,
0.3343,25.431745529174805,1.2179553531380464e-05,1.7820791498464619,51650,,,,,,,,,
0.3601,16.250732421875,1.2162302039126384e-05,1.7838042990718699,51700,,,,,,,,,
0.3783,5.657027721405029,1.2145050546872304e-05,1.7855294482972777,51750,,,,,,,,,
0.377,10.692298889160156,1.2127799054618224e-05,1.7872545975226857,51800,,,,,,,,,
0.3047,6.8702802658081055,1.2110547562364144e-05,1.7889797467480937,51850,,,,,,,,,
0.2975,17.60124397277832,1.2093296070110065e-05,1.7907048959735017,51900,,,,,,,,,
0.3594,16.530014038085938,1.2076044577855985e-05,1.7924300451989097,51950,,,,,,,,,
0.3648,10.70644760131836,1.2058793085601905e-05,1.7941551944243177,52000,,,,,,,,,
0.3506,16.577795028686523,1.2041541593347825e-05,1.7958803436497257,52050,,,,,,,,,
0.3283,7.234036922454834,1.2024290101093745e-05,1.7976054928751337,52100,,,,,,,,,
0.3006,13.299322128295898,1.2007038608839665e-05,1.7993306421005417,52150,,,,,,,,,
0.3965,25.552021026611328,1.1989787116585585e-05,1.8010557913259497,52200,,,,,,,,,
0.3731,22.28614616394043,1.1972535624331506e-05,1.8027809405513577,52250,,,,,,,,,
0.3077,7.086912155151367,1.1955284132077426e-05,1.8045060897767657,52300,,,,,,,,,
0.3857,15.469193458557129,1.1938032639823346e-05,1.8062312390021735,52350,,,,,,,,,
0.3741,9.92780590057373,1.1920781147569264e-05,1.8079563882275815,52400,,,,,,,,,
0.317,6.8169050216674805,1.1903529655315184e-05,1.8096815374529895,52450,,,,,,,,,
0.302,19.70460319519043,1.1886278163061105e-05,1.8114066866783975,52500,,,,,,,,,
0.3683,16.565034866333008,1.1869026670807025e-05,1.8131318359038056,52550,,,,,,,,,
0.342,13.553450584411621,1.1851775178552945e-05,1.8148569851292136,52600,,,,,,,,,
0.3438,5.045258522033691,1.1834523686298865e-05,1.8165821343546216,52650,,,,,,,,,
0.3637,23.830673217773438,1.1817272194044785e-05,1.8183072835800296,52700,,,,,,,,,
0.37,19.291915893554688,1.1800020701790705e-05,1.8200324328054376,52750,,,,,,,,,
0.2999,0.9454752802848816,1.1782769209536624e-05,1.8217575820308456,52800,,,,,,,,,
0.3514,15.99494457244873,1.1765517717282544e-05,1.8234827312562536,52850,,,,,,,,,
0.2982,10.855993270874023,1.1748266225028464e-05,1.8252078804816616,52900,,,,,,,,,
0.2974,21.0783634185791,1.1731014732774386e-05,1.8269330297070696,52950,,,,,,,,,
0.3763,8.318852424621582,1.1713763240520306e-05,1.8286581789324776,53000,,,,,,,,,
0.3299,5.39627742767334,1.1696511748266226e-05,1.8303833281578856,53050,,,,,,,,,
0.3117,11.134997367858887,1.1679260256012146e-05,1.8321084773832936,53100,,,,,,,,,
0.2986,13.813189506530762,1.1662008763758067e-05,1.8338336266087016,53150,,,,,,,,,
0.3232,7.304678440093994,1.1644757271503985e-05,1.8355587758341096,53200,,,,,,,,,
0.3298,6.302760124206543,1.1627505779249905e-05,1.8372839250595177,53250,,,,,,,,,
0.3227,9.54184627532959,1.1610254286995825e-05,1.8390090742849257,53300,,,,,,,,,
0.4102,17.280153274536133,1.1593002794741745e-05,1.8407342235103337,53350,,,,,,,,,
0.3259,13.455610275268555,1.1575751302487666e-05,1.8424593727357417,53400,,,,,,,,,
0.3238,7.891665458679199,1.1558499810233586e-05,1.8441845219611497,53450,,,,,,,,,
0.3515,6.089178085327148,1.1541248317979506e-05,1.8459096711865577,53500,,,,,,,,,
0.3414,16.21278953552246,1.1523996825725426e-05,1.8476348204119657,53550,,,,,,,,,
0.3189,16.097808837890625,1.1506745333471345e-05,1.8493599696373737,53600,,,,,,,,,
0.2807,12.14979362487793,1.1489493841217265e-05,1.8510851188627817,53650,,,,,,,,,
0.2845,9.279437065124512,1.1472242348963185e-05,1.8528102680881897,53700,,,,,,,,,
0.3454,16.471120834350586,1.1454990856709105e-05,1.8545354173135977,53750,,,,,,,,,
0.3405,2.7082929611206055,1.1437739364455025e-05,1.8562605665390057,53800,,,,,,,,,
0.3232,20.219839096069336,1.1420487872200947e-05,1.8579857157644137,53850,,,,,,,,,
0.3053,9.080766677856445,1.1403236379946867e-05,1.8597108649898217,53900,,,,,,,,,
0.3062,14.821258544921875,1.1385984887692786e-05,1.8614360142152298,53950,,,,,,,,,
0.329,21.13165283203125,1.1368733395438706e-05,1.8631611634406378,54000,,,,,,,,,
0.3271,4.643789768218994,1.1351481903184626e-05,1.8648863126660458,54050,,,,,,,,,
0.3647,13.444231986999512,1.1334230410930546e-05,1.8666114618914538,54100,,,,,,,,,
0.3352,20.438331604003906,1.1316978918676466e-05,1.8683366111168616,54150,,,,,,,,,
0.3281,12.959623336791992,1.1299727426422386e-05,1.8700617603422696,54200,,,,,,,,,
0.3358,8.536078453063965,1.1282475934168306e-05,1.8717869095676776,54250,,,,,,,,,
0.2732,10.529126167297363,1.1265224441914227e-05,1.8735120587930856,54300,,,,,,,,,
0.3667,21.213993072509766,1.1247972949660145e-05,1.8752372080184936,54350,,,,,,,,,
0.357,18.84128189086914,1.1230721457406065e-05,1.8769623572439016,54400,,,,,,,,,
0.3378,19.459856033325195,1.1213469965151985e-05,1.8786875064693096,54450,,,,,,,,,
0.3258,19.142377853393555,1.1196218472897905e-05,1.8804126556947176,54500,,,,,,,,,
0.3053,14.257213592529297,1.1178966980643826e-05,1.8821378049201256,54550,,,,,,,,,
0.3255,7.131499290466309,1.1161715488389746e-05,1.8838629541455336,54600,,,,,,,,,
0.3361,17.127490997314453,1.1144463996135666e-05,1.8855881033709416,54650,,,,,,,,,
0.3079,13.732590675354004,1.1127212503881586e-05,1.8873132525963496,54700,,,,,,,,,
0.3093,7.070512294769287,1.1109961011627506e-05,1.8890384018217574,54750,,,,,,,,,
0.3427,16.066463470458984,1.1092709519373426e-05,1.8907635510471654,54800,,,,,,,,,
0.3285,5.654716968536377,1.1075458027119347e-05,1.8924887002725734,54850,,,,,,,,,
0.3436,1.972425937652588,1.1058206534865267e-05,1.8942138494979814,54900,,,,,,,,,
0.3124,20.21996307373047,1.1040955042611187e-05,1.8959389987233894,54950,,,,,,,,,
0.376,8.790665626525879,1.1023703550357107e-05,1.8976641479487975,55000,,,,,,,,,
,,,1.8976641479487975,55000,0.6795294880867004,292.62,397.594,24.851,,,,,
0.3736,8.501042366027832,1.1006452058103027e-05,1.8993892971742055,55050,,,,,,,,,
0.3448,13.988181114196777,1.0989200565848946e-05,1.9011144463996135,55100,,,,,,,,,
0.3363,9.144418716430664,1.0971949073594866e-05,1.9028395956250215,55150,,,,,,,,,
0.3138,7.372718811035156,1.0954697581340786e-05,1.9045647448504295,55200,,,,,,,,,
0.3491,11.347140312194824,1.0937446089086706e-05,1.9062898940758375,55250,,,,,,,,,
0.3684,14.410961151123047,1.0920194596832626e-05,1.9080150433012455,55300,,,,,,,,,
0.3555,18.95296287536621,1.0902943104578546e-05,1.9097401925266535,55350,,,,,,,,,
0.3172,13.417658805847168,1.0885691612324466e-05,1.9114653417520615,55400,,,,,,,,,
0.3255,5.0187764167785645,1.0868440120070387e-05,1.9131904909774695,55450,,,,,,,,,
0.3454,13.894682884216309,1.0851188627816305e-05,1.9149156402028775,55500,,,,,,,,,
0.3233,1.0381876230239868,1.0833937135562225e-05,1.9166407894282855,55550,,,,,,,,,
0.3475,13.380040168762207,1.0816685643308145e-05,1.9183659386536935,55600,,,,,,,,,
0.3021,12.150174140930176,1.0799434151054065e-05,1.9200910878791015,55650,,,,,,,,,
0.3469,10.329293251037598,1.0782182658799987e-05,1.9218162371045096,55700,,,,,,,,,
0.317,11.871359825134277,1.0764931166545907e-05,1.9235413863299176,55750,,,,,,,,,
0.3442,16.251602172851562,1.0747679674291828e-05,1.9252665355553256,55800,,,,,,,,,
0.3438,20.334423065185547,1.0730428182037748e-05,1.9269916847807336,55850,,,,,,,,,
0.3676,11.150856018066406,1.0713176689783666e-05,1.9287168340061416,55900,,,,,,,,,
0.3137,8.081767082214355,1.0695925197529586e-05,1.9304419832315496,55950,,,,,,,,,
0.3687,15.627195358276367,1.0678673705275507e-05,1.9321671324569576,56000,,,,,,,,,
0.3415,17.62017250061035,1.0661422213021427e-05,1.9338922816823656,56050,,,,,,,,,
0.3306,20.170392990112305,1.0644170720767347e-05,1.9356174309077736,56100,,,,,,,,,
0.3474,6.0167155265808105,1.0626919228513267e-05,1.9373425801331816,56150,,,,,,,,,
0.3083,20.424270629882812,1.0609667736259187e-05,1.9390677293585896,56200,,,,,,,,,
0.3484,7.373382568359375,1.0592416244005107e-05,1.9407928785839976,56250,,,,,,,,,
0.3238,11.091272354125977,1.0575164751751026e-05,1.9425180278094056,56300,,,,,,,,,
0.2971,23.713254928588867,1.0557913259496946e-05,1.9442431770348136,56350,,,,,,,,,
0.2894,12.64745044708252,1.0540661767242866e-05,1.9459683262602216,56400,,,,,,,,,
0.3437,19.472217559814453,1.0523410274988786e-05,1.9476934754856297,56450,,,,,,,,,
0.3286,9.082500457763672,1.0506158782734706e-05,1.9494186247110377,56500,,,,,,,,,
0.3235,15.969259262084961,1.0488907290480626e-05,1.9511437739364457,56550,,,,,,,,,
0.3326,11.815605163574219,1.0471655798226548e-05,1.9528689231618535,56600,,,,,,,,,
0.2848,12.864136695861816,1.0454404305972467e-05,1.9545940723872615,56650,,,,,,,,,
0.3754,13.207371711730957,1.0437152813718387e-05,1.9563192216126695,56700,,,,,,,,,
0.3401,5.443882942199707,1.0419901321464307e-05,1.9580443708380775,56750,,,,,,,,,
0.2895,10.473047256469727,1.0402649829210227e-05,1.9597695200634855,56800,,,,,,,,,
0.3638,4.642604351043701,1.0385398336956147e-05,1.9614946692888935,56850,,,,,,,,,
0.3356,3.3765077590942383,1.0368146844702067e-05,1.9632198185143015,56900,,,,,,,,,
0.315,16.090421676635742,1.0350895352447988e-05,1.9649449677397095,56950,,,,,,,,,
0.3333,18.785463333129883,1.0333643860193908e-05,1.9666701169651175,57000,,,,,,,,,
0.3626,6.825983047485352,1.0316392367939826e-05,1.9683952661905255,57050,,,,,,,,,
0.3032,18.489553451538086,1.0299140875685746e-05,1.9701204154159335,57100,,,,,,,,,
0.3028,4.042600631713867,1.0281889383431667e-05,1.9718455646413415,57150,,,,,,,,,
0.2689,6.1984052658081055,1.0264637891177587e-05,1.9735707138667493,57200,,,,,,,,,
0.3692,36.3302116394043,1.0247386398923507e-05,1.9752958630921573,57250,,,,,,,,,
0.3387,14.168777465820312,1.0230134906669427e-05,1.9770210123175653,57300,,,,,,,,,
0.3196,7.0152907371521,1.0212883414415347e-05,1.9787461615429733,57350,,,,,,,,,
0.2964,7.690759658813477,1.0195631922161267e-05,1.9804713107683813,57400,,,,,,,,,
0.3879,22.487178802490234,1.0178380429907186e-05,1.9821964599937894,57450,,,,,,,,,
0.3473,22.12348175048828,1.0161128937653108e-05,1.9839216092191974,57500,,,,,,,,,
0.2805,16.727828979492188,1.0143877445399028e-05,1.9856467584446054,57550,,,,,,,,,
0.3454,15.151556968688965,1.0126625953144948e-05,1.9873719076700134,57600,,,,,,,,,
0.4051,22.397598266601562,1.0109374460890868e-05,1.9890970568954214,57650,,,,,,,,,
0.2789,3.447283983230591,1.0092122968636788e-05,1.9908222061208294,57700,,,,,,,,,
0.3038,9.760074615478516,1.0074871476382708e-05,1.9925473553462374,57750,,,,,,,,,
0.3076,8.870282173156738,1.0057619984128628e-05,1.9942725045716454,57800,,,,,,,,,
0.4071,20.450359344482422,1.0040368491874547e-05,1.9959976537970534,57850,,,,,,,,,
0.2913,13.896955490112305,1.0023116999620467e-05,1.9977228030224614,57900,,,,,,,,,
0.32,6.6399455070495605,1.0005865507366387e-05,1.9994479522478694,57950,,,,,,,,,
0.228,1.0752278566360474,9.988614015112307e-06,2.0011731014732774,58000,,,,,,,,,
0.1933,3.6556296348571777,9.971362522858227e-06,2.0028982506986854,58050,,,,,,,,,
0.1872,10.345927238464355,9.954111030604148e-06,2.0046233999240934,58100,,,,,,,,,
0.1776,6.976441860198975,9.936859538350068e-06,2.0063485491495014,58150,,,,,,,,,
0.2013,6.13941764831543,9.919608046095986e-06,2.0080736983749095,58200,,,,,,,,,
0.2101,30.761825561523438,9.902356553841906e-06,2.0097988476003175,58250,,,,,,,,,
0.2431,9.4966459274292,9.885105061587827e-06,2.0115239968257255,58300,,,,,,,,,
0.2218,8.776773452758789,9.867853569333747e-06,2.0132491460511335,58350,,,,,,,,,
0.1964,4.90822172164917,9.850602077079669e-06,2.0149742952765415,58400,,,,,,,,,
0.2393,13.644986152648926,9.833350584825589e-06,2.0166994445019495,58450,,,,,,,,,
0.1808,11.822402000427246,9.816099092571509e-06,2.0184245937273575,58500,,,,,,,,,
0.2378,26.14136505126953,9.798847600317429e-06,2.0201497429527655,58550,,,,,,,,,
0.1933,6.979950428009033,9.781596108063347e-06,2.0218748921781735,58600,,,,,,,,,
0.2187,9.818320274353027,9.764344615809268e-06,2.0236000414035815,58650,,,,,,,,,
0.2565,20.013442993164062,9.747093123555188e-06,2.0253251906289895,58700,,,,,,,,,
0.1876,20.08586883544922,9.729841631301108e-06,2.0270503398543975,58750,,,,,,,,,
0.2053,13.318365097045898,9.712590139047028e-06,2.0287754890798055,58800,,,,,,,,,
0.1967,7.350925922393799,9.695338646792948e-06,2.0305006383052135,58850,,,,,,,,,
0.2305,15.764483451843262,9.678087154538868e-06,2.0322257875306216,58900,,,,,,,,,
0.1822,7.229187965393066,9.660835662284788e-06,2.0339509367560296,58950,,,,,,,,,
0.2668,15.461163520812988,9.643584170030707e-06,2.0356760859814376,59000,,,,,,,,,
0.211,6.345411777496338,9.626332677776627e-06,2.0374012352068456,59050,,,,,,,,,
0.1662,8.159595489501953,9.609081185522547e-06,2.0391263844322536,59100,,,,,,,,,
0.2251,11.229750633239746,9.591829693268467e-06,2.0408515336576616,59150,,,,,,,,,
0.2072,9.236709594726562,9.574578201014387e-06,2.0425766828830696,59200,,,,,,,,,
0.2211,18.253889083862305,9.557326708760308e-06,2.0443018321084776,59250,,,,,,,,,
0.2444,8.230594635009766,9.54007521650623e-06,2.046026981333885,59300,,,,,,,,,
0.2432,0.9625115394592285,9.522823724252148e-06,2.047752130559293,59350,,,,,,,,,
0.2091,12.370518684387207,9.505572231998068e-06,2.049477279784701,59400,,,,,,,,,
0.1741,12.729235649108887,9.488320739743988e-06,2.051202429010109,59450,,,,,,,,,
0.1884,16.266016006469727,9.471069247489908e-06,2.052927578235517,59500,,,,,,,,,
0.2279,4.858504295349121,9.453817755235829e-06,2.054652727460925,59550,,,,,,,,,
0.2294,4.510575294494629,9.436566262981749e-06,2.056377876686333,59600,,,,,,,,,
0.249,12.300322532653809,9.419314770727669e-06,2.058103025911741,59650,,,,,,,,,
0.22,1.4384654760360718,9.402063278473589e-06,2.059828175137149,59700,,,,,,,,,
0.2284,4.256206035614014,9.384811786219507e-06,2.0615533243625572,59750,,,,,,,,,
0.1998,12.486542701721191,9.367560293965428e-06,2.0632784735879652,59800,,,,,,,,,
0.2461,16.136322021484375,9.350308801711348e-06,2.0650036228133732,59850,,,,,,,,,
0.2467,11.3013277053833,9.333057309457268e-06,2.0667287720387812,59900,,,,,,,,,
0.1794,6.741400718688965,9.315805817203188e-06,2.0684539212641893,59950,,,,,,,,,
0.2608,6.435250759124756,9.298554324949108e-06,2.0701790704895973,60000,,,,,,,,,
,,,2.0701790704895973,60000,0.8354827761650085,292.4613,397.81,24.865,,,,,
0.2331,1.9814854860305786,9.281302832695028e-06,2.0719042197150053,60050,,,,,,,,,
0.161,5.617006301879883,9.264051340440948e-06,2.0736293689404133,60100,,,,,,,,,
0.197,8.271698951721191,9.246799848186867e-06,2.0753545181658213,60150,,,,,,,,,
0.2051,2.0376594066619873,9.229548355932789e-06,2.0770796673912293,60200,,,,,,,,,
0.1725,10.453699111938477,9.212296863678709e-06,2.0788048166166373,60250,,,,,,,,,
0.2197,6.123767375946045,9.195045371424629e-06,2.0805299658420453,60300,,,,,,,,,
0.2181,19.407365798950195,9.17779387917055e-06,2.0822551150674533,60350,,,,,,,,,
0.1914,7.369784355163574,9.16054238691647e-06,2.0839802642928613,60400,,,,,,,,,
0.2217,21.241485595703125,9.14329089466239e-06,2.0857054135182693,60450,,,,,,,,,
0.2495,12.011638641357422,9.12603940240831e-06,2.0874305627436773,60500,,,,,,,,,
0.1979,4.870452880859375,9.108787910154228e-06,2.0891557119690853,60550,,,,,,,,,
0.2281,15.151931762695312,9.091536417900148e-06,2.0908808611944933,60600,,,,,,,,,
0.1912,9.056024551391602,9.074284925646068e-06,2.0926060104199014,60650,,,,,,,,,
0.1801,36.06665802001953,9.057033433391989e-06,2.0943311596453094,60700,,,,,,,,,
0.2132,17.725200653076172,9.039781941137909e-06,2.0960563088707174,60750,,,,,,,,,
0.1871,8.223798751831055,9.022530448883829e-06,2.0977814580961254,60800,,,,,,,,,
0.2465,12.1546630859375,9.005278956629749e-06,2.0995066073215334,60850,,,,,,,,,
0.2242,0.5678959488868713,8.988027464375667e-06,2.1012317565469414,60900,,,,,,,,,
0.2508,33.12614822387695,8.970775972121588e-06,2.1029569057723494,60950,,,,,,,,,
0.1979,6.9771037101745605,8.953524479867508e-06,2.1046820549977574,61000,,,,,,,,,
0.2321,27.1224365234375,8.936272987613428e-06,2.1064072042231654,61050,,,,,,,,,
0.2102,1.0337077379226685,8.91902149535935e-06,2.1081323534485734,61100,,,,,,,,,
0.2083,14.84945297241211,8.90177000310527e-06,2.1098575026739814,61150,,,,,,,,,
0.1983,24.490158081054688,8.88451851085119e-06,2.1115826518993894,61200,,,,,,,,,
0.2417,19.52800941467285,8.86726701859711e-06,2.1133078011247974,61250,,,,,,,,,
0.2033,41.7298583984375,8.850015526343029e-06,2.1150329503502054,61300,,,,,,,,,
0.2155,17.05263328552246,8.832764034088949e-06,2.1167580995756134,61350,,,,,,,,,
0.1753,10.026512145996094,8.815512541834869e-06,2.1184832488010215,61400,,,,,,,,,
0.2444,7.839825630187988,8.798261049580789e-06,2.1202083980264295,61450,,,,,,,,,
0.2574,32.680965423583984,8.78100955732671e-06,2.1219335472518375,61500,,,,,,,,,
0.2748,21.05096435546875,8.76375806507263e-06,2.1236586964772455,61550,,,,,,,,,
0.223,22.203720092773438,8.74650657281855e-06,2.1253838457026535,61600,,,,,,,,,
0.2079,19.891386032104492,8.72925508056447e-06,2.1271089949280615,61650,,,,,,,,,
0.2149,30.054271697998047,8.712003588310388e-06,2.128834144153469,61700,,,,,,,,,
0.2319,16.165435791015625,8.694752096056308e-06,2.1305592933788775,61750,,,,,,,,,
0.2174,1.0100147724151611,8.677500603802228e-06,2.132284442604285,61800,,,,,,,,,
0.1547,16.203937530517578,8.660249111548149e-06,2.134009591829693,61850,,,,,,,,,
0.2461,8.180673599243164,8.642997619294069e-06,2.135734741055101,61900,,,,,,,,,
0.1912,2.08556866645813,8.625746127039989e-06,2.137459890280509,61950,,,,,,,,,
0.1967,15.218400955200195,8.608494634785909e-06,2.139185039505917,62000,,,,,,,,,
0.1968,1.6376118659973145,8.591243142531829e-06,2.140910188731325,62050,,,,,,,,,
0.1924,2.462920904159546,8.57399165027775e-06,2.142635337956733,62100,,,,,,,,,
0.1759,23.672624588012695,8.55674015802367e-06,2.144360487182141,62150,,,,,,,,,
0.2273,27.104501724243164,8.53948866576959e-06,2.146085636407549,62200,,,,,,,,,
0.1767,38.787418365478516,8.52223717351551e-06,2.147810785632957,62250,,,,,,,,,
0.2384,1.0008327960968018,8.50498568126143e-06,2.149535934858365,62300,,,,,,,,,
0.1618,5.301599025726318,8.48773418900735e-06,2.151261084083773,62350,,,,,,,,,
0.2474,44.865264892578125,8.47048269675327e-06,2.152986233309181,62400,,,,,,,,,
0.2063,16.719017028808594,8.453231204499189e-06,2.154711382534589,62450,,,,,,,,,
0.1558,8.463695526123047,8.435979712245109e-06,2.156436531759997,62500,,,,,,,,,
0.211,27.35887336730957,8.418728219991029e-06,2.158161680985405,62550,,,,,,,,,
0.2008,3.372950553894043,8.401476727736949e-06,2.159886830210813,62600,,,,,,,,,
0.1925,13.126408576965332,8.38422523548287e-06,2.161611979436221,62650,,,,,,,,,
0.2037,15.077642440795898,8.36697374322879e-06,2.163337128661629,62700,,,,,,,,,
0.2165,13.69559097290039,8.34972225097471e-06,2.165062277887037,62750,,,,,,,,,
0.1914,2.6478660106658936,8.33247075872063e-06,2.166787427112445,62800,,,,,,,,,
0.1996,0.9325615763664246,8.315219266466548e-06,2.168512576337853,62850,,,,,,,,,
0.1972,3.4959652423858643,8.297967774212468e-06,2.170237725563261,62900,,,,,,,,,
0.1941,9.042756080627441,8.28071628195839e-06,2.1719628747886692,62950,,,,,,,,,
0.177,17.889020919799805,8.26346478970431e-06,2.1736880240140772,63000,,,,,,,,,
0.1879,7.941437244415283,8.24621329745023e-06,2.1754131732394852,63050,,,,,,,,,
0.1863,8.929539680480957,8.22896180519615e-06,2.1771383224648932,63100,,,,,,,,,
0.1968,9.46040153503418,8.21171031294207e-06,2.1788634716903013,63150,,,,,,,,,
0.2311,7.703673362731934,8.19445882068799e-06,2.1805886209157093,63200,,,,,,,,,
0.2349,15.160566329956055,8.17720732843391e-06,2.1823137701411173,63250,,,,,,,,,
0.1708,6.145421981811523,8.15995583617983e-06,2.1840389193665253,63300,,,,,,,,,
0.1828,14.145001411437988,8.14270434392575e-06,2.1857640685919333,63350,,,,,,,,,
0.2226,22.22703742980957,8.12545285167167e-06,2.1874892178173413,63400,,,,,,,,,
0.2049,13.444374084472656,8.10820135941759e-06,2.1892143670427493,63450,,,,,,,,,
0.1796,4.1251420974731445,8.09094986716351e-06,2.1909395162681573,63500,,,,,,,,,
0.1864,14.720589637756348,8.07369837490943e-06,2.1926646654935653,63550,,,,,,,,,
0.2227,38.0460319519043,8.056446882655349e-06,2.1943898147189733,63600,,,,,,,,,
0.1873,8.838981628417969,8.039195390401269e-06,2.1961149639443813,63650,,,,,,,,,
0.1922,11.344080924987793,8.021943898147189e-06,2.1978401131697893,63700,,,,,,,,,
0.2005,23.606983184814453,8.004692405893109e-06,2.1995652623951973,63750,,,,,,,,,
0.2421,13.737567901611328,7.98744091363903e-06,2.2012904116206053,63800,,,,,,,,,
0.2822,14.221487998962402,7.970189421384951e-06,2.2030155608460134,63850,,,,,,,,,
0.2263,12.229418754577637,7.952937929130871e-06,2.2047407100714214,63900,,,,,,,,,
0.2577,3.736450433731079,7.935686436876791e-06,2.2064658592968294,63950,,,,,,,,,
0.1886,17.767223358154297,7.91843494462271e-06,2.2081910085222374,64000,,,,,,,,,
0.2004,29.26820182800293,7.90118345236863e-06,2.209916157747645,64050,,,,,,,,,
0.219,14.679572105407715,7.88393196011455e-06,2.2116413069730534,64100,,,,,,,,,
0.181,5.764649868011475,7.86668046786047e-06,2.213366456198461,64150,,,,,,,,,
0.1641,18.606042861938477,7.84942897560639e-06,2.215091605423869,64200,,,,,,,,,
0.2208,12.573179244995117,7.83217748335231e-06,2.216816754649277,64250,,,,,,,,,
0.2474,12.17783260345459,7.81492599109823e-06,2.218541903874685,64300,,,,,,,,,
0.2424,18.32611083984375,7.79767449884415e-06,2.220267053100093,64350,,,,,,,,,
0.2158,3.846768856048584,7.78042300659007e-06,2.221992202325501,64400,,,,,,,,,
0.2119,16.653961181640625,7.76317151433599e-06,2.223717351550909,64450,,,,,,,,,
0.2315,16.46169090270996,7.74592002208191e-06,2.225442500776317,64500,,,,,,,,,
0.1954,9.103099822998047,7.72866852982783e-06,2.227167650001725,64550,,,,,,,,,
0.1817,1.5612307786941528,7.71141703757375e-06,2.228892799227133,64600,,,,,,,,,
0.1918,9.157383918762207,7.69416554531967e-06,2.230617948452541,64650,,,,,,,,,
0.1683,14.649839401245117,7.67691405306559e-06,2.232343097677949,64700,,,,,,,,,
0.2266,11.765103340148926,7.65966256081151e-06,2.234068246903357,64750,,,,,,,,,
0.1801,3.7156620025634766,7.64241106855743e-06,2.235793396128765,64800,,,,,,,,,
0.1962,10.732501029968262,7.625159576303351e-06,2.237518545354173,64850,,,,,,,,,
0.1686,20.864980697631836,7.607908084049271e-06,2.239243694579581,64900,,,,,,,,,
0.1908,33.3900032043457,7.590656591795191e-06,2.240968843804989,64950,,,,,,,,,
0.2236,27.302167892456055,7.573405099541111e-06,2.242693993030397,65000,,,,,,,,,
,,,2.242693993030397,65000,0.9124733805656433,292.5034,397.753,24.861,,,,,
0.2075,2.5977542400360107,7.55615360728703e-06,2.244419142255805,65050,,,,,,,,,
0.1801,1.1975677013397217,7.5389021150329505e-06,2.246144291481213,65100,,,,,,,,,
0.233,11.350265502929688,7.521650622778871e-06,2.247869440706621,65150,,,,,,,,,
0.2081,5.212151050567627,7.504399130524791e-06,2.249594589932029,65200,,,,,,,,,
0.2463,10.672821044921875,7.48714763827071e-06,2.251319739157437,65250,,,,,,,,,
0.1722,1.1976478099822998,7.46989614601663e-06,2.253044888382845,65300,,,,,,,,,
0.1515,2.381791591644287,7.45264465376255e-06,2.254770037608253,65350,,,,,,,,,
0.2378,15.474742889404297,7.4353931615084706e-06,2.256495186833661,65400,,,,,,,,,
0.2083,3.823651075363159,7.418141669254391e-06,2.258220336059069,65450,,,,,,,,,
0.1901,4.3789262771606445,7.400890177000311e-06,2.259945485284477,65500,,,,,,,,,
0.2261,23.198524475097656,7.383638684746231e-06,2.261670634509885,65550,,,,,,,,,
0.2731,8.325705528259277,7.366387192492151e-06,2.263395783735293,65600,,,,,,,,,
0.2181,17.912160873413086,7.3491357002380705e-06,2.265120932960701,65650,,,,,,,,,
0.1854,25.43666648864746,7.331884207983991e-06,2.266846082186109,65700,,,,,,,,,
0.2357,17.787416458129883,7.314632715729911e-06,2.268571231411517,65750,,,,,,,,,
0.1767,1.1823294162750244,7.297381223475831e-06,2.270296380636925,65800,,,,,,,,,
0.2981,14.061029434204102,7.28012973122175e-06,2.272021529862333,65850,,,,,,,,,
0.1894,7.574929237365723,7.262878238967671e-06,2.273746679087741,65900,,,,,,,,,
0.1924,15.10951042175293,7.245626746713591e-06,2.275471828313149,65950,,,,,,,,,
0.1982,5.017831325531006,7.2283752544595115e-06,2.277196977538557,66000,,,,,,,,,
0.23,17.88827896118164,7.211123762205431e-06,2.278922126763965,66050,,,,,,,,,
0.1881,2.58697247505188,7.193872269951351e-06,2.2806472759893732,66100,,,,,,,,,
0.2054,20.007678985595703,7.176620777697271e-06,2.2823724252147812,66150,,,,,,,,,
0.1487,4.155304908752441,7.15936928544319e-06,2.2840975744401892,66200,,,,,,,,,
0.2014,8.223844528198242,7.1421177931891105e-06,2.2858227236655972,66250,,,,,,,,,
0.143,19.742013931274414,7.124866300935031e-06,2.2875478728910053,66300,,,,,,,,,
0.2063,11.958514213562012,7.107614808680952e-06,2.2892730221164133,66350,,,,,,,,,
0.1847,10.96224594116211,7.090363316426871e-06,2.290998171341821,66400,,,,,,,,,
0.1702,14.588971138000488,7.073111824172791e-06,2.2927233205672293,66450,,,,,,,,,
0.1543,27.077302932739258,7.055860331918711e-06,2.294448469792637,66500,,,,,,,,,
0.2196,5.720938205718994,7.038608839664631e-06,2.2961736190180453,66550,,,,,,,,,
0.2198,10.885255813598633,7.021357347410551e-06,2.297898768243453,66600,,,,,,,,,
0.2191,4.412086486816406,7.004105855156471e-06,2.2996239174688613,66650,,,,,,,,,
0.1969,5.7715559005737305,6.986854362902391e-06,2.301349066694269,66700,,,,,,,,,
0.1528,7.006980895996094,6.969602870648311e-06,2.303074215919677,66750,,,,,,,,,
0.2094,4.072021007537842,6.952351378394231e-06,2.304799365145085,66800,,,,,,,,,
0.1664,19.574697494506836,6.9350998861401515e-06,2.306524514370493,66850,,,,,,,,,
0.2511,8.654081344604492,6.917848393886072e-06,2.308249663595901,66900,,,,,,,,,
0.1714,5.387851238250732,6.900596901631992e-06,2.309974812821309,66950,,,,,,,,,
0.2022,5.967707633972168,6.883345409377911e-06,2.311699962046717,67000,,,,,,,,,
0.215,42.18073654174805,6.866093917123831e-06,2.313425111272125,67050,,,,,,,,,
0.2229,11.49410629272461,6.848842424869751e-06,2.315150260497533,67100,,,,,,,,,
0.183,4.660566806793213,6.8315909326156715e-06,2.316875409722941,67150,,,,,,,,,
0.2128,9.865100860595703,6.814339440361591e-06,2.318600558948349,67200,,,,,,,,,
0.1947,17.437633514404297,6.797087948107512e-06,2.320325708173757,67250,,,,,,,,,
0.1929,39.42129135131836,6.779836455853432e-06,2.322050857399165,67300,,,,,,,,,
0.1831,12.12899398803711,6.762584963599352e-06,2.323776006624573,67350,,,,,,,,,
0.195,0.3152625858783722,6.745333471345271e-06,2.325501155849981,67400,,,,,,,,,
0.2291,10.868661880493164,6.7280819790911915e-06,2.327226305075389,67450,,,,,,,,,
0.2134,1.6086876392364502,6.710830486837112e-06,2.328951454300797,67500,,,,,,,,,
0.1735,9.465167045593262,6.693578994583032e-06,2.330676603526205,67550,,,,,,,,,
0.2099,14.881937980651855,6.676327502328951e-06,2.332401752751613,67600,,,,,,,,,
0.218,23.914716720581055,6.659076010074871e-06,2.334126901977021,67650,,,,,,,,,
0.2185,35.50794982910156,6.641824517820792e-06,2.335852051202429,67700,,,,,,,,,
0.2265,8.165253639221191,6.6245730255667116e-06,2.337577200427837,67750,,,,,,,,,
0.2052,8.451603889465332,6.607321533312632e-06,2.339302349653245,67800,,,,,,,,,
0.2133,18.919527053833008,6.590070041058552e-06,2.341027498878653,67850,,,,,,,,,
0.2628,11.853840827941895,6.572818548804472e-06,2.342752648104061,67900,,,,,,,,,
0.1922,9.928950309753418,6.555567056550391e-06,2.344477797329469,67950,,,,,,,,,
0.1827,9.120807647705078,6.5383155642963115e-06,2.346202946554877,68000,,,,,,,,,
0.1631,31.57741355895996,6.521064072042232e-06,2.347928095780285,68050,,,,,,,,,
0.2484,23.85710906982422,6.503812579788152e-06,2.349653245005693,68100,,,,,,,,,
0.2021,25.110164642333984,6.486561087534072e-06,2.351378394231101,68150,,,,,,,,,
0.1779,8.461695671081543,6.469309595279992e-06,2.353103543456509,68200,,,,,,,,,
0.1734,8.253962516784668,6.452058103025912e-06,2.354828692681917,68250,,,,,,,,,
0.1966,11.30448055267334,6.434806610771832e-06,2.356553841907325,68300,,,,,,,,,
0.2494,4.278879642486572,6.417555118517752e-06,2.358278991132733,68350,,,,,,,,,
0.2413,22.862476348876953,6.400303626263672e-06,2.360004140358141,68400,,,,,,,,,
0.1929,27.161880493164062,6.383052134009592e-06,2.361729289583549,68450,,,,,,,,,
0.215,4.737082004547119,6.365800641755512e-06,2.363454438808957,68500,,,,,,,,,
0.2077,3.550293445587158,6.348549149501431e-06,2.365179588034365,68550,,,,,,,,,
0.2155,2.4586751461029053,6.331297657247352e-06,2.366904737259773,68600,,,,,,,,,
0.2297,2.9434895515441895,6.3140461649932725e-06,2.368629886485181,68650,,,,,,,,,
0.1693,2.0927443504333496,6.296794672739193e-06,2.370355035710589,68700,,,,,,,,,
0.2697,4.098186016082764,6.279543180485112e-06,2.372080184935997,68750,,,,,,,,,
0.1671,0.6640589237213135,6.262291688231032e-06,2.373805334161405,68800,,,,,,,,,
0.1905,5.457632541656494,6.245040195976952e-06,2.3755304833868127,68850,,,,,,,,,
0.1697,21.031536102294922,6.2277887037228724e-06,2.377255632612221,68900,,,,,,,,,
0.1451,6.329826354980469,6.210537211468792e-06,2.3789807818376287,68950,,,,,,,,,
0.1562,4.8173041343688965,6.193285719214712e-06,2.380705931063037,69000,,,,,,,,,
0.2659,19.429975509643555,6.176034226960633e-06,2.3824310802884447,69050,,,,,,,,,
0.1957,2.88617205619812,6.158782734706552e-06,2.384156229513853,69100,,,,,,,,,
0.2294,14.415485382080078,6.141531242452472e-06,2.3858813787392608,69150,,,,,,,,,
0.2007,10.790928840637207,6.1242797501983925e-06,2.3876065279646688,69200,,,,,,,,,
0.2063,23.21956443786621,6.107028257944313e-06,2.3893316771900768,69250,,,,,,,,,
0.2528,15.720368385314941,6.089776765690232e-06,2.391056826415485,69300,,,,,,,,,
0.1762,20.693437576293945,6.072525273436152e-06,2.392781975640893,69350,,,,,,,,,
0.1763,11.345575332641602,6.055273781182072e-06,2.394507124866301,69400,,,,,,,,,
0.2232,11.45809555053711,6.038022288927992e-06,2.396232274091709,69450,,,,,,,,,
0.1976,13.728135108947754,6.0207707966739125e-06,2.397957423317117,69500,,,,,,,,,
0.211,13.124861717224121,6.003519304419833e-06,2.399682572542525,69550,,,,,,,,,
0.1876,12.930377006530762,5.986267812165753e-06,2.401407721767933,69600,,,,,,,,,
0.2103,12.486292839050293,5.969016319911673e-06,2.403132870993341,69650,,,,,,,,,
0.1838,14.277599334716797,5.951764827657592e-06,2.404858020218749,69700,,,,,,,,,
0.1823,10.60352611541748,5.934513335403512e-06,2.406583169444157,69750,,,,,,,,,
0.2286,29.736791610717773,5.9172618431494325e-06,2.408308318669565,69800,,,,,,,,,
0.1969,37.84029006958008,5.900010350895353e-06,2.410033467894973,69850,,,,,,,,,
0.1614,12.054671287536621,5.882758858641272e-06,2.411758617120381,69900,,,,,,,,,
0.1813,7.647392272949219,5.865507366387193e-06,2.413483766345789,69950,,,,,,,,,
0.2333,10.295429229736328,5.848255874133113e-06,2.415208915571197,70000,,,,,,,,,
,,,2.415208915571197,70000,0.905836284160614,292.6401,397.567,24.85,,,,,
0.1925,23.964040756225586,5.831004381879033e-06,2.416934064796605,70050,,,,,,,,,
0.1682,9.098875045776367,5.813752889624953e-06,2.418659214022013,70100,,,,,,,,,
0.1691,35.85263442993164,5.796501397370873e-06,2.420384363247421,70150,,,,,,,,,
0.2111,11.813091278076172,5.779249905116793e-06,2.422109512472829,70200,,,,,,,,,
0.1363,11.137969970703125,5.761998412862713e-06,2.423834661698237,70250,,,,,,,,,
0.2219,10.258797645568848,5.744746920608632e-06,2.425559810923645,70300,,,,,,,,,
0.2189,20.225006103515625,5.7274954283545525e-06,2.427284960149053,70350,,,,,,,,,
0.1905,26.297245025634766,5.7102439361004735e-06,2.429010109374461,70400,,,,,,,,,
0.1816,22.63152503967285,5.692992443846393e-06,2.430735258599869,70450,,,,,,,,,
0.1735,16.094696044921875,5.675740951592313e-06,2.432460407825277,70500,,,,,,,,,
0.2143,13.359654426574707,5.658489459338233e-06,2.434185557050685,70550,,,,,,,,,
0.1848,4.901169300079346,5.641237967084153e-06,2.435910706276093,70600,,,,,,,,,
0.2055,33.94505310058594,5.6239864748300725e-06,2.437635855501501,70650,,,,,,,,,
0.2143,38.118526458740234,5.606734982575993e-06,2.439361004726909,70700,,,,,,,,,
0.216,17.04966926574707,5.589483490321913e-06,2.441086153952317,70750,,,,,,,,,
0.1756,2.110295057296753,5.572231998067833e-06,2.442811303177725,70800,,,,,,,,,
0.2181,35.55216979980469,5.554980505813753e-06,2.444536452403133,70850,,,,,,,,,
0.1886,12.611968994140625,5.537729013559673e-06,2.446261601628541,70900,,,,,,,,,
0.1884,1.424192190170288,5.520477521305593e-06,2.447986750853949,70950,,,,,,,,,
0.1567,6.053867816925049,5.5032260290515135e-06,2.449711900079357,71000,,,,,,,,,
0.2009,6.219765663146973,5.485974536797433e-06,2.451437049304765,71050,,,,,,,,,
0.1768,8.08706283569336,5.468723044543353e-06,2.453162198530173,71100,,,,,,,,,
0.209,22.207429885864258,5.451471552289273e-06,2.454887347755581,71150,,,,,,,,,
0.206,1.684698224067688,5.434220060035193e-06,2.456612496980989,71200,,,,,,,,,
0.2435,21.20638084411621,5.416968567781113e-06,2.458337646206397,71250,,,,,,,,,
0.2638,19.991046905517578,5.399717075527033e-06,2.4600627954318046,71300,,,,,,,,,
0.1599,27.6801700592041,5.382465583272954e-06,2.461787944657213,71350,,,,,,,,,
0.2038,36.50394058227539,5.365214091018874e-06,2.4635130938826206,71400,,,,,,,,,
0.2044,10.786653518676758,5.347962598764793e-06,2.465238243108029,71450,,,,,,,,,
0.1781,32.694602966308594,5.330711106510713e-06,2.4669633923334366,71500,,,,,,,,,
0.1333,10.211679458618164,5.3134596142566335e-06,2.4686885415588447,71550,,,,,,,,,
0.1473,11.537553787231445,5.296208122002554e-06,2.4704136907842527,71600,,,,,,,,,
0.1945,8.484864234924316,5.278956629748473e-06,2.4721388400096607,71650,,,,,,,,,
0.1578,34.058414459228516,5.261705137494393e-06,2.4738639892350687,71700,,,,,,,,,
0.1941,3.015911817550659,5.244453645240313e-06,2.4755891384604767,71750,,,,,,,,,
0.174,17.619096755981445,5.227202152986233e-06,2.4773142876858847,71800,,,,,,,,,
0.1934,5.644796848297119,5.2099506607321535e-06,2.4790394369112927,71850,,,,,,,,,
0.1819,4.990771770477295,5.192699168478074e-06,2.4807645861367007,71900,,,,,,,,,
0.2302,12.324502944946289,5.175447676223994e-06,2.4824897353621087,71950,,,,,,,,,
0.2111,10.106996536254883,5.158196183969913e-06,2.4842148845875167,72000,,,,,,,,,
0.1618,6.780454158782959,5.140944691715833e-06,2.4859400338129247,72050,,,,,,,,,
0.185,15.204854965209961,5.123693199461753e-06,2.4876651830383327,72100,,,,,,,,,
0.2021,44.72848892211914,5.1064417072076736e-06,2.4893903322637407,72150,,,,,,,,,
0.1924,5.463402271270752,5.089190214953593e-06,2.4911154814891487,72200,,,,,,,,,
0.238,13.945840835571289,5.071938722699514e-06,2.4928406307145567,72250,,,,,,,,,
0.2001,4.787176609039307,5.054687230445434e-06,2.4945657799399648,72300,,,,,,,,,
0.1997,4.944949150085449,5.037435738191354e-06,2.4962909291653728,72350,,,,,,,,,
0.2119,11.003807067871094,5.0201842459372734e-06,2.4980160783907808,72400,,,,,,,,,
0.1541,9.55805778503418,5.002932753683194e-06,2.4997412276161888,72450,,,,,,,,,
0.1936,6.980668067932129,4.985681261429114e-06,2.501466376841597,72500,,,,,,,,,
0.2335,7.3553242683410645,4.968429769175034e-06,2.503191526067005,72550,,,,,,,,,
0.1871,9.743680000305176,4.951178276920953e-06,2.504916675292413,72600,,,,,,,,,
0.1944,31.73931121826172,4.933926784666873e-06,2.506641824517821,72650,,,,,,,,,
0.2023,1.9461992979049683,4.916675292412794e-06,2.508366973743229,72700,,,,,,,,,
0.186,11.191471099853516,4.8994238001587145e-06,2.510092122968637,72750,,,,,,,,,
0.1931,18.669384002685547,4.882172307904634e-06,2.511817272194045,72800,,,,,,,,,
0.1912,9.268054962158203,4.864920815650554e-06,2.513542421419453,72850,,,,,,,,,
0.2169,22.369964599609375,4.847669323396474e-06,2.515267570644861,72900,,,,,,,,,
0.2095,5.401839733123779,4.830417831142394e-06,2.516992719870269,72950,,,,,,,,,
0.1819,5.816783428192139,4.8131663388883135e-06,2.518717869095677,73000,,,,,,,,,
0.1899,6.374989986419678,4.795914846634234e-06,2.520443018321085,73050,,,,,,,,,
0.1625,8.843293190002441,4.778663354380154e-06,2.522168167546493,73100,,,,,,,,,
0.2243,2.7418620586395264,4.761411862126074e-06,2.523893316771901,73150,,,,,,,,,
0.1814,8.657600402832031,4.744160369871994e-06,2.525618465997309,73200,,,,,,,,,
0.2487,11.215595245361328,4.726908877617914e-06,2.527343615222717,73250,,,,,,,,,
0.1683,5.307436466217041,4.709657385363834e-06,2.529068764448125,73300,,,,,,,,,
0.1975,22.291152954101562,4.692405893109754e-06,2.530793913673533,73350,,,,,,,,,
0.1732,25.88057518005371,4.675154400855674e-06,2.532519062898941,73400,,,,,,,,,
0.2064,7.817626476287842,4.657902908601594e-06,2.534244212124349,73450,,,,,,,,,
0.1599,3.7663521766662598,4.640651416347514e-06,2.535969361349757,73500,,,,,,,,,
0.1703,8.221467971801758,4.6233999240934335e-06,2.5376945105751645,73550,,,,,,,,,
0.1702,25.16493034362793,4.6061484318393544e-06,2.539419659800573,73600,,,,,,,,,
0.2006,5.254058361053467,4.588896939585275e-06,2.5411448090259805,73650,,,,,,,,,
0.1522,1.5087743997573853,4.571645447331195e-06,2.542869958251389,73700,,,,,,,,,
0.2092,0.4182584583759308,4.554393955077114e-06,2.5445951074767965,73750,,,,,,,,,
0.2209,3.1461105346679688,4.537142462823034e-06,2.546320256702205,73800,,,,,,,,,
0.1314,5.749134540557861,4.519890970568954e-06,2.5480454059276125,73850,,,,,,,,,
0.1912,2.544011116027832,4.5026394783148745e-06,2.549770555153021,73900,,,,,,,,,
0.2376,3.4851629734039307,4.485387986060794e-06,2.5514957043784285,73950,,,,,,,,,
0.1334,14.349183082580566,4.468136493806714e-06,2.553220853603837,74000,,,,,,,,,
0.2059,20.573713302612305,4.450885001552635e-06,2.5549460028292446,74050,,,,,,,,,
0.1671,28.1039981842041,4.433633509298555e-06,2.5566711520546526,74100,,,,,,,,,
0.1904,23.85590934753418,4.416382017044474e-06,2.5583963012800606,74150,,,,,,,,,
0.1676,20.12648582458496,4.3991305247903945e-06,2.5601214505054686,74200,,,,,,,,,
0.1832,13.836712837219238,4.381879032536315e-06,2.5618465997308766,74250,,,,,,,,,
0.1789,8.202590942382812,4.364627540282235e-06,2.5635717489562846,74300,,,,,,,,,
0.1736,30.153162002563477,4.347376048028154e-06,2.5652968981816926,74350,,,,,,,,,
0.1576,5.088923454284668,4.330124555774074e-06,2.5670220474071006,74400,,,,,,,,,
0.1796,8.031250953674316,4.312873063519994e-06,2.5687471966325086,74450,,,,,,,,,
0.2188,3.7791309356689453,4.2956215712659146e-06,2.5704723458579166,74500,,,,,,,,,
0.1621,11.599347114562988,4.278370079011835e-06,2.5721974950833246,74550,,,,,,,,,
0.2215,9.830087661743164,4.261118586757755e-06,2.5739226443087326,74600,,,,,,,,,
0.1961,8.179647445678711,4.243867094503675e-06,2.5756477935341406,74650,,,,,,,,,
0.1936,12.622736930847168,4.226615602249594e-06,2.5773729427595486,74700,,,,,,,,,
0.1679,15.31497573852539,4.2093641099955145e-06,2.5790980919849567,74750,,,,,,,,,
0.2007,1.797837257385254,4.192112617741435e-06,2.5808232412103647,74800,,,,,,,,,
0.1796,4.467460632324219,4.174861125487355e-06,2.5825483904357727,74850,,,,,,,,,
0.1662,24.08827781677246,4.157609633233274e-06,2.5842735396611807,74900,,,,,,,,,
0.1768,30.865482330322266,4.140358140979195e-06,2.5859986888865887,74950,,,,,,,,,
0.1888,11.130017280578613,4.123106648725115e-06,2.5877238381119967,75000,,,,,,,,,
,,,2.5877238381119967,75000,0.9292504191398621,292.5702,397.662,24.856,,,,,
0.1834,34.35669708251953,4.105855156471035e-06,2.5894489873374047,75050,,,,,,,,,
0.2111,11.051773071289062,4.088603664216955e-06,2.5911741365628127,75100,,,,,,,,,
0.1767,2.4930593967437744,4.071352171962875e-06,2.5928992857882207,75150,,,,,,,,,
0.1948,24.809011459350586,4.054100679708795e-06,2.5946244350136287,75200,,,,,,,,,
0.187,18.537439346313477,4.036849187454715e-06,2.5963495842390367,75250,,,,,,,,,
0.1853,3.0374045372009277,4.019597695200634e-06,2.5980747334644447,75300,,,,,,,,,
0.1388,5.106870651245117,4.0023462029465545e-06,2.5997998826898527,75350,,,,,,,,,
0.2394,12.266019821166992,3.9850947106924755e-06,2.6015250319152607,75400,,,,,,,,,
0.2064,11.115406036376953,3.967843218438396e-06,2.6032501811406688,75450,,,,,,,,,
0.1656,18.044172286987305,3.950591726184315e-06,2.6049753303660768,75500,,,,,,,,,
0.1584,28.219005584716797,3.933340233930235e-06,2.6067004795914848,75550,,,,,,,,,
0.1976,4.718272686004639,3.916088741676155e-06,2.6084256288168928,75600,,,,,,,,,
0.1632,9.902900695800781,3.898837249422075e-06,2.610150778042301,75650,,,,,,,,,
0.2091,7.146236896514893,3.881585757167995e-06,2.611875927267709,75700,,,,,,,,,
0.1742,8.604996681213379,3.864334264913915e-06,2.613601076493117,75750,,,,,,,,,
0.1967,0.5277084708213806,3.847082772659835e-06,2.615326225718525,75800,,,,,,,,,
0.1728,19.39060401916504,3.829831280405755e-06,2.617051374943933,75850,,,,,,,,,
0.136,7.380117893218994,3.8125797881516753e-06,2.618776524169341,75900,,,,,,,,,
0.1496,9.867912292480469,3.7953282958975955e-06,2.620501673394749,75950,,,,,,,,,
0.1712,15.549077987670898,3.778076803643515e-06,2.6222268226201564,76000,,,,,,,,,
0.2163,6.344430446624756,3.7608253113894353e-06,2.623951971845565,76050,,,,,,,,,
0.1946,16.838762283325195,3.743573819135355e-06,2.6256771210709724,76100,,,,,,,,,
0.1794,19.681882858276367,3.726322326881275e-06,2.627402270296381,76150,,,,,,,,,
0.226,3.6097569465637207,3.7090708346271954e-06,2.6291274195217884,76200,,,,,,,,,
0.176,26.504053115844727,3.6918193423731155e-06,2.630852568747197,76250,,,,,,,,,
0.1809,9.420315742492676,3.6745678501190352e-06,2.6325777179726044,76300,,,,,,,,,
0.1784,7.349667549133301,3.6573163578649554e-06,2.634302867198013,76350,,,,,,,,,
0.2086,7.1923112869262695,3.640064865610875e-06,2.6360280164234204,76400,,,,,,,,,
0.1646,14.83324146270752,3.6228133733567957e-06,2.637753165648829,76450,,,,,,,,,
0.199,12.099884986877441,3.6055618811027154e-06,2.6394783148742365,76500,,,,,,,,,
0.1883,9.321102142333984,3.5883103888486355e-06,2.6412034640996445,76550,,,,,,,,,
0.2208,27.716899871826172,3.5710588965945553e-06,2.6429286133250525,76600,,,,,,,,,
0.1911,14.066936492919922,3.553807404340476e-06,2.6446537625504605,76650,,,,,,,,,
0.2003,3.6537575721740723,3.5365559120863956e-06,2.6463789117758685,76700,,,,,,,,,
0.1579,16.105504989624023,3.5193044198323157e-06,2.6481040610012765,76750,,,,,,,,,
0.1782,2.396559238433838,3.5020529275782354e-06,2.6498292102266845,76800,,,,,,,,,
0.2122,18.69087028503418,3.4848014353241556e-06,2.6515543594520925,76850,,,,,,,,,
0.201,24.80518913269043,3.4675499430700757e-06,2.6532795086775005,76900,,,,,,,,,
0.2052,20.147905349731445,3.450298450815996e-06,2.6550046579029085,76950,,,,,,,,,
0.2164,23.191225051879883,3.4330469585619156e-06,2.6567298071283165,77000,,,,,,,,,
0.1978,26.24089813232422,3.4157954663078357e-06,2.6584549563537245,77050,,,,,,,,,
0.1768,19.38536834716797,3.398543974053756e-06,2.6601801055791325,77100,,,,,,,,,
0.1733,20.800188064575195,3.381292481799676e-06,2.6619052548045405,77150,,,,,,,,,
0.1576,15.652823448181152,3.3640409895455958e-06,2.6636304040299486,77200,,,,,,,,,
0.1932,17.31488800048828,3.346789497291516e-06,2.6653555532553566,77250,,,,,,,,,
0.216,11.524331092834473,3.3295380050374356e-06,2.6670807024807646,77300,,,,,,,,,
0.1793,4.548846244812012,3.3122865127833558e-06,2.6688058517061726,77350,,,,,,,,,
0.1856,6.602663040161133,3.295035020529276e-06,2.6705310009315806,77400,,,,,,,,,
0.1751,5.754286766052246,3.2777835282751957e-06,2.6722561501569886,77450,,,,,,,,,
0.2284,17.932954788208008,3.260532036021116e-06,2.6739812993823966,77500,,,,,,,,,
0.1602,7.842611312866211,3.243280543767036e-06,2.6757064486078046,77550,,,,,,,,,
0.158,3.1674695014953613,3.226029051512956e-06,2.6774315978332126,77600,,,,,,,,,
0.2205,34.76552200317383,3.208777559258876e-06,2.6791567470586206,77650,,,,,,,,,
0.1668,4.841958999633789,3.191526067004796e-06,2.6808818962840286,77700,,,,,,,,,
0.1888,5.925753116607666,3.1742745747507157e-06,2.6826070455094366,77750,,,,,,,,,
0.181,3.1274242401123047,3.1570230824966363e-06,2.6843321947348446,77800,,,,,,,,,
0.1758,12.145060539245605,3.139771590242556e-06,2.6860573439602526,77850,,,,,,,,,
0.1792,20.822677612304688,3.122520097988476e-06,2.6877824931856606,77900,,,,,,,,,
0.1575,3.4895200729370117,3.105268605734396e-06,2.6895076424110687,77950,,,,,,,,,
0.1781,10.541281700134277,3.0880171134803164e-06,2.6912327916364767,78000,,,,,,,,,
0.2079,22.787099838256836,3.070765621226236e-06,2.6929579408618847,78050,,,,,,,,,
0.1662,10.008306503295898,3.0535141289721563e-06,2.6946830900872927,78100,,,,,,,,,
0.209,18.16468048095703,3.036262636718076e-06,2.6964082393127007,78150,,,,,,,,,
0.1871,4.277114391326904,3.019011144463996e-06,2.6981333885381087,78200,,,,,,,,,
0.1434,10.55754280090332,3.0017596522099163e-06,2.6998585377635167,78250,,,,,,,,,
0.2064,20.71862030029297,2.9845081599558365e-06,2.7015836869889247,78300,,,,,,,,,
0.1766,7.695555686950684,2.967256667701756e-06,2.7033088362143323,78350,,,,,,,,,
0.2266,29.962297439575195,2.9500051754476763e-06,2.7050339854397407,78400,,,,,,,,,
0.1613,1.7257856130599976,2.9327536831935965e-06,2.7067591346651483,78450,,,,,,,,,
0.213,24.89129638671875,2.9155021909395166e-06,2.7084842838905567,78500,,,,,,,,,
0.2023,31.06305503845215,2.8982506986854364e-06,2.7102094331159643,78550,,,,,,,,,
0.2055,32.30716323852539,2.8809992064313565e-06,2.7119345823413727,78600,,,,,,,,,
0.1663,4.2860188484191895,2.8637477141772762e-06,2.7136597315667803,78650,,,,,,,,,
0.2231,16.28632164001465,2.8464962219231964e-06,2.7153848807921888,78700,,,,,,,,,
0.1724,5.974271774291992,2.8292447296691165e-06,2.7171100300175963,78750,,,,,,,,,
0.1689,24.641315460205078,2.8119932374150363e-06,2.7188351792430048,78800,,,,,,,,,
0.1873,45.49546432495117,2.7947417451609564e-06,2.7205603284684123,78850,,,,,,,,,
0.1582,1.575680136680603,2.7774902529068766e-06,2.722285477693821,78900,,,,,,,,,
0.2047,22.55962371826172,2.7602387606527967e-06,2.7240106269192284,78950,,,,,,,,,
0.1789,11.83296012878418,2.7429872683987164e-06,2.7257357761446364,79000,,,,,,,,,
0.2237,4.691938400268555,2.7257357761446366e-06,2.7274609253700444,79050,,,,,,,,,
0.1928,9.898553848266602,2.7084842838905563e-06,2.7291860745954524,79100,,,,,,,,,
0.1546,17.774200439453125,2.691232791636477e-06,2.7309112238208604,79150,,,,,,,,,
0.1717,5.501009464263916,2.6739812993823966e-06,2.7326363730462684,79200,,,,,,,,,
0.1393,1.0670775175094604,2.6567298071283167e-06,2.7343615222716764,79250,,,,,,,,,
0.1931,22.17608070373535,2.6394783148742365e-06,2.7360866714970844,79300,,,,,,,,,
0.1549,4.210423946380615,2.6222268226201566e-06,2.7378118207224924,79350,,,,,,,,,
0.1582,4.863984107971191,2.6049753303660768e-06,2.7395369699479004,79400,,,,,,,,,
0.1875,17.2511043548584,2.587723838111997e-06,2.7412621191733084,79450,,,,,,,,,
0.1602,3.9890315532684326,2.5704723458579166e-06,2.7429872683987164,79500,,,,,,,,,
0.1714,5.8078789710998535,2.5532208536038368e-06,2.7447124176241244,79550,,,,,,,,,
0.2006,4.94961404800415,2.535969361349757e-06,2.7464375668495324,79600,,,,,,,,,
0.1927,9.248540878295898,2.518717869095677e-06,2.7481627160749404,79650,,,,,,,,,
0.1438,5.382308483123779,2.501466376841597e-06,2.7498878653003485,79700,,,,,,,,,
0.1965,7.734830856323242,2.484214884587517e-06,2.7516130145257565,79750,,,,,,,,,
0.1597,11.314693450927734,2.4669633923334367e-06,2.7533381637511645,79800,,,,,,,,,
0.1803,22.361120223999023,2.4497119000793572e-06,2.7550633129765725,79850,,,,,,,,,
0.192,18.272705078125,2.432460407825277e-06,2.7567884622019805,79900,,,,,,,,,
0.2079,26.02272605895996,2.415208915571197e-06,2.7585136114273885,79950,,,,,,,,,
0.1636,3.0413997173309326,2.397957423317117e-06,2.7602387606527965,80000,,,,,,,,,
,,,2.7602387606527965,80000,0.9284080266952515,292.5714,397.66,24.855,,,,,
0.2026,11.269853591918945,2.380705931063037e-06,2.7619639098782045,80050,,,,,,,,,
0.2368,29.3961181640625,2.363454438808957e-06,2.7636890591036125,80100,,,,,,,,,
0.19,22.661346435546875,2.346202946554877e-06,2.7654142083290205,80150,,,,,,,,,
0.186,13.20833969116211,2.328951454300797e-06,2.7671393575544285,80200,,,,,,,,,
0.2066,47.972293853759766,2.3116999620467167e-06,2.7688645067798365,80250,,,,,,,,,
0.1685,12.417377471923828,2.2944484697926373e-06,2.7705896560052445,80300,,,,,,,,,
0.203,22.495046615600586,2.277196977538557e-06,2.7723148052306525,80350,,,,,,,,,
0.2381,27.478221893310547,2.259945485284477e-06,2.7740399544560606,80400,,,,,,,,,
0.1399,4.691823959350586,2.242693993030397e-06,2.7757651036814686,80450,,,,,,,,,
0.1877,6.940636157989502,2.2254425007763175e-06,2.7774902529068766,80500,,,,,,,,,
0.1735,26.61736297607422,2.208191008522237e-06,2.7792154021322846,80550,,,,,,,,,
0.1707,20.797025680541992,2.1909395162681573e-06,2.7809405513576926,80600,,,,,,,,,
0.1934,27.562711715698242,2.173688024014077e-06,2.7826657005831006,80650,,,,,,,,,
0.157,1.8778549432754517,2.156436531759997e-06,2.7843908498085086,80700,,,,,,,,,
0.1578,1.7851545810699463,2.1391850395059174e-06,2.7861159990339166,80750,,,,,,,,,
0.187,25.972858428955078,2.1219335472518375e-06,2.787841148259324,80800,,,,,,,,,
0.1737,5.3550496101379395,2.1046820549977572e-06,2.7895662974847326,80850,,,,,,,,,
0.1596,6.373783111572266,2.0874305627436774e-06,2.79129144671014,80900,,,,,,,,,
0.1387,12.663784980773926,2.0701790704895975e-06,2.7930165959355486,80950,,,,,,,,,
0.1645,12.158166885375977,2.0529275782355177e-06,2.794741745160956,81000,,,,,,,,,
0.2015,14.914105415344238,2.0356760859814374e-06,2.7964668943863646,81050,,,,,,,,,
0.1698,9.411423683166504,2.0184245937273575e-06,2.798192043611772,81100,,,,,,,,,
0.1541,14.534660339355469,2.0011731014732773e-06,2.7999171928371807,81150,,,,,,,,,
0.1813,28.796899795532227,1.983921609219198e-06,2.801642342062588,81200,,,,,,,,,
0.1808,13.44497013092041,1.9666701169651176e-06,2.8033674912879967,81250,,,,,,,,,
0.2071,23.016393661499023,1.9494186247110377e-06,2.8050926405134042,81300,,,,,,,,,
0.1905,34.6154899597168,1.9321671324569574e-06,2.8068177897388122,81350,,,,,,,,,
0.1452,4.42376708984375,1.9149156402028776e-06,2.8085429389642202,81400,,,,,,,,,
0.1785,0.6775273084640503,1.8976641479487977e-06,2.8102680881896283,81450,,,,,,,,,
0.1744,10.19414234161377,1.8804126556947177e-06,2.8119932374150363,81500,,,,,,,,,
0.206,17.506864547729492,1.8631611634406376e-06,2.8137183866404443,81550,,,,,,,,,
0.1907,3.348602533340454,1.8459096711865578e-06,2.8154435358658523,81600,,,,,,,,,
0.1782,5.331400394439697,1.8286581789324777e-06,2.8171686850912603,81650,,,,,,,,,
0.2179,10.951282501220703,1.8114066866783978e-06,2.8188938343166683,81700,,,,,,,,,
0.1855,28.23309898376465,1.7941551944243178e-06,2.8206189835420763,81750,,,,,,,,,
0.1787,17.836822509765625,1.776903702170238e-06,2.8223441327674843,81800,,,,,,,,,
0.2182,10.296676635742188,1.7596522099161579e-06,2.8240692819928923,81850,,,,,,,,,
0.19,27.98598289489746,1.7424007176620778e-06,2.8257944312183003,81900,,,,,,,,,
0.1464,7.474854946136475,1.725149225407998e-06,2.8275195804437083,81950,,,,,,,,,
0.195,11.52757453918457,1.7078977331539179e-06,2.8292447296691163,82000,,,,,,,,,
0.1733,52.49069595336914,1.690646240899838e-06,2.8309698788945243,82050,,,,,,,,,
0.1722,27.487455368041992,1.673394748645758e-06,2.8326950281199323,82100,,,,,,,,,
0.1771,7.3280348777771,1.6561432563916779e-06,2.8344201773453404,82150,,,,,,,,,
0.1796,24.168859481811523,1.6388917641375978e-06,2.8361453265707484,82200,,,,,,,,,
0.1879,23.561283111572266,1.621640271883518e-06,2.8378704757961564,82250,,,,,,,,,
0.1832,1.4951276779174805,1.604388779629438e-06,2.8395956250215644,82300,,,,,,,,,
0.1764,1.892518401145935,1.5871372873753578e-06,2.8413207742469724,82350,,,,,,,,,
0.2103,18.652006149291992,1.569885795121278e-06,2.8430459234723804,82400,,,,,,,,,
0.1798,5.57788610458374,1.552634302867198e-06,2.8447710726977884,82450,,,,,,,,,
0.2182,4.711296558380127,1.535382810613118e-06,2.8464962219231964,82500,,,,,,,,,
0.1862,1.6911523342132568,1.518131318359038e-06,2.8482213711486044,82550,,,,,,,,,
0.1417,2.8712356090545654,1.5008798261049582e-06,2.8499465203740124,82600,,,,,,,,,
0.1849,0.23578593134880066,1.483628333850878e-06,2.8516716695994204,82650,,,,,,,,,
0.1375,3.9886162281036377,1.4663768415967982e-06,2.8533968188248284,82700,,,,,,,,,
0.2007,25.66875648498535,1.4491253493427182e-06,2.8551219680502364,82750,,,,,,,,,
0.2403,16.21942710876465,1.4318738570886381e-06,2.8568471172756444,82800,,,,,,,,,
0.1488,31.104063034057617,1.4146223648345583e-06,2.8585722665010525,82850,,,,,,,,,
0.2037,3.509704113006592,1.3973708725804782e-06,2.8602974157264605,82900,,,,,,,,,
0.1936,12.133088111877441,1.3801193803263983e-06,2.8620225649518685,82950,,,,,,,,,
0.1644,11.672048568725586,1.3628678880723183e-06,2.8637477141772765,83000,,,,,,,,,
0.1721,9.156746864318848,1.3456163958182384e-06,2.8654728634026845,83050,,,,,,,,,
0.1684,10.106504440307617,1.3283649035641584e-06,2.8671980126280925,83100,,,,,,,,,
0.1424,3.546308994293213,1.3111134113100783e-06,2.8689231618535005,83150,,,,,,,,,
0.2418,19.8964786529541,1.2938619190559985e-06,2.8706483110789085,83200,,,,,,,,,
0.1704,18.461748123168945,1.2766104268019184e-06,2.872373460304316,83250,,,,,,,,,
0.1541,12.902780532836914,1.2593589345478385e-06,2.8740986095297245,83300,,,,,,,,,
0.1733,3.8396782875061035,1.2421074422937585e-06,2.875823758755132,83350,,,,,,,,,
0.204,9.549036026000977,1.2248559500396786e-06,2.8775489079805405,83400,,,,,,,,,
0.148,37.8236083984375,1.2076044577855986e-06,2.879274057205948,83450,,,,,,,,,
0.1739,34.871620178222656,1.1903529655315185e-06,2.8809992064313565,83500,,,,,,,,,
0.1599,24.841533660888672,1.1731014732774384e-06,2.882724355656764,83550,,,,,,,,,
0.165,15.931906700134277,1.1558499810233584e-06,2.8844495048821726,83600,,,,,,,,,
0.1718,0.8441022634506226,1.1385984887692785e-06,2.88617465410758,83650,,,,,,,,,
0.1525,3.014887571334839,1.1213469965151984e-06,2.8878998033329886,83700,,,,,,,,,
0.1836,13.868058204650879,1.1040955042611186e-06,2.889624952558396,83750,,,,,,,,,
0.1694,5.261671543121338,1.0868440120070385e-06,2.891350101783804,83800,,,,,,,,,
0.2029,18.689857482910156,1.0695925197529587e-06,2.893075251009212,83850,,,,,,,,,
0.1399,22.790611267089844,1.0523410274988786e-06,2.89480040023462,83900,,,,,,,,,
0.2434,6.747550964355469,1.0350895352447988e-06,2.896525549460028,83950,,,,,,,,,
0.1957,18.84113121032715,1.0178380429907187e-06,2.898250698685436,84000,,,,,,,,,
0.1801,15.657404899597168,1.0005865507366386e-06,2.899975847910844,84050,,,,,,,,,
0.1978,24.663066864013672,9.833350584825588e-07,2.901700997136252,84100,,,,,,,,,
0.198,7.646762847900391,9.660835662284787e-07,2.90342614636166,84150,,,,,,,,,
0.1842,9.712031364440918,9.488320739743989e-07,2.905151295587068,84200,,,,,,,,,
0.171,40.615421295166016,9.315805817203188e-07,2.906876444812476,84250,,,,,,,,,
0.188,2.017998218536377,9.143290894662388e-07,2.908601594037884,84300,,,,,,,,,
0.1494,0.718192994594574,8.970775972121589e-07,2.910326743263292,84350,,,,,,,,,
0.16,18.504579544067383,8.798261049580789e-07,2.9120518924887002,84400,,,,,,,,,
0.1687,29.29233741760254,8.62574612703999e-07,2.9137770417141082,84450,,,,,,,,,
0.1974,5.786975383758545,8.45323120449919e-07,2.9155021909395162,84500,,,,,,,,,
0.2095,17.08717918395996,8.280716281958389e-07,2.9172273401649242,84550,,,,,,,,,
0.1656,3.796457529067993,8.10820135941759e-07,2.9189524893903322,84600,,,,,,,,,
0.175,17.042465209960938,7.935686436876789e-07,2.9206776386157403,84650,,,,,,,,,
0.2191,32.303462982177734,7.76317151433599e-07,2.9224027878411483,84700,,,,,,,,,
0.1581,16.146989822387695,7.59065659179519e-07,2.9241279370665563,84750,,,,,,,,,
0.1638,18.0490665435791,7.41814166925439e-07,2.9258530862919643,84800,,,,,,,,,
0.2082,8.084978103637695,7.245626746713591e-07,2.9275782355173723,84850,,,,,,,,,
0.171,6.9338884353637695,7.073111824172791e-07,2.9293033847427803,84900,,,,,,,,,
0.2015,19.10239601135254,6.900596901631992e-07,2.9310285339681883,84950,,,,,,,,,
0.1434,5.922106742858887,6.728081979091192e-07,2.9327536831935963,85000,,,,,,,,,
,,,2.9327536831935963,85000,0.9173644781112671,292.4669,397.802,24.864,,,,,
0.1819,3.362330436706543,6.555567056550392e-07,2.9344788324190043,85050,,,,,,,,,
0.1845,1.1032267808914185,6.383052134009592e-07,2.9362039816444123,85100,,,,,,,,,
0.1539,0.4586489498615265,6.210537211468792e-07,2.9379291308698203,85150,,,,,,,,,
0.1513,11.957589149475098,6.038022288927993e-07,2.9396542800952283,85200,,,,,,,,,
0.211,1.311176061630249,5.865507366387192e-07,2.9413794293206363,85250,,,,,,,,,
0.1609,21.66698455810547,5.692992443846393e-07,2.9431045785460443,85300,,,,,,,,,
0.1893,2.502694606781006,5.520477521305593e-07,2.9448297277714524,85350,,,,,,,,,
0.1801,5.807105541229248,5.347962598764793e-07,2.9465548769968604,85400,,,,,,,,,
0.147,13.299452781677246,5.175447676223994e-07,2.9482800262222684,85450,,,,,,,,,
0.1899,18.682147979736328,5.002932753683193e-07,2.9500051754476764,85500,,,,,,,,,
0.1707,8.143099784851074,4.830417831142394e-07,2.9517303246730844,85550,,,,,,,,,
0.1776,25.680137634277344,4.657902908601594e-07,2.953455473898492,85600,,,,,,,,,
0.1846,17.28215980529785,4.4853879860607944e-07,2.9551806231239004,85650,,,,,,,,,
0.1762,19.400165557861328,4.312873063519995e-07,2.956905772349308,85700,,,,,,,,,
0.1585,4.358814239501953,4.1403581409791947e-07,2.9586309215747164,85750,,,,,,,,,
0.1819,23.263195037841797,3.9678432184383946e-07,2.960356070800124,85800,,,,,,,,,
0.2432,49.1996955871582,3.795328295897595e-07,2.9620812200255324,85850,,,,,,,,,
0.1816,13.720519065856934,3.6228133733567955e-07,2.96380636925094,85900,,,,,,,,,
0.2247,63.85834503173828,3.450298450815996e-07,2.9655315184763484,85950,,,,,,,,,
0.2048,4.667569160461426,3.277783528275196e-07,2.967256667701756,86000,,,,,,,,,
0.219,14.357637405395508,3.105268605734396e-07,2.9689818169271645,86050,,,,,,,,,
0.1734,24.30723762512207,2.932753683193596e-07,2.970706966152572,86100,,,,,,,,,
0.167,4.276947021484375,2.7602387606527965e-07,2.9724321153779805,86150,,,,,,,,,
0.1623,16.866596221923828,2.587723838111997e-07,2.974157264603388,86200,,,,,,,,,
0.163,6.655847549438477,2.415208915571197e-07,2.975882413828796,86250,,,,,,,,,
0.1246,34.92786407470703,2.2426939930303972e-07,2.977607563054204,86300,,,,,,,,,
0.1569,1.4826878309249878,2.0701790704895974e-07,2.979332712279612,86350,,,,,,,,,
0.1593,4.620284557342529,1.8976641479487975e-07,2.98105786150502,86400,,,,,,,,,
0.1708,0.6895196437835693,1.725149225407998e-07,2.982783010730428,86450,,,,,,,,,
0.1822,13.052780151367188,1.552634302867198e-07,2.984508159955836,86500,,,,,,,,,
0.1823,10.2321138381958,1.3801193803263982e-07,2.986233309181244,86550,,,,,,,,,
0.2176,8.12701416015625,1.2076044577855984e-07,2.987958458406652,86600,,,,,,,,,
0.1742,10.686766624450684,1.0350895352447987e-07,2.98968360763206,86650,,,,,,,,,
0.1752,28.623842239379883,8.62574612703999e-08,2.991408756857468,86700,,,,,,,,,
0.1513,20.4462833404541,6.900596901631991e-08,2.993133906082876,86750,,,,,,,,,
0.1501,19.219587326049805,5.1754476762239934e-08,2.994859055308284,86800,,,,,,,,,
0.177,21.966718673706055,3.4502984508159956e-08,2.996584204533692,86850,,,,,,,,,
0.1824,1.093741774559021,1.7251492254079978e-08,2.9983093537591,86900,,,,,,,,,
,,,3.0,86949,,,,,19155.3425,72.624,4.539,2.7262508165172173e+17,0.4101081455109931
