loss,grad_norm,learning_rate,epoch,step,eval_loss,eval_runtime,eval_samples_per_second,eval_steps_per_second,train_runtime,train_samples_per_second,train_steps_per_second,total_flos,train_loss
3.697,13.516833305358887,2.997953814674072e-05,0.0020879442101307054,50,,,,,,,,,
2.2984,17.145383834838867,2.995865870463941e-05,0.004175888420261411,100,,,,,,,,,
1.9413,18.24796485900879,2.9937779262538105e-05,0.006263832630392116,150,,,,,,,,,
1.7357,26.177289962768555,2.99168998204368e-05,0.008351776840522821,200,,,,,,,,,
1.5104,13.33819580078125,2.989602037833549e-05,0.010439721050653527,250,,,,,,,,,
1.5117,15.4114408493042,2.9875140936234184e-05,0.012527665260784231,300,,,,,,,,,
1.4944,17.40199851989746,2.985426149413288e-05,0.014615609470914937,350,,,,,,,,,
1.3723,19.716760635375977,2.983338205203157e-05,0.016703553681045643,400,,,,,,,,,
1.3252,18.11189842224121,2.9812502609930263e-05,0.01879149789117635,450,,,,,,,,,
1.4672,15.965019226074219,2.9791623167828957e-05,0.020879442101307055,500,,,,,,,,,
1.3722,20.66408920288086,2.9770743725727648e-05,0.022967386311437757,550,,,,,,,,,
1.2141,12.264472007751465,2.9749864283626342e-05,0.025055330521568463,600,,,,,,,,,
1.3285,15.976034164428711,2.9728984841525037e-05,0.02714327473169917,650,,,,,,,,,
1.1816,24.135969161987305,2.9708105399423727e-05,0.029231218941829874,700,,,,,,,,,
1.3358,18.375478744506836,2.968722595732242e-05,0.03131916315196058,750,,,,,,,,,
1.2355,15.93808364868164,2.9666346515221116e-05,0.033407107362091286,800,,,,,,,,,
1.223,16.03458023071289,2.9645467073119807e-05,0.03549505157222199,850,,,,,,,,,
1.2095,20.478784561157227,2.96245876310185e-05,0.0375829957823527,900,,,,,,,,,
1.1078,12.118559837341309,2.9603708188917195e-05,0.0396709399924834,950,,,,,,,,,
1.1859,20.301555633544922,2.9582828746815886e-05,0.04175888420261411,1000,,,,,,,,,
1.123,10.074945449829102,2.956194930471458e-05,0.043846828412744815,1050,,,,,,,,,
1.0182,14.777929306030273,2.9541069862613274e-05,0.045934772622875514,1100,,,,,,,,,
1.1061,14.671127319335938,2.9520190420511965e-05,0.04802271683300622,1150,,,,,,,,,
1.1088,23.347442626953125,2.949931097841066e-05,0.050110661043136925,1200,,,,,,,,,
1.1343,13.816573143005371,2.9478431536309353e-05,0.05219860525326763,1250,,,,,,,,,
1.0017,11.834738731384277,2.9457552094208044e-05,0.05428654946339834,1300,,,,,,,,,
1.1125,13.66718578338623,2.9436672652106738e-05,0.05637449367352904,1350,,,,,,,,,
0.9546,15.533003807067871,2.941579321000543e-05,0.05846243788365975,1400,,,,,,,,,
0.9465,14.879617691040039,2.9394913767904123e-05,0.060550382093790454,1450,,,,,,,,,
0.9688,17.9871768951416,2.9374034325802817e-05,0.06263832630392116,1500,,,,,,,,,
1.0244,14.405275344848633,2.9353154883701508e-05,0.06472627051405186,1550,,,,,,,,,
0.9962,10.435128211975098,2.9332275441600202e-05,0.06681421472418257,1600,,,,,,,,,
0.9646,10.696298599243164,2.9311395999498896e-05,0.06890215893431327,1650,,,,,,,,,
1.0723,15.595030784606934,2.9290516557397587e-05,0.07099010314444398,1700,,,,,,,,,
0.9692,12.26174259185791,2.926963711529628e-05,0.07307804735457468,1750,,,,,,,,,
0.9834,14.664278030395508,2.9248757673194975e-05,0.0751659915647054,1800,,,,,,,,,
1.0566,17.009180068969727,2.9227878231093663e-05,0.0772539357748361,1850,,,,,,,,,
1.0887,6.008680820465088,2.9206998788992357e-05,0.0793418799849668,1900,,,,,,,,,
1.0343,12.558993339538574,2.918611934689105e-05,0.0814298241950975,1950,,,,,,,,,
0.9539,22.69022560119629,2.9165239904789742e-05,0.08351776840522822,2000,,,,,,,,,
0.9812,13.709146499633789,2.9144360462688436e-05,0.08560571261535892,2050,,,,,,,,,
1.047,15.335381507873535,2.912348102058713e-05,0.08769365682548963,2100,,,,,,,,,
0.9905,19.474939346313477,2.910260157848582e-05,0.08978160103562033,2150,,,,,,,,,
0.9834,12.91765022277832,2.9081722136384515e-05,0.09186954524575103,2200,,,,,,,,,
0.9988,9.109101295471191,2.906084269428321e-05,0.09395748945588174,2250,,,,,,,,,
0.9481,12.094244003295898,2.90399632521819e-05,0.09604543366601244,2300,,,,,,,,,
1.0404,21.975830078125,2.9019083810080594e-05,0.09813337787614315,2350,,,,,,,,,
0.9342,12.560030937194824,2.899820436797929e-05,0.10022132208627385,2400,,,,,,,,,
1.0339,18.294544219970703,2.897732492587798e-05,0.10230926629640456,2450,,,,,,,,,
0.8829,19.24182891845703,2.8956445483776674e-05,0.10439721050653526,2500,,,,,,,,,
0.9278,25.618671417236328,2.8935566041675368e-05,0.10648515471666598,2550,,,,,,,,,
0.9943,14.180379867553711,2.891468659957406e-05,0.10857309892679667,2600,,,,,,,,,
0.9932,12.919234275817871,2.8893807157472753e-05,0.11066104313692739,2650,,,,,,,,,
0.8939,19.44036102294922,2.8872927715371447e-05,0.11274898734705809,2700,,,,,,,,,
0.8582,14.497204780578613,2.8852048273270138e-05,0.1148369315571888,2750,,,,,,,,,
0.9629,20.882976531982422,2.8831168831168832e-05,0.1169248757673195,2800,,,,,,,,,
0.9332,20.92962646484375,2.8810289389067526e-05,0.1190128199774502,2850,,,,,,,,,
0.932,11.581124305725098,2.8789409946966217e-05,0.12110076418758091,2900,,,,,,,,,
0.9479,10.594769477844238,2.876853050486491e-05,0.12318870839771161,2950,,,,,,,,,
0.9441,16.260408401489258,2.8747651062763605e-05,0.12527665260784232,3000,,,,,,,,,
0.9419,22.348085403442383,2.8726771620662296e-05,0.12736459681797302,3050,,,,,,,,,
0.9054,16.39972496032715,2.870589217856099e-05,0.12945254102810372,3100,,,,,,,,,
1.0403,18.1728458404541,2.8685012736459684e-05,0.13154048523823444,3150,,,,,,,,,
0.8232,15.059751510620117,2.8664133294358375e-05,0.13362842944836514,3200,,,,,,,,,
0.9378,19.904441833496094,2.864325385225707e-05,0.13571637365849584,3250,,,,,,,,,
0.9342,17.07426643371582,2.862237441015576e-05,0.13780431786862654,3300,,,,,,,,,
0.8751,24.071569442749023,2.8601494968054454e-05,0.13989226207875727,3350,,,,,,,,,
0.8985,16.570837020874023,2.8580615525953148e-05,0.14198020628888797,3400,,,,,,,,,
1.008,17.360225677490234,2.855973608385184e-05,0.14406815049901867,3450,,,,,,,,,
0.8661,16.382272720336914,2.8538856641750533e-05,0.14615609470914936,3500,,,,,,,,,
0.9246,9.701262474060059,2.8517977199649227e-05,0.14824403891928006,3550,,,,,,,,,
0.919,13.731293678283691,2.8497097757547918e-05,0.1503319831294108,3600,,,,,,,,,
0.9053,19.826913833618164,2.8476218315446612e-05,0.1524199273395415,3650,,,,,,,,,
0.876,14.770772933959961,2.8455338873345307e-05,0.1545078715496722,3700,,,,,,,,,
0.869,12.71811580657959,2.8434459431243997e-05,0.1565958157598029,3750,,,,,,,,,
0.9157,23.43144989013672,2.841357998914269e-05,0.1586837599699336,3800,,,,,,,,,
0.8966,13.301557540893555,2.8392700547041386e-05,0.1607717041800643,3850,,,,,,,,,
0.8875,14.251861572265625,2.8371821104940076e-05,0.162859648390195,3900,,,,,,,,,
0.8545,9.164558410644531,2.835094166283877e-05,0.1649475926003257,3950,,,,,,,,,
0.9076,15.315098762512207,2.8330062220737465e-05,0.16703553681045644,4000,,,,,,,,,
0.8537,11.625286102294922,2.8309182778636156e-05,0.16912348102058714,4050,,,,,,,,,
0.8875,17.637670516967773,2.828830333653485e-05,0.17121142523071783,4100,,,,,,,,,
0.8583,13.827553749084473,2.8267423894433544e-05,0.17329936944084853,4150,,,,,,,,,
0.8391,19.880043029785156,2.8246544452332235e-05,0.17538731365097926,4200,,,,,,,,,
0.8446,13.039900779724121,2.822566501023093e-05,0.17747525786110996,4250,,,,,,,,,
0.887,17.63718605041504,2.8204785568129623e-05,0.17956320207124066,4300,,,,,,,,,
0.8158,15.42489242553711,2.8183906126028314e-05,0.18165114628137136,4350,,,,,,,,,
0.9575,13.49247932434082,2.8163026683927005e-05,0.18373909049150206,4400,,,,,,,,,
0.8177,10.339634895324707,2.81421472418257e-05,0.18582703470163278,4450,,,,,,,,,
0.8958,13.673319816589355,2.812126779972439e-05,0.18791497891176348,4500,,,,,,,,,
0.9125,14.194144248962402,2.8100388357623084e-05,0.19000292312189418,4550,,,,,,,,,
0.8768,15.43930721282959,2.8079508915521778e-05,0.19209086733202488,4600,,,,,,,,,
0.924,12.745536804199219,2.805862947342047e-05,0.1941788115421556,4650,,,,,,,,,
0.9017,13.424859046936035,2.8037750031319163e-05,0.1962667557522863,4700,,,,,,,,,
0.8775,16.17075538635254,2.8016870589217857e-05,0.198354699962417,4750,,,,,,,,,
0.8715,14.380219459533691,2.7995991147116548e-05,0.2004426441725477,4800,,,,,,,,,
0.8418,16.420188903808594,2.7975111705015242e-05,0.20253058838267843,4850,,,,,,,,,
0.813,11.75898551940918,2.7954232262913936e-05,0.20461853259280913,4900,,,,,,,,,
0.8462,21.245094299316406,2.7933352820812627e-05,0.20670647680293983,4950,,,,,,,,,
0.8691,22.71282958984375,2.791247337871132e-05,0.20879442101307052,5000,,,,,,,,,
,,,0.20879442101307052,5000,0.8170756101608276,242.1752,395.767,24.738,,,,,
0.8303,14.818414688110352,2.7891593936610015e-05,0.21088236522320122,5050,,,,,,,,,
0.783,21.40591049194336,2.7870714494508706e-05,0.21297030943333195,5100,,,,,,,,,
0.8249,11.224543571472168,2.78498350524074e-05,0.21505825364346265,5150,,,,,,,,,
0.819,16.470420837402344,2.782895561030609e-05,0.21714619785359335,5200,,,,,,,,,
0.8859,14.767768859863281,2.7808076168204785e-05,0.21923414206372405,5250,,,,,,,,,
0.7887,12.971441268920898,2.778719672610348e-05,0.22132208627385477,5300,,,,,,,,,
0.8359,12.894471168518066,2.776631728400217e-05,0.22341003048398547,5350,,,,,,,,,
0.8523,13.635564804077148,2.7745437841900864e-05,0.22549797469411617,5400,,,,,,,,,
0.8091,24.82176971435547,2.772455839979956e-05,0.22758591890424687,5450,,,,,,,,,
0.7601,6.325512886047363,2.770367895769825e-05,0.2296738631143776,5500,,,,,,,,,
0.7606,15.84975814819336,2.7682799515596943e-05,0.2317618073245083,5550,,,,,,,,,
0.9083,20.975482940673828,2.7661920073495638e-05,0.233849751534639,5600,,,,,,,,,
0.9254,20.520166397094727,2.764104063139433e-05,0.2359376957447697,5650,,,,,,,,,
0.9266,15.493824005126953,2.7620161189293023e-05,0.2380256399549004,5700,,,,,,,,,
0.863,21.20218276977539,2.7599281747191717e-05,0.24011358416503112,5750,,,,,,,,,
0.8008,22.162899017333984,2.7578402305090408e-05,0.24220152837516182,5800,,,,,,,,,
0.8339,17.27804183959961,2.75575228629891e-05,0.24428947258529252,5850,,,,,,,,,
0.8019,10.755987167358398,2.7536643420887796e-05,0.24637741679542322,5900,,,,,,,,,
0.8605,14.341915130615234,2.7515763978786487e-05,0.24846536100555394,5950,,,,,,,,,
0.7917,13.856612205505371,2.749488453668518e-05,0.25055330521568464,6000,,,,,,,,,
0.8198,26.21222686767578,2.7474005094583875e-05,0.25264124942581534,6050,,,,,,,,,
0.838,7.961526393890381,2.7453125652482566e-05,0.25472919363594604,6100,,,,,,,,,
0.7352,13.574122428894043,2.743224621038126e-05,0.25681713784607674,6150,,,,,,,,,
0.8961,13.630035400390625,2.7411366768279954e-05,0.25890508205620744,6200,,,,,,,,,
0.7225,9.285017013549805,2.7390487326178645e-05,0.2609930262663382,6250,,,,,,,,,
0.7577,10.474979400634766,2.736960788407734e-05,0.2630809704764689,6300,,,,,,,,,
0.905,17.849843978881836,2.7348728441976033e-05,0.2651689146865996,6350,,,,,,,,,
0.8903,8.548242568969727,2.7327848999874724e-05,0.2672568588967303,6400,,,,,,,,,
0.7507,18.68178367614746,2.7306969557773418e-05,0.269344803106861,6450,,,,,,,,,
0.7608,28.24875259399414,2.7286090115672112e-05,0.2714327473169917,6500,,,,,,,,,
0.8064,16.225055694580078,2.7265210673570803e-05,0.2735206915271224,6550,,,,,,,,,
0.7908,15.221508026123047,2.7244331231469497e-05,0.2756086357372531,6600,,,,,,,,,
0.797,12.505126953125,2.722345178936819e-05,0.2776965799473838,6650,,,,,,,,,
0.7211,7.106541156768799,2.7202572347266882e-05,0.27978452415751454,6700,,,,,,,,,
0.7561,11.37759780883789,2.7181692905165576e-05,0.28187246836764523,6750,,,,,,,,,
0.8361,17.115816116333008,2.716081346306427e-05,0.28396041257777593,6800,,,,,,,,,
0.838,15.00756549835205,2.713993402096296e-05,0.28604835678790663,6850,,,,,,,,,
0.7774,14.33737850189209,2.7119054578861656e-05,0.28813630099803733,6900,,,,,,,,,
0.7903,14.548995971679688,2.709817513676035e-05,0.29022424520816803,6950,,,,,,,,,
0.7955,12.095613479614258,2.7077295694659037e-05,0.29231218941829873,7000,,,,,,,,,
0.8057,8.474119186401367,2.705641625255773e-05,0.29440013362842943,7050,,,,,,,,,
0.8344,16.46765899658203,2.7035536810456422e-05,0.2964880778385601,7100,,,,,,,,,
0.7781,14.594568252563477,2.7014657368355116e-05,0.2985760220486909,7150,,,,,,,,,
0.8389,12.336221694946289,2.699377792625381e-05,0.3006639662588216,7200,,,,,,,,,
0.8454,14.391650199890137,2.69728984841525e-05,0.3027519104689523,7250,,,,,,,,,
0.7729,10.73880386352539,2.6952019042051195e-05,0.304839854679083,7300,,,,,,,,,
0.7988,13.669928550720215,2.693113959994989e-05,0.3069277988892137,7350,,,,,,,,,
0.7898,15.576662063598633,2.691026015784858e-05,0.3090157430993444,7400,,,,,,,,,
0.8146,13.773443222045898,2.6889380715747275e-05,0.3111036873094751,7450,,,,,,,,,
0.7805,14.795098304748535,2.686850127364597e-05,0.3131916315196058,7500,,,,,,,,,
0.7542,21.87238121032715,2.684762183154466e-05,0.3152795757297365,7550,,,,,,,,,
0.7798,10.775162696838379,2.6826742389443354e-05,0.3173675199398672,7600,,,,,,,,,
0.6994,16.184932708740234,2.6805862947342048e-05,0.3194554641499979,7650,,,,,,,,,
0.8398,11.89554500579834,2.678498350524074e-05,0.3215434083601286,7700,,,,,,,,,
0.8052,15.353645324707031,2.6764104063139433e-05,0.3236313525702593,7750,,,,,,,,,
0.8614,8.890353202819824,2.6743224621038127e-05,0.32571929678039,7800,,,,,,,,,
0.7458,12.549715995788574,2.6722345178936818e-05,0.3278072409905207,7850,,,,,,,,,
0.7248,6.825424671173096,2.6701465736835512e-05,0.3298951852006514,7900,,,,,,,,,
0.8101,17.414764404296875,2.6680586294734206e-05,0.3319831294107821,7950,,,,,,,,,
0.6889,12.510117530822754,2.6659706852632897e-05,0.3340710736209129,8000,,,,,,,,,
0.7658,6.493931770324707,2.663882741053159e-05,0.33615901783104357,8050,,,,,,,,,
0.7654,13.38178539276123,2.6617947968430285e-05,0.33824696204117427,8100,,,,,,,,,
0.7295,16.23935317993164,2.6597068526328976e-05,0.34033490625130497,8150,,,,,,,,,
0.7821,8.923408508300781,2.657618908422767e-05,0.34242285046143567,8200,,,,,,,,,
0.7631,14.510285377502441,2.6555309642126364e-05,0.34451079467156637,8250,,,,,,,,,
0.8147,10.356526374816895,2.6534430200025055e-05,0.34659873888169707,8300,,,,,,,,,
0.753,10.804195404052734,2.651355075792375e-05,0.34868668309182776,8350,,,,,,,,,
0.6823,14.79153060913086,2.6492671315822443e-05,0.3507746273019585,8400,,,,,,,,,
0.751,16.349824905395508,2.6471791873721134e-05,0.3528625715120892,8450,,,,,,,,,
0.803,14.634127616882324,2.645091243161983e-05,0.3549505157222199,8500,,,,,,,,,
0.8464,16.374704360961914,2.6430032989518523e-05,0.3570384599323506,8550,,,,,,,,,
0.7845,13.052682876586914,2.6409153547417213e-05,0.3591264041424813,8600,,,,,,,,,
0.7602,16.149011611938477,2.6388274105315908e-05,0.361214348352612,8650,,,,,,,,,
0.8286,19.75108528137207,2.6367394663214602e-05,0.3633022925627427,8700,,,,,,,,,
0.7678,10.49877643585205,2.6346515221113292e-05,0.3653902367728734,8750,,,,,,,,,
0.7527,16.28435516357422,2.6325635779011987e-05,0.3674781809830041,8800,,,,,,,,,
0.727,11.168027877807617,2.630475633691068e-05,0.36956612519313486,8850,,,,,,,,,
0.7475,13.039011001586914,2.628387689480937e-05,0.37165406940326556,8900,,,,,,,,,
0.7735,12.81359577178955,2.6262997452708066e-05,0.37374201361339626,8950,,,,,,,,,
0.7539,15.453927040100098,2.6242118010606757e-05,0.37582995782352696,9000,,,,,,,,,
0.7368,9.946640968322754,2.622123856850545e-05,0.37791790203365766,9050,,,,,,,,,
0.7742,10.804776191711426,2.6200359126404145e-05,0.38000584624378836,9100,,,,,,,,,
0.7633,10.081974029541016,2.6179479684302836e-05,0.38209379045391906,9150,,,,,,,,,
0.7325,14.499977111816406,2.615860024220153e-05,0.38418173466404976,9200,,,,,,,,,
0.7017,14.391790390014648,2.6137720800100224e-05,0.38626967887418046,9250,,,,,,,,,
0.7989,10.770368576049805,2.6116841357998915e-05,0.3883576230843112,9300,,,,,,,,,
0.8208,13.032220840454102,2.609596191589761e-05,0.3904455672944419,9350,,,,,,,,,
0.7685,17.54595947265625,2.6075082473796303e-05,0.3925335115045726,9400,,,,,,,,,
0.7211,15.67455768585205,2.6054203031694994e-05,0.3946214557147033,9450,,,,,,,,,
0.7672,16.6710205078125,2.6033323589593688e-05,0.396709399924834,9500,,,,,,,,,
0.7102,11.63248348236084,2.6012444147492382e-05,0.3987973441349647,9550,,,,,,,,,
0.727,10.07171630859375,2.599156470539107e-05,0.4008852883450954,9600,,,,,,,,,
0.7131,14.270641326904297,2.5970685263289764e-05,0.4029732325552261,9650,,,,,,,,,
0.7175,16.10697364807129,2.5949805821188458e-05,0.40506117676535686,9700,,,,,,,,,
0.7963,6.314791202545166,2.592892637908715e-05,0.40714912097548756,9750,,,,,,,,,
0.7219,10.71104907989502,2.5908046936985843e-05,0.40923706518561825,9800,,,,,,,,,
0.7785,10.091300964355469,2.5887167494884537e-05,0.41132500939574895,9850,,,,,,,,,
0.798,9.4474515914917,2.5866288052783228e-05,0.41341295360587965,9900,,,,,,,,,
0.7218,15.774445533752441,2.5845408610681922e-05,0.41550089781601035,9950,,,,,,,,,
0.7242,11.264854431152344,2.5824529168580616e-05,0.41758884202614105,10000,,,,,,,,,
,,,0.41758884202614105,10000,0.7444303631782532,241.5408,396.807,24.803,,,,,
0.7779,8.886356353759766,2.5803649726479307e-05,0.41967678623627175,10050,,,,,,,,,
0.7536,16.629165649414062,2.5782770284378e-05,0.42176473044640245,10100,,,,,,,,,
0.7911,12.89564037322998,2.5761890842276695e-05,0.4238526746565332,10150,,,,,,,,,
0.8143,10.769063949584961,2.5741011400175386e-05,0.4259406188666639,10200,,,,,,,,,
0.8498,21.90058708190918,2.572013195807408e-05,0.4280285630767946,10250,,,,,,,,,
0.6993,16.57438850402832,2.5699252515972775e-05,0.4301165072869253,10300,,,,,,,,,
0.7479,17.264442443847656,2.5678373073871465e-05,0.432204451497056,10350,,,,,,,,,
0.737,10.21430778503418,2.565749363177016e-05,0.4342923957071867,10400,,,,,,,,,
0.8034,15.462075233459473,2.5636614189668854e-05,0.4363803399173174,10450,,,,,,,,,
0.8051,12.76427173614502,2.5615734747567544e-05,0.4384682841274481,10500,,,,,,,,,
0.7543,16.28524398803711,2.559485530546624e-05,0.4405562283375788,10550,,,,,,,,,
0.7441,9.475833892822266,2.5573975863364933e-05,0.44264417254770955,10600,,,,,,,,,
0.7338,18.355770111083984,2.5553096421263624e-05,0.44473211675784025,10650,,,,,,,,,
0.7034,13.379433631896973,2.5532216979162318e-05,0.44682006096797094,10700,,,,,,,,,
0.7087,13.167384147644043,2.5511337537061012e-05,0.44890800517810164,10750,,,,,,,,,
0.7493,11.039294242858887,2.5490458094959703e-05,0.45099594938823234,10800,,,,,,,,,
0.7264,12.962234497070312,2.5469578652858397e-05,0.45308389359836304,10850,,,,,,,,,
0.7025,12.86083984375,2.5448699210757088e-05,0.45517183780849374,10900,,,,,,,,,
0.6829,9.915417671203613,2.5427819768655782e-05,0.45725978201862444,10950,,,,,,,,,
0.8023,13.088829040527344,2.5406940326554476e-05,0.4593477262287552,11000,,,,,,,,,
0.7576,13.0352144241333,2.5386060884453167e-05,0.4614356704388859,11050,,,,,,,,,
0.688,8.951395034790039,2.536518144235186e-05,0.4635236146490166,11100,,,,,,,,,
0.7408,10.605192184448242,2.5344302000250555e-05,0.4656115588591473,11150,,,,,,,,,
0.6778,13.624813079833984,2.5323422558149246e-05,0.467699503069278,11200,,,,,,,,,
0.8249,20.549936294555664,2.530254311604794e-05,0.4697874472794087,11250,,,,,,,,,
0.779,11.514004707336426,2.5281663673946634e-05,0.4718753914895394,11300,,,,,,,,,
0.761,8.54735279083252,2.5260784231845325e-05,0.4739633356996701,11350,,,,,,,,,
0.7029,8.439666748046875,2.523990478974402e-05,0.4760512799098008,11400,,,,,,,,,
0.7026,13.132640838623047,2.5219025347642713e-05,0.47813922411993154,11450,,,,,,,,,
0.6929,12.423772811889648,2.5198145905541404e-05,0.48022716833006224,11500,,,,,,,,,
0.6989,13.016042709350586,2.51772664634401e-05,0.48231511254019294,11550,,,,,,,,,
0.7757,14.38917350769043,2.5156387021338792e-05,0.48440305675032364,11600,,,,,,,,,
0.6596,17.645761489868164,2.5135507579237483e-05,0.48649100096045433,11650,,,,,,,,,
0.7921,6.278706073760986,2.5114628137136177e-05,0.48857894517058503,11700,,,,,,,,,
0.7133,20.49463653564453,2.509374869503487e-05,0.49066688938071573,11750,,,,,,,,,
0.7086,11.34096622467041,2.5072869252933562e-05,0.49275483359084643,11800,,,,,,,,,
0.7047,8.464805603027344,2.5051989810832257e-05,0.4948427778009772,11850,,,,,,,,,
0.7697,8.023502349853516,2.503111036873095e-05,0.4969307220111079,11900,,,,,,,,,
0.716,12.99368667602539,2.501023092662964e-05,0.4990186662212386,11950,,,,,,,,,
0.7033,11.519749641418457,2.4989351484528336e-05,0.5011066104313693,12000,,,,,,,,,
0.7705,13.390121459960938,2.496847204242703e-05,0.5031945546415,12050,,,,,,,,,
0.6771,17.931201934814453,2.494759260032572e-05,0.5052824988516307,12100,,,,,,,,,
0.7468,16.60484504699707,2.492671315822441e-05,0.5073704430617614,12150,,,,,,,,,
0.7069,11.66696548461914,2.4905833716123106e-05,0.5094583872718921,12200,,,,,,,,,
0.6461,10.82300853729248,2.4884954274021796e-05,0.5115463314820228,12250,,,,,,,,,
0.697,12.449942588806152,2.486407483192049e-05,0.5136342756921535,12300,,,,,,,,,
0.7228,15.588869094848633,2.4843195389819185e-05,0.5157222199022842,12350,,,,,,,,,
0.6536,8.318819999694824,2.4822315947717876e-05,0.5178101641124149,12400,,,,,,,,,
0.7366,12.875984191894531,2.480143650561657e-05,0.5198981083225456,12450,,,,,,,,,
0.7411,16.554981231689453,2.4780557063515264e-05,0.5219860525326764,12500,,,,,,,,,
0.7595,8.955233573913574,2.4759677621413955e-05,0.5240739967428071,12550,,,,,,,,,
0.7061,25.70905303955078,2.473879817931265e-05,0.5261619409529378,12600,,,,,,,,,
0.6629,5.421308517456055,2.4717918737211343e-05,0.5282498851630685,12650,,,,,,,,,
0.7206,6.874900817871094,2.4697039295110034e-05,0.5303378293731992,12700,,,,,,,,,
0.6801,25.322978973388672,2.4676159853008728e-05,0.5324257735833299,12750,,,,,,,,,
0.7738,14.393078804016113,2.465528041090742e-05,0.5345137177934606,12800,,,,,,,,,
0.7147,21.369972229003906,2.4634400968806113e-05,0.5366016620035913,12850,,,,,,,,,
0.6783,20.0324649810791,2.4613521526704807e-05,0.538689606213722,12900,,,,,,,,,
0.6543,6.988985538482666,2.4592642084603498e-05,0.5407775504238527,12950,,,,,,,,,
0.6429,5.244030952453613,2.4571762642502192e-05,0.5428654946339834,13000,,,,,,,,,
0.7539,11.922110557556152,2.4550883200400886e-05,0.5449534388441141,13050,,,,,,,,,
0.7091,19.505176544189453,2.4530003758299577e-05,0.5470413830542448,13100,,,,,,,,,
0.7425,7.558071613311768,2.450912431619827e-05,0.5491293272643755,13150,,,,,,,,,
0.7389,13.073969841003418,2.4488244874096965e-05,0.5512172714745062,13200,,,,,,,,,
0.702,13.840442657470703,2.4467365431995656e-05,0.5533052156846369,13250,,,,,,,,,
0.6855,9.302009582519531,2.444648598989435e-05,0.5553931598947676,13300,,,,,,,,,
0.6815,14.27204418182373,2.4425606547793044e-05,0.5574811041048983,13350,,,,,,,,,
0.6878,15.98604679107666,2.4404727105691735e-05,0.5595690483150291,13400,,,,,,,,,
0.6525,14.973834037780762,2.438384766359043e-05,0.5616569925251598,13450,,,,,,,,,
0.725,13.830240249633789,2.4362968221489124e-05,0.5637449367352905,13500,,,,,,,,,
0.6894,10.506379127502441,2.4342088779387814e-05,0.5658328809454212,13550,,,,,,,,,
0.6619,10.359926223754883,2.432120933728651e-05,0.5679208251555519,13600,,,,,,,,,
0.6938,12.07150650024414,2.4300329895185203e-05,0.5700087693656826,13650,,,,,,,,,
0.7718,23.731050491333008,2.4279450453083893e-05,0.5720967135758133,13700,,,,,,,,,
0.7275,10.098397254943848,2.4258571010982588e-05,0.574184657785944,13750,,,,,,,,,
0.6467,14.774666786193848,2.4237691568881282e-05,0.5762726019960747,13800,,,,,,,,,
0.6444,19.897422790527344,2.4216812126779973e-05,0.5783605462062054,13850,,,,,,,,,
0.6817,15.831297874450684,2.4195932684678667e-05,0.5804484904163361,13900,,,,,,,,,
0.6648,15.916346549987793,2.417505324257736e-05,0.5825364346264668,13950,,,,,,,,,
0.717,16.737548828125,2.4154173800476052e-05,0.5846243788365975,14000,,,,,,,,,
0.7211,14.490043640136719,2.4133294358374746e-05,0.5867123230467282,14050,,,,,,,,,
0.6679,22.24144744873047,2.411241491627344e-05,0.5888002672568589,14100,,,,,,,,,
0.7471,12.34071159362793,2.409153547417213e-05,0.5908882114669896,14150,,,,,,,,,
0.6942,21.718835830688477,2.4070656032070825e-05,0.5929761556771203,14200,,,,,,,,,
0.6941,12.948163032531738,2.404977658996952e-05,0.5950640998872511,14250,,,,,,,,,
0.7705,13.506117820739746,2.402889714786821e-05,0.5971520440973818,14300,,,,,,,,,
0.703,14.574136734008789,2.4008017705766904e-05,0.5992399883075125,14350,,,,,,,,,
0.7139,11.788044929504395,2.39871382636656e-05,0.6013279325176432,14400,,,,,,,,,
0.6722,7.856304168701172,2.396625882156429e-05,0.6034158767277739,14450,,,,,,,,,
0.7369,15.273371696472168,2.3945379379462983e-05,0.6055038209379046,14500,,,,,,,,,
0.6675,16.655317306518555,2.3924499937361674e-05,0.6075917651480353,14550,,,,,,,,,
0.7325,18.497173309326172,2.3903620495260368e-05,0.609679709358166,14600,,,,,,,,,
0.6995,17.565584182739258,2.3882741053159062e-05,0.6117676535682967,14650,,,,,,,,,
0.7349,18.104949951171875,2.3861861611057753e-05,0.6138555977784274,14700,,,,,,,,,
0.6871,8.956539154052734,2.3840982168956444e-05,0.615943541988558,14750,,,,,,,,,
0.6702,15.752633094787598,2.3820102726855138e-05,0.6180314861986888,14800,,,,,,,,,
0.6843,7.51959753036499,2.379922328475383e-05,0.6201194304088194,14850,,,,,,,,,
0.6073,5.270963668823242,2.3778343842652523e-05,0.6222073746189501,14900,,,,,,,,,
0.6758,6.849926948547363,2.3757464400551217e-05,0.6242953188290808,14950,,,,,,,,,
0.8042,9.638954162597656,2.3736584958449908e-05,0.6263832630392115,15000,,,,,,,,,
,,,0.6263832630392115,15000,0.6953696608543396,241.6129,396.688,24.796,,,,,
0.741,14.131855010986328,2.3715705516348602e-05,0.6284712072493422,15050,,,,,,,,,
0.6983,10.028327941894531,2.3694826074247296e-05,0.630559151459473,15100,,,,,,,,,
0.6965,9.37431812286377,2.3673946632145987e-05,0.6326470956696038,15150,,,,,,,,,
0.6841,22.955427169799805,2.365306719004468e-05,0.6347350398797345,15200,,,,,,,,,
0.6578,11.053788185119629,2.3632187747943376e-05,0.6368229840898652,15250,,,,,,,,,
0.6721,6.534300327301025,2.3611308305842066e-05,0.6389109282999959,15300,,,,,,,,,
0.6708,21.590072631835938,2.359042886374076e-05,0.6409988725101265,15350,,,,,,,,,
0.6095,13.790220260620117,2.3569549421639455e-05,0.6430868167202572,15400,,,,,,,,,
0.7582,12.046708106994629,2.3548669979538145e-05,0.645174760930388,15450,,,,,,,,,
0.7051,9.14990520477295,2.352779053743684e-05,0.6472627051405186,15500,,,,,,,,,
0.6838,18.857440948486328,2.3506911095335534e-05,0.6493506493506493,15550,,,,,,,,,
0.679,24.07741928100586,2.3486031653234225e-05,0.65143859356078,15600,,,,,,,,,
0.7578,11.540507316589355,2.346515221113292e-05,0.6535265377709107,15650,,,,,,,,,
0.703,13.507253646850586,2.3444272769031613e-05,0.6556144819810414,15700,,,,,,,,,
0.6505,12.864789009094238,2.3423393326930304e-05,0.6577024261911721,15750,,,,,,,,,
0.6898,10.14655590057373,2.3402513884828998e-05,0.6597903704013028,15800,,,,,,,,,
0.7359,15.374492645263672,2.3381634442727692e-05,0.6618783146114335,15850,,,,,,,,,
0.6332,12.64950180053711,2.3360755000626383e-05,0.6639662588215642,15900,,,,,,,,,
0.5323,8.970935821533203,2.3339875558525077e-05,0.666054203031695,15950,,,,,,,,,
0.7126,14.91042709350586,2.331899611642377e-05,0.6681421472418257,16000,,,,,,,,,
0.6881,14.750393867492676,2.3298116674322462e-05,0.6702300914519564,16050,,,,,,,,,
0.6587,14.106707572937012,2.3277237232221156e-05,0.6723180356620871,16100,,,,,,,,,
0.6692,9.694783210754395,2.325635779011985e-05,0.6744059798722178,16150,,,,,,,,,
0.6451,6.890510559082031,2.323547834801854e-05,0.6764939240823485,16200,,,,,,,,,
0.6874,9.105669021606445,2.3214598905917235e-05,0.6785818682924792,16250,,,,,,,,,
0.7446,10.972508430480957,2.319371946381593e-05,0.6806698125026099,16300,,,,,,,,,
0.6855,22.83049201965332,2.317284002171462e-05,0.6827577567127406,16350,,,,,,,,,
0.5775,8.477343559265137,2.3151960579613314e-05,0.6848457009228713,16400,,,,,,,,,
0.6793,5.522736072540283,2.3131081137512005e-05,0.686933645133002,16450,,,,,,,,,
0.5921,10.972972869873047,2.31102016954107e-05,0.6890215893431327,16500,,,,,,,,,
0.7302,8.896997451782227,2.3089322253309393e-05,0.6911095335532634,16550,,,,,,,,,
0.6743,10.81607723236084,2.3068442811208084e-05,0.6931974777633941,16600,,,,,,,,,
0.6788,15.360998153686523,2.304756336910678e-05,0.6952854219735248,16650,,,,,,,,,
0.7255,15.149874687194824,2.3026683927005473e-05,0.6973733661836555,16700,,,,,,,,,
0.6771,15.309225082397461,2.3005804484904163e-05,0.6994613103937862,16750,,,,,,,,,
0.7334,17.411897659301758,2.2984925042802858e-05,0.701549254603917,16800,,,,,,,,,
0.6478,8.301560401916504,2.2964045600701552e-05,0.7036371988140477,16850,,,,,,,,,
0.6423,12.85304069519043,2.2943166158600243e-05,0.7057251430241784,16900,,,,,,,,,
0.7113,15.996246337890625,2.2922286716498937e-05,0.7078130872343091,16950,,,,,,,,,
0.6594,15.203060150146484,2.290140727439763e-05,0.7099010314444398,17000,,,,,,,,,
0.7669,17.6572265625,2.288052783229632e-05,0.7119889756545705,17050,,,,,,,,,
0.6112,29.462047576904297,2.2859648390195016e-05,0.7140769198647012,17100,,,,,,,,,
0.7453,10.263699531555176,2.283876894809371e-05,0.7161648640748319,17150,,,,,,,,,
0.7051,12.87647533416748,2.28178895059924e-05,0.7182528082849626,17200,,,,,,,,,
0.6268,9.604978561401367,2.2797010063891095e-05,0.7203407524950933,17250,,,,,,,,,
0.6793,16.873729705810547,2.277613062178979e-05,0.722428696705224,17300,,,,,,,,,
0.654,9.67376708984375,2.2755251179688477e-05,0.7245166409153547,17350,,,,,,,,,
0.7096,12.913705825805664,2.273437173758717e-05,0.7266045851254854,17400,,,,,,,,,
0.6841,14.315970420837402,2.2713492295485865e-05,0.7286925293356161,17450,,,,,,,,,
0.6833,14.382965087890625,2.2692612853384556e-05,0.7307804735457468,17500,,,,,,,,,
0.6622,16.017974853515625,2.267173341128325e-05,0.7328684177558775,17550,,,,,,,,,
0.7174,14.115789413452148,2.2650853969181944e-05,0.7349563619660082,17600,,,,,,,,,
0.6847,19.802730560302734,2.2629974527080635e-05,0.7370443061761389,17650,,,,,,,,,
0.6231,14.515069007873535,2.260909508497933e-05,0.7391322503862697,17700,,,,,,,,,
0.6716,22.87958526611328,2.2588215642878023e-05,0.7412201945964004,17750,,,,,,,,,
0.5903,9.724321365356445,2.2567336200776714e-05,0.7433081388065311,17800,,,,,,,,,
0.667,9.799062728881836,2.2546456758675408e-05,0.7453960830166618,17850,,,,,,,,,
0.6967,9.071561813354492,2.2525577316574102e-05,0.7474840272267925,17900,,,,,,,,,
0.6706,14.097991943359375,2.2504697874472793e-05,0.7495719714369232,17950,,,,,,,,,
0.6697,7.071363925933838,2.2483818432371487e-05,0.7516599156470539,18000,,,,,,,,,
0.6542,16.50153160095215,2.246293899027018e-05,0.7537478598571846,18050,,,,,,,,,
0.6321,12.669994354248047,2.2442059548168872e-05,0.7558358040673153,18100,,,,,,,,,
0.7397,10.50141429901123,2.2421180106067566e-05,0.757923748277446,18150,,,,,,,,,
0.6758,12.92362117767334,2.240030066396626e-05,0.7600116924875767,18200,,,,,,,,,
0.6754,12.67147159576416,2.237942122186495e-05,0.7620996366977074,18250,,,,,,,,,
0.6564,13.848796844482422,2.2358541779763645e-05,0.7641875809078381,18300,,,,,,,,,
0.6086,11.489022254943848,2.2337662337662336e-05,0.7662755251179688,18350,,,,,,,,,
0.6683,18.902549743652344,2.231678289556103e-05,0.7683634693280995,18400,,,,,,,,,
0.6012,10.442429542541504,2.2295903453459725e-05,0.7704514135382302,18450,,,,,,,,,
0.7286,8.022429466247559,2.2275024011358415e-05,0.7725393577483609,18500,,,,,,,,,
0.6501,9.817323684692383,2.225414456925711e-05,0.7746273019584917,18550,,,,,,,,,
0.5937,22.73871421813965,2.2233265127155804e-05,0.7767152461686224,18600,,,,,,,,,
0.6493,10.30709457397461,2.2212385685054494e-05,0.7788031903787531,18650,,,,,,,,,
0.6563,10.063759803771973,2.219150624295319e-05,0.7808911345888838,18700,,,,,,,,,
0.6288,5.87071418762207,2.2170626800851883e-05,0.7829790787990145,18750,,,,,,,,,
0.5683,16.32188606262207,2.2149747358750574e-05,0.7850670230091452,18800,,,,,,,,,
0.6545,8.577756881713867,2.2128867916649268e-05,0.7871549672192759,18850,,,,,,,,,
0.7109,13.250370979309082,2.2107988474547962e-05,0.7892429114294066,18900,,,,,,,,,
0.5827,16.03705596923828,2.2087109032446653e-05,0.7913308556395373,18950,,,,,,,,,
0.6318,10.33777141571045,2.2066229590345347e-05,0.793418799849668,19000,,,,,,,,,
0.6623,20.944419860839844,2.204535014824404e-05,0.7955067440597987,19050,,,,,,,,,
0.5876,19.0462589263916,2.2024470706142732e-05,0.7975946882699294,19100,,,,,,,,,
0.6221,10.616961479187012,2.2003591264041426e-05,0.7996826324800601,19150,,,,,,,,,
0.6801,12.869649887084961,2.198271182194012e-05,0.8017705766901908,19200,,,,,,,,,
0.7201,9.082383155822754,2.196183237983881e-05,0.8038585209003215,19250,,,,,,,,,
0.6728,10.298500061035156,2.1940952937737505e-05,0.8059464651104522,19300,,,,,,,,,
0.6946,16.186660766601562,2.19200734956362e-05,0.8080344093205829,19350,,,,,,,,,
0.7199,10.963708877563477,2.189919405353489e-05,0.8101223535307137,19400,,,,,,,,,
0.6292,9.05762004852295,2.1878314611433584e-05,0.8122102977408444,19450,,,,,,,,,
0.5623,11.010330200195312,2.185743516933228e-05,0.8142982419509751,19500,,,,,,,,,
0.6724,14.636728286743164,2.183655572723097e-05,0.8163861861611058,19550,,,,,,,,,
0.6581,20.374805450439453,2.1815676285129663e-05,0.8184741303712365,19600,,,,,,,,,
0.5683,10.538575172424316,2.1794796843028358e-05,0.8205620745813672,19650,,,,,,,,,
0.5969,6.061214447021484,2.177391740092705e-05,0.8226500187914979,19700,,,,,,,,,
0.6788,15.787529945373535,2.1753037958825743e-05,0.8247379630016286,19750,,,,,,,,,
0.643,7.4128193855285645,2.1732158516724437e-05,0.8268259072117593,19800,,,,,,,,,
0.666,3.622980833053589,2.1711279074623127e-05,0.82891385142189,19850,,,,,,,,,
0.6751,9.067042350769043,2.1690399632521818e-05,0.8310017956320207,19900,,,,,,,,,
0.6291,16.01866912841797,2.1669520190420512e-05,0.8330897398421514,19950,,,,,,,,,
0.6583,7.6890974044799805,2.1648640748319203e-05,0.8351776840522821,20000,,,,,,,,,
,,,0.8351776840522821,20000,0.682309627532959,241.6604,396.61,24.791,,,,,
0.6913,8.09210205078125,2.1627761306217897e-05,0.8372656282624128,20050,,,,,,,,,
0.6377,13.682499885559082,2.160688186411659e-05,0.8393535724725435,20100,,,,,,,,,
0.6433,19.118188858032227,2.1586002422015282e-05,0.8414415166826742,20150,,,,,,,,,
0.6813,5.027308940887451,2.1565122979913977e-05,0.8435294608928049,20200,,,,,,,,,
0.5665,15.444070816040039,2.1544243537812667e-05,0.8456174051029357,20250,,,,,,,,,
0.6496,11.200238227844238,2.152336409571136e-05,0.8477053493130664,20300,,,,,,,,,
0.6141,10.667611122131348,2.1502484653610056e-05,0.8497932935231971,20350,,,,,,,,,
0.7058,16.619184494018555,2.1481605211508746e-05,0.8518812377333278,20400,,,,,,,,,
0.6136,10.081628799438477,2.146072576940744e-05,0.8539691819434585,20450,,,,,,,,,
0.5849,12.129744529724121,2.1439846327306135e-05,0.8560571261535892,20500,,,,,,,,,
0.6899,19.240177154541016,2.1418966885204826e-05,0.8581450703637199,20550,,,,,,,,,
0.633,5.7620649337768555,2.139808744310352e-05,0.8602330145738506,20600,,,,,,,,,
0.6707,6.230745315551758,2.1377208001002214e-05,0.8623209587839813,20650,,,,,,,,,
0.6349,14.40149974822998,2.1356328558900905e-05,0.864408902994112,20700,,,,,,,,,
0.6193,17.514522552490234,2.13354491167996e-05,0.8664968472042427,20750,,,,,,,,,
0.6694,14.236811637878418,2.1314569674698293e-05,0.8685847914143734,20800,,,,,,,,,
0.6736,10.72568416595459,2.1293690232596984e-05,0.8706727356245041,20850,,,,,,,,,
0.601,21.003524780273438,2.1272810790495678e-05,0.8727606798346348,20900,,,,,,,,,
0.6468,13.06973648071289,2.1251931348394372e-05,0.8748486240447655,20950,,,,,,,,,
0.6794,16.898548126220703,2.1231051906293063e-05,0.8769365682548962,21000,,,,,,,,,
0.6512,16.997095108032227,2.1210172464191757e-05,0.8790245124650269,21050,,,,,,,,,
0.5669,15.619221687316895,2.118929302209045e-05,0.8811124566751576,21100,,,,,,,,,
0.6523,10.964662551879883,2.1168413579989142e-05,0.8832004008852884,21150,,,,,,,,,
0.5952,14.772307395935059,2.1147534137887836e-05,0.8852883450954191,21200,,,,,,,,,
0.5587,6.4573163986206055,2.112665469578653e-05,0.8873762893055498,21250,,,,,,,,,
0.6576,15.951262474060059,2.110577525368522e-05,0.8894642335156805,21300,,,,,,,,,
0.6305,15.132466316223145,2.1084895811583915e-05,0.8915521777258112,21350,,,,,,,,,
0.6048,10.642882347106934,2.106401636948261e-05,0.8936401219359419,21400,,,,,,,,,
0.6189,10.373424530029297,2.10431369273813e-05,0.8957280661460726,21450,,,,,,,,,
0.6702,7.343729496002197,2.1022257485279994e-05,0.8978160103562033,21500,,,,,,,,,
0.6198,8.175910949707031,2.100137804317869e-05,0.899903954566334,21550,,,,,,,,,
0.5874,14.973918914794922,2.098049860107738e-05,0.9019918987764647,21600,,,,,,,,,
0.6721,13.780986785888672,2.0959619158976074e-05,0.9040798429865954,21650,,,,,,,,,
0.7103,15.88981819152832,2.0938739716874768e-05,0.9061677871967261,21700,,,,,,,,,
0.6899,5.268125534057617,2.091786027477346e-05,0.9082557314068568,21750,,,,,,,,,
0.6983,16.963037490844727,2.0896980832672153e-05,0.9103436756169875,21800,,,,,,,,,
0.6515,12.31714153289795,2.0876101390570847e-05,0.9124316198271182,21850,,,,,,,,,
0.6492,6.9105682373046875,2.0855221948469538e-05,0.9145195640372489,21900,,,,,,,,,
0.5838,13.881704330444336,2.0834342506368232e-05,0.9166075082473796,21950,,,,,,,,,
0.5867,14.24559211730957,2.0813463064266926e-05,0.9186954524575104,22000,,,,,,,,,
0.6291,7.423351287841797,2.0792583622165617e-05,0.9207833966676411,22050,,,,,,,,,
0.6268,17.251232147216797,2.077170418006431e-05,0.9228713408777718,22100,,,,,,,,,
0.593,6.985754013061523,2.0750824737963002e-05,0.9249592850879025,22150,,,,,,,,,
0.6354,17.62470054626465,2.0729945295861696e-05,0.9270472292980332,22200,,,,,,,,,
0.6454,7.97157621383667,2.070906585376039e-05,0.9291351735081639,22250,,,,,,,,,
0.6314,18.736482620239258,2.068818641165908e-05,0.9312231177182946,22300,,,,,,,,,
0.6979,9.467499732971191,2.0667306969557775e-05,0.9333110619284253,22350,,,,,,,,,
0.6192,5.213128089904785,2.064642752745647e-05,0.935399006138556,22400,,,,,,,,,
0.6667,10.035234451293945,2.062554808535516e-05,0.9374869503486867,22450,,,,,,,,,
0.6149,12.366680145263672,2.060466864325385e-05,0.9395748945588174,22500,,,,,,,,,
0.6192,20.003171920776367,2.0583789201152545e-05,0.9416628387689481,22550,,,,,,,,,
0.6112,17.04083824157715,2.0562909759051236e-05,0.9437507829790788,22600,,,,,,,,,
0.5645,12.102208137512207,2.054203031694993e-05,0.9458387271892095,22650,,,,,,,,,
0.6809,15.862728118896484,2.0521150874848624e-05,0.9479266713993402,22700,,,,,,,,,
0.5764,11.449872016906738,2.0500271432747315e-05,0.9500146156094709,22750,,,,,,,,,
0.6209,13.037755012512207,2.047939199064601e-05,0.9521025598196016,22800,,,,,,,,,
0.6071,19.768014907836914,2.0458512548544703e-05,0.9541905040297324,22850,,,,,,,,,
0.7255,8.462730407714844,2.0437633106443394e-05,0.9562784482398631,22900,,,,,,,,,
0.5629,15.415789604187012,2.0416753664342088e-05,0.9583663924499938,22950,,,,,,,,,
0.6412,10.250171661376953,2.0395874222240782e-05,0.9604543366601245,23000,,,,,,,,,
0.5778,13.157020568847656,2.0374994780139473e-05,0.9625422808702552,23050,,,,,,,,,
0.6082,12.425348281860352,2.0354115338038167e-05,0.9646302250803859,23100,,,,,,,,,
0.5768,6.985050201416016,2.033323589593686e-05,0.9667181692905166,23150,,,,,,,,,
0.5992,13.608863830566406,2.0312356453835552e-05,0.9688061135006473,23200,,,,,,,,,
0.7176,10.737506866455078,2.0291477011734246e-05,0.970894057710778,23250,,,,,,,,,
0.6939,16.355186462402344,2.027059756963294e-05,0.9729820019209087,23300,,,,,,,,,
0.6468,10.526406288146973,2.024971812753163e-05,0.9750699461310394,23350,,,,,,,,,
0.6338,10.186285972595215,2.0228838685430326e-05,0.9771578903411701,23400,,,,,,,,,
0.5924,6.193349361419678,2.020795924332902e-05,0.9792458345513008,23450,,,,,,,,,
0.6278,8.776863098144531,2.018707980122771e-05,0.9813337787614315,23500,,,,,,,,,
0.7389,15.319619178771973,2.0166200359126405e-05,0.9834217229715622,23550,,,,,,,,,
0.5576,6.5492730140686035,2.01453209170251e-05,0.9855096671816929,23600,,,,,,,,,
0.5748,5.8369550704956055,2.012444147492379e-05,0.9875976113918236,23650,,,,,,,,,
0.5711,30.31515121459961,2.0103562032822484e-05,0.9896855556019544,23700,,,,,,,,,
0.6403,11.840116500854492,2.0082682590721178e-05,0.9917734998120851,23750,,,,,,,,,
0.5342,10.506889343261719,2.006180314861987e-05,0.9938614440222158,23800,,,,,,,,,
0.628,8.025485038757324,2.0040923706518563e-05,0.9959493882323465,23850,,,,,,,,,
0.6089,3.8686492443084717,2.0020044264417257e-05,0.9980373324424772,23900,,,,,,,,,
0.576,7.774133682250977,1.9999164822315948e-05,1.0001252766526079,23950,,,,,,,,,
0.4475,3.9843878746032715,1.9978285380214642e-05,1.0022132208627386,24000,,,,,,,,,
0.4725,6.983747959136963,1.9957405938113333e-05,1.0043011650728693,24050,,,,,,,,,
0.4774,7.277932167053223,1.9936526496012027e-05,1.006389109283,24100,,,,,,,,,
0.4781,20.158584594726562,1.991564705391072e-05,1.0084770534931307,24150,,,,,,,,,
0.4196,7.1769633293151855,1.9894767611809412e-05,1.0105649977032614,24200,,,,,,,,,
0.4416,17.32323455810547,1.9873888169708106e-05,1.012652941913392,24250,,,,,,,,,
0.3972,31.00139045715332,1.98530087276068e-05,1.0147408861235228,24300,,,,,,,,,
0.4196,12.774043083190918,1.983212928550549e-05,1.0168288303336535,24350,,,,,,,,,
0.4991,7.087320327758789,1.9811249843404185e-05,1.0189167745437842,24400,,,,,,,,,
0.4962,14.116859436035156,1.979037040130288e-05,1.0210047187539149,24450,,,,,,,,,
0.4283,16.16817855834961,1.976949095920157e-05,1.0230926629640456,24500,,,,,,,,,
0.3734,5.015096664428711,1.9748611517100264e-05,1.0251806071741763,24550,,,,,,,,,
0.4393,18.664833068847656,1.972773207499896e-05,1.027268551384307,24600,,,,,,,,,
0.3521,11.738332748413086,1.970685263289765e-05,1.0293564955944376,24650,,,,,,,,,
0.4828,12.458066940307617,1.9685973190796344e-05,1.0314444398045683,24700,,,,,,,,,
0.4311,12.295263290405273,1.9665093748695038e-05,1.033532384014699,24750,,,,,,,,,
0.4703,10.892702102661133,1.964421430659373e-05,1.0356203282248297,24800,,,,,,,,,
0.4482,10.742700576782227,1.9623334864492423e-05,1.0377082724349604,24850,,,,,,,,,
0.4742,10.588913917541504,1.9602455422391117e-05,1.0397962166450911,24900,,,,,,,,,
0.4414,5.809375762939453,1.9581575980289808e-05,1.0418841608552218,24950,,,,,,,,,
0.4482,13.934632301330566,1.9560696538188502e-05,1.0439721050653525,25000,,,,,,,,,
,,,1.0439721050653525,25000,0.7133318185806274,241.7464,396.469,24.782,,,,,
0.4319,6.6803107261657715,1.9539817096087196e-05,1.0460600492754835,25050,,,,,,,,,
0.426,14.456892013549805,1.9518937653985883e-05,1.0481479934856142,25100,,,,,,,,,
0.4135,11.669306755065918,1.9498058211884578e-05,1.0502359376957449,25150,,,,,,,,,
0.4388,24.30105972290039,1.9477178769783272e-05,1.0523238819058756,25200,,,,,,,,,
0.4867,10.645550727844238,1.9456299327681962e-05,1.0544118261160063,25250,,,,,,,,,
0.507,17.763463973999023,1.9435419885580657e-05,1.056499770326137,25300,,,,,,,,,
0.4377,24.556297302246094,1.941454044347935e-05,1.0585877145362677,25350,,,,,,,,,
0.4317,8.463150024414062,1.939366100137804e-05,1.0606756587463984,25400,,,,,,,,,
0.4396,2.8366189002990723,1.9372781559276736e-05,1.062763602956529,25450,,,,,,,,,
0.4765,9.635543823242188,1.935190211717543e-05,1.0648515471666598,25500,,,,,,,,,
0.452,12.910725593566895,1.933102267507412e-05,1.0669394913767904,25550,,,,,,,,,
0.4041,5.6613993644714355,1.9310143232972815e-05,1.0690274355869211,25600,,,,,,,,,
0.4501,12.15597915649414,1.928926379087151e-05,1.0711153797970518,25650,,,,,,,,,
0.4094,26.188928604125977,1.92683843487702e-05,1.0732033240071825,25700,,,,,,,,,
0.4232,21.980504989624023,1.9247504906668894e-05,1.0752912682173132,25750,,,,,,,,,
0.4848,3.788482904434204,1.9226625464567588e-05,1.077379212427444,25800,,,,,,,,,
0.4099,8.139322280883789,1.920574602246628e-05,1.0794671566375746,25850,,,,,,,,,
0.4849,11.653002738952637,1.9184866580364973e-05,1.0815551008477053,25900,,,,,,,,,
0.4951,10.932809829711914,1.9163987138263664e-05,1.083643045057836,25950,,,,,,,,,
0.4329,8.38806438446045,1.9143107696162358e-05,1.0857309892679667,26000,,,,,,,,,
0.454,11.774764060974121,1.9122228254061052e-05,1.0878189334780974,26050,,,,,,,,,
0.4587,11.092192649841309,1.9101348811959743e-05,1.0899068776882281,26100,,,,,,,,,
0.437,6.298398017883301,1.9080469369858437e-05,1.0919948218983588,26150,,,,,,,,,
0.4375,21.11530876159668,1.905958992775713e-05,1.0940827661084895,26200,,,,,,,,,
0.4317,12.53220272064209,1.9038710485655822e-05,1.0961707103186202,26250,,,,,,,,,
0.4935,12.765891075134277,1.9017831043554516e-05,1.098258654528751,26300,,,,,,,,,
0.4213,10.701550483703613,1.899695160145321e-05,1.1003465987388816,26350,,,,,,,,,
0.3376,3.78600811958313,1.89760721593519e-05,1.1024345429490123,26400,,,,,,,,,
0.4113,8.140275955200195,1.8955192717250595e-05,1.104522487159143,26450,,,,,,,,,
0.4446,8.668719291687012,1.893431327514929e-05,1.1066104313692737,26500,,,,,,,,,
0.4818,3.364884376525879,1.891343383304798e-05,1.1086983755794044,26550,,,,,,,,,
0.438,10.181140899658203,1.8892554390946675e-05,1.1107863197895351,26600,,,,,,,,,
0.4433,14.795357704162598,1.887167494884537e-05,1.1128742639996658,26650,,,,,,,,,
0.4197,14.684350967407227,1.885079550674406e-05,1.1149622082097967,26700,,,,,,,,,
0.4593,9.646443367004395,1.8829916064642754e-05,1.1170501524199272,26750,,,,,,,,,
0.4437,15.108107566833496,1.8809036622541448e-05,1.1191380966300581,26800,,,,,,,,,
0.4392,9.766278266906738,1.878815718044014e-05,1.1212260408401888,26850,,,,,,,,,
0.4585,8.535303115844727,1.8767277738338833e-05,1.1233139850503195,26900,,,,,,,,,
0.415,16.192672729492188,1.8746398296237527e-05,1.1254019292604502,26950,,,,,,,,,
0.5313,9.140975952148438,1.8725518854136218e-05,1.127489873470581,27000,,,,,,,,,
0.4454,14.143982887268066,1.8704639412034912e-05,1.1295778176807116,27050,,,,,,,,,
0.4678,17.07963752746582,1.8683759969933606e-05,1.1316657618908423,27100,,,,,,,,,
0.5252,3.9626293182373047,1.8662880527832297e-05,1.133753706100973,27150,,,,,,,,,
0.4454,17.398399353027344,1.864200108573099e-05,1.1358416503111037,27200,,,,,,,,,
0.5195,7.881380558013916,1.8621121643629685e-05,1.1379295945212344,27250,,,,,,,,,
0.4483,14.556793212890625,1.8600242201528376e-05,1.1400175387313651,27300,,,,,,,,,
0.4413,10.467750549316406,1.857936275942707e-05,1.1421054829414958,27350,,,,,,,,,
0.4281,14.75823974609375,1.8558483317325764e-05,1.1441934271516265,27400,,,,,,,,,
0.4779,24.74075698852539,1.8537603875224455e-05,1.1462813713617572,27450,,,,,,,,,
0.4709,11.834182739257812,1.851672443312315e-05,1.148369315571888,27500,,,,,,,,,
0.4248,12.418282508850098,1.8495844991021844e-05,1.1504572597820186,27550,,,,,,,,,
0.4477,9.603508949279785,1.8474965548920534e-05,1.1525452039921493,27600,,,,,,,,,
0.4637,8.25704288482666,1.845408610681923e-05,1.15463314820228,27650,,,,,,,,,
0.4025,20.931251525878906,1.843320666471792e-05,1.1567210924124107,27700,,,,,,,,,
0.4621,12.538124084472656,1.841232722261661e-05,1.1588090366225414,27750,,,,,,,,,
0.3892,13.758395195007324,1.8391447780515304e-05,1.1608969808326721,27800,,,,,,,,,
0.4778,22.925580978393555,1.8370568338413995e-05,1.1629849250428028,27850,,,,,,,,,
0.4292,6.4288225173950195,1.834968889631269e-05,1.1650728692529335,27900,,,,,,,,,
0.3863,8.182698249816895,1.8328809454211383e-05,1.1671608134630642,27950,,,,,,,,,
0.3932,14.157957077026367,1.8307930012110074e-05,1.169248757673195,28000,,,,,,,,,
0.4207,9.387541770935059,1.828705057000877e-05,1.1713367018833256,28050,,,,,,,,,
0.4267,6.659578323364258,1.8266171127907462e-05,1.1734246460934563,28100,,,,,,,,,
0.5034,13.874547958374023,1.8245291685806153e-05,1.175512590303587,28150,,,,,,,,,
0.4092,12.390707969665527,1.8224412243704847e-05,1.1776005345137177,28200,,,,,,,,,
0.4629,17.339500427246094,1.820353280160354e-05,1.1796884787238484,28250,,,,,,,,,
0.5201,17.187435150146484,1.8182653359502232e-05,1.181776422933979,28300,,,,,,,,,
0.4217,8.382547378540039,1.8161773917400927e-05,1.18386436714411,28350,,,,,,,,,
0.4324,18.276330947875977,1.814089447529962e-05,1.1859523113542405,28400,,,,,,,,,
0.4808,7.96995735168457,1.812001503319831e-05,1.1880402555643714,28450,,,,,,,,,
0.5133,23.004980087280273,1.8099135591097006e-05,1.190128199774502,28500,,,,,,,,,
0.4284,6.507038116455078,1.80782561489957e-05,1.1922161439846328,28550,,,,,,,,,
0.4154,9.435428619384766,1.805737670689439e-05,1.1943040881947635,28600,,,,,,,,,
0.4245,13.993599891662598,1.8036497264793085e-05,1.1963920324048942,28650,,,,,,,,,
0.4361,12.816765785217285,1.801561782269178e-05,1.198479976615025,28700,,,,,,,,,
0.4186,27.252059936523438,1.799473838059047e-05,1.2005679208251556,28750,,,,,,,,,
0.4357,24.44344139099121,1.7973858938489164e-05,1.2026558650352863,28800,,,,,,,,,
0.4378,11.502227783203125,1.7952979496387858e-05,1.204743809245417,28850,,,,,,,,,
0.5015,14.540762901306152,1.793210005428655e-05,1.2068317534555477,28900,,,,,,,,,
0.481,9.344831466674805,1.7911220612185243e-05,1.2089196976656784,28950,,,,,,,,,
0.4414,11.551878929138184,1.7890341170083937e-05,1.2110076418758091,29000,,,,,,,,,
0.4365,14.681429862976074,1.7869461727982628e-05,1.2130955860859398,29050,,,,,,,,,
0.4465,4.4297356605529785,1.7848582285881322e-05,1.2151835302960705,29100,,,,,,,,,
0.4561,15.653870582580566,1.7827702843780016e-05,1.2172714745062012,29150,,,,,,,,,
0.4035,6.15751838684082,1.7806823401678707e-05,1.219359418716332,29200,,,,,,,,,
0.4541,6.6560893058776855,1.77859439595774e-05,1.2214473629264626,29250,,,,,,,,,
0.4528,2.9552462100982666,1.7765064517476096e-05,1.2235353071365933,29300,,,,,,,,,
0.4362,6.81041145324707,1.7744185075374786e-05,1.225623251346724,29350,,,,,,,,,
0.476,10.62008285522461,1.772330563327348e-05,1.2277111955568547,29400,,,,,,,,,
0.4655,19.419160842895508,1.7702426191172175e-05,1.2297991397669854,29450,,,,,,,,,
0.4478,17.357786178588867,1.7681546749070865e-05,1.231887083977116,29500,,,,,,,,,
0.4881,14.634540557861328,1.766066730696956e-05,1.2339750281872468,29550,,,,,,,,,
0.426,14.83719253540039,1.763978786486825e-05,1.2360629723973775,29600,,,,,,,,,
0.4643,7.669894695281982,1.7618908422766945e-05,1.2381509166075082,29650,,,,,,,,,
0.4853,13.551806449890137,1.759802898066564e-05,1.240238860817639,29700,,,,,,,,,
0.4244,15.671095848083496,1.757714953856433e-05,1.2423268050277696,29750,,,,,,,,,
0.4275,3.2877564430236816,1.7556270096463024e-05,1.2444147492379003,29800,,,,,,,,,
0.4297,7.918776512145996,1.7535390654361718e-05,1.246502693448031,29850,,,,,,,,,
0.4641,9.880629539489746,1.751451121226041e-05,1.2485906376581617,29900,,,,,,,,,
0.4252,7.142046928405762,1.7493631770159103e-05,1.2506785818682924,29950,,,,,,,,,
0.4179,6.08093786239624,1.7472752328057797e-05,1.2527665260784233,30000,,,,,,,,,
,,,1.2527665260784233,30000,0.7334901690483093,241.625,396.668,24.795,,,,,
0.4387,14.075176239013672,1.7451872885956488e-05,1.2548544702885538,30050,,,,,,,,,
0.4259,15.786376953125,1.7430993443855182e-05,1.2569424144986847,30100,,,,,,,,,
0.4202,9.049596786499023,1.7410114001753876e-05,1.2590303587088152,30150,,,,,,,,,
0.4334,8.640036582946777,1.7389234559652567e-05,1.261118302918946,30200,,,,,,,,,
0.4116,16.34127426147461,1.7368355117551258e-05,1.2632062471290766,30250,,,,,,,,,
0.4868,17.935598373413086,1.7347475675449952e-05,1.2652941913392075,30300,,,,,,,,,
0.3896,8.828794479370117,1.7326596233348643e-05,1.267382135549338,30350,,,,,,,,,
0.4826,13.142969131469727,1.7305716791247337e-05,1.269470079759469,30400,,,,,,,,,
0.4251,15.065726280212402,1.728483734914603e-05,1.2715580239695996,30450,,,,,,,,,
0.3977,11.905200004577637,1.7263957907044722e-05,1.2736459681797303,30500,,,,,,,,,
0.3869,10.138015747070312,1.7243078464943416e-05,1.275733912389861,30550,,,,,,,,,
0.4015,13.26848030090332,1.722219902284211e-05,1.2778218565999917,30600,,,,,,,,,
0.4074,15.042577743530273,1.72013195807408e-05,1.2799098008101224,30650,,,,,,,,,
0.4979,25.17729377746582,1.7180440138639495e-05,1.281997745020253,30700,,,,,,,,,
0.4299,15.913107872009277,1.715956069653819e-05,1.2840856892303838,30750,,,,,,,,,
0.4879,20.183774948120117,1.713868125443688e-05,1.2861736334405145,30800,,,,,,,,,
0.4316,19.473752975463867,1.7117801812335574e-05,1.2882615776506452,30850,,,,,,,,,
0.414,18.147628784179688,1.709692237023427e-05,1.290349521860776,30900,,,,,,,,,
0.4085,3.5766215324401855,1.707604292813296e-05,1.2924374660709066,30950,,,,,,,,,
0.4055,8.487489700317383,1.7055163486031653e-05,1.2945254102810373,31000,,,,,,,,,
0.4385,6.16083288192749,1.7034284043930347e-05,1.296613354491168,31050,,,,,,,,,
0.4262,7.520710468292236,1.7013404601829038e-05,1.2987012987012987,31100,,,,,,,,,
0.3496,9.40077018737793,1.6992525159727732e-05,1.3007892429114294,31150,,,,,,,,,
0.4692,14.106184005737305,1.6971645717626427e-05,1.30287718712156,31200,,,,,,,,,
0.4421,12.534143447875977,1.6950766275525117e-05,1.3049651313316908,31250,,,,,,,,,
0.4665,18.922773361206055,1.692988683342381e-05,1.3070530755418215,31300,,,,,,,,,
0.4668,5.490307331085205,1.6909007391322506e-05,1.3091410197519522,31350,,,,,,,,,
0.4599,15.575246810913086,1.6888127949221197e-05,1.3112289639620829,31400,,,,,,,,,
0.4711,20.33242416381836,1.686724850711989e-05,1.3133169081722136,31450,,,,,,,,,
0.4472,5.016700267791748,1.684636906501858e-05,1.3154048523823443,31500,,,,,,,,,
0.4664,19.134349822998047,1.6825489622917276e-05,1.317492796592475,31550,,,,,,,,,
0.3907,12.07093334197998,1.680461018081597e-05,1.3195807408026057,31600,,,,,,,,,
0.3731,2.908886671066284,1.678373073871466e-05,1.3216686850127364,31650,,,,,,,,,
0.447,9.224442481994629,1.6762851296613355e-05,1.323756629222867,31700,,,,,,,,,
0.4928,21.357606887817383,1.674197185451205e-05,1.325844573432998,31750,,,,,,,,,
0.3983,13.051695823669434,1.672109241241074e-05,1.3279325176431285,31800,,,,,,,,,
0.4019,14.956796646118164,1.6700212970309434e-05,1.3300204618532594,31850,,,,,,,,,
0.4313,17.82447052001953,1.6679333528208128e-05,1.3321084060633899,31900,,,,,,,,,
0.4178,8.554488182067871,1.665845408610682e-05,1.3341963502735208,31950,,,,,,,,,
0.4051,16.420085906982422,1.6637574644005513e-05,1.3362842944836513,32000,,,,,,,,,
0.4558,17.563976287841797,1.6616695201904207e-05,1.3383722386937822,32050,,,,,,,,,
0.4218,2.792041778564453,1.6595815759802898e-05,1.340460182903913,32100,,,,,,,,,
0.4419,24.421062469482422,1.6574936317701592e-05,1.3425481271140436,32150,,,,,,,,,
0.4251,4.235606670379639,1.6554056875600286e-05,1.3446360713241743,32200,,,,,,,,,
0.3967,11.00540828704834,1.6533177433498977e-05,1.346724015534305,32250,,,,,,,,,
0.4212,12.400110244750977,1.651229799139767e-05,1.3488119597444357,32300,,,,,,,,,
0.4563,15.16042423248291,1.6491418549296365e-05,1.3508999039545664,32350,,,,,,,,,
0.4525,11.63119888305664,1.6470539107195056e-05,1.352987848164697,32400,,,,,,,,,
0.42,6.772331237792969,1.644965966509375e-05,1.3550757923748278,32450,,,,,,,,,
0.422,16.70693588256836,1.6428780222992445e-05,1.3571637365849585,32500,,,,,,,,,
0.3697,26.290319442749023,1.6407900780891135e-05,1.3592516807950892,32550,,,,,,,,,
0.4818,12.824442863464355,1.638702133878983e-05,1.3613396250052199,32600,,,,,,,,,
0.4149,8.912248611450195,1.6366141896688524e-05,1.3634275692153506,32650,,,,,,,,,
0.4181,19.10806655883789,1.6345262454587214e-05,1.3655155134254813,32700,,,,,,,,,
0.4259,16.993732452392578,1.632438301248591e-05,1.367603457635612,32750,,,,,,,,,
0.447,16.75014877319336,1.6303503570384603e-05,1.3696914018457427,32800,,,,,,,,,
0.3931,24.7105712890625,1.628262412828329e-05,1.3717793460558734,32850,,,,,,,,,
0.4814,21.25035285949707,1.6261744686181984e-05,1.373867290266004,32900,,,,,,,,,
0.368,15.341970443725586,1.624086524408068e-05,1.3759552344761348,32950,,,,,,,,,
0.4124,13.806405067443848,1.621998580197937e-05,1.3780431786862655,33000,,,,,,,,,
0.4301,10.926314353942871,1.6199106359878064e-05,1.3801311228963962,33050,,,,,,,,,
0.4582,15.496724128723145,1.6178226917776758e-05,1.3822190671065269,33100,,,,,,,,,
0.4549,14.608132362365723,1.615734747567545e-05,1.3843070113166576,33150,,,,,,,,,
0.4106,7.9826459884643555,1.6136468033574143e-05,1.3863949555267883,33200,,,,,,,,,
0.4266,8.042243957519531,1.6115588591472837e-05,1.388482899736919,33250,,,,,,,,,
0.3923,22.548458099365234,1.6094709149371528e-05,1.3905708439470497,33300,,,,,,,,,
0.4138,21.29232406616211,1.6073829707270222e-05,1.3926587881571804,33350,,,,,,,,,
0.4674,11.487195014953613,1.6052950265168913e-05,1.3947467323673113,33400,,,,,,,,,
0.4325,5.386261463165283,1.6032070823067607e-05,1.3968346765774418,33450,,,,,,,,,
0.3983,9.189384460449219,1.60111913809663e-05,1.3989226207875727,33500,,,,,,,,,
0.4394,6.1923370361328125,1.599031193886499e-05,1.4010105649977032,33550,,,,,,,,,
0.3999,5.822493076324463,1.5969432496763686e-05,1.403098509207834,33600,,,,,,,,,
0.4304,16.10059928894043,1.594855305466238e-05,1.4051864534179646,33650,,,,,,,,,
0.4352,3.772078514099121,1.592767361256107e-05,1.4072743976280955,33700,,,,,,,,,
0.416,20.348270416259766,1.5906794170459765e-05,1.409362341838226,33750,,,,,,,,,
0.4477,14.264321327209473,1.588591472835846e-05,1.4114502860483569,33800,,,,,,,,,
0.4129,11.187975883483887,1.586503528625715e-05,1.4135382302584876,33850,,,,,,,,,
0.4729,20.476221084594727,1.5844155844155844e-05,1.4156261744686183,33900,,,,,,,,,
0.4251,15.100497245788574,1.5823276402054538e-05,1.417714118678749,33950,,,,,,,,,
0.399,12.580999374389648,1.580239695995323e-05,1.4198020628888797,34000,,,,,,,,,
0.3932,7.7767720222473145,1.5781517517851923e-05,1.4218900070990104,34050,,,,,,,,,
0.4475,18.204612731933594,1.5760638075750617e-05,1.423977951309141,34100,,,,,,,,,
0.4186,16.300846099853516,1.5739758633649308e-05,1.4260658955192718,34150,,,,,,,,,
0.4322,16.67255210876465,1.5718879191548002e-05,1.4281538397294025,34200,,,,,,,,,
0.4352,11.3156099319458,1.5697999749446697e-05,1.4302417839395332,34250,,,,,,,,,
0.3592,10.732014656066895,1.5677120307345387e-05,1.4323297281496639,34300,,,,,,,,,
0.4228,9.423076629638672,1.565624086524408e-05,1.4344176723597946,34350,,,,,,,,,
0.443,11.183732986450195,1.5635361423142776e-05,1.4365056165699253,34400,,,,,,,,,
0.3947,12.24739933013916,1.5614481981041466e-05,1.438593560780056,34450,,,,,,,,,
0.4153,24.033775329589844,1.559360253894016e-05,1.4406815049901867,34500,,,,,,,,,
0.4174,11.03701400756836,1.5572723096838855e-05,1.4427694492003174,34550,,,,,,,,,
0.3998,19.597841262817383,1.5551843654737546e-05,1.444857393410448,34600,,,,,,,,,
0.4552,22.476062774658203,1.553096421263624e-05,1.4469453376205788,34650,,,,,,,,,
0.4273,19.3875675201416,1.5510084770534934e-05,1.4490332818307095,34700,,,,,,,,,
0.4608,14.504446029663086,1.5489205328433625e-05,1.4511212260408402,34750,,,,,,,,,
0.4534,14.83030891418457,1.546832588633232e-05,1.4532091702509708,34800,,,,,,,,,
0.4582,11.091408729553223,1.5447446444231013e-05,1.4552971144611015,34850,,,,,,,,,
0.3944,6.254725456237793,1.5426567002129704e-05,1.4573850586712322,34900,,,,,,,,,
0.4612,9.225565910339355,1.5405687560028398e-05,1.459473002881363,34950,,,,,,,,,
0.4876,19.565311431884766,1.5384808117927092e-05,1.4615609470914936,35000,,,,,,,,,
,,,1.4615609470914936,35000,0.7172591686248779,241.7217,396.51,24.785,,,,,
0.4098,8.928184509277344,1.5363928675825783e-05,1.4636488913016243,35050,,,,,,,,,
0.4086,18.29922866821289,1.5343049233724477e-05,1.465736835511755,35100,,,,,,,,,
0.3808,21.468738555908203,1.5322169791623168e-05,1.467824779721886,35150,,,,,,,,,
0.4474,17.689857482910156,1.5301290349521862e-05,1.4699127239320164,35200,,,,,,,,,
0.3922,9.400327682495117,1.5280410907420556e-05,1.4720006681421474,35250,,,,,,,,,
0.4327,15.617242813110352,1.5259531465319247e-05,1.4740886123522778,35300,,,,,,,,,
0.4039,13.65282917022705,1.5238652023217941e-05,1.4761765565624088,35350,,,,,,,,,
0.4651,15.085043907165527,1.5217772581116635e-05,1.4782645007725392,35400,,,,,,,,,
0.4324,3.9974567890167236,1.5196893139015324e-05,1.4803524449826702,35450,,,,,,,,,
0.4019,8.433690071105957,1.5176013696914017e-05,1.4824403891928006,35500,,,,,,,,,
0.4309,5.3665876388549805,1.5155134254812711e-05,1.4845283334029316,35550,,,,,,,,,
0.4206,13.2621488571167,1.5134254812711404e-05,1.4866162776130623,35600,,,,,,,,,
0.4111,9.996827125549316,1.5113375370610096e-05,1.488704221823193,35650,,,,,,,,,
0.3914,27.643423080444336,1.5092495928508789e-05,1.4907921660333237,35700,,,,,,,,,
0.4036,13.022430419921875,1.5071616486407483e-05,1.4928801102434544,35750,,,,,,,,,
0.4195,11.23972225189209,1.5050737044306175e-05,1.494968054453585,35800,,,,,,,,,
0.3711,9.641702651977539,1.5029857602204868e-05,1.4970559986637157,35850,,,,,,,,,
0.405,14.011395454406738,1.5008978160103562e-05,1.4991439428738464,35900,,,,,,,,,
0.4637,20.976167678833008,1.4988098718002256e-05,1.5012318870839771,35950,,,,,,,,,
0.4731,27.264881134033203,1.4967219275900948e-05,1.5033198312941078,36000,,,,,,,,,
0.3998,6.303642272949219,1.4946339833799643e-05,1.5054077755042385,36050,,,,,,,,,
0.4396,13.784083366394043,1.4925460391698333e-05,1.5074957197143692,36100,,,,,,,,,
0.4092,6.418299198150635,1.4904580949597026e-05,1.5095836639245,36150,,,,,,,,,
0.4496,4.397191047668457,1.488370150749572e-05,1.5116716081346306,36200,,,,,,,,,
0.4205,14.782812118530273,1.4862822065394413e-05,1.5137595523447613,36250,,,,,,,,,
0.4253,17.138383865356445,1.4841942623293105e-05,1.515847496554892,36300,,,,,,,,,
0.441,19.752662658691406,1.48210631811918e-05,1.5179354407650227,36350,,,,,,,,,
0.4651,6.368484973907471,1.4800183739090492e-05,1.5200233849751534,36400,,,,,,,,,
0.4867,15.709809303283691,1.4779304296989184e-05,1.5221113291852841,36450,,,,,,,,,
0.4169,7.403741836547852,1.4758424854887878e-05,1.5241992733954148,36500,,,,,,,,,
0.4313,11.493768692016602,1.473754541278657e-05,1.5262872176055455,36550,,,,,,,,,
0.4174,9.226517677307129,1.4716665970685263e-05,1.5283751618156762,36600,,,,,,,,,
0.4525,17.472034454345703,1.4695786528583956e-05,1.530463106025807,36650,,,,,,,,,
0.3899,13.194255828857422,1.467490708648265e-05,1.5325510502359379,36700,,,,,,,,,
0.4571,20.95123863220215,1.4654027644381342e-05,1.5346389944460683,36750,,,,,,,,,
0.396,8.605854034423828,1.4633148202280035e-05,1.5367269386561992,36800,,,,,,,,,
0.4261,13.25816535949707,1.4612268760178729e-05,1.5388148828663297,36850,,,,,,,,,
0.4282,22.47865104675293,1.4591389318077422e-05,1.5409028270764606,36900,,,,,,,,,
0.4184,18.123991012573242,1.4570509875976114e-05,1.5429907712865911,36950,,,,,,,,,
0.4171,8.174759864807129,1.4549630433874808e-05,1.545078715496722,37000,,,,,,,,,
0.4261,5.973697662353516,1.45287509917735e-05,1.5471666597068525,37050,,,,,,,,,
0.4385,9.671777725219727,1.4507871549672193e-05,1.5492546039169834,37100,,,,,,,,,
0.4802,4.618512153625488,1.4486992107570887e-05,1.551342548127114,37150,,,,,,,,,
0.3856,22.950109481811523,1.446611266546958e-05,1.5534304923372448,37200,,,,,,,,,
0.3974,12.787426948547363,1.4445233223368272e-05,1.5555184365473753,37250,,,,,,,,,
0.4537,10.036940574645996,1.4424353781266966e-05,1.5576063807575062,37300,,,,,,,,,
0.4684,16.998857498168945,1.4403474339165657e-05,1.5596943249676367,37350,,,,,,,,,
0.486,12.145038604736328,1.438259489706435e-05,1.5617822691777676,37400,,,,,,,,,
0.4863,19.58074378967285,1.4361715454963044e-05,1.5638702133878981,37450,,,,,,,,,
0.4083,6.686648845672607,1.4340836012861736e-05,1.565958157598029,37500,,,,,,,,,
0.4039,18.701387405395508,1.4319956570760429e-05,1.5680461018081597,37550,,,,,,,,,
0.386,8.484274864196777,1.4299077128659121e-05,1.5701340460182904,37600,,,,,,,,,
0.3592,13.611114501953125,1.4278197686557815e-05,1.5722219902284211,37650,,,,,,,,,
0.3988,4.009006500244141,1.4257318244456508e-05,1.5743099344385518,37700,,,,,,,,,
0.4185,8.664532661437988,1.42364388023552e-05,1.5763978786486825,37750,,,,,,,,,
0.3708,6.802792549133301,1.4215559360253895e-05,1.5784858228588132,37800,,,,,,,,,
0.4942,21.132041931152344,1.4194679918152587e-05,1.580573767068944,37850,,,,,,,,,
0.459,18.751529693603516,1.417380047605128e-05,1.5826617112790746,37900,,,,,,,,,
0.4427,10.918946266174316,1.4152921033949974e-05,1.5847496554892053,37950,,,,,,,,,
0.3892,24.657604217529297,1.4132041591848666e-05,1.586837599699336,38000,,,,,,,,,
0.4165,12.469932556152344,1.4111162149747359e-05,1.5889255439094667,38050,,,,,,,,,
0.3778,23.02974510192871,1.4090282707646053e-05,1.5910134881195974,38100,,,,,,,,,
0.4478,6.406889915466309,1.4069403265544745e-05,1.5931014323297281,38150,,,,,,,,,
0.4119,9.627985954284668,1.4048523823443438e-05,1.5951893765398588,38200,,,,,,,,,
0.4299,7.7742156982421875,1.4027644381342132e-05,1.5972773207499895,38250,,,,,,,,,
0.3955,10.9949951171875,1.4006764939240824e-05,1.5993652649601202,38300,,,,,,,,,
0.4319,17.247617721557617,1.3985885497139517e-05,1.6014532091702511,38350,,,,,,,,,
0.412,8.0882568359375,1.3965006055038211e-05,1.6035411533803816,38400,,,,,,,,,
0.4164,4.109500885009766,1.3944126612936904e-05,1.6056290975905125,38450,,,,,,,,,
0.5234,27.0250186920166,1.3923247170835596e-05,1.607717041800643,38500,,,,,,,,,
0.4478,5.220260143280029,1.3902367728734289e-05,1.609804986010774,38550,,,,,,,,,
0.4518,11.877577781677246,1.3881488286632983e-05,1.6118929302209044,38600,,,,,,,,,
0.3785,13.857556343078613,1.3860608844531673e-05,1.6139808744310353,38650,,,,,,,,,
0.4074,10.700502395629883,1.3839729402430366e-05,1.6160688186411658,38700,,,,,,,,,
0.43,28.451704025268555,1.381884996032906e-05,1.6181567628512967,38750,,,,,,,,,
0.3992,13.284114837646484,1.3797970518227753e-05,1.6202447070614272,38800,,,,,,,,,
0.3859,14.45816421508789,1.3777091076126445e-05,1.6223326512715581,38850,,,,,,,,,
0.4358,12.678936958312988,1.375621163402514e-05,1.6244205954816886,38900,,,,,,,,,
0.4032,12.344730377197266,1.3735332191923832e-05,1.6265085396918195,38950,,,,,,,,,
0.3845,6.08477783203125,1.3714452749822524e-05,1.62859648390195,39000,,,,,,,,,
0.4241,17.683685302734375,1.3693573307721218e-05,1.630684428112081,39050,,,,,,,,,
0.4258,13.844698905944824,1.3672693865619911e-05,1.6327723723222114,39100,,,,,,,,,
0.3733,16.74645233154297,1.3651814423518603e-05,1.6348603165323423,39150,,,,,,,,,
0.4556,22.56235694885254,1.3630934981417298e-05,1.636948260742473,39200,,,,,,,,,
0.4038,9.132802963256836,1.361005553931599e-05,1.6390362049526037,39250,,,,,,,,,
0.4541,18.996816635131836,1.3589176097214682e-05,1.6411241491627344,39300,,,,,,,,,
0.45,15.917276382446289,1.3568296655113377e-05,1.6432120933728651,39350,,,,,,,,,
0.3653,19.043193817138672,1.3547417213012069e-05,1.6453000375829958,39400,,,,,,,,,
0.4778,2.7493484020233154,1.3526537770910762e-05,1.6473879817931265,39450,,,,,,,,,
0.4489,13.024231910705566,1.3505658328809454e-05,1.6494759260032572,39500,,,,,,,,,
0.3877,13.732749938964844,1.3484778886708148e-05,1.651563870213388,39550,,,,,,,,,
0.4262,25.94294548034668,1.346389944460684e-05,1.6536518144235186,39600,,,,,,,,,
0.4212,16.771434783935547,1.3443020002505533e-05,1.6557397586336493,39650,,,,,,,,,
0.3869,11.01495361328125,1.3422140560404227e-05,1.65782770284378,39700,,,,,,,,,
0.3478,22.69363784790039,1.340126111830292e-05,1.6599156470539107,39750,,,,,,,,,
0.389,7.623510837554932,1.3380381676201612e-05,1.6620035912640414,39800,,,,,,,,,
0.4281,17.679271697998047,1.3359502234100306e-05,1.664091535474172,39850,,,,,,,,,
0.4122,8.741639137268066,1.3338622791998999e-05,1.6661794796843028,39900,,,,,,,,,
0.36,9.928016662597656,1.331774334989769e-05,1.6682674238944335,39950,,,,,,,,,
0.441,18.615541458129883,1.3296863907796384e-05,1.6703553681045642,40000,,,,,,,,,
,,,1.6703553681045642,40000,0.6994322538375854,241.7985,396.384,24.777,,,,,
0.3748,10.727912902832031,1.3275984465695076e-05,1.672443312314695,40050,,,,,,,,,
0.399,15.529104232788086,1.3255105023593769e-05,1.6745312565248258,40100,,,,,,,,,
0.4394,15.410676002502441,1.3234225581492463e-05,1.6766192007349563,40150,,,,,,,,,
0.466,10.562956809997559,1.3213346139391156e-05,1.6787071449450872,40200,,,,,,,,,
0.433,16.78921127319336,1.3192466697289848e-05,1.6807950891552177,40250,,,,,,,,,
0.4621,11.942614555358887,1.3171587255188542e-05,1.6828830333653486,40300,,,,,,,,,
0.403,15.924824714660645,1.3150707813087235e-05,1.684970977575479,40350,,,,,,,,,
0.4025,24.901611328125,1.3129828370985927e-05,1.68705892178561,40400,,,,,,,,,
0.4281,14.678829193115234,1.310894892888462e-05,1.6891468659957405,40450,,,,,,,,,
0.3945,8.98276138305664,1.3088069486783314e-05,1.6912348102058714,40500,,,,,,,,,
0.4445,9.496582984924316,1.3067190044682006e-05,1.6933227544160019,40550,,,,,,,,,
0.3989,12.730032920837402,1.3046310602580699e-05,1.6954106986261328,40600,,,,,,,,,
0.4083,10.678647994995117,1.3025431160479393e-05,1.6974986428362633,40650,,,,,,,,,
0.4139,20.48029327392578,1.3004551718378085e-05,1.6995865870463942,40700,,,,,,,,,
0.4014,6.156470775604248,1.2983672276276778e-05,1.7016745312565247,40750,,,,,,,,,
0.4282,13.472990036010742,1.2962792834175472e-05,1.7037624754666556,40800,,,,,,,,,
0.4347,9.684990882873535,1.2941913392074165e-05,1.705850419676786,40850,,,,,,,,,
0.3506,19.774778366088867,1.2921033949972857e-05,1.707938363886917,40900,,,,,,,,,
0.408,10.229065895080566,1.2900154507871551e-05,1.7100263080970477,40950,,,,,,,,,
0.4385,17.174396514892578,1.2879275065770244e-05,1.7121142523071784,41000,,,,,,,,,
0.3766,13.181624412536621,1.2858395623668936e-05,1.714202196517309,41050,,,,,,,,,
0.3478,22.459333419799805,1.283751618156763e-05,1.7162901407274398,41100,,,,,,,,,
0.3955,14.828322410583496,1.2816636739466323e-05,1.7183780849375705,41150,,,,,,,,,
0.3554,13.52285099029541,1.2795757297365015e-05,1.7204660291477012,41200,,,,,,,,,
0.3881,7.436000823974609,1.2774877855263708e-05,1.722553973357832,41250,,,,,,,,,
0.3841,15.7644681930542,1.27539984131624e-05,1.7246419175679626,41300,,,,,,,,,
0.4515,16.73874282836914,1.2733118971061093e-05,1.7267298617780933,41350,,,,,,,,,
0.3889,4.150137901306152,1.2712239528959785e-05,1.728817805988224,41400,,,,,,,,,
0.4426,12.701579093933105,1.269136008685848e-05,1.7309057501983547,41450,,,,,,,,,
0.3636,11.943110466003418,1.2670480644757172e-05,1.7329936944084854,41500,,,,,,,,,
0.3581,10.577740669250488,1.2649601202655864e-05,1.735081638618616,41550,,,,,,,,,
0.4031,20.39269256591797,1.2628721760554558e-05,1.7371695828287468,41600,,,,,,,,,
0.4752,12.348221778869629,1.2607842318453251e-05,1.7392575270388775,41650,,,,,,,,,
0.3919,16.662939071655273,1.2586962876351943e-05,1.7413454712490082,41700,,,,,,,,,
0.3688,4.66243314743042,1.2566083434250638e-05,1.7434334154591389,41750,,,,,,,,,
0.455,15.590828895568848,1.254520399214933e-05,1.7455213596692696,41800,,,,,,,,,
0.4311,9.432835578918457,1.2524324550048023e-05,1.7476093038794005,41850,,,,,,,,,
0.4037,17.112869262695312,1.2503445107946717e-05,1.749697248089531,41900,,,,,,,,,
0.3845,18.800621032714844,1.248256566584541e-05,1.751785192299662,41950,,,,,,,,,
0.4554,29.25722885131836,1.2461686223744102e-05,1.7538731365097924,42000,,,,,,,,,
0.3901,13.626816749572754,1.2440806781642796e-05,1.7559610807199233,42050,,,,,,,,,
0.4555,18.25197982788086,1.2419927339541488e-05,1.7580490249300538,42100,,,,,,,,,
0.4187,15.726917266845703,1.239904789744018e-05,1.7601369691401847,42150,,,,,,,,,
0.4182,4.836498737335205,1.2378168455338873e-05,1.7622249133503152,42200,,,,,,,,,
0.3876,8.155646324157715,1.2357289013237567e-05,1.764312857560446,42250,,,,,,,,,
0.41,7.124562740325928,1.233640957113626e-05,1.7664008017705766,42300,,,,,,,,,
0.3966,28.690589904785156,1.2315530129034952e-05,1.7684887459807075,42350,,,,,,,,,
0.3947,7.60291051864624,1.2294650686933647e-05,1.770576690190838,42400,,,,,,,,,
0.4735,12.318835258483887,1.2273771244832339e-05,1.7726646344009689,42450,,,,,,,,,
0.4529,6.716700077056885,1.2252891802731032e-05,1.7747525786110994,42500,,,,,,,,,
0.3964,12.100318908691406,1.2232012360629724e-05,1.7768405228212303,42550,,,,,,,,,
0.438,10.750375747680664,1.2211132918528416e-05,1.7789284670313608,42600,,,,,,,,,
0.4015,18.450721740722656,1.2190253476427109e-05,1.7810164112414917,42650,,,,,,,,,
0.4621,9.684462547302246,1.2169374034325803e-05,1.7831043554516224,42700,,,,,,,,,
0.3914,14.074451446533203,1.2148494592224496e-05,1.785192299661753,42750,,,,,,,,,
0.4391,9.237829208374023,1.2127615150123188e-05,1.7872802438718838,42800,,,,,,,,,
0.3614,15.407020568847656,1.2106735708021882e-05,1.7893681880820145,42850,,,,,,,,,
0.3933,7.402072906494141,1.2085856265920575e-05,1.7914561322921452,42900,,,,,,,,,
0.4128,16.006624221801758,1.2064976823819267e-05,1.7935440765022759,42950,,,,,,,,,
0.4237,19.14081382751465,1.2044097381717961e-05,1.7956320207124066,43000,,,,,,,,,
0.4065,7.871662616729736,1.2023217939616654e-05,1.7977199649225373,43050,,,,,,,,,
0.3966,5.957355976104736,1.2002338497515346e-05,1.799807909132668,43100,,,,,,,,,
0.4061,8.37161636352539,1.1981459055414039e-05,1.8018958533427987,43150,,,,,,,,,
0.3999,17.162212371826172,1.1960579613312733e-05,1.8039837975529294,43200,,,,,,,,,
0.444,26.910099029541016,1.1939700171211425e-05,1.80607174176306,43250,,,,,,,,,
0.3786,15.514421463012695,1.1918820729110118e-05,1.8081596859731908,43300,,,,,,,,,
0.3584,7.985353469848633,1.1897941287008812e-05,1.8102476301833215,43350,,,,,,,,,
0.3995,19.519664764404297,1.1877061844907505e-05,1.8123355743934522,43400,,,,,,,,,
0.3906,16.4833984375,1.1856182402806197e-05,1.8144235186035829,43450,,,,,,,,,
0.4142,12.221344947814941,1.1835302960704891e-05,1.8165114628137136,43500,,,,,,,,,
0.4284,5.85312032699585,1.1814423518603584e-05,1.8185994070238443,43550,,,,,,,,,
0.3366,10.169156074523926,1.1793544076502276e-05,1.8206873512339752,43600,,,,,,,,,
0.3691,4.3603034019470215,1.177266463440097e-05,1.8227752954441057,43650,,,,,,,,,
0.3724,9.017212867736816,1.1751785192299663e-05,1.8248632396542366,43700,,,,,,,,,
0.41,15.065813064575195,1.1730905750198355e-05,1.826951183864367,43750,,,,,,,,,
0.375,7.457826137542725,1.171002630809705e-05,1.829039128074498,43800,,,,,,,,,
0.341,14.846087455749512,1.168914686599574e-05,1.8311270722846285,43850,,,,,,,,,
0.3767,16.453767776489258,1.1668267423894433e-05,1.8332150164947594,43900,,,,,,,,,
0.437,21.559797286987305,1.1647387981793127e-05,1.8353029607048899,43950,,,,,,,,,
0.4012,11.69847583770752,1.162650853969182e-05,1.8373909049150208,44000,,,,,,,,,
0.4049,12.263842582702637,1.1605629097590512e-05,1.8394788491251512,44050,,,,,,,,,
0.4714,18.208740234375,1.1584749655489204e-05,1.8415667933352822,44100,,,,,,,,,
0.4005,17.734241485595703,1.1563870213387899e-05,1.8436547375454126,44150,,,,,,,,,
0.3639,6.140268802642822,1.1542990771286591e-05,1.8457426817555436,44200,,,,,,,,,
0.3924,19.96989631652832,1.1522111329185283e-05,1.847830625965674,44250,,,,,,,,,
0.4237,17.631023406982422,1.1501231887083978e-05,1.849918570175805,44300,,,,,,,,,
0.4358,10.335383415222168,1.148035244498267e-05,1.8520065143859354,44350,,,,,,,,,
0.4556,21.12653923034668,1.1459473002881363e-05,1.8540944585960664,44400,,,,,,,,,
0.364,20.170085906982422,1.1438593560780057e-05,1.856182402806197,44450,,,,,,,,,
0.3734,15.123805046081543,1.141771411867875e-05,1.8582703470163278,44500,,,,,,,,,
0.4065,21.635639190673828,1.1396834676577442e-05,1.8603582912264585,44550,,,,,,,,,
0.4132,23.348438262939453,1.1375955234476136e-05,1.8624462354365892,44600,,,,,,,,,
0.3855,12.931204795837402,1.1355075792374828e-05,1.8645341796467199,44650,,,,,,,,,
0.4097,14.680695533752441,1.1334196350273521e-05,1.8666221238568506,44700,,,,,,,,,
0.383,30.074542999267578,1.1313316908172215e-05,1.8687100680669813,44750,,,,,,,,,
0.4354,11.932419776916504,1.1292437466070907e-05,1.870798012277112,44800,,,,,,,,,
0.4316,10.504840850830078,1.12715580239696e-05,1.8728859564872427,44850,,,,,,,,,
0.3828,1.4054492712020874,1.1250678581868294e-05,1.8749739006973734,44900,,,,,,,,,
0.4544,9.662908554077148,1.1229799139766987e-05,1.877061844907504,44950,,,,,,,,,
0.3917,12.531847953796387,1.1208919697665679e-05,1.8791497891176348,45000,,,,,,,,,
,,,1.8791497891176348,45000,0.6936725378036499,241.7259,396.503,24.784,,,,,
0.3943,6.638681888580322,1.1188040255564372e-05,1.8812377333277654,45050,,,,,,,,,
0.3744,31.334192276000977,1.1167160813463064e-05,1.8833256775378961,45100,,,,,,,,,
0.427,7.02903938293457,1.1146281371361757e-05,1.8854136217480268,45150,,,,,,,,,
0.3958,3.084900140762329,1.1125401929260449e-05,1.8875015659581575,45200,,,,,,,,,
0.4222,10.729878425598145,1.1104522487159143e-05,1.8895895101682885,45250,,,,,,,,,
0.4365,11.686838150024414,1.1083643045057836e-05,1.891677454378419,45300,,,,,,,,,
0.3927,16.47918701171875,1.1062763602956528e-05,1.8937653985885499,45350,,,,,,,,,
0.4527,10.591394424438477,1.1041884160855222e-05,1.8958533427986803,45400,,,,,,,,,
0.3644,7.516137599945068,1.1021004718753915e-05,1.8979412870088113,45450,,,,,,,,,
0.4211,15.723047256469727,1.1000125276652607e-05,1.9000292312189417,45500,,,,,,,,,
0.333,16.660198211669922,1.0979245834551301e-05,1.9021171754290727,45550,,,,,,,,,
0.3993,7.759527206420898,1.0958366392449994e-05,1.9042051196392031,45600,,,,,,,,,
0.3514,19.154958724975586,1.0937486950348686e-05,1.906293063849334,45650,,,,,,,,,
0.411,11.39362621307373,1.091660750824738e-05,1.9083810080594645,45700,,,,,,,,,
0.4203,22.208166122436523,1.0895728066146073e-05,1.9104689522695955,45750,,,,,,,,,
0.405,9.130696296691895,1.0874848624044766e-05,1.912556896479726,45800,,,,,,,,,
0.4233,15.738667488098145,1.085396918194346e-05,1.9146448406898569,45850,,,,,,,,,
0.4228,9.034334182739258,1.0833089739842152e-05,1.9167327848999873,45900,,,,,,,,,
0.4189,16.877201080322266,1.0812210297740845e-05,1.9188207291101183,45950,,,,,,,,,
0.425,14.560983657836914,1.0791330855639537e-05,1.9209086733202487,46000,,,,,,,,,
0.3385,3.560668706893921,1.0770451413538231e-05,1.9229966175303796,46050,,,,,,,,,
0.3957,12.146042823791504,1.0749571971436924e-05,1.9250845617405103,46100,,,,,,,,,
0.396,12.059990882873535,1.0728692529335616e-05,1.927172505950641,46150,,,,,,,,,
0.3702,12.932403564453125,1.070781308723431e-05,1.9292604501607717,46200,,,,,,,,,
0.4052,16.378040313720703,1.0686933645133003e-05,1.9313483943709024,46250,,,,,,,,,
0.3416,10.232186317443848,1.0666054203031695e-05,1.9334363385810331,46300,,,,,,,,,
0.4194,12.02142333984375,1.064517476093039e-05,1.9355242827911638,46350,,,,,,,,,
0.4266,33.9029426574707,1.062429531882908e-05,1.9376122270012945,46400,,,,,,,,,
0.3551,8.459088325500488,1.0603415876727773e-05,1.9397001712114252,46450,,,,,,,,,
0.4002,15.820028305053711,1.0582536434626467e-05,1.941788115421556,46500,,,,,,,,,
0.4054,14.177886009216309,1.056165699252516e-05,1.9438760596316866,46550,,,,,,,,,
0.358,10.302874565124512,1.0540777550423852e-05,1.9459640038418173,46600,,,,,,,,,
0.3482,10.368842124938965,1.0519898108322546e-05,1.948051948051948,46650,,,,,,,,,
0.3726,18.458974838256836,1.0499018666221239e-05,1.9501398922620787,46700,,,,,,,,,
0.4013,6.161421775817871,1.0478139224119931e-05,1.9522278364722094,46750,,,,,,,,,
0.374,18.51734161376953,1.0457259782018625e-05,1.9543157806823401,46800,,,,,,,,,
0.3521,14.472084999084473,1.0436380339917318e-05,1.9564037248924708,46850,,,,,,,,,
0.4307,20.793804168701172,1.041550089781601e-05,1.9584916691026015,46900,,,,,,,,,
0.4054,18.818504333496094,1.0394621455714703e-05,1.9605796133127322,46950,,,,,,,,,
0.4097,20.54549789428711,1.0373742013613397e-05,1.9626675575228631,47000,,,,,,,,,
0.388,19.506101608276367,1.035286257151209e-05,1.9647555017329936,47050,,,,,,,,,
0.4607,9.646944999694824,1.0331983129410782e-05,1.9668434459431245,47100,,,,,,,,,
0.4355,6.705076694488525,1.0311103687309476e-05,1.968931390153255,47150,,,,,,,,,
0.4268,8.251177787780762,1.0290224245208168e-05,1.971019334363386,47200,,,,,,,,,
0.3755,6.360722064971924,1.0269344803106861e-05,1.9731072785735164,47250,,,,,,,,,
0.4268,11.18756103515625,1.0248465361005555e-05,1.9751952227836473,47300,,,,,,,,,
0.3512,12.684883117675781,1.0227585918904248e-05,1.9772831669937778,47350,,,,,,,,,
0.4155,16.007169723510742,1.020670647680294e-05,1.9793711112039087,47400,,,,,,,,,
0.3937,16.227005004882812,1.0185827034701634e-05,1.9814590554140392,47450,,,,,,,,,
0.4188,13.875079154968262,1.0164947592600327e-05,1.9835469996241701,47500,,,,,,,,,
0.404,19.427467346191406,1.014406815049902e-05,1.9856349438343006,47550,,,,,,,,,
0.359,16.9118709564209,1.0123188708397713e-05,1.9877228880444315,47600,,,,,,,,,
0.4439,17.056575775146484,1.0102309266296406e-05,1.989810832254562,47650,,,,,,,,,
0.4083,6.820956707000732,1.0081429824195097e-05,1.991898776464693,47700,,,,,,,,,
0.389,6.957476615905762,1.006055038209379e-05,1.9939867206748234,47750,,,,,,,,,
0.3594,11.774480819702148,1.0039670939992483e-05,1.9960746648849543,47800,,,,,,,,,
0.4252,10.889335632324219,1.0018791497891176e-05,1.998162609095085,47850,,,,,,,,,
0.2973,1.1444627046585083,9.997912055789868e-06,2.0002505533052157,47900,,,,,,,,,
0.2224,10.539318084716797,9.977032613688562e-06,2.002338497515346,47950,,,,,,,,,
0.2441,12.838305473327637,9.956153171587255e-06,2.004426441725477,48000,,,,,,,,,
0.2945,11.487586975097656,9.935273729485947e-06,2.0065143859356076,48050,,,,,,,,,
0.2012,11.349943161010742,9.914394287384642e-06,2.0086023301457385,48100,,,,,,,,,
0.2753,6.003597259521484,9.893514845283334e-06,2.010690274355869,48150,,,,,,,,,
0.2794,7.520137310028076,9.872635403182026e-06,2.012778218566,48200,,,,,,,,,
0.267,12.621946334838867,9.85175596108072e-06,2.014866162776131,48250,,,,,,,,,
0.2537,13.410752296447754,9.830876518979413e-06,2.0169541069862613,48300,,,,,,,,,
0.296,12.726387023925781,9.809997076878106e-06,2.0190420511963922,48350,,,,,,,,,
0.2355,8.946755409240723,9.7891176347768e-06,2.0211299954065227,48400,,,,,,,,,
0.2316,15.906829833984375,9.768238192675492e-06,2.0232179396166536,48450,,,,,,,,,
0.2837,23.736480712890625,9.747358750574185e-06,2.025305883826784,48500,,,,,,,,,
0.3042,3.033453941345215,9.726479308472879e-06,2.027393828036915,48550,,,,,,,,,
0.2922,14.735618591308594,9.705599866371571e-06,2.0294817722470455,48600,,,,,,,,,
0.1851,11.672175407409668,9.684720424270264e-06,2.0315697164571764,48650,,,,,,,,,
0.2536,19.366086959838867,9.663840982168958e-06,2.033657660667307,48700,,,,,,,,,
0.2464,2.043520450592041,9.64296154006765e-06,2.035745604877438,48750,,,,,,,,,
0.2603,8.740679740905762,9.622082097966343e-06,2.0378335490875683,48800,,,,,,,,,
0.2438,7.383512020111084,9.601202655865035e-06,2.0399214932976992,48850,,,,,,,,,
0.3044,18.80454444885254,9.58032321376373e-06,2.0420094375078297,48900,,,,,,,,,
0.234,10.59338665008545,9.559443771662422e-06,2.0440973817179606,48950,,,,,,,,,
0.2328,45.912776947021484,9.538564329561113e-06,2.046185325928091,49000,,,,,,,,,
0.3053,6.270643711090088,9.517684887459807e-06,2.048273270138222,49050,,,,,,,,,
0.2429,8.13667106628418,9.4968054453585e-06,2.0503612143483525,49100,,,,,,,,,
0.2527,4.978099346160889,9.475926003257192e-06,2.0524491585584834,49150,,,,,,,,,
0.2705,1.5686637163162231,9.455046561155886e-06,2.054537102768614,49200,,,,,,,,,
0.2804,25.96700096130371,9.434167119054579e-06,2.056625046978745,49250,,,,,,,,,
0.2796,13.846935272216797,9.413287676953271e-06,2.0587129911888753,49300,,,,,,,,,
0.2409,12.060622215270996,9.392408234851965e-06,2.060800935399006,49350,,,,,,,,,
0.2291,8.668758392333984,9.371528792750658e-06,2.0628888796091367,49400,,,,,,,,,
0.2397,10.975481986999512,9.35064935064935e-06,2.0649768238192676,49450,,,,,,,,,
0.2099,5.892492771148682,9.329769908548044e-06,2.067064768029398,49500,,,,,,,,,
0.2702,5.292458534240723,9.308890466446737e-06,2.069152712239529,49550,,,,,,,,,
0.2271,19.304039001464844,9.28801102434543e-06,2.0712406564496595,49600,,,,,,,,,
0.2699,7.8342156410217285,9.267131582244124e-06,2.0733286006597904,49650,,,,,,,,,
0.2415,10.927318572998047,9.246252140142816e-06,2.075416544869921,49700,,,,,,,,,
0.2531,23.806791305541992,9.225372698041509e-06,2.077504489080052,49750,,,,,,,,,
0.2049,18.474287033081055,9.204493255940201e-06,2.0795924332901823,49800,,,,,,,,,
0.2541,19.65386199951172,9.183613813838895e-06,2.081680377500313,49850,,,,,,,,,
0.2392,10.643329620361328,9.162734371737588e-06,2.0837683217104437,49900,,,,,,,,,
0.2955,16.19561195373535,9.14185492963628e-06,2.0858562659205746,49950,,,,,,,,,
0.2637,9.57486629486084,9.120975487534974e-06,2.087944210130705,50000,,,,,,,,,
,,,2.087944210130705,50000,0.8506177067756653,241.7391,396.481,24.783,,,,,
0.2386,3.6270740032196045,9.100096045433667e-06,2.090032154340836,50050,,,,,,,,,
0.2637,9.981689453125,9.07921660333236e-06,2.092120098550967,50100,,,,,,,,,
0.2236,10.007469177246094,9.058337161231053e-06,2.0942080427610974,50150,,,,,,,,,
0.2863,25.575605392456055,9.037457719129746e-06,2.0962959869712283,50200,,,,,,,,,
0.242,14.532649993896484,9.016578277028438e-06,2.098383931181359,50250,,,,,,,,,
0.2526,7.3973565101623535,8.99569883492713e-06,2.1004718753914897,50300,,,,,,,,,
0.2551,9.307406425476074,8.974819392825823e-06,2.10255981960162,50350,,,,,,,,,
0.2534,3.9911446571350098,8.953939950724516e-06,2.104647763811751,50400,,,,,,,,,
0.2544,21.085166931152344,8.93306050862321e-06,2.1067357080218816,50450,,,,,,,,,
0.2703,2.263211965560913,8.912181066521902e-06,2.1088236522320125,50500,,,,,,,,,
0.213,9.93463134765625,8.891301624420595e-06,2.110911596442143,50550,,,,,,,,,
0.2399,3.298442840576172,8.870422182319289e-06,2.112999540652274,50600,,,,,,,,,
0.3135,4.559980869293213,8.849542740217982e-06,2.1150874848624044,50650,,,,,,,,,
0.2677,7.220908164978027,8.828663298116674e-06,2.1171754290725353,50700,,,,,,,,,
0.2427,13.073531150817871,8.807783856015367e-06,2.119263373282666,50750,,,,,,,,,
0.224,2.9388885498046875,8.78690441391406e-06,2.1213513174927967,50800,,,,,,,,,
0.2185,10.082389831542969,8.766024971812753e-06,2.123439261702927,50850,,,,,,,,,
0.2608,16.380823135375977,8.745145529711446e-06,2.125527205913058,50900,,,,,,,,,
0.2319,4.010838985443115,8.72426608761014e-06,2.1276151501231886,50950,,,,,,,,,
0.2035,11.027462005615234,8.703386645508832e-06,2.1297030943333195,51000,,,,,,,,,
0.2311,19.48287010192871,8.682507203407525e-06,2.13179103854345,51050,,,,,,,,,
0.2315,18.445598602294922,8.661627761306219e-06,2.133878982753581,51100,,,,,,,,,
0.2861,11.097063064575195,8.640748319204911e-06,2.1359669269637114,51150,,,,,,,,,
0.2133,10.994010925292969,8.619868877103604e-06,2.1380548711738423,51200,,,,,,,,,
0.2326,30.83513832092285,8.598989435002298e-06,2.1401428153839728,51250,,,,,,,,,
0.2258,16.826610565185547,8.57810999290099e-06,2.1422307595941037,51300,,,,,,,,,
0.2089,10.985288619995117,8.557230550799683e-06,2.144318703804234,51350,,,,,,,,,
0.2558,12.59542465209961,8.536351108698377e-06,2.146406648014365,51400,,,,,,,,,
0.2399,18.003999710083008,8.51547166659707e-06,2.1484945922244956,51450,,,,,,,,,
0.2481,9.161470413208008,8.494592224495762e-06,2.1505825364346265,51500,,,,,,,,,
0.2743,22.944101333618164,8.473712782394455e-06,2.152670480644757,51550,,,,,,,,,
0.2591,7.310129642486572,8.452833340293147e-06,2.154758424854888,51600,,,,,,,,,
0.2277,11.595440864562988,8.43195389819184e-06,2.1568463690650184,51650,,,,,,,,,
0.2255,15.883350372314453,8.411074456090532e-06,2.1589343132751493,51700,,,,,,,,,
0.2286,6.694247722625732,8.390195013989226e-06,2.16102225748528,51750,,,,,,,,,
0.2383,32.1522102355957,8.369315571887919e-06,2.1631102016954107,51800,,,,,,,,,
0.2677,18.129959106445312,8.348436129786611e-06,2.1651981459055416,51850,,,,,,,,,
0.2605,7.213718414306641,8.327556687685305e-06,2.167286090115672,51900,,,,,,,,,
0.2405,17.404436111450195,8.306677245583998e-06,2.169374034325803,51950,,,,,,,,,
0.2328,27.107200622558594,8.28579780348269e-06,2.1714619785359335,52000,,,,,,,,,
0.224,6.797328472137451,8.264918361381384e-06,2.1735499227460644,52050,,,,,,,,,
0.2226,21.360349655151367,8.244038919280077e-06,2.175637866956195,52100,,,,,,,,,
0.2791,14.815217018127441,8.22315947717877e-06,2.177725811166326,52150,,,,,,,,,
0.2154,13.88713264465332,8.202280035077464e-06,2.1798137553764563,52200,,,,,,,,,
0.1984,15.45705509185791,8.181400592976156e-06,2.181901699586587,52250,,,,,,,,,
0.2422,2.3957433700561523,8.160521150874849e-06,2.1839896437967177,52300,,,,,,,,,
0.2239,13.230002403259277,8.139641708773543e-06,2.1860775880068486,52350,,,,,,,,,
0.2419,8.18267822265625,8.118762266672235e-06,2.188165532216979,52400,,,,,,,,,
0.2085,5.869535446166992,8.097882824570928e-06,2.19025347642711,52450,,,,,,,,,
0.2366,24.006935119628906,8.07700338246962e-06,2.1923414206372405,52500,,,,,,,,,
0.263,10.770227432250977,8.056123940368314e-06,2.1944293648473714,52550,,,,,,,,,
0.2291,20.00469398498535,8.035244498267007e-06,2.196517309057502,52600,,,,,,,,,
0.2042,4.634454727172852,8.0143650561657e-06,2.198605253267633,52650,,,,,,,,,
0.2476,16.899404525756836,7.993485614064393e-06,2.2006931974777633,52700,,,,,,,,,
0.2937,17.055641174316406,7.972606171963086e-06,2.202781141687894,52750,,,,,,,,,
0.2788,18.694448471069336,7.951726729861778e-06,2.2048690858980247,52800,,,,,,,,,
0.2174,3.425166606903076,7.930847287760471e-06,2.2069570301081556,52850,,,,,,,,,
0.2528,17.11396026611328,7.909967845659163e-06,2.209044974318286,52900,,,,,,,,,
0.2467,21.694597244262695,7.889088403557856e-06,2.211132918528417,52950,,,,,,,,,
0.2157,5.366322994232178,7.86820896145655e-06,2.2132208627385475,53000,,,,,,,,,
0.2233,8.326396942138672,7.847329519355243e-06,2.2153088069486784,53050,,,,,,,,,
0.2452,15.506937026977539,7.826450077253935e-06,2.217396751158809,53100,,,,,,,,,
0.2276,22.864749908447266,7.805570635152629e-06,2.2194846953689398,53150,,,,,,,,,
0.289,5.877543926239014,7.784691193051322e-06,2.2215726395790703,53200,,,,,,,,,
0.2588,19.30431365966797,7.763811750950014e-06,2.223660583789201,53250,,,,,,,,,
0.2286,8.689820289611816,7.742932308848708e-06,2.2257485279993316,53300,,,,,,,,,
0.2729,13.86792278289795,7.7220528667474e-06,2.2278364722094626,53350,,,,,,,,,
0.2043,13.93768310546875,7.701173424646093e-06,2.2299244164195935,53400,,,,,,,,,
0.2262,10.681451797485352,7.680293982544786e-06,2.232012360629724,53450,,,,,,,,,
0.2588,7.941810607910156,7.65941454044348e-06,2.2341003048398544,53500,,,,,,,,,
0.2673,20.45320701599121,7.638535098342172e-06,2.2361882490499854,53550,,,,,,,,,
0.3093,7.101337909698486,7.617655656240866e-06,2.2382761932601163,53600,,,,,,,,,
0.1867,20.736909866333008,7.596776214139559e-06,2.2403641374702468,53650,,,,,,,,,
0.247,19.73065757751465,7.5758967720382515e-06,2.2424520816803777,53700,,,,,,,,,
0.2242,11.582320213317871,7.555017329936945e-06,2.244540025890508,53750,,,,,,,,,
0.2874,18.902328491210938,7.534137887835637e-06,2.246627970100639,53800,,,,,,,,,
0.2603,7.379990577697754,7.513258445734331e-06,2.2487159143107696,53850,,,,,,,,,
0.2416,14.680998802185059,7.492379003633023e-06,2.2508038585209005,53900,,,,,,,,,
0.2518,26.322546005249023,7.4714995615317156e-06,2.252891802731031,53950,,,,,,,,,
0.2269,20.405107498168945,7.450620119430409e-06,2.254979746941162,54000,,,,,,,,,
0.236,19.1617488861084,7.429740677329102e-06,2.2570676911512924,54050,,,,,,,,,
0.2406,8.133004188537598,7.408861235227795e-06,2.2591556353614233,54100,,,,,,,,,
0.2335,13.850006103515625,7.387981793126488e-06,2.2612435795715538,54150,,,,,,,,,
0.2665,13.462663650512695,7.3671023510251805e-06,2.2633315237816847,54200,,,,,,,,,
0.2351,13.086029052734375,7.346222908923874e-06,2.265419467991815,54250,,,,,,,,,
0.2341,27.181222915649414,7.325343466822567e-06,2.267507412201946,54300,,,,,,,,,
0.2458,25.31144905090332,7.30446402472126e-06,2.2695953564120765,54350,,,,,,,,,
0.2298,17.206764221191406,7.283584582619953e-06,2.2716833006222075,54400,,,,,,,,,
0.2126,5.938400745391846,7.262705140518646e-06,2.273771244832338,54450,,,,,,,,,
0.2531,3.6086575984954834,7.241825698417338e-06,2.275859189042469,54500,,,,,,,,,
0.1924,6.490972995758057,7.220946256316031e-06,2.2779471332525993,54550,,,,,,,,,
0.2527,22.457935333251953,7.2000668142147245e-06,2.2800350774627303,54600,,,,,,,,,
0.237,11.366096496582031,7.179187372113417e-06,2.2821230216728607,54650,,,,,,,,,
0.2246,2.830637216567993,7.15830793001211e-06,2.2842109658829917,54700,,,,,,,,,
0.2254,32.6771125793457,7.137428487910803e-06,2.286298910093122,54750,,,,,,,,,
0.2926,15.701148986816406,7.116549045809496e-06,2.288386854303253,54800,,,,,,,,,
0.2591,10.282930374145508,7.0956696037081895e-06,2.2904747985133835,54850,,,,,,,,,
0.2456,0.4953865110874176,7.074790161606882e-06,2.2925627427235145,54900,,,,,,,,,
0.2568,12.712023735046387,7.053910719505575e-06,2.294650686933645,54950,,,,,,,,,
0.2241,10.1227445602417,7.033031277404269e-06,2.296738631143776,55000,,,,,,,,,
,,,2.296738631143776,55000,0.8752936124801636,241.7822,396.41,24.778,,,,,
0.233,4.801566123962402,7.012151835302961e-06,2.2988265753539068,55050,,,,,,,,,
0.2674,10.542410850524902,6.991272393201654e-06,2.3009145195640373,55100,,,,,,,,,
0.2425,16.547117233276367,6.970392951100346e-06,2.3030024637741677,55150,,,,,,,,,
0.2655,15.32898235321045,6.949513508999039e-06,2.3050904079842987,55200,,,,,,,,,
0.2456,18.272850036621094,6.928634066897733e-06,2.3071783521944296,55250,,,,,,,,,
0.2245,4.023640155792236,6.907754624796425e-06,2.30926629640456,55300,,,,,,,,,
0.276,15.914276123046875,6.8868751826951185e-06,2.311354240614691,55350,,,,,,,,,
0.2483,33.287879943847656,6.865995740593812e-06,2.3134421848248214,55400,,,,,,,,,
0.2519,29.898548126220703,6.845116298492504e-06,2.3155301290349524,55450,,,,,,,,,
0.2417,15.216796875,6.824236856391198e-06,2.317618073245083,55500,,,,,,,,,
0.2186,13.922922134399414,6.80335741428989e-06,2.3197060174552138,55550,,,,,,,,,
0.2556,1.1269370317459106,6.782477972188583e-06,2.3217939616653442,55600,,,,,,,,,
0.2059,15.92229175567627,6.761598530087277e-06,2.323881905875475,55650,,,,,,,,,
0.1913,8.523794174194336,6.740719087985969e-06,2.3259698500856056,55700,,,,,,,,,
0.2439,2.933375358581543,6.7198396458846625e-06,2.3280577942957366,55750,,,,,,,,,
0.2525,15.487351417541504,6.698960203783355e-06,2.330145738505867,55800,,,,,,,,,
0.2238,4.792031288146973,6.6780807616820475e-06,2.332233682715998,55850,,,,,,,,,
0.265,2.930725336074829,6.657201319580741e-06,2.3343216269261284,55900,,,,,,,,,
0.2359,6.651531219482422,6.636321877479434e-06,2.3364095711362594,55950,,,,,,,,,
0.2334,4.1186957359313965,6.615442435378127e-06,2.33849751534639,56000,,,,,,,,,
0.2787,17.87892723083496,6.59456299327682e-06,2.3405854595565208,56050,,,,,,,,,
0.2616,24.00267791748047,6.573683551175512e-06,2.3426734037666512,56100,,,,,,,,,
0.2257,7.255641937255859,6.552804109074206e-06,2.344761347976782,56150,,,,,,,,,
0.2274,15.66094970703125,6.531924666972899e-06,2.3468492921869126,56200,,,,,,,,,
0.282,2.8024892807006836,6.5110452248715915e-06,2.3489372363970435,56250,,,,,,,,,
0.2256,4.158447742462158,6.490165782770285e-06,2.351025180607174,56300,,,,,,,,,
0.2165,8.599775314331055,6.469286340668978e-06,2.353113124817305,56350,,,,,,,,,
0.1836,5.41795015335083,6.448406898567671e-06,2.3552010690274354,56400,,,,,,,,,
0.2604,9.903365135192871,6.427527456466363e-06,2.3572890132375663,56450,,,,,,,,,
0.2645,18.24380111694336,6.406648014365056e-06,2.359376957447697,56500,,,,,,,,,
0.2174,20.53713607788086,6.385768572263749e-06,2.3614649016578277,56550,,,,,,,,,
0.2397,18.43281364440918,6.364889130162442e-06,2.363552845867958,56600,,,,,,,,,
0.2482,5.365833759307861,6.344009688061135e-06,2.365640790078089,56650,,,,,,,,,
0.2185,5.4233832359313965,6.323130245959828e-06,2.36772873428822,56700,,,,,,,,,
0.2917,6.319704532623291,6.302250803858521e-06,2.3698166784983505,56750,,,,,,,,,
0.2035,9.29454517364502,6.281371361757214e-06,2.371904622708481,56800,,,,,,,,,
0.2179,3.9661753177642822,6.260491919655907e-06,2.373992566918612,56850,,,,,,,,,
0.228,1.094850778579712,6.2396124775546005e-06,2.376080511128743,56900,,,,,,,,,
0.2307,9.294979095458984,6.218733035453293e-06,2.3781684553388733,56950,,,,,,,,,
0.2554,25.95819091796875,6.197853593351986e-06,2.380256399549004,57000,,,,,,,,,
0.216,13.623775482177734,6.176974151250678e-06,2.3823443437591347,57050,,,,,,,,,
0.2833,15.941702842712402,6.156094709149371e-06,2.3844322879692657,57100,,,,,,,,,
0.2579,10.514528274536133,6.135215267048065e-06,2.386520232179396,57150,,,,,,,,,
0.2063,4.5239715576171875,6.114335824946757e-06,2.388608176389527,57200,,,,,,,,,
0.2481,6.0935492515563965,6.09345638284545e-06,2.3906961205996575,57250,,,,,,,,,
0.2451,14.37297248840332,6.072576940744144e-06,2.3927840648097884,57300,,,,,,,,,
0.2186,10.3576021194458,6.051697498642836e-06,2.394872009019919,57350,,,,,,,,,
0.2488,28.119033813476562,6.0308180565415295e-06,2.39695995323005,57400,,,,,,,,,
0.2542,3.734551191329956,6.009938614440222e-06,2.3990478974401803,57450,,,,,,,,,
0.219,20.32343101501465,5.989059172338915e-06,2.4011358416503112,57500,,,,,,,,,
0.1971,13.807991027832031,5.968179730237609e-06,2.4032237858604417,57550,,,,,,,,,
0.2231,12.932915687561035,5.947300288136301e-06,2.4053117300705726,57600,,,,,,,,,
0.2198,10.271408081054688,5.9264208460349945e-06,2.407399674280703,57650,,,,,,,,,
0.2607,13.809423446655273,5.905541403933687e-06,2.409487618490834,57700,,,,,,,,,
0.2342,3.9011611938476562,5.884661961832379e-06,2.4115755627009645,57750,,,,,,,,,
0.2303,18.84492301940918,5.863782519731073e-06,2.4136635069110954,57800,,,,,,,,,
0.2383,22.198408126831055,5.842903077629766e-06,2.415751451121226,57850,,,,,,,,,
0.2417,2.1598308086395264,5.8220236355284585e-06,2.417839395331357,57900,,,,,,,,,
0.2824,13.844496726989746,5.801144193427152e-06,2.4199273395414873,57950,,,,,,,,,
0.2322,8.821345329284668,5.780264751325844e-06,2.4220152837516182,58000,,,,,,,,,
0.2502,16.607637405395508,5.759385309224538e-06,2.4241032279617487,58050,,,,,,,,,
0.2155,4.10561990737915,5.738505867123231e-06,2.4261911721718796,58100,,,,,,,,,
0.2678,28.840787887573242,5.7176264250219235e-06,2.42827911638201,58150,,,,,,,,,
0.2494,7.054022312164307,5.696746982920617e-06,2.430367060592141,58200,,,,,,,,,
0.19,11.162415504455566,5.67586754081931e-06,2.4324550048022715,58250,,,,,,,,,
0.2279,8.871829986572266,5.654988098718003e-06,2.4345429490124024,58300,,,,,,,,,
0.1598,19.73223304748535,5.634108656616695e-06,2.436630893222533,58350,,,,,,,,,
0.2284,32.087738037109375,5.6132292145153876e-06,2.438718837432664,58400,,,,,,,,,
0.2053,9.814260482788086,5.592349772414081e-06,2.4408067816427943,58450,,,,,,,,,
0.2195,16.638683319091797,5.571470330312774e-06,2.442894725852925,58500,,,,,,,,,
0.2194,22.935470581054688,5.550590888211467e-06,2.444982670063056,58550,,,,,,,,,
0.264,10.965770721435547,5.52971144611016e-06,2.4470706142731866,58600,,,,,,,,,
0.225,13.619383811950684,5.508832004008853e-06,2.449158558483317,58650,,,,,,,,,
0.2075,10.39970588684082,5.487952561907546e-06,2.451246502693448,58700,,,,,,,,,
0.2682,10.399296760559082,5.467073119806239e-06,2.453334446903579,58750,,,,,,,,,
0.2322,12.10335636138916,5.4461936777049325e-06,2.4554223911137094,58800,,,,,,,,,
0.2468,31.13351821899414,5.425314235603625e-06,2.4575103353238403,58850,,,,,,,,,
0.3159,7.914360523223877,5.404434793502318e-06,2.459598279533971,58900,,,,,,,,,
0.2619,8.150519371032715,5.383555351401011e-06,2.4616862237441017,58950,,,,,,,,,
0.2454,17.998289108276367,5.362675909299703e-06,2.463774167954232,59000,,,,,,,,,
0.2433,14.86990737915039,5.3417964671983965e-06,2.465862112164363,59050,,,,,,,,,
0.2287,11.890735626220703,5.320917025097089e-06,2.4679500563744936,59100,,,,,,,,,
0.2954,15.087032318115234,5.300037582995782e-06,2.4700380005846245,59150,,,,,,,,,
0.2713,6.418120384216309,5.279158140894476e-06,2.472125944794755,59200,,,,,,,,,
0.242,17.673791885375977,5.258278698793168e-06,2.474213889004886,59250,,,,,,,,,
0.2756,28.04557228088379,5.2373992566918615e-06,2.4763018332150164,59300,,,,,,,,,
0.2506,6.019027233123779,5.216519814590554e-06,2.4783897774251473,59350,,,,,,,,,
0.2544,7.117138385772705,5.195640372489247e-06,2.480477721635278,59400,,,,,,,,,
0.2592,22.376733779907227,5.174760930387941e-06,2.4825656658454087,59450,,,,,,,,,
0.1715,11.573234558105469,5.153881488286633e-06,2.484653610055539,59500,,,,,,,,,
0.2175,12.17959976196289,5.133002046185326e-06,2.48674155426567,59550,,,,,,,,,
0.2441,6.897880554199219,5.11212260408402e-06,2.4888294984758006,59600,,,,,,,,,
0.2219,1.5980467796325684,5.091243161982711e-06,2.4909174426859315,59650,,,,,,,,,
0.2701,20.36669921875,5.070363719881405e-06,2.493005386896062,59700,,,,,,,,,
0.2045,10.33948040008545,5.049484277780098e-06,2.495093331106193,59750,,,,,,,,,
0.2327,13.986891746520996,5.0286048356787905e-06,2.4971812753163234,59800,,,,,,,,,
0.22,5.803558826446533,5.007725393577484e-06,2.4992692195264543,59850,,,,,,,,,
0.2385,10.874858856201172,4.986845951476176e-06,2.501357163736585,59900,,,,,,,,,
0.2684,7.730011940002441,4.96596650937487e-06,2.5034451079467157,59950,,,,,,,,,
0.2414,5.952033996582031,4.945087067273563e-06,2.5055330521568466,60000,,,,,,,,,
,,,2.5055330521568466,60000,0.8779542446136475,241.9085,396.204,24.766,,,,,
0.228,12.663956642150879,4.924207625172255e-06,2.507620996366977,60050,,,,,,,,,
0.174,18.88863754272461,4.903328183070949e-06,2.5097089405771076,60100,,,,,,,,,
0.2564,16.423553466796875,4.882448740969642e-06,2.5117968847872385,60150,,,,,,,,,
0.197,18.570430755615234,4.8615692988683345e-06,2.5138848289973694,60200,,,,,,,,,
0.2434,10.496199607849121,4.840689856767028e-06,2.5159727732075,60250,,,,,,,,,
0.1953,3.92250657081604,4.8198104146657195e-06,2.5180607174176304,60300,,,,,,,,,
0.2812,10.102109909057617,4.798930972564413e-06,2.5201486616277613,60350,,,,,,,,,
0.2619,3.2288503646850586,4.778051530463106e-06,2.522236605837892,60400,,,,,,,,,
0.2063,21.289512634277344,4.757172088361799e-06,2.5243245500480227,60450,,,,,,,,,
0.2399,9.502880096435547,4.736292646260492e-06,2.526412494258153,60500,,,,,,,,,
0.1971,14.662405967712402,4.715413204159185e-06,2.528500438468284,60550,,,,,,,,,
0.2532,21.762298583984375,4.694533762057878e-06,2.530588382678415,60600,,,,,,,,,
0.237,21.18433380126953,4.673654319956571e-06,2.5326763268885455,60650,,,,,,,,,
0.2227,22.459890365600586,4.6527748778552635e-06,2.534764271098676,60700,,,,,,,,,
0.2111,1.6689064502716064,4.631895435753957e-06,2.536852215308807,60750,,,,,,,,,
0.1912,1.142946720123291,4.61101599365265e-06,2.538940159518938,60800,,,,,,,,,
0.3113,8.763673782348633,4.590136551551343e-06,2.5410281037290683,60850,,,,,,,,,
0.2475,25.163516998291016,4.569257109450036e-06,2.543116047939199,60900,,,,,,,,,
0.2647,14.9241304397583,4.5483776673487285e-06,2.5452039921493297,60950,,,,,,,,,
0.3107,5.177460670471191,4.527498225247421e-06,2.5472919363594606,61000,,,,,,,,,
0.2196,22.82253646850586,4.506618783146114e-06,2.549379880569591,61050,,,,,,,,,
0.2918,0.4454506039619446,4.485739341044808e-06,2.551467824779722,61100,,,,,,,,,
0.2561,8.078252792358398,4.4648598989435e-06,2.5535557689898525,61150,,,,,,,,,
0.2185,7.9765119552612305,4.443980456842193e-06,2.5556437131999834,61200,,,,,,,,,
0.2447,10.280911445617676,4.423101014740886e-06,2.557731657410114,61250,,,,,,,,,
0.2207,3.095475435256958,4.402221572639579e-06,2.559819601620245,61300,,,,,,,,,
0.147,5.939559459686279,4.3813421305382725e-06,2.5619075458303753,61350,,,,,,,,,
0.2334,3.5134437084198,4.360462688436965e-06,2.563995490040506,61400,,,,,,,,,
0.2515,4.575890064239502,4.339583246335658e-06,2.5660834342506367,61450,,,,,,,,,
0.2022,5.336461544036865,4.318703804234352e-06,2.5681713784607676,61500,,,,,,,,,
0.262,27.439109802246094,4.297824362133044e-06,2.570259322670898,61550,,,,,,,,,
0.2009,12.87342643737793,4.276944920031737e-06,2.572347266881029,61600,,,,,,,,,
0.2802,10.609978675842285,4.256065477930429e-06,2.57443521109116,61650,,,,,,,,,
0.251,7.554798603057861,4.235186035829122e-06,2.5765231553012904,61700,,,,,,,,,
0.2396,15.629547119140625,4.214306593727816e-06,2.578611099511421,61750,,,,,,,,,
0.2027,6.774286270141602,4.193427151626508e-06,2.580699043721552,61800,,,,,,,,,
0.1936,6.838603973388672,4.1725477095252015e-06,2.5827869879316827,61850,,,,,,,,,
0.2321,26.39596939086914,4.151668267423895e-06,2.584874932141813,61900,,,,,,,,,
0.2175,5.749877452850342,4.130788825322587e-06,2.5869628763519437,61950,,,,,,,,,
0.2343,14.005356788635254,4.109909383221281e-06,2.5890508205620746,62000,,,,,,,,,
0.2032,16.94223403930664,4.089029941119974e-06,2.5911387647722055,62050,,,,,,,,,
0.2278,8.295459747314453,4.0681504990186665e-06,2.593226708982336,62100,,,,,,,,,
0.3204,10.570063591003418,4.04727105691736e-06,2.5953146531924665,62150,,,,,,,,,
0.1885,3.3345980644226074,4.026391614816052e-06,2.5974025974025974,62200,,,,,,,,,
0.2368,13.014948844909668,4.005512172714745e-06,2.5994905416127283,62250,,,,,,,,,
0.2185,5.69810676574707,3.984632730613438e-06,2.6015784858228588,62300,,,,,,,,,
0.2396,13.163703918457031,3.9637532885121305e-06,2.6036664300329893,62350,,,,,,,,,
0.2633,3.8721730709075928,3.942873846410824e-06,2.60575437424312,62400,,,,,,,,,
0.1784,23.290048599243164,3.921994404309517e-06,2.607842318453251,62450,,,,,,,,,
0.24,1.9543718099594116,3.90111496220821e-06,2.6099302626633816,62500,,,,,,,,,
0.2502,12.4236421585083,3.880235520106903e-06,2.6120182068735125,62550,,,,,,,,,
0.1929,12.368001937866211,3.8593560780055955e-06,2.614106151083643,62600,,,,,,,,,
0.2104,13.786870956420898,3.838476635904289e-06,2.616194095293774,62650,,,,,,,,,
0.2487,5.421211242675781,3.817597193802982e-06,2.6182820395039044,62700,,,,,,,,,
0.23,31.094966888427734,3.796717751701675e-06,2.6203699837140353,62750,,,,,,,,,
0.2254,10.328404426574707,3.775838309600368e-06,2.6224579279241658,62800,,,,,,,,,
0.2243,7.125253200531006,3.754958867499061e-06,2.6245458721342967,62850,,,,,,,,,
0.2229,5.69138765335083,3.7340794253977537e-06,2.626633816344427,62900,,,,,,,,,
0.264,8.24885082244873,3.7131999832964466e-06,2.628721760554558,62950,,,,,,,,,
0.2584,14.095721244812012,3.6923205411951395e-06,2.6308097047646886,63000,,,,,,,,,
0.2292,12.730318069458008,3.671441099093832e-06,2.6328976489748195,63050,,,,,,,,,
0.2489,11.187572479248047,3.6505616569925253e-06,2.63498559318495,63100,,,,,,,,,
0.2523,15.059240341186523,3.6296822148912182e-06,2.637073537395081,63150,,,,,,,,,
0.1964,18.167787551879883,3.608802772789911e-06,2.6391614816052114,63200,,,,,,,,,
0.2343,10.5347900390625,3.587923330688604e-06,2.6412494258153423,63250,,,,,,,,,
0.2259,13.469786643981934,3.5670438885872974e-06,2.6433373700254728,63300,,,,,,,,,
0.2267,12.466981887817383,3.54616444648599e-06,2.6454253142356037,63350,,,,,,,,,
0.2883,7.866646766662598,3.5252850043846827e-06,2.647513258445734,63400,,,,,,,,,
0.204,14.15711784362793,3.5044055622833756e-06,2.649601202655865,63450,,,,,,,,,
0.2584,21.033004760742188,3.483526120182069e-06,2.651689146865996,63500,,,,,,,,,
0.218,12.76366901397705,3.462646678080762e-06,2.6537770910761265,63550,,,,,,,,,
0.1982,33.33018493652344,3.4417672359794548e-06,2.655865035286257,63600,,,,,,,,,
0.21,19.081008911132812,3.4208877938781477e-06,2.657952979496388,63650,,,,,,,,,
0.2065,4.453071594238281,3.4000083517768406e-06,2.660040923706519,63700,,,,,,,,,
0.2598,1.0050081014633179,3.3791289096755335e-06,2.6621288679166493,63750,,,,,,,,,
0.2085,2.5470621585845947,3.3582494675742264e-06,2.6642168121267797,63800,,,,,,,,,
0.2421,16.56713104248047,3.3373700254729193e-06,2.6663047563369107,63850,,,,,,,,,
0.1741,3.6124613285064697,3.3164905833716126e-06,2.6683927005470416,63900,,,,,,,,,
0.2235,15.134268760681152,3.2956111412703055e-06,2.670480644757172,63950,,,,,,,,,
0.2502,17.770931243896484,3.274731699168998e-06,2.6725685889673025,64000,,,,,,,,,
0.2723,11.132425308227539,3.2538522570676913e-06,2.6746565331774335,64050,,,,,,,,,
0.1951,31.374908447265625,3.232972814966384e-06,2.6767444773875644,64100,,,,,,,,,
0.2758,12.477822303771973,3.212093372865077e-06,2.678832421597695,64150,,,,,,,,,
0.1963,13.032381057739258,3.19121393076377e-06,2.680920365807826,64200,,,,,,,,,
0.2577,7.839631080627441,3.1703344886624633e-06,2.6830083100179563,64250,,,,,,,,,
0.2145,5.364458084106445,3.1494550465611562e-06,2.685096254228087,64300,,,,,,,,,
0.2223,29.61258888244629,3.1285756044598487e-06,2.6871841984382177,64350,,,,,,,,,
0.189,19.448652267456055,3.1076961623585416e-06,2.6892721426483486,64400,,,,,,,,,
0.2098,16.050960540771484,3.086816720257235e-06,2.691360086858479,64450,,,,,,,,,
0.2188,7.724438667297363,3.065937278155928e-06,2.69344803106861,64500,,,,,,,,,
0.1914,11.962603569030762,3.0450578360546207e-06,2.6955359752787404,64550,,,,,,,,,
0.209,6.587826251983643,3.0241783939533136e-06,2.6976239194888714,64600,,,,,,,,,
0.2176,19.442729949951172,3.0032989518520065e-06,2.699711863699002,64650,,,,,,,,,
0.2291,6.177842617034912,2.9824195097506994e-06,2.7017998079091328,64700,,,,,,,,,
0.231,10.04620361328125,2.9615400676493923e-06,2.7038877521192632,64750,,,,,,,,,
0.2051,3.8933863639831543,2.9406606255480852e-06,2.705975696329394,64800,,,,,,,,,
0.2469,9.213621139526367,2.9197811834467786e-06,2.7080636405395246,64850,,,,,,,,,
0.1891,38.174171447753906,2.8989017413454715e-06,2.7101515847496556,64900,,,,,,,,,
0.2482,22.78573989868164,2.8780222992441644e-06,2.712239528959786,64950,,,,,,,,,
0.217,17.91246223449707,2.8571428571428573e-06,2.714327473169917,65000,,,,,,,,,
,,,2.714327473169917,65000,0.8993740677833557,241.7256,396.503,24.784,,,,,
0.1833,29.890628814697266,2.83626341504155e-06,2.7164154173800474,65050,,,,,,,,,
0.2132,19.112651824951172,2.815383972940243e-06,2.7185033615901784,65100,,,,,,,,,
0.2492,6.562004566192627,2.794504530838936e-06,2.7205913058003093,65150,,,,,,,,,
0.1794,4.13302755355835,2.7736250887376293e-06,2.7226792500104398,65200,,,,,,,,,
0.237,22.85941505432129,2.752745646636322e-06,2.7247671942205702,65250,,,,,,,,,
0.2095,3.101943016052246,2.7318662045350147e-06,2.726855138430701,65300,,,,,,,,,
0.2429,11.505559921264648,2.7109867624337076e-06,2.728943082640832,65350,,,,,,,,,
0.2087,33.643089294433594,2.690107320332401e-06,2.7310310268509626,65400,,,,,,,,,
0.203,13.53518009185791,2.6692278782310938e-06,2.733118971061093,65450,,,,,,,,,
0.2033,7.987832546234131,2.6483484361297867e-06,2.735206915271224,65500,,,,,,,,,
0.2047,14.808265686035156,2.6274689940284796e-06,2.737294859481355,65550,,,,,,,,,
0.2385,37.30385971069336,2.606589551927173e-06,2.7393828036914853,65600,,,,,,,,,
0.2417,7.98428201675415,2.5857101098258654e-06,2.741470747901616,65650,,,,,,,,,
0.2535,21.134170532226562,2.5648306677245583e-06,2.7435586921117467,65700,,,,,,,,,
0.2258,14.970043182373047,2.543951225623251e-06,2.7456466363218777,65750,,,,,,,,,
0.2107,8.602083206176758,2.5230717835219445e-06,2.747734580532008,65800,,,,,,,,,
0.2113,19.291547775268555,2.5021923414206374e-06,2.7498225247421386,65850,,,,,,,,,
0.2259,14.942770957946777,2.4813128993193303e-06,2.7519104689522695,65900,,,,,,,,,
0.265,5.8452229499816895,2.4604334572180232e-06,2.7539984131624005,65950,,,,,,,,,
0.2349,21.91818618774414,2.439554015116716e-06,2.756086357372531,66000,,,,,,,,,
0.2538,25.087373733520508,2.418674573015409e-06,2.758174301582662,66050,,,,,,,,,
0.2071,8.507649421691895,2.397795130914102e-06,2.7602622457927923,66100,,,,,,,,,
0.2111,5.250144958496094,2.3769156888127952e-06,2.7623501900029233,66150,,,,,,,,,
0.2357,6.1641459465026855,2.356036246711488e-06,2.7644381342130537,66200,,,,,,,,,
0.2211,9.079890251159668,2.335156804610181e-06,2.7665260784231847,66250,,,,,,,,,
0.1862,13.983872413635254,2.3142773625088735e-06,2.768614022633315,66300,,,,,,,,,
0.2148,3.3063583374023438,2.293397920407567e-06,2.770701966843446,66350,,,,,,,,,
0.192,3.867952823638916,2.2725184783062598e-06,2.7727899110535765,66400,,,,,,,,,
0.2743,9.54132080078125,2.2516390362049527e-06,2.7748778552637074,66450,,,,,,,,,
0.2096,8.707809448242188,2.2307595941036456e-06,2.776965799473838,66500,,,,,,,,,
0.2047,2.562544822692871,2.209880152002339e-06,2.779053743683969,66550,,,,,,,,,
0.2173,12.257987022399902,2.1890007099010314e-06,2.7811416878940993,66600,,,,,,,,,
0.2548,12.076994895935059,2.1681212677997243e-06,2.7832296321042302,66650,,,,,,,,,
0.2363,2.467029094696045,2.147241825698417e-06,2.7853175763143607,66700,,,,,,,,,
0.2122,5.965485572814941,2.1263623835971105e-06,2.7874055205244916,66750,,,,,,,,,
0.2081,2.9529519081115723,2.1054829414958034e-06,2.7894934647346226,66800,,,,,,,,,
0.2336,2.586447238922119,2.0846034993944963e-06,2.791581408944753,66850,,,,,,,,,
0.2722,8.992405891418457,2.0637240572931888e-06,2.7936693531548835,66900,,,,,,,,,
0.1839,0.3500114679336548,2.042844615191882e-06,2.7957572973650144,66950,,,,,,,,,
0.2313,8.9029541015625,2.021965173090575e-06,2.7978452415751454,67000,,,,,,,,,
0.2205,15.964520454406738,2.001085730989268e-06,2.799933185785276,67050,,,,,,,,,
0.2455,11.118756294250488,1.980206288887961e-06,2.8020211299954063,67100,,,,,,,,,
0.2159,7.933675289154053,1.959326846786654e-06,2.8041090742055372,67150,,,,,,,,,
0.2323,14.574422836303711,1.938447404685347e-06,2.806197018415668,67200,,,,,,,,,
0.2191,7.428353309631348,1.9175679625840395e-06,2.8082849626257986,67250,,,,,,,,,
0.2084,13.277134895324707,1.8966885204827326e-06,2.810372906835929,67300,,,,,,,,,
0.2212,25.09925651550293,1.8758090783814257e-06,2.81246085104606,67350,,,,,,,,,
0.1699,10.297262191772461,1.8549296362801186e-06,2.814548795256191,67400,,,,,,,,,
0.2037,11.076152801513672,1.8340501941788117e-06,2.8166367394663214,67450,,,,,,,,,
0.2115,21.762826919555664,1.8131707520775044e-06,2.818724683676452,67500,,,,,,,,,
0.2306,12.086400985717773,1.7922913099761975e-06,2.820812627886583,67550,,,,,,,,,
0.2364,25.007118225097656,1.7714118678748904e-06,2.8229005720967137,67600,,,,,,,,,
0.2291,16.4480037689209,1.7505324257735833e-06,2.824988516306844,67650,,,,,,,,,
0.1966,27.4462890625,1.7296529836722762e-06,2.827076460516975,67700,,,,,,,,,
0.1901,16.470458984375,1.7087735415709693e-06,2.8291644047271056,67750,,,,,,,,,
0.2448,17.678241729736328,1.687894099469662e-06,2.8312523489372365,67800,,,,,,,,,
0.217,6.978692054748535,1.6670146573683551e-06,2.833340293147367,67850,,,,,,,,,
0.1605,4.215622425079346,1.646135215267048e-06,2.835428237357498,67900,,,,,,,,,
0.241,14.871456146240234,1.625255773165741e-06,2.8375161815676284,67950,,,,,,,,,
0.2497,2.659294843673706,1.604376331064434e-06,2.8396041257777593,68000,,,,,,,,,
0.1873,5.273910999298096,1.583496888963127e-06,2.84169206998789,68050,,,,,,,,,
0.2255,15.24736499786377,1.56261744686182e-06,2.8437800141980207,68100,,,,,,,,,
0.252,9.762845039367676,1.5417380047605128e-06,2.845867958408151,68150,,,,,,,,,
0.2017,17.532217025756836,1.5208585626592059e-06,2.847955902618282,68200,,,,,,,,,
0.2119,23.175926208496094,1.4999791205578988e-06,2.8500438468284126,68250,,,,,,,,,
0.257,7.059845924377441,1.4790996784565917e-06,2.8521317910385435,68300,,,,,,,,,
0.2117,21.040773391723633,1.4582202363552846e-06,2.854219735248674,68350,,,,,,,,,
0.2219,5.018574237823486,1.4373407942539777e-06,2.856307679458805,68400,,,,,,,,,
0.2582,11.725403785705566,1.4164613521526704e-06,2.8583956236689354,68450,,,,,,,,,
0.2333,7.586152076721191,1.3955819100513635e-06,2.8604835678790663,68500,,,,,,,,,
0.1738,17.32257843017578,1.3747024679500564e-06,2.862571512089197,68550,,,,,,,,,
0.2448,33.263553619384766,1.3538230258487493e-06,2.8646594562993277,68600,,,,,,,,,
0.1991,22.131853103637695,1.3329435837474422e-06,2.8667474005094586,68650,,,,,,,,,
0.2651,11.571589469909668,1.3120641416461353e-06,2.868835344719589,68700,,,,,,,,,
0.1798,16.910232543945312,1.2911846995448282e-06,2.8709232889297196,68750,,,,,,,,,
0.2824,38.85914993286133,1.2703052574435211e-06,2.8730112331398505,68800,,,,,,,,,
0.1847,10.953173637390137,1.249425815342214e-06,2.8750991773499814,68850,,,,,,,,,
0.2373,6.203052997589111,1.2285463732409071e-06,2.877187121560112,68900,,,,,,,,,
0.2319,4.825994968414307,1.2076669311395998e-06,2.8792750657702424,68950,,,,,,,,,
0.2353,20.61425018310547,1.186787489038293e-06,2.8813630099803733,69000,,,,,,,,,
0.2329,17.508651733398438,1.165908046936986e-06,2.8834509541905042,69050,,,,,,,,,
0.205,2.322150945663452,1.1450286048356787e-06,2.8855388984006347,69100,,,,,,,,,
0.2333,11.206155776977539,1.1241491627343718e-06,2.887626842610765,69150,,,,,,,,,
0.2292,11.193007469177246,1.1032697206330647e-06,2.889714786820896,69200,,,,,,,,,
0.1917,4.3812479972839355,1.0823902785317576e-06,2.891802731031027,69250,,,,,,,,,
0.2302,13.1151704788208,1.0615108364304505e-06,2.8938906752411575,69300,,,,,,,,,
0.2305,5.112226486206055,1.0406313943291437e-06,2.8959786194512884,69350,,,,,,,,,
0.2519,32.10651779174805,1.0197519522278366e-06,2.898066563661419,69400,,,,,,,,,
0.2153,5.159060955047607,9.988725101265295e-07,2.90015450787155,69450,,,,,,,,,
0.2823,29.943126678466797,9.779930680252224e-07,2.9022424520816803,69500,,,,,,,,,
0.2117,20.869670867919922,9.571136259239155e-07,2.9043303962918112,69550,,,,,,,,,
0.2083,8.350662231445312,9.362341838226084e-07,2.9064183405019417,69600,,,,,,,,,
0.2001,24.632490158081055,9.153547417213013e-07,2.9085062847120726,69650,,,,,,,,,
0.1935,13.6581449508667,8.944752996199942e-07,2.910594228922203,69700,,,,,,,,,
0.1905,23.905927658081055,8.735958575186872e-07,2.912682173132334,69750,,,,,,,,,
0.2239,16.23773193359375,8.527164154173801e-07,2.9147701173424645,69800,,,,,,,,,
0.2329,21.465614318847656,8.31836973316073e-07,2.9168580615525954,69850,,,,,,,,,
0.1786,45.06683349609375,8.10957531214766e-07,2.918946005762726,69900,,,,,,,,,
0.2337,7.6503705978393555,7.900780891134589e-07,2.921033949972857,69950,,,,,,,,,
0.2077,13.335969924926758,7.691986470121519e-07,2.9231218941829873,70000,,,,,,,,,
,,,2.9231218941829873,70000,0.9017122983932495,241.8035,396.376,24.776,,,,,
0.2205,5.400540828704834,7.483192049108448e-07,2.925209838393118,70050,,,,,,,,,
0.1849,13.145828247070312,7.274397628095377e-07,2.9272977826032487,70100,,,,,,,,,
0.2256,17.38627052307129,7.065603207082307e-07,2.9293857268133796,70150,,,,,,,,,
0.2163,11.798537254333496,6.856808786069236e-07,2.93147367102351,70200,,,,,,,,,
0.2432,10.580628395080566,6.648014365056166e-07,2.933561615233641,70250,,,,,,,,,
0.2299,5.569771766662598,6.439219944043095e-07,2.935649559443772,70300,,,,,,,,,
0.2282,35.106048583984375,6.230425523030024e-07,2.9377375036539024,70350,,,,,,,,,
0.2229,21.28382682800293,6.021631102016954e-07,2.939825447864033,70400,,,,,,,,,
0.1997,9.14946174621582,5.812836681003883e-07,2.941913392074164,70450,,,,,,,,,
0.214,2.767460823059082,5.604042259990812e-07,2.9440013362842947,70500,,,,,,,,,
0.1889,9.487204551696777,5.395247838977742e-07,2.946089280494425,70550,,,,,,,,,
0.237,25.556529998779297,5.186453417964672e-07,2.9481772247045557,70600,,,,,,,,,
0.1898,10.708572387695312,4.977658996951602e-07,2.9502651689146866,70650,,,,,,,,,
0.2366,10.023401260375977,4.768864575938531e-07,2.9523531131248175,70700,,,,,,,,,
0.2097,14.676061630249023,4.5600701549254605e-07,2.954441057334948,70750,,,,,,,,,
0.1937,4.827564716339111,4.3512757339123895e-07,2.9565290015450785,70800,,,,,,,,,
0.2004,32.764713287353516,4.1424813128993196e-07,2.9586169457552094,70850,,,,,,,,,
0.2264,11.515142440795898,3.933686891886249e-07,2.9607048899653403,70900,,,,,,,,,
0.1797,19.51674461364746,3.7248924708731786e-07,2.962792834175471,70950,,,,,,,,,
0.2128,24.326810836791992,3.5160980498601077e-07,2.9648807783856013,71000,,,,,,,,,
0.2295,21.8353214263916,3.307303628847037e-07,2.966968722595732,71050,,,,,,,,,
0.1592,16.359418869018555,3.0985092078339667e-07,2.969056666805863,71100,,,,,,,,,
0.2255,14.893872261047363,2.8897147868208963e-07,2.9711446110159936,71150,,,,,,,,,
0.2292,15.595621109008789,2.6809203658078253e-07,2.9732325552261245,71200,,,,,,,,,
0.2138,23.289155960083008,2.472125944794755e-07,2.975320499436255,71250,,,,,,,,,
0.2239,3.4308362007141113,2.2633315237816846e-07,2.977408443646386,71300,,,,,,,,,
0.208,12.681611061096191,2.0545371027686142e-07,2.9794963878565164,71350,,,,,,,,,
0.2235,2.5589654445648193,1.8457426817555434e-07,2.9815843320666473,71400,,,,,,,,,
0.1955,8.18570613861084,1.6369482607424732e-07,2.983672276276778,71450,,,,,,,,,
0.1965,27.806053161621094,1.4281538397294025e-07,2.9857602204869087,71500,,,,,,,,,
0.2565,2.484938144683838,1.219359418716332e-07,2.987848164697039,71550,,,,,,,,,
0.1896,2.6523666381835938,1.0105649977032613e-07,2.98993610890717,71600,,,,,,,,,
0.2354,11.276887893676758,8.017705766901909e-08,2.9920240531173006,71650,,,,,,,,,
0.239,12.202312469482422,5.9297615567712026e-08,2.9941119973274315,71700,,,,,,,,,
0.263,2.3316729068756104,3.841817346640498e-08,2.996199941537562,71750,,,,,,,,,
0.2257,24.95981788635254,1.7538731365097924e-08,2.998287885747693,71800,,,,,,,,,
,,,3.0,71841,,,,,15118.9138,76.026,4.752,2.2525772818413312e+17,0.478805273363501
