loss,grad_norm,learning_rate,epoch,step,eval_loss,eval_runtime,eval_samples_per_second,eval_steps_per_second,train_runtime,train_samples_per_second,train_steps_per_second,total_flos,train_loss
2.4334,15.001063346862793,2.9983266170343555e-05,0.0,50,,,,,,,,,
0.3974,8.802288055419922,2.9966190833959428e-05,0.0,100,,,,,,,,,
0.2802,6.091693878173828,2.9949115497575304e-05,0.01,150,,,,,,,,,
0.2617,6.041441440582275,2.9932040161191176e-05,0.01,200,,,,,,,,,
0.2754,5.069582462310791,2.991496482480705e-05,0.01,250,,,,,,,,,
0.2493,5.926509857177734,2.989788948842292e-05,0.01,300,,,,,,,,,
0.2498,10.292256355285645,2.9880814152038797e-05,0.01,350,,,,,,,,,
0.2396,7.837666988372803,2.9863738815654667e-05,0.01,400,,,,,,,,,
0.1949,4.8198370933532715,2.9846663479270543e-05,0.02,450,,,,,,,,,
0.2044,4.381250381469727,2.9829588142886415e-05,0.02,500,,,,,,,,,
0.1289,2.807161569595337,2.981251280650229e-05,0.02,550,,,,,,,,,
0.1887,6.046774387359619,2.979543747011816e-05,0.02,600,,,,,,,,,
0.1768,3.5884599685668945,2.9778362133734036e-05,0.02,650,,,,,,,,,
0.2213,5.112674236297607,2.976128679734991e-05,0.02,700,,,,,,,,,
0.1702,6.843658447265625,2.9744211460965785e-05,0.03,750,,,,,,,,,
0.168,7.826783180236816,2.9727136124581654e-05,0.03,800,,,,,,,,,
0.1405,5.711580276489258,2.971006078819753e-05,0.03,850,,,,,,,,,
0.1638,4.588082790374756,2.9692985451813402e-05,0.03,900,,,,,,,,,
0.1888,11.628398895263672,2.9675910115429275e-05,0.03,950,,,,,,,,,
0.1349,6.805955410003662,2.9658834779045147e-05,0.03,1000,,,,,,,,,
0.1678,5.256359577178955,2.964175944266102e-05,0.04,1050,,,,,,,,,
0.1593,4.369731903076172,2.9624684106276896e-05,0.04,1100,,,,,,,,,
0.122,3.2861976623535156,2.9607608769892765e-05,0.04,1150,,,,,,,,,
0.1547,8.036797523498535,2.959053343350864e-05,0.04,1200,,,,,,,,,
0.1671,3.282588481903076,2.9573458097124514e-05,0.04,1250,,,,,,,,,
0.2074,4.846812725067139,2.9556382760740386e-05,0.04,1300,,,,,,,,,
0.1393,0.8840004205703735,2.953930742435626e-05,0.05,1350,,,,,,,,,
0.1518,20.663454055786133,2.9522232087972135e-05,0.05,1400,,,,,,,,,
0.1422,1.4284306764602661,2.9505156751588007e-05,0.05,1450,,,,,,,,,
0.1755,11.255453109741211,2.948808141520388e-05,0.05,1500,,,,,,,,,
0.1651,3.1152491569519043,2.9471006078819752e-05,0.05,1550,,,,,,,,,
0.132,6.2270965576171875,2.9453930742435628e-05,0.05,1600,,,,,,,,,
0.1534,3.372161865234375,2.94368554060515e-05,0.06,1650,,,,,,,,,
0.203,8.224245071411133,2.9419780069667373e-05,0.06,1700,,,,,,,,,
0.1479,8.910637855529785,2.9402704733283246e-05,0.06,1750,,,,,,,,,
0.1131,9.970398902893066,2.9385629396899122e-05,0.06,1800,,,,,,,,,
0.1305,1.6306349039077759,2.936855406051499e-05,0.06,1850,,,,,,,,,
0.1403,11.02889347076416,2.9351478724130867e-05,0.06,1900,,,,,,,,,
0.1623,4.731267929077148,2.933440338774674e-05,0.07,1950,,,,,,,,,
0.1865,1.8673970699310303,2.9317328051362616e-05,0.07,2000,,,,,,,,,
0.1285,5.675549507141113,2.9300252714978485e-05,0.07,2050,,,,,,,,,
0.1624,13.794105529785156,2.928317737859436e-05,0.07,2100,,,,,,,,,
0.1866,17.562824249267578,2.9266102042210233e-05,0.07,2150,,,,,,,,,
0.1156,3.936143159866333,2.9249026705826102e-05,0.08,2200,,,,,,,,,
0.1637,4.554171562194824,2.923195136944198e-05,0.08,2250,,,,,,,,,
0.1362,13.570685386657715,2.921487603305785e-05,0.08,2300,,,,,,,,,
0.1269,7.622779369354248,2.9197800696673727e-05,0.08,2350,,,,,,,,,
0.1691,2.3794562816619873,2.9180725360289596e-05,0.08,2400,,,,,,,,,
0.1633,4.110960960388184,2.9163650023905472e-05,0.08,2450,,,,,,,,,
0.1414,16.190279006958008,2.9146574687521344e-05,0.09,2500,,,,,,,,,
0.1255,0.5618480443954468,2.9129499351137217e-05,0.09,2550,,,,,,,,,
0.1168,0.2748788595199585,2.911242401475309e-05,0.09,2600,,,,,,,,,
0.1663,19.397260665893555,2.9095348678368966e-05,0.09,2650,,,,,,,,,
0.1335,1.882726788520813,2.9078273341984838e-05,0.09,2700,,,,,,,,,
0.1362,9.481955528259277,2.906119800560071e-05,0.09,2750,,,,,,,,,
0.1413,6.899923324584961,2.9044122669216583e-05,0.1,2800,,,,,,,,,
0.1299,1.5993841886520386,2.902704733283246e-05,0.1,2850,,,,,,,,,
0.1333,4.291449069976807,2.9009971996448332e-05,0.1,2900,,,,,,,,,
0.1415,4.650659561157227,2.8992896660064204e-05,0.1,2950,,,,,,,,,
0.1411,2.4441206455230713,2.8975821323680077e-05,0.1,3000,,,,,,,,,
0.1341,4.378139019012451,2.8958745987295953e-05,0.1,3050,,,,,,,,,
0.1519,7.981452465057373,2.8941670650911822e-05,0.11,3100,,,,,,,,,
0.112,16.070119857788086,2.8924595314527698e-05,0.11,3150,,,,,,,,,
0.112,0.6050613522529602,2.890751997814357e-05,0.11,3200,,,,,,,,,
0.129,4.653024673461914,2.8890444641759446e-05,0.11,3250,,,,,,,,,
0.1467,1.4155791997909546,2.8873369305375316e-05,0.11,3300,,,,,,,,,
0.1251,1.128129005432129,2.8856293968991188e-05,0.11,3350,,,,,,,,,
0.1225,6.201159954071045,2.8839218632607064e-05,0.12,3400,,,,,,,,,
0.1248,3.560178756713867,2.8822143296222933e-05,0.12,3450,,,,,,,,,
0.0989,0.9074599146842957,2.880506795983881e-05,0.12,3500,,,,,,,,,
0.1334,4.7593841552734375,2.8787992623454682e-05,0.12,3550,,,,,,,,,
0.1293,8.969708442687988,2.8770917287070558e-05,0.12,3600,,,,,,,,,
0.111,0.6855912208557129,2.8753841950686427e-05,0.12,3650,,,,,,,,,
0.1518,7.983996868133545,2.8736766614302303e-05,0.13,3700,,,,,,,,,
0.1185,1.8711796998977661,2.8719691277918175e-05,0.13,3750,,,,,,,,,
0.1424,7.726668834686279,2.870261594153405e-05,0.13,3800,,,,,,,,,
0.1291,4.735536098480225,2.868554060514992e-05,0.13,3850,,,,,,,,,
0.1176,6.7493367195129395,2.8668465268765796e-05,0.13,3900,,,,,,,,,
0.0952,8.281993865966797,2.865138993238167e-05,0.13,3950,,,,,,,,,
0.1193,2.601419687271118,2.863431459599754e-05,0.14,4000,,,,,,,,,
0.1164,1.1003752946853638,2.8617239259613414e-05,0.14,4050,,,,,,,,,
0.1268,2.7402613162994385,2.860016392322929e-05,0.14,4100,,,,,,,,,
0.0942,7.435586452484131,2.8583088586845163e-05,0.14,4150,,,,,,,,,
0.1212,1.9818315505981445,2.8566013250461035e-05,0.14,4200,,,,,,,,,
0.1063,6.934732913970947,2.8548937914076908e-05,0.15,4250,,,,,,,,,
0.0799,1.3243895769119263,2.8531862577692784e-05,0.15,4300,,,,,,,,,
0.1608,4.261521339416504,2.8514787241308653e-05,0.15,4350,,,,,,,,,
0.1112,5.801908493041992,2.849771190492453e-05,0.15,4400,,,,,,,,,
0.1303,6.599796772003174,2.84806365685404e-05,0.15,4450,,,,,,,,,
0.0973,3.616518974304199,2.8463561232156274e-05,0.15,4500,,,,,,,,,
0.0909,11.89771842956543,2.8446485895772146e-05,0.16,4550,,,,,,,,,
0.1478,1.9208037853240967,2.842941055938802e-05,0.16,4600,,,,,,,,,
0.1335,2.47285795211792,2.8412335223003895e-05,0.16,4650,,,,,,,,,
0.1124,1.1877843141555786,2.8395259886619764e-05,0.16,4700,,,,,,,,,
0.1408,8.36889362335205,2.837818455023564e-05,0.16,4750,,,,,,,,,
0.1479,18.575132369995117,2.8361109213851513e-05,0.16,4800,,,,,,,,,
0.0915,0.17716644704341888,2.834403387746739e-05,0.17,4850,,,,,,,,,
0.1092,2.9563026428222656,2.8326958541083258e-05,0.17,4900,,,,,,,,,
0.1075,1.744186282157898,2.8309883204699134e-05,0.17,4950,,,,,,,,,
0.1025,7.611366271972656,2.8292807868315006e-05,0.17,5000,,,,,,,,,
,,,0.17,5000,0.12184341251850128,296.5713,396.171,24.763,,,,,
0.1405,2.7648043632507324,2.8275732531930882e-05,0.17,5050,,,,,,,,,
0.094,3.2762057781219482,2.825865719554675e-05,0.17,5100,,,,,,,,,
0.1178,34.12335205078125,2.8241581859162627e-05,0.18,5150,,,,,,,,,
0.0904,0.6679298877716064,2.82245065227785e-05,0.18,5200,,,,,,,,,
0.1214,7.269708633422852,2.8207431186394372e-05,0.18,5250,,,,,,,,,
0.0946,0.483638197183609,2.8190355850010245e-05,0.18,5300,,,,,,,,,
0.1146,2.3562610149383545,2.817328051362612e-05,0.18,5350,,,,,,,,,
0.1137,7.533646583557129,2.8156205177241993e-05,0.18,5400,,,,,,,,,
0.1147,4.830428600311279,2.8139129840857866e-05,0.19,5450,,,,,,,,,
0.1182,13.195483207702637,2.812205450447374e-05,0.19,5500,,,,,,,,,
0.0807,34.0976448059082,2.8104979168089614e-05,0.19,5550,,,,,,,,,
0.1279,1.812386155128479,2.8087903831705484e-05,0.19,5600,,,,,,,,,
0.0977,4.9888787269592285,2.8070828495321356e-05,0.19,5650,,,,,,,,,
0.13,9.125561714172363,2.8053753158937232e-05,0.19,5700,,,,,,,,,
0.1072,5.996829986572266,2.8036677822553105e-05,0.2,5750,,,,,,,,,
0.0981,3.9322359561920166,2.8019602486168977e-05,0.2,5800,,,,,,,,,
0.1264,9.667462348937988,2.800252714978485e-05,0.2,5850,,,,,,,,,
0.1061,7.100586414337158,2.7985451813400726e-05,0.2,5900,,,,,,,,,
0.0905,19.24153709411621,2.79683764770166e-05,0.2,5950,,,,,,,,,
0.098,11.204798698425293,2.795130114063247e-05,0.2,6000,,,,,,,,,
0.105,0.010450752452015877,2.7934225804248343e-05,0.21,6050,,,,,,,,,
0.0991,3.8822216987609863,2.791715046786422e-05,0.21,6100,,,,,,,,,
0.101,7.499078750610352,2.790007513148009e-05,0.21,6150,,,,,,,,,
0.1048,0.544298529624939,2.7882999795095964e-05,0.21,6200,,,,,,,,,
0.1132,3.036036968231201,2.7865924458711837e-05,0.21,6250,,,,,,,,,
0.0969,9.761897087097168,2.7848849122327713e-05,0.22,6300,,,,,,,,,
0.1276,11.937034606933594,2.7831773785943582e-05,0.22,6350,,,,,,,,,
0.1154,0.2471867948770523,2.7814698449559458e-05,0.22,6400,,,,,,,,,
0.0896,3.7259273529052734,2.779762311317533e-05,0.22,6450,,,,,,,,,
0.1462,6.703107833862305,2.7780547776791203e-05,0.22,6500,,,,,,,,,
0.1032,2.4184820652008057,2.7763472440407076e-05,0.22,6550,,,,,,,,,
0.0753,1.61400306224823,2.7746397104022952e-05,0.23,6600,,,,,,,,,
0.1251,8.80650520324707,2.7729321767638824e-05,0.23,6650,,,,,,,,,
0.0815,0.6602095365524292,2.7712246431254697e-05,0.23,6700,,,,,,,,,
0.1096,2.776874303817749,2.769517109487057e-05,0.23,6750,,,,,,,,,
0.0957,5.4886274337768555,2.7678095758486442e-05,0.23,6800,,,,,,,,,
0.1163,20.23017120361328,2.7661020422102318e-05,0.23,6850,,,,,,,,,
0.1276,3.2501473426818848,2.7643945085718187e-05,0.24,6900,,,,,,,,,
0.0778,20.471939086914062,2.7626869749334063e-05,0.24,6950,,,,,,,,,
0.1065,6.919004917144775,2.7609794412949936e-05,0.24,7000,,,,,,,,,
0.1118,1.7154123783111572,2.7592719076565808e-05,0.24,7050,,,,,,,,,
0.1092,4.8868818283081055,2.757564374018168e-05,0.24,7100,,,,,,,,,
0.0893,0.13823720812797546,2.7558568403797557e-05,0.24,7150,,,,,,,,,
0.1257,0.9339401721954346,2.754149306741343e-05,0.25,7200,,,,,,,,,
0.1079,9.6666259765625,2.7524417731029302e-05,0.25,7250,,,,,,,,,
0.0641,6.092164039611816,2.7507342394645174e-05,0.25,7300,,,,,,,,,
0.1187,1.0003141164779663,2.749026705826105e-05,0.25,7350,,,,,,,,,
0.1179,5.323184013366699,2.747319172187692e-05,0.25,7400,,,,,,,,,
0.1105,0.47510644793510437,2.7456116385492795e-05,0.25,7450,,,,,,,,,
0.1007,6.785266399383545,2.7439041049108668e-05,0.26,7500,,,,,,,,,
0.1362,3.793975591659546,2.7421965712724544e-05,0.26,7550,,,,,,,,,
0.1258,3.6335034370422363,2.7404890376340413e-05,0.26,7600,,,,,,,,,
0.0885,1.0168864727020264,2.738781503995629e-05,0.26,7650,,,,,,,,,
0.0743,10.371040344238281,2.737073970357216e-05,0.26,7700,,,,,,,,,
0.1165,2.0388998985290527,2.7353664367188034e-05,0.26,7750,,,,,,,,,
0.0831,11.452725410461426,2.7336589030803907e-05,0.27,7800,,,,,,,,,
0.1073,0.18418948352336884,2.7319513694419783e-05,0.27,7850,,,,,,,,,
0.0764,3.236234188079834,2.7302438358035655e-05,0.27,7900,,,,,,,,,
0.1174,8.320517539978027,2.7285363021651524e-05,0.27,7950,,,,,,,,,
0.113,9.920332908630371,2.72682876852674e-05,0.27,8000,,,,,,,,,
0.104,0.19975115358829498,2.7251212348883273e-05,0.27,8050,,,,,,,,,
0.1247,9.649258613586426,2.723413701249915e-05,0.28,8100,,,,,,,,,
0.0804,0.11756375432014465,2.7217061676115018e-05,0.28,8150,,,,,,,,,
0.1091,0.22242578864097595,2.7199986339730894e-05,0.28,8200,,,,,,,,,
0.092,0.1462079882621765,2.7182911003346766e-05,0.28,8250,,,,,,,,,
0.0729,6.610820293426514,2.716583566696264e-05,0.28,8300,,,,,,,,,
0.1231,0.27697011828422546,2.714876033057851e-05,0.29,8350,,,,,,,,,
0.0894,5.125385284423828,2.7131684994194387e-05,0.29,8400,,,,,,,,,
0.1338,4.488327980041504,2.711460965781026e-05,0.29,8450,,,,,,,,,
0.1166,0.6228955388069153,2.7097534321426133e-05,0.29,8500,,,,,,,,,
0.0969,10.083780288696289,2.7080458985042005e-05,0.29,8550,,,,,,,,,
0.1226,4.063074111938477,2.706338364865788e-05,0.29,8600,,,,,,,,,
0.1092,2.902946710586548,2.704630831227375e-05,0.3,8650,,,,,,,,,
0.1028,12.730096817016602,2.7029232975889626e-05,0.3,8700,,,,,,,,,
0.1066,4.3344573974609375,2.70121576395055e-05,0.3,8750,,,,,,,,,
0.0987,1.227375864982605,2.6995082303121375e-05,0.3,8800,,,,,,,,,
0.1282,7.123948574066162,2.6978006966737244e-05,0.3,8850,,,,,,,,,
0.0844,3.4143869876861572,2.696093163035312e-05,0.3,8900,,,,,,,,,
0.1072,1.373328447341919,2.6943856293968992e-05,0.31,8950,,,,,,,,,
0.0829,6.078499794006348,2.692678095758487e-05,0.31,9000,,,,,,,,,
0.0794,3.780137300491333,2.6909705621200737e-05,0.31,9050,,,,,,,,,
0.1063,0.1006520539522171,2.689263028481661e-05,0.31,9100,,,,,,,,,
0.0803,0.8416615724563599,2.6875554948432486e-05,0.31,9150,,,,,,,,,
0.1025,2.707364797592163,2.6858479612048355e-05,0.31,9200,,,,,,,,,
0.1217,0.783423125743866,2.684140427566423e-05,0.32,9250,,,,,,,,,
0.0768,14.97627067565918,2.6824328939280104e-05,0.32,9300,,,,,,,,,
0.0935,7.028531551361084,2.680725360289598e-05,0.32,9350,,,,,,,,,
0.1251,18.013118743896484,2.679017826651185e-05,0.32,9400,,,,,,,,,
0.0887,9.900238990783691,2.6773102930127725e-05,0.32,9450,,,,,,,,,
0.0971,0.6201848983764648,2.6756027593743597e-05,0.32,9500,,,,,,,,,
0.0878,0.5433328747749329,2.673895225735947e-05,0.33,9550,,,,,,,,,
0.1117,17.030065536499023,2.6721876920975342e-05,0.33,9600,,,,,,,,,
0.121,6.819613456726074,2.670480158459122e-05,0.33,9650,,,,,,,,,
0.0964,4.226827621459961,2.668772624820709e-05,0.33,9700,,,,,,,,,
0.119,14.863505363464355,2.6670650911822963e-05,0.33,9750,,,,,,,,,
0.1021,0.6162630915641785,2.6653575575438836e-05,0.33,9800,,,,,,,,,
0.1135,6.28566837310791,2.6636500239054712e-05,0.34,9850,,,,,,,,,
0.1073,2.4235825538635254,2.6619424902670585e-05,0.34,9900,,,,,,,,,
0.0825,3.084482431411743,2.6602349566286457e-05,0.34,9950,,,,,,,,,
0.1007,6.89823579788208,2.658527422990233e-05,0.34,10000,,,,,,,,,
,,,0.34,10000,0.09970519691705704,296.7196,395.973,24.751,,,,,
0.1017,13.316302299499512,2.6568198893518206e-05,0.34,10050,,,,,,,,,
0.0737,2.6203038692474365,2.6551123557134075e-05,0.34,10100,,,,,,,,,
0.0938,20.95526695251465,2.653404822074995e-05,0.35,10150,,,,,,,,,
0.1169,1.1323163509368896,2.6516972884365823e-05,0.35,10200,,,,,,,,,
0.113,3.019728899002075,2.6499897547981696e-05,0.35,10250,,,,,,,,,
0.0831,6.974608898162842,2.648282221159757e-05,0.35,10300,,,,,,,,,
0.0909,0.10563237965106964,2.646574687521344e-05,0.35,10350,,,,,,,,,
0.0958,8.193098068237305,2.6448671538829317e-05,0.36,10400,,,,,,,,,
0.0655,1.554659128189087,2.6431596202445186e-05,0.36,10450,,,,,,,,,
0.0891,13.810480117797852,2.6414520866061062e-05,0.36,10500,,,,,,,,,
0.1029,1.9834489822387695,2.6397445529676935e-05,0.36,10550,,,,,,,,,
0.1016,0.3607352674007416,2.638037019329281e-05,0.36,10600,,,,,,,,,
0.1054,1.358996033668518,2.636329485690868e-05,0.36,10650,,,,,,,,,
0.0905,6.640605926513672,2.6346219520524556e-05,0.37,10700,,,,,,,,,
0.1087,0.44560664892196655,2.6329144184140428e-05,0.37,10750,,,,,,,,,
0.0746,6.371634483337402,2.63120688477563e-05,0.37,10800,,,,,,,,,
0.131,0.5104289054870605,2.6294993511372173e-05,0.37,10850,,,,,,,,,
0.0873,13.200336456298828,2.627791817498805e-05,0.37,10900,,,,,,,,,
0.0789,0.07710850238800049,2.6260842838603922e-05,0.37,10950,,,,,,,,,
0.0938,2.486274242401123,2.6243767502219794e-05,0.38,11000,,,,,,,,,
0.0955,0.06994236260652542,2.6226692165835667e-05,0.38,11050,,,,,,,,,
0.0958,1.688989281654358,2.6209616829451543e-05,0.38,11100,,,,,,,,,
0.1064,5.182352066040039,2.6192541493067415e-05,0.38,11150,,,,,,,,,
0.095,0.3447400629520416,2.6175466156683288e-05,0.38,11200,,,,,,,,,
0.0955,8.904234886169434,2.615839082029916e-05,0.38,11250,,,,,,,,,
0.0921,3.0037519931793213,2.6141315483915036e-05,0.39,11300,,,,,,,,,
0.0977,0.06608019769191742,2.6124240147530906e-05,0.39,11350,,,,,,,,,
0.1027,7.937997341156006,2.6107164811146778e-05,0.39,11400,,,,,,,,,
0.1324,3.0494532585144043,2.6090089474762654e-05,0.39,11450,,,,,,,,,
0.072,3.9637157917022705,2.6073014138378527e-05,0.39,11500,,,,,,,,,
0.108,9.428200721740723,2.60559388019944e-05,0.39,11550,,,,,,,,,
0.0711,2.190131902694702,2.6038863465610272e-05,0.4,11600,,,,,,,,,
0.0636,1.4821501970291138,2.6021788129226148e-05,0.4,11650,,,,,,,,,
0.0952,0.06940373033285141,2.6004712792842017e-05,0.4,11700,,,,,,,,,
0.0834,0.15840338170528412,2.5987637456457893e-05,0.4,11750,,,,,,,,,
0.109,25.191957473754883,2.5970562120073765e-05,0.4,11800,,,,,,,,,
0.1072,9.313092231750488,2.595348678368964e-05,0.4,11850,,,,,,,,,
0.1202,14.080101013183594,2.593641144730551e-05,0.41,11900,,,,,,,,,
0.0959,0.08717367798089981,2.5919336110921386e-05,0.41,11950,,,,,,,,,
0.0779,7.4420318603515625,2.590226077453726e-05,0.41,12000,,,,,,,,,
0.1129,4.525530815124512,2.5885185438153135e-05,0.41,12050,,,,,,,,,
0.1025,2.9222428798675537,2.5868110101769004e-05,0.41,12100,,,,,,,,,
0.0869,7.028052806854248,2.585103476538488e-05,0.41,12150,,,,,,,,,
0.0807,4.917818069458008,2.5833959429000753e-05,0.42,12200,,,,,,,,,
0.1048,0.7289031744003296,2.5816884092616625e-05,0.42,12250,,,,,,,,,
0.0756,0.3489985764026642,2.5799808756232498e-05,0.42,12300,,,,,,,,,
0.0643,3.03167724609375,2.5782733419848374e-05,0.42,12350,,,,,,,,,
0.0855,5.641748428344727,2.5765658083464246e-05,0.42,12400,,,,,,,,,
0.1227,1.392260193824768,2.574858274708012e-05,0.43,12450,,,,,,,,,
0.098,0.4962014853954315,2.573150741069599e-05,0.43,12500,,,,,,,,,
0.0828,7.648318767547607,2.5714432074311864e-05,0.43,12550,,,,,,,,,
0.1036,4.714174270629883,2.5697356737927736e-05,0.43,12600,,,,,,,,,
0.0963,25.242158889770508,2.568028140154361e-05,0.43,12650,,,,,,,,,
0.1096,2.5703794956207275,2.5663206065159485e-05,0.43,12700,,,,,,,,,
0.094,0.9888021945953369,2.5646130728775357e-05,0.44,12750,,,,,,,,,
0.0821,0.5653384327888489,2.562905539239123e-05,0.44,12800,,,,,,,,,
0.1075,0.4412476122379303,2.5611980056007103e-05,0.44,12850,,,,,,,,,
0.0704,23.382116317749023,2.559490471962298e-05,0.44,12900,,,,,,,,,
0.088,1.0876705646514893,2.557782938323885e-05,0.44,12950,,,,,,,,,
0.0694,3.2076332569122314,2.5560754046854724e-05,0.44,13000,,,,,,,,,
0.1218,17.627901077270508,2.5543678710470596e-05,0.45,13050,,,,,,,,,
0.1387,3.6312339305877686,2.5526603374086472e-05,0.45,13100,,,,,,,,,
0.0756,4.19378137588501,2.550952803770234e-05,0.45,13150,,,,,,,,,
0.1009,2.0951454639434814,2.5492452701318217e-05,0.45,13200,,,,,,,,,
0.095,2.902158260345459,2.547537736493409e-05,0.45,13250,,,,,,,,,
0.0778,1.8515757322311401,2.5458302028549966e-05,0.45,13300,,,,,,,,,
0.1028,13.975722312927246,2.5441226692165835e-05,0.46,13350,,,,,,,,,
0.0775,0.29274287819862366,2.542415135578171e-05,0.46,13400,,,,,,,,,
0.106,9.44709300994873,2.5407076019397583e-05,0.46,13450,,,,,,,,,
0.0854,5.814923286437988,2.5390000683013456e-05,0.46,13500,,,,,,,,,
0.0899,0.3087255358695984,2.537292534662933e-05,0.46,13550,,,,,,,,,
0.1014,0.30839642882347107,2.5355850010245205e-05,0.46,13600,,,,,,,,,
0.081,1.855339765548706,2.5338774673861077e-05,0.47,13650,,,,,,,,,
0.0866,1.9665263891220093,2.5321699337476946e-05,0.47,13700,,,,,,,,,
0.1001,3.838752269744873,2.5304624001092822e-05,0.47,13750,,,,,,,,,
0.104,3.737269401550293,2.5287548664708695e-05,0.47,13800,,,,,,,,,
0.1077,0.7122858762741089,2.5270473328324567e-05,0.47,13850,,,,,,,,,
0.0765,11.111895561218262,2.525339799194044e-05,0.47,13900,,,,,,,,,
0.0855,0.4392847418785095,2.5236322655556316e-05,0.48,13950,,,,,,,,,
0.1019,0.7020619511604309,2.521924731917219e-05,0.48,14000,,,,,,,,,
0.0852,0.872438907623291,2.520217198278806e-05,0.48,14050,,,,,,,,,
0.0844,5.882160186767578,2.5185096646403933e-05,0.48,14100,,,,,,,,,
0.0973,3.715447187423706,2.516802131001981e-05,0.48,14150,,,,,,,,,
0.0786,0.34097298979759216,2.5150945973635682e-05,0.48,14200,,,,,,,,,
0.058,5.209458827972412,2.5133870637251555e-05,0.49,14250,,,,,,,,,
0.0816,14.832378387451172,2.5116795300867427e-05,0.49,14300,,,,,,,,,
0.1045,2.7107605934143066,2.5099719964483303e-05,0.49,14350,,,,,,,,,
0.0724,0.24653583765029907,2.5082644628099172e-05,0.49,14400,,,,,,,,,
0.083,1.4668278694152832,2.5065569291715048e-05,0.49,14450,,,,,,,,,
0.1017,2.299957275390625,2.504849395533092e-05,0.5,14500,,,,,,,,,
0.0826,0.3023120164871216,2.5031418618946797e-05,0.5,14550,,,,,,,,,
0.0744,3.163896083831787,2.5014343282562666e-05,0.5,14600,,,,,,,,,
0.1399,2.4356744289398193,2.4997267946178542e-05,0.5,14650,,,,,,,,,
0.0698,0.39917370676994324,2.4980192609794414e-05,0.5,14700,,,,,,,,,
0.1191,1.0335413217544556,2.4963117273410287e-05,0.5,14750,,,,,,,,,
0.1087,0.9538493752479553,2.494604193702616e-05,0.51,14800,,,,,,,,,
0.0757,0.286907434463501,2.4928966600642032e-05,0.51,14850,,,,,,,,,
0.0723,0.11175189167261124,2.4911891264257908e-05,0.51,14900,,,,,,,,,
0.1355,10.050320625305176,2.4894815927873777e-05,0.51,14950,,,,,,,,,
0.0912,4.403782367706299,2.4877740591489653e-05,0.51,15000,,,,,,,,,
,,,0.51,15000,0.09823489934206009,296.631,396.091,24.758,,,,,
0.0816,3.4110360145568848,2.4860665255105526e-05,0.51,15050,,,,,,,,,
0.0818,0.5269214510917664,2.48435899187214e-05,0.52,15100,,,,,,,,,
0.0972,0.04505377635359764,2.482651458233727e-05,0.52,15150,,,,,,,,,
0.0973,1.8462713956832886,2.4809439245953147e-05,0.52,15200,,,,,,,,,
0.1054,20.43781280517578,2.479236390956902e-05,0.52,15250,,,,,,,,,
0.0953,0.20200632512569427,2.4775288573184892e-05,0.52,15300,,,,,,,,,
0.0738,4.705936908721924,2.4758213236800764e-05,0.52,15350,,,,,,,,,
0.0825,1.888229489326477,2.474113790041664e-05,0.53,15400,,,,,,,,,
0.0854,3.30755615234375,2.4724062564032513e-05,0.53,15450,,,,,,,,,
0.064,2.356088638305664,2.4706987227648385e-05,0.53,15500,,,,,,,,,
0.1,5.342105865478516,2.4689911891264258e-05,0.53,15550,,,,,,,,,
0.0726,0.09663786739110947,2.4672836554880134e-05,0.53,15600,,,,,,,,,
0.0767,11.028749465942383,2.4655761218496003e-05,0.53,15650,,,,,,,,,
0.1211,4.453027725219727,2.463868588211188e-05,0.54,15700,,,,,,,,,
0.1161,14.953462600708008,2.462161054572775e-05,0.54,15750,,,,,,,,,
0.0637,2.363978862762451,2.4604535209343627e-05,0.54,15800,,,,,,,,,
0.1281,0.6719972491264343,2.4587459872959497e-05,0.54,15850,,,,,,,,,
0.0912,0.22887946665287018,2.4570384536575373e-05,0.54,15900,,,,,,,,,
0.0899,2.165822982788086,2.4553309200191245e-05,0.54,15950,,,,,,,,,
0.0737,0.12514378130435944,2.4536233863807114e-05,0.55,16000,,,,,,,,,
0.074,8.34695053100586,2.451915852742299e-05,0.55,16050,,,,,,,,,
0.0577,4.143170356750488,2.4502083191038863e-05,0.55,16100,,,,,,,,,
0.057,0.026596570387482643,2.448500785465474e-05,0.55,16150,,,,,,,,,
0.0771,7.256400108337402,2.4467932518270608e-05,0.55,16200,,,,,,,,,
0.084,3.7717478275299072,2.4450857181886484e-05,0.55,16250,,,,,,,,,
0.0853,42.233177185058594,2.4433781845502356e-05,0.56,16300,,,,,,,,,
0.0919,0.27943670749664307,2.4416706509118232e-05,0.56,16350,,,,,,,,,
0.0856,0.33370116353034973,2.43996311727341e-05,0.56,16400,,,,,,,,,
0.0708,2.8148374557495117,2.4382555836349978e-05,0.56,16450,,,,,,,,,
0.0893,1.1034795045852661,2.436548049996585e-05,0.56,16500,,,,,,,,,
0.0758,7.94219970703125,2.4348405163581723e-05,0.57,16550,,,,,,,,,
0.0968,0.515032172203064,2.4331329827197595e-05,0.57,16600,,,,,,,,,
0.0963,1.3010929822921753,2.431425449081347e-05,0.57,16650,,,,,,,,,
0.104,61.294437408447266,2.4297179154429344e-05,0.57,16700,,,,,,,,,
0.0764,0.41635459661483765,2.4280103818045216e-05,0.57,16750,,,,,,,,,
0.0788,0.3001737892627716,2.426302848166109e-05,0.57,16800,,,,,,,,,
0.0871,0.2501218914985657,2.4245953145276965e-05,0.58,16850,,,,,,,,,
0.0687,6.2379302978515625,2.4228877808892834e-05,0.58,16900,,,,,,,,,
0.091,14.380678176879883,2.421180247250871e-05,0.58,16950,,,,,,,,,
0.0789,11.695472717285156,2.4194727136124582e-05,0.58,17000,,,,,,,,,
0.0765,1.9812307357788086,2.417765179974046e-05,0.58,17050,,,,,,,,,
0.0873,0.18316543102264404,2.4160576463356328e-05,0.58,17100,,,,,,,,,
0.0858,0.0714830607175827,2.41435011269722e-05,0.59,17150,,,,,,,,,
0.0621,0.1678398698568344,2.4126425790588076e-05,0.59,17200,,,,,,,,,
0.0749,0.7221305966377258,2.410935045420395e-05,0.59,17250,,,,,,,,,
0.081,2.4961400032043457,2.409227511781982e-05,0.59,17300,,,,,,,,,
0.0613,5.438366413116455,2.4075199781435694e-05,0.59,17350,,,,,,,,,
0.0771,4.196753025054932,2.405812444505157e-05,0.59,17400,,,,,,,,,
0.1011,0.027616478502750397,2.404104910866744e-05,0.6,17450,,,,,,,,,
0.0699,3.09078049659729,2.4023973772283315e-05,0.6,17500,,,,,,,,,
0.0869,9.379189491271973,2.4006898435899187e-05,0.6,17550,,,,,,,,,
0.0941,2.4498918056488037,2.3989823099515063e-05,0.6,17600,,,,,,,,,
0.0749,4.0944905281066895,2.3972747763130932e-05,0.6,17650,,,,,,,,,
0.077,0.3342435359954834,2.395567242674681e-05,0.6,17700,,,,,,,,,
0.1028,0.1709117740392685,2.393859709036268e-05,0.61,17750,,,,,,,,,
0.0681,2.530095338821411,2.3921521753978553e-05,0.61,17800,,,,,,,,,
0.0669,12.410146713256836,2.3904446417594426e-05,0.61,17850,,,,,,,,,
0.1143,3.043022394180298,2.3887371081210302e-05,0.61,17900,,,,,,,,,
0.0799,1.984429955482483,2.3870295744826175e-05,0.61,17950,,,,,,,,,
0.0864,0.5214253664016724,2.3853220408442047e-05,0.61,18000,,,,,,,,,
0.1005,0.677919328212738,2.383614507205792e-05,0.62,18050,,,,,,,,,
0.0658,4.2968268394470215,2.3819069735673796e-05,0.62,18100,,,,,,,,,
0.0847,1.1674402952194214,2.3801994399289668e-05,0.62,18150,,,,,,,,,
0.0703,1.7483614683151245,2.378491906290554e-05,0.62,18200,,,,,,,,,
0.1045,3.7999188899993896,2.3767843726521413e-05,0.62,18250,,,,,,,,,
0.07,0.6545432209968567,2.3750768390137286e-05,0.62,18300,,,,,,,,,
0.1163,0.8024373650550842,2.373369305375316e-05,0.63,18350,,,,,,,,,
0.082,2.389939308166504,2.371661771736903e-05,0.63,18400,,,,,,,,,
0.0967,11.318005561828613,2.3699542380984907e-05,0.63,18450,,,,,,,,,
0.0658,2.1010565757751465,2.368246704460078e-05,0.63,18500,,,,,,,,,
0.0659,0.47952693700790405,2.3665391708216652e-05,0.63,18550,,,,,,,,,
0.0871,6.872364521026611,2.3648316371832525e-05,0.64,18600,,,,,,,,,
0.0945,0.3102722465991974,2.36312410354484e-05,0.64,18650,,,,,,,,,
0.1007,4.1505866050720215,2.361416569906427e-05,0.64,18700,,,,,,,,,
0.0801,11.412863731384277,2.3597090362680146e-05,0.64,18750,,,,,,,,,
0.0825,7.322049140930176,2.3580015026296018e-05,0.64,18800,,,,,,,,,
0.0924,12.860122680664062,2.3562939689911894e-05,0.64,18850,,,,,,,,,
0.0951,0.019346216693520546,2.3545864353527763e-05,0.65,18900,,,,,,,,,
0.0804,0.8662995100021362,2.352878901714364e-05,0.65,18950,,,,,,,,,
0.0626,2.2843971252441406,2.3511713680759512e-05,0.65,19000,,,,,,,,,
0.0963,23.6495304107666,2.3494638344375384e-05,0.65,19050,,,,,,,,,
0.0705,1.4825109243392944,2.3477563007991257e-05,0.65,19100,,,,,,,,,
0.0863,0.732561469078064,2.3460487671607133e-05,0.65,19150,,,,,,,,,
0.0693,7.486892223358154,2.3443412335223005e-05,0.66,19200,,,,,,,,,
0.063,4.635286808013916,2.3426336998838878e-05,0.66,19250,,,,,,,,,
0.1135,0.8206831216812134,2.340926166245475e-05,0.66,19300,,,,,,,,,
0.0862,3.9813404083251953,2.3392186326070626e-05,0.66,19350,,,,,,,,,
0.1091,0.5072712302207947,2.33751109896865e-05,0.66,19400,,,,,,,,,
0.1016,2.4499998092651367,2.3358035653302368e-05,0.66,19450,,,,,,,,,
0.0851,1.6473127603530884,2.3340960316918244e-05,0.67,19500,,,,,,,,,
0.0754,0.9121250510215759,2.3323884980534117e-05,0.67,19550,,,,,,,,,
0.1146,4.503159523010254,2.330680964414999e-05,0.67,19600,,,,,,,,,
0.0727,4.144645690917969,2.3289734307765862e-05,0.67,19650,,,,,,,,,
0.0397,8.821346282958984,2.3272658971381738e-05,0.67,19700,,,,,,,,,
0.0954,0.16388511657714844,2.325558363499761e-05,0.67,19750,,,,,,,,,
0.06,13.78211498260498,2.3238508298613483e-05,0.68,19800,,,,,,,,,
0.0833,4.1485395431518555,2.3221432962229355e-05,0.68,19850,,,,,,,,,
0.0677,0.46723735332489014,2.320435762584523e-05,0.68,19900,,,,,,,,,
0.1033,2.3309059143066406,2.31872822894611e-05,0.68,19950,,,,,,,,,
0.0714,1.0360723733901978,2.3170206953076976e-05,0.68,20000,,,,,,,,,
,,,0.68,20000,0.08640484511852264,296.5754,396.166,24.763,,,,,
0.0755,0.584338903427124,2.315313161669285e-05,0.68,20050,,,,,,,,,
0.0754,2.5405821800231934,2.3136056280308725e-05,0.69,20100,,,,,,,,,
0.0412,0.0434725359082222,2.3118980943924594e-05,0.69,20150,,,,,,,,,
0.0775,4.413128852844238,2.310190560754047e-05,0.69,20200,,,,,,,,,
0.0754,4.127617359161377,2.3084830271156343e-05,0.69,20250,,,,,,,,,
0.064,5.512408256530762,2.306775493477222e-05,0.69,20300,,,,,,,,,
0.0523,0.07568398863077164,2.3050679598388088e-05,0.69,20350,,,,,,,,,
0.079,0.03592710196971893,2.3033604262003964e-05,0.7,20400,,,,,,,,,
0.091,0.23324395716190338,2.3016528925619836e-05,0.7,20450,,,,,,,,,
0.0852,3.2788546085357666,2.299945358923571e-05,0.7,20500,,,,,,,,,
0.0769,4.277702808380127,2.298237825285158e-05,0.7,20550,,,,,,,,,
0.086,6.483948707580566,2.2965302916467454e-05,0.7,20600,,,,,,,,,
0.0732,5.213551044464111,2.294822758008333e-05,0.71,20650,,,,,,,,,
0.1216,1.6266275644302368,2.29311522436992e-05,0.71,20700,,,,,,,,,
0.0853,3.6180434226989746,2.2914076907315075e-05,0.71,20750,,,,,,,,,
0.0748,5.2952375411987305,2.2897001570930948e-05,0.71,20800,,,,,,,,,
0.1122,11.364065170288086,2.287992623454682e-05,0.71,20850,,,,,,,,,
0.0635,2.0657196044921875,2.2862850898162693e-05,0.71,20900,,,,,,,,,
0.0824,1.054369330406189,2.284577556177857e-05,0.72,20950,,,,,,,,,
0.076,3.516900062561035,2.282870022539444e-05,0.72,21000,,,,,,,,,
0.0998,0.3046952784061432,2.2811624889010314e-05,0.72,21050,,,,,,,,,
0.074,3.4572346210479736,2.2794549552626186e-05,0.72,21100,,,,,,,,,
0.0875,13.097333908081055,2.2777474216242062e-05,0.72,21150,,,,,,,,,
0.0673,2.564344882965088,2.2760398879857935e-05,0.72,21200,,,,,,,,,
0.0819,12.664085388183594,2.2743323543473807e-05,0.73,21250,,,,,,,,,
0.0818,0.055944088846445084,2.272624820708968e-05,0.73,21300,,,,,,,,,
0.0802,0.021282382309436798,2.2709172870705556e-05,0.73,21350,,,,,,,,,
0.0732,4.702241897583008,2.2692097534321425e-05,0.73,21400,,,,,,,,,
0.0567,1.86868155002594,2.26750221979373e-05,0.73,21450,,,,,,,,,
0.0746,6.432815074920654,2.2657946861553173e-05,0.73,21500,,,,,,,,,
0.0759,14.392509460449219,2.264087152516905e-05,0.74,21550,,,,,,,,,
0.061,0.5053524971008301,2.262379618878492e-05,0.74,21600,,,,,,,,,
0.0581,0.1655670404434204,2.2606720852400795e-05,0.74,21650,,,,,,,,,
0.0654,0.2752077281475067,2.2589645516016667e-05,0.74,21700,,,,,,,,,
0.0715,4.881659984588623,2.2572570179632536e-05,0.74,21750,,,,,,,,,
0.0804,5.226583003997803,2.2555494843248412e-05,0.74,21800,,,,,,,,,
0.0748,11.100337982177734,2.2538419506864285e-05,0.75,21850,,,,,,,,,
0.0973,12.706355094909668,2.252134417048016e-05,0.75,21900,,,,,,,,,
0.0888,0.3205532133579254,2.250426883409603e-05,0.75,21950,,,,,,,,,
0.0646,0.4604014456272125,2.2487193497711906e-05,0.75,22000,,,,,,,,,
0.0607,3.633395195007324,2.247011816132778e-05,0.75,22050,,,,,,,,,
0.0868,0.2518060505390167,2.245304282494365e-05,0.75,22100,,,,,,,,,
0.0724,30.411270141601562,2.2435967488559524e-05,0.76,22150,,,,,,,,,
0.0677,4.023831844329834,2.24188921521754e-05,0.76,22200,,,,,,,,,
0.0743,0.10327868163585663,2.2401816815791272e-05,0.76,22250,,,,,,,,,
0.069,0.3603205978870392,2.2384741479407145e-05,0.76,22300,,,,,,,,,
0.0399,0.1346605122089386,2.2367666143023017e-05,0.76,22350,,,,,,,,,
0.0909,7.324117183685303,2.2350590806638893e-05,0.76,22400,,,,,,,,,
0.0611,0.05248493328690529,2.2333515470254766e-05,0.77,22450,,,,,,,,,
0.0549,0.338280588388443,2.2316440133870638e-05,0.77,22500,,,,,,,,,
0.0818,9.512649536132812,2.229936479748651e-05,0.77,22550,,,,,,,,,
0.1169,0.094892717897892,2.2282289461102387e-05,0.77,22600,,,,,,,,,
0.0793,8.851153373718262,2.2265214124718256e-05,0.77,22650,,,,,,,,,
0.1011,19.13237953186035,2.2248138788334132e-05,0.78,22700,,,,,,,,,
0.0895,3.642613649368286,2.2231063451950004e-05,0.78,22750,,,,,,,,,
0.0799,3.3795440196990967,2.221398811556588e-05,0.78,22800,,,,,,,,,
0.0527,0.750948965549469,2.219691277918175e-05,0.78,22850,,,,,,,,,
0.0653,0.5007752180099487,2.2179837442797622e-05,0.78,22900,,,,,,,,,
0.0847,21.771135330200195,2.2162762106413498e-05,0.78,22950,,,,,,,,,
0.0631,0.057427894324064255,2.2145686770029367e-05,0.79,23000,,,,,,,,,
0.0599,7.5829758644104,2.2128611433645243e-05,0.79,23050,,,,,,,,,
0.071,0.011735266074538231,2.2111536097261116e-05,0.79,23100,,,,,,,,,
0.0681,1.8922762870788574,2.209446076087699e-05,0.79,23150,,,,,,,,,
0.0827,2.387455463409424,2.207738542449286e-05,0.79,23200,,,,,,,,,
0.0731,1.0883760452270508,2.2060310088108737e-05,0.79,23250,,,,,,,,,
0.0787,1.9887841939926147,2.204323475172461e-05,0.8,23300,,,,,,,,,
0.0607,1.8016284704208374,2.2026159415340485e-05,0.8,23350,,,,,,,,,
0.0771,4.1482062339782715,2.2009084078956354e-05,0.8,23400,,,,,,,,,
0.085,0.018299082294106483,2.199200874257223e-05,0.8,23450,,,,,,,,,
0.0955,0.3126133978366852,2.1974933406188103e-05,0.8,23500,,,,,,,,,
0.097,0.2077341079711914,2.1957858069803975e-05,0.8,23550,,,,,,,,,
0.0661,0.9368212819099426,2.1940782733419848e-05,0.81,23600,,,,,,,,,
0.0611,2.2274811267852783,2.1923707397035724e-05,0.81,23650,,,,,,,,,
0.0766,9.949525833129883,2.1906632060651596e-05,0.81,23700,,,,,,,,,
0.0696,1.5231667757034302,2.188955672426747e-05,0.81,23750,,,,,,,,,
0.0747,4.299558639526367,2.187248138788334e-05,0.81,23800,,,,,,,,,
0.1061,3.5629515647888184,2.1855406051499218e-05,0.81,23850,,,,,,,,,
0.0682,3.5720365047454834,2.1838330715115087e-05,0.82,23900,,,,,,,,,
0.0722,0.40330764651298523,2.1821255378730963e-05,0.82,23950,,,,,,,,,
0.0522,0.5806887149810791,2.1804180042346835e-05,0.82,24000,,,,,,,,,
0.0717,19.556623458862305,2.1787104705962708e-05,0.82,24050,,,,,,,,,
0.0512,5.540375232696533,2.177002936957858e-05,0.82,24100,,,,,,,,,
0.0681,1.3556820154190063,2.1752954033194453e-05,0.82,24150,,,,,,,,,
0.0994,3.0101733207702637,2.173587869681033e-05,0.83,24200,,,,,,,,,
0.0773,0.021213781088590622,2.1718803360426198e-05,0.83,24250,,,,,,,,,
0.0951,0.15157465636730194,2.1701728024042074e-05,0.83,24300,,,,,,,,,
0.0707,5.376384735107422,2.1684652687657946e-05,0.83,24350,,,,,,,,,
0.0878,11.075243949890137,2.1667577351273822e-05,0.83,24400,,,,,,,,,
0.0626,6.4742655754089355,2.165050201488969e-05,0.83,24450,,,,,,,,,
0.0652,0.035051289945840836,2.1633426678505568e-05,0.84,24500,,,,,,,,,
0.0767,5.200317859649658,2.161635134212144e-05,0.84,24550,,,,,,,,,
0.0648,15.202824592590332,2.1599276005737316e-05,0.84,24600,,,,,,,,,
0.0989,0.06614292412996292,2.1582200669353185e-05,0.84,24650,,,,,,,,,
0.0667,8.690184593200684,2.156512533296906e-05,0.84,24700,,,,,,,,,
0.0728,1.906930685043335,2.1548049996584934e-05,0.85,24750,,,,,,,,,
0.0619,6.974915504455566,2.1530974660200806e-05,0.85,24800,,,,,,,,,
0.0728,1.6038143634796143,2.151389932381668e-05,0.85,24850,,,,,,,,,
0.0662,1.7508116960525513,2.1496823987432555e-05,0.85,24900,,,,,,,,,
0.0696,4.019321441650391,2.1479748651048427e-05,0.85,24950,,,,,,,,,
0.0804,15.717402458190918,2.14626733146643e-05,0.85,25000,,,,,,,,,
,,,0.85,25000,0.08821825683116913,296.6011,396.131,24.761,,,,,
0.0656,0.7358017563819885,2.1445597978280172e-05,0.86,25050,,,,,,,,,
0.0652,9.369221687316895,2.142852264189605e-05,0.86,25100,,,,,,,,,
0.0948,3.6092910766601562,2.1411447305511918e-05,0.86,25150,,,,,,,,,
0.0929,24.637704849243164,2.139437196912779e-05,0.86,25200,,,,,,,,,
0.0574,1.41750168800354,2.1377296632743666e-05,0.86,25250,,,,,,,,,
0.071,0.12293403595685959,2.136022129635954e-05,0.86,25300,,,,,,,,,
0.062,4.607882976531982,2.134314595997541e-05,0.87,25350,,,,,,,,,
0.0509,0.220583975315094,2.1326070623591284e-05,0.87,25400,,,,,,,,,
0.0609,0.9697642922401428,2.130899528720716e-05,0.87,25450,,,,,,,,,
0.0685,0.2748856544494629,2.1291919950823032e-05,0.87,25500,,,,,,,,,
0.0734,0.5820086002349854,2.1274844614438905e-05,0.87,25550,,,,,,,,,
0.0911,18.093042373657227,2.1257769278054777e-05,0.87,25600,,,,,,,,,
0.0669,3.1265039443969727,2.1240693941670653e-05,0.88,25650,,,,,,,,,
0.0754,6.239048480987549,2.1223618605286522e-05,0.88,25700,,,,,,,,,
0.0721,8.878670692443848,2.12065432689024e-05,0.88,25750,,,,,,,,,
0.0939,2.917407274246216,2.118946793251827e-05,0.88,25800,,,,,,,,,
0.0692,0.21064114570617676,2.1172392596134147e-05,0.88,25850,,,,,,,,,
0.0753,0.18445734679698944,2.1155317259750016e-05,0.88,25900,,,,,,,,,
0.0686,4.675976276397705,2.1138241923365892e-05,0.89,25950,,,,,,,,,
0.0603,4.971998691558838,2.1121166586981765e-05,0.89,26000,,,,,,,,,
0.0809,2.8313560485839844,2.1104091250597637e-05,0.89,26050,,,,,,,,,
0.0692,4.614329814910889,2.108701591421351e-05,0.89,26100,,,,,,,,,
0.0935,0.8196099400520325,2.1069940577829386e-05,0.89,26150,,,,,,,,,
0.0694,0.441172331571579,2.1052865241445258e-05,0.89,26200,,,,,,,,,
0.0846,7.288712501525879,2.103578990506113e-05,0.9,26250,,,,,,,,,
0.0654,4.9094390869140625,2.1018714568677003e-05,0.9,26300,,,,,,,,,
0.0904,7.122961521148682,2.1001639232292876e-05,0.9,26350,,,,,,,,,
0.0828,0.5312075614929199,2.0984563895908752e-05,0.9,26400,,,,,,,,,
0.0941,2.503791332244873,2.096748855952462e-05,0.9,26450,,,,,,,,,
0.0551,0.18229994177818298,2.0950413223140497e-05,0.9,26500,,,,,,,,,
0.0494,0.33642444014549255,2.093333788675637e-05,0.91,26550,,,,,,,,,
0.0546,1.6691828966140747,2.0916262550372242e-05,0.91,26600,,,,,,,,,
0.0962,14.426058769226074,2.0899187213988115e-05,0.91,26650,,,,,,,,,
0.0782,3.467237710952759,2.088211187760399e-05,0.91,26700,,,,,,,,,
0.06,0.07738292962312698,2.0865036541219863e-05,0.91,26750,,,,,,,,,
0.0704,0.1610909402370453,2.0847961204835736e-05,0.92,26800,,,,,,,,,
0.0772,0.15992537140846252,2.0830885868451608e-05,0.92,26850,,,,,,,,,
0.0633,0.33088764548301697,2.0813810532067484e-05,0.92,26900,,,,,,,,,
0.0968,1.212862253189087,2.0796735195683353e-05,0.92,26950,,,,,,,,,
0.0659,6.574317932128906,2.077965985929923e-05,0.92,27000,,,,,,,,,
0.0725,0.1841917783021927,2.0762584522915102e-05,0.92,27050,,,,,,,,,
0.0788,1.0009452104568481,2.0745509186530978e-05,0.93,27100,,,,,,,,,
0.0621,7.1435956954956055,2.0728433850146847e-05,0.93,27150,,,,,,,,,
0.0859,0.15536059439182281,2.0711358513762723e-05,0.93,27200,,,,,,,,,
0.0774,0.040645305067300797,2.0694283177378595e-05,0.93,27250,,,,,,,,,
0.1023,0.08446579426527023,2.0677207840994468e-05,0.93,27300,,,,,,,,,
0.0858,4.134465217590332,2.066013250461034e-05,0.93,27350,,,,,,,,,
0.0706,2.851618528366089,2.0643057168226216e-05,0.94,27400,,,,,,,,,
0.0878,1.9386005401611328,2.062598183184209e-05,0.94,27450,,,,,,,,,
0.0599,1.5162960290908813,2.0608906495457958e-05,0.94,27500,,,,,,,,,
0.0568,0.5796041488647461,2.0591831159073834e-05,0.94,27550,,,,,,,,,
0.0772,2.6724085807800293,2.0574755822689707e-05,0.94,27600,,,,,,,,,
0.0726,11.022313117980957,2.0557680486305583e-05,0.94,27650,,,,,,,,,
0.0591,6.498861789703369,2.0540605149921452e-05,0.95,27700,,,,,,,,,
0.0616,5.189137935638428,2.0523529813537328e-05,0.95,27750,,,,,,,,,
0.0561,0.04389502853155136,2.05064544771532e-05,0.95,27800,,,,,,,,,
0.065,9.575726509094238,2.0489379140769073e-05,0.95,27850,,,,,,,,,
0.0772,1.127705454826355,2.0472303804384945e-05,0.95,27900,,,,,,,,,
0.0723,0.01333522703498602,2.045522846800082e-05,0.95,27950,,,,,,,,,
0.0482,1.174055576324463,2.0438153131616694e-05,0.96,28000,,,,,,,,,
0.0661,4.9990234375,2.0421077795232567e-05,0.96,28050,,,,,,,,,
0.0876,0.12913165986537933,2.040400245884844e-05,0.96,28100,,,,,,,,,
0.0625,7.275053024291992,2.0386927122464315e-05,0.96,28150,,,,,,,,,
0.0719,6.548145771026611,2.0369851786080184e-05,0.96,28200,,,,,,,,,
0.092,7.606317520141602,2.035277644969606e-05,0.96,28250,,,,,,,,,
0.0881,2.9155499935150146,2.0335701113311933e-05,0.97,28300,,,,,,,,,
0.0448,0.40503576397895813,2.031862577692781e-05,0.97,28350,,,,,,,,,
0.0801,3.66739821434021,2.0301550440543678e-05,0.97,28400,,,,,,,,,
0.0565,6.008148670196533,2.0284475104159554e-05,0.97,28450,,,,,,,,,
0.0786,1.4976986646652222,2.0267399767775426e-05,0.97,28500,,,,,,,,,
0.0544,3.0130975246429443,2.02503244313913e-05,0.98,28550,,,,,,,,,
0.0502,2.3911077976226807,2.023324909500717e-05,0.98,28600,,,,,,,,,
0.0883,0.483833909034729,2.0216173758623044e-05,0.98,28650,,,,,,,,,
0.0588,9.111438751220703,2.019909842223892e-05,0.98,28700,,,,,,,,,
0.0807,0.6927922368049622,2.018202308585479e-05,0.98,28750,,,,,,,,,
0.1008,0.30905410647392273,2.0164947749470665e-05,0.98,28800,,,,,,,,,
0.0745,2.0176491737365723,2.0147872413086538e-05,0.99,28850,,,,,,,,,
0.0637,5.146085262298584,2.0130797076702414e-05,0.99,28900,,,,,,,,,
0.0579,0.3414553105831146,2.0113721740318283e-05,0.99,28950,,,,,,,,,
0.0602,2.492966890335083,2.009664640393416e-05,0.99,29000,,,,,,,,,
0.0613,0.009651681408286095,2.007957106755003e-05,0.99,29050,,,,,,,,,
0.068,10.364359855651855,2.0062495731165904e-05,0.99,29100,,,,,,,,,
0.0696,5.377696990966797,2.0045420394781776e-05,1.0,29150,,,,,,,,,
0.106,0.1380593180656433,2.0028345058397652e-05,1.0,29200,,,,,,,,,
0.0675,8.428840637207031,2.0011269722013525e-05,1.0,29250,,,,,,,,,
0.0617,3.922365427017212,1.9994194385629397e-05,1.0,29300,,,,,,,,,
0.0458,0.3478597402572632,1.997711904924527e-05,1.0,29350,,,,,,,,,
0.0493,6.50247859954834,1.9960043712861146e-05,1.0,29400,,,,,,,,,
0.032,0.12424615025520325,1.994296837647702e-05,1.01,29450,,,,,,,,,
0.0492,3.8336963653564453,1.992589304009289e-05,1.01,29500,,,,,,,,,
0.041,16.673357009887695,1.9908817703708764e-05,1.01,29550,,,,,,,,,
0.0563,1.670229196548462,1.989174236732464e-05,1.01,29600,,,,,,,,,
0.026,1.5845378637313843,1.987466703094051e-05,1.01,29650,,,,,,,,,
0.0692,0.06147069111466408,1.9857591694556385e-05,1.01,29700,,,,,,,,,
0.0628,4.649355411529541,1.9840516358172257e-05,1.02,29750,,,,,,,,,
0.0349,0.2539142668247223,1.982344102178813e-05,1.02,29800,,,,,,,,,
0.053,0.06557246297597885,1.9806365685404002e-05,1.02,29850,,,,,,,,,
0.0431,0.5235143303871155,1.9789290349019875e-05,1.02,29900,,,,,,,,,
0.086,0.04040191322565079,1.977221501263575e-05,1.02,29950,,,,,,,,,
0.0682,0.22288751602172852,1.975513967625162e-05,1.02,30000,,,,,,,,,
,,,1.02,30000,0.09415683895349503,296.4518,396.331,24.773,,,,,
0.0647,0.05141410231590271,1.9738064339867496e-05,1.03,30050,,,,,,,,,
0.0256,0.06658896058797836,1.972098900348337e-05,1.03,30100,,,,,,,,,
0.0434,1.3452527523040771,1.9703913667099244e-05,1.03,30150,,,,,,,,,
0.0546,0.3538798689842224,1.9686838330715114e-05,1.03,30200,,,,,,,,,
0.0534,0.8360150456428528,1.966976299433099e-05,1.03,30250,,,,,,,,,
0.0571,0.06999813765287399,1.9652687657946862e-05,1.03,30300,,,,,,,,,
0.0416,3.8320200443267822,1.9635612321562735e-05,1.04,30350,,,,,,,,,
0.0304,0.15662160515785217,1.9618536985178607e-05,1.04,30400,,,,,,,,,
0.0333,0.03993644937872887,1.9601461648794483e-05,1.04,30450,,,,,,,,,
0.0518,15.593750953674316,1.9584386312410356e-05,1.04,30500,,,,,,,,,
0.0519,0.18865768611431122,1.9567310976026228e-05,1.04,30550,,,,,,,,,
0.0716,15.722428321838379,1.95502356396421e-05,1.05,30600,,,,,,,,,
0.0442,0.10490034520626068,1.9533160303257977e-05,1.05,30650,,,,,,,,,
0.0506,6.493270397186279,1.951608496687385e-05,1.05,30700,,,,,,,,,
0.0666,0.5384589433670044,1.9499009630489722e-05,1.05,30750,,,,,,,,,
0.0534,4.2824015617370605,1.9481934294105594e-05,1.05,30800,,,,,,,,,
0.059,0.4185371696949005,1.9464858957721467e-05,1.05,30850,,,,,,,,,
0.0418,13.70939826965332,1.944778362133734e-05,1.06,30900,,,,,,,,,
0.0417,1.3646597862243652,1.9430708284953212e-05,1.06,30950,,,,,,,,,
0.0362,12.608146667480469,1.9413632948569088e-05,1.06,31000,,,,,,,,,
0.0481,8.711492538452148,1.939655761218496e-05,1.06,31050,,,,,,,,,
0.0228,18.260204315185547,1.9379482275800833e-05,1.06,31100,,,,,,,,,
0.0504,8.721336364746094,1.9362406939416706e-05,1.06,31150,,,,,,,,,
0.0676,0.5398514866828918,1.934533160303258e-05,1.07,31200,,,,,,,,,
0.0376,0.018794961273670197,1.932825626664845e-05,1.07,31250,,,,,,,,,
0.0443,0.9097459316253662,1.9311180930264327e-05,1.07,31300,,,,,,,,,
0.0541,0.16026243567466736,1.92941055938802e-05,1.07,31350,,,,,,,,,
0.0558,14.439416885375977,1.9277030257496075e-05,1.07,31400,,,,,,,,,
0.046,8.718104362487793,1.9259954921111944e-05,1.07,31450,,,,,,,,,
0.0548,1.680879831314087,1.924287958472782e-05,1.08,31500,,,,,,,,,
0.058,12.079413414001465,1.9225804248343693e-05,1.08,31550,,,,,,,,,
0.0828,0.0935201495885849,1.920872891195957e-05,1.08,31600,,,,,,,,,
0.0489,3.319791793823242,1.9191653575575438e-05,1.08,31650,,,,,,,,,
0.0542,0.047431789338588715,1.9174578239191314e-05,1.08,31700,,,,,,,,,
0.0443,6.3274970054626465,1.9157502902807187e-05,1.08,31750,,,,,,,,,
0.0522,2.0896947383880615,1.914042756642306e-05,1.09,31800,,,,,,,,,
0.029,5.196216106414795,1.912335223003893e-05,1.09,31850,,,,,,,,,
0.0664,8.627825736999512,1.9106276893654808e-05,1.09,31900,,,,,,,,,
0.0348,0.08372870832681656,1.908920155727068e-05,1.09,31950,,,,,,,,,
0.0566,3.594897508621216,1.9072126220886553e-05,1.09,32000,,,,,,,,,
0.0478,4.006403923034668,1.9055050884502425e-05,1.09,32050,,,,,,,,,
0.0311,2.5759384632110596,1.9037975548118298e-05,1.1,32100,,,,,,,,,
0.0422,19.73426055908203,1.902090021173417e-05,1.1,32150,,,,,,,,,
0.0596,0.5850741267204285,1.9003824875350043e-05,1.1,32200,,,,,,,,,
0.0535,5.402434349060059,1.898674953896592e-05,1.1,32250,,,,,,,,,
0.0549,0.3545342981815338,1.896967420258179e-05,1.1,32300,,,,,,,,,
0.0527,0.3838626444339752,1.8952598866197664e-05,1.1,32350,,,,,,,,,
0.0545,5.743988037109375,1.8935523529813537e-05,1.11,32400,,,,,,,,,
0.0395,2.2671501636505127,1.8918448193429412e-05,1.11,32450,,,,,,,,,
0.0396,0.04164494201540947,1.890137285704528e-05,1.11,32500,,,,,,,,,
0.0577,2.7842700481414795,1.8884297520661158e-05,1.11,32550,,,,,,,,,
0.0476,0.028885994106531143,1.886722218427703e-05,1.11,32600,,,,,,,,,
0.0499,6.511068344116211,1.8850146847892906e-05,1.12,32650,,,,,,,,,
0.0625,2.1783249378204346,1.8833071511508775e-05,1.12,32700,,,,,,,,,
0.0393,0.13500481843948364,1.881599617512465e-05,1.12,32750,,,,,,,,,
0.0495,7.550755023956299,1.8798920838740524e-05,1.12,32800,,,,,,,,,
0.0487,0.202383890748024,1.87818455023564e-05,1.12,32850,,,,,,,,,
0.0361,0.6450230479240417,1.876477016597227e-05,1.12,32900,,,,,,,,,
0.0572,0.787563681602478,1.8747694829588145e-05,1.13,32950,,,,,,,,,
0.0391,0.05256722494959831,1.8730619493204017e-05,1.13,33000,,,,,,,,,
0.0419,3.630108594894409,1.871354415681989e-05,1.13,33050,,,,,,,,,
0.0784,0.18031629920005798,1.8696468820435762e-05,1.13,33100,,,,,,,,,
0.058,0.09354332089424133,1.8679393484051635e-05,1.13,33150,,,,,,,,,
0.0399,0.16089798510074615,1.866231814766751e-05,1.13,33200,,,,,,,,,
0.0663,7.613320827484131,1.864524281128338e-05,1.14,33250,,,,,,,,,
0.0375,0.5329974889755249,1.8628167474899256e-05,1.14,33300,,,,,,,,,
0.0479,0.015246901661157608,1.861109213851513e-05,1.14,33350,,,,,,,,,
0.0351,0.0008926103473640978,1.8594016802131e-05,1.14,33400,,,,,,,,,
0.0402,11.75560474395752,1.8576941465746874e-05,1.14,33450,,,,,,,,,
0.0608,2.942707061767578,1.855986612936275e-05,1.14,33500,,,,,,,,,
0.0558,13.086653709411621,1.8542790792978622e-05,1.15,33550,,,,,,,,,
0.0309,6.8699421882629395,1.8525715456594495e-05,1.15,33600,,,,,,,,,
0.0529,0.14919903874397278,1.8508640120210367e-05,1.15,33650,,,,,,,,,
0.0787,6.616836071014404,1.8491564783826243e-05,1.15,33700,,,,,,,,,
0.0338,0.18656280636787415,1.8474489447442116e-05,1.15,33750,,,,,,,,,
0.0424,24.943035125732422,1.845741411105799e-05,1.15,33800,,,,,,,,,
0.0747,0.12787394225597382,1.844033877467386e-05,1.16,33850,,,,,,,,,
0.0505,1.6239923238754272,1.8423263438289737e-05,1.16,33900,,,,,,,,,
0.0485,0.07299057394266129,1.8406188101905606e-05,1.16,33950,,,,,,,,,
0.045,10.81114673614502,1.8389112765521482e-05,1.16,34000,,,,,,,,,
0.0525,1.4141453504562378,1.8372037429137355e-05,1.16,34050,,,,,,,,,
0.047,1.4755090475082397,1.835496209275323e-05,1.16,34100,,,,,,,,,
0.0306,0.4323974549770355,1.83378867563691e-05,1.17,34150,,,,,,,,,
0.058,0.09196498990058899,1.8320811419984976e-05,1.17,34200,,,,,,,,,
0.028,3.629997730255127,1.8303736083600848e-05,1.17,34250,,,,,,,,,
0.0351,4.278726100921631,1.828666074721672e-05,1.17,34300,,,,,,,,,
0.0538,0.021030239760875702,1.8269585410832593e-05,1.17,34350,,,,,,,,,
0.0519,0.6420033574104309,1.8252510074448466e-05,1.17,34400,,,,,,,,,
0.0512,12.573293685913086,1.8235434738064342e-05,1.18,34450,,,,,,,,,
0.0388,0.09361686557531357,1.821835940168021e-05,1.18,34500,,,,,,,,,
0.0526,28.11209487915039,1.8201284065296087e-05,1.18,34550,,,,,,,,,
0.0409,2.0706679821014404,1.818420872891196e-05,1.18,34600,,,,,,,,,
0.0603,0.02526407316327095,1.8167133392527835e-05,1.18,34650,,,,,,,,,
0.0366,0.14043666422367096,1.8150058056143705e-05,1.19,34700,,,,,,,,,
0.051,0.053018104285001755,1.813298271975958e-05,1.19,34750,,,,,,,,,
0.0591,0.057902153581380844,1.8115907383375453e-05,1.19,34800,,,,,,,,,
0.0372,5.922107696533203,1.8098832046991326e-05,1.19,34850,,,,,,,,,
0.0357,3.7522387504577637,1.8081756710607198e-05,1.19,34900,,,,,,,,,
0.0632,3.771442413330078,1.8064681374223074e-05,1.19,34950,,,,,,,,,
0.053,0.1865588277578354,1.8047606037838947e-05,1.2,35000,,,,,,,,,
,,,1.2,35000,0.08761942386627197,297.8278,394.5,24.659,,,,,
0.0396,0.02960333600640297,1.803053070145482e-05,1.2,35050,,,,,,,,,
0.0431,0.11560118198394775,1.8013455365070692e-05,1.2,35100,,,,,,,,,
0.0653,17.435022354125977,1.7996380028686568e-05,1.2,35150,,,,,,,,,
0.0287,0.004798930138349533,1.7979304692302437e-05,1.2,35200,,,,,,,,,
0.0533,0.3754219710826874,1.7962229355918313e-05,1.2,35250,,,,,,,,,
0.0314,7.555736064910889,1.7945154019534185e-05,1.21,35300,,,,,,,,,
0.0685,9.336950302124023,1.792807868315006e-05,1.21,35350,,,,,,,,,
0.0563,0.29588454961776733,1.791100334676593e-05,1.21,35400,,,,,,,,,
0.0405,0.2928240895271301,1.7893928010381803e-05,1.21,35450,,,,,,,,,
0.0535,0.049312494695186615,1.787685267399768e-05,1.21,35500,,,,,,,,,
0.0371,0.17477825284004211,1.7859777337613548e-05,1.21,35550,,,,,,,,,
0.0389,0.2701055109500885,1.7842702001229424e-05,1.22,35600,,,,,,,,,
0.0639,0.12602053582668304,1.7825626664845297e-05,1.22,35650,,,,,,,,,
0.0506,0.3587650954723358,1.7808551328461173e-05,1.22,35700,,,,,,,,,
0.0474,4.044670581817627,1.7791475992077042e-05,1.22,35750,,,,,,,,,
0.0285,0.11117018759250641,1.7774400655692918e-05,1.22,35800,,,,,,,,,
0.0493,0.010263721458613873,1.775732531930879e-05,1.22,35850,,,,,,,,,
0.0311,1.6352205276489258,1.7740249982924666e-05,1.23,35900,,,,,,,,,
0.0618,0.996548593044281,1.7723174646540535e-05,1.23,35950,,,,,,,,,
0.0421,0.7985303401947021,1.770609931015641e-05,1.23,36000,,,,,,,,,
0.0598,2.223463296890259,1.7689023973772284e-05,1.23,36050,,,,,,,,,
0.0455,0.0062887463718652725,1.7671948637388157e-05,1.23,36100,,,,,,,,,
0.0693,3.120623826980591,1.765487330100403e-05,1.23,36150,,,,,,,,,
0.0274,1.820116400718689,1.7637797964619905e-05,1.24,36200,,,,,,,,,
0.0585,5.318448543548584,1.7620722628235778e-05,1.24,36250,,,,,,,,,
0.0259,0.9975290894508362,1.760364729185165e-05,1.24,36300,,,,,,,,,
0.0446,13.8782377243042,1.7586571955467523e-05,1.24,36350,,,,,,,,,
0.0593,10.946724891662598,1.75694966190834e-05,1.24,36400,,,,,,,,,
0.0368,0.009352520108222961,1.7552421282699268e-05,1.24,36450,,,,,,,,,
0.0546,22.159486770629883,1.7535345946315144e-05,1.25,36500,,,,,,,,,
0.0376,0.1034645065665245,1.7518270609931016e-05,1.25,36550,,,,,,,,,
0.044,0.06540176272392273,1.750119527354689e-05,1.25,36600,,,,,,,,,
0.0374,0.2610064148902893,1.748411993716276e-05,1.25,36650,,,,,,,,,
0.034,0.2833237648010254,1.7467044600778634e-05,1.25,36700,,,,,,,,,
0.0564,0.1593359410762787,1.744996926439451e-05,1.26,36750,,,,,,,,,
0.0896,1.3504008054733276,1.7432893928010382e-05,1.26,36800,,,,,,,,,
0.0268,0.9133732914924622,1.7415818591626255e-05,1.26,36850,,,,,,,,,
0.0655,0.023725664243102074,1.7398743255242128e-05,1.26,36900,,,,,,,,,
0.0578,0.10861311107873917,1.7381667918858004e-05,1.26,36950,,,,,,,,,
0.0453,1.8024189472198486,1.7364592582473873e-05,1.26,37000,,,,,,,,,
0.0618,0.47268038988113403,1.734751724608975e-05,1.27,37050,,,,,,,,,
0.045,2.5039355754852295,1.733044190970562e-05,1.27,37100,,,,,,,,,
0.0499,1.910903811454773,1.7313366573321497e-05,1.27,37150,,,,,,,,,
0.0467,0.2145310491323471,1.7296291236937366e-05,1.27,37200,,,,,,,,,
0.044,0.023330090567469597,1.7279215900553242e-05,1.27,37250,,,,,,,,,
0.0347,0.028645437210798264,1.7262140564169115e-05,1.27,37300,,,,,,,,,
0.0504,3.0322322845458984,1.7245065227784987e-05,1.28,37350,,,,,,,,,
0.0695,0.43356937170028687,1.722798989140086e-05,1.28,37400,,,,,,,,,
0.0426,4.248358249664307,1.7210914555016736e-05,1.28,37450,,,,,,,,,
0.0502,0.010974644683301449,1.719383921863261e-05,1.28,37500,,,,,,,,,
0.0405,0.04527735710144043,1.717676388224848e-05,1.28,37550,,,,,,,,,
0.0337,9.995866775512695,1.7159688545864354e-05,1.28,37600,,,,,,,,,
0.0698,2.6450998783111572,1.714261320948023e-05,1.29,37650,,,,,,,,,
0.0321,0.062119193375110626,1.7125537873096102e-05,1.29,37700,,,,,,,,,
0.0364,4.354048252105713,1.710846253671197e-05,1.29,37750,,,,,,,,,
0.0402,3.3421177864074707,1.7091387200327847e-05,1.29,37800,,,,,,,,,
0.058,0.009908740408718586,1.707431186394372e-05,1.29,37850,,,,,,,,,
0.0434,8.866374015808105,1.7057236527559592e-05,1.29,37900,,,,,,,,,
0.0538,9.371124267578125,1.7040161191175465e-05,1.3,37950,,,,,,,,,
0.0454,0.07498950511217117,1.702308585479134e-05,1.3,38000,,,,,,,,,
0.0358,0.13708126544952393,1.7006010518407213e-05,1.3,38050,,,,,,,,,
0.0394,0.043447382748126984,1.6988935182023086e-05,1.3,38100,,,,,,,,,
0.0398,0.059029750525951385,1.697185984563896e-05,1.3,38150,,,,,,,,,
0.0808,0.04667913541197777,1.6954784509254834e-05,1.3,38200,,,,,,,,,
0.0249,0.05420927330851555,1.6937709172870704e-05,1.31,38250,,,,,,,,,
0.0539,0.6490269899368286,1.692063383648658e-05,1.31,38300,,,,,,,,,
0.0471,0.017087306827306747,1.6903558500102452e-05,1.31,38350,,,,,,,,,
0.0605,2.2735610008239746,1.6886483163718328e-05,1.31,38400,,,,,,,,,
0.04,0.042852941900491714,1.6869407827334197e-05,1.31,38450,,,,,,,,,
0.0325,2.527263879776001,1.6852332490950073e-05,1.31,38500,,,,,,,,,
0.0754,2.748971700668335,1.6835257154565946e-05,1.32,38550,,,,,,,,,
0.0339,10.833544731140137,1.6818181818181818e-05,1.32,38600,,,,,,,,,
0.0399,4.290440082550049,1.680110648179769e-05,1.32,38650,,,,,,,,,
0.0335,0.0018422107677906752,1.6784031145413567e-05,1.32,38700,,,,,,,,,
0.0453,0.19521450996398926,1.676695580902944e-05,1.32,38750,,,,,,,,,
0.045,3.420140027999878,1.6749880472645312e-05,1.33,38800,,,,,,,,,
0.0465,0.250434011220932,1.6732805136261184e-05,1.33,38850,,,,,,,,,
0.0451,2.3517372608184814,1.6715729799877057e-05,1.33,38900,,,,,,,,,
0.0589,1.1407023668289185,1.6698654463492933e-05,1.33,38950,,,,,,,,,
0.031,5.36439323425293,1.6681579127108802e-05,1.33,39000,,,,,,,,,
0.0387,0.01819578930735588,1.6664503790724678e-05,1.33,39050,,,,,,,,,
0.058,0.02709384821355343,1.664742845434055e-05,1.34,39100,,,,,,,,,
0.0515,0.24422083795070648,1.6630353117956423e-05,1.34,39150,,,,,,,,,
0.0333,0.12138628959655762,1.6613277781572296e-05,1.34,39200,,,,,,,,,
0.036,7.4408087730407715,1.659620244518817e-05,1.34,39250,,,,,,,,,
0.0583,0.16696031391620636,1.6579127108804044e-05,1.34,39300,,,,,,,,,
0.0599,0.04832135885953903,1.6562051772419917e-05,1.34,39350,,,,,,,,,
0.0314,1.3277029991149902,1.654497643603579e-05,1.35,39400,,,,,,,,,
0.0398,2.461360216140747,1.6527901099651665e-05,1.35,39450,,,,,,,,,
0.049,0.05639636144042015,1.6510825763267534e-05,1.35,39500,,,,,,,,,
0.0486,0.9724550247192383,1.649375042688341e-05,1.35,39550,,,,,,,,,
0.0238,12.936068534851074,1.6476675090499283e-05,1.35,39600,,,,,,,,,
0.0634,0.06667697429656982,1.645959975411516e-05,1.35,39650,,,,,,,,,
0.0238,0.24226751923561096,1.6442524417731028e-05,1.36,39700,,,,,,,,,
0.057,0.08656147867441177,1.6425449081346904e-05,1.36,39750,,,,,,,,,
0.0476,0.19898387789726257,1.6408373744962777e-05,1.36,39800,,,,,,,,,
0.0547,1.3120694160461426,1.6391298408578652e-05,1.36,39850,,,,,,,,,
0.0537,4.053360462188721,1.637422307219452e-05,1.36,39900,,,,,,,,,
0.0421,0.16653811931610107,1.6357147735810398e-05,1.36,39950,,,,,,,,,
0.0428,0.016120268031954765,1.634007239942627e-05,1.37,40000,,,,,,,,,
,,,1.37,40000,0.0990937203168869,296.1596,396.722,24.797,,,,,
0.0505,0.5909609794616699,1.632299706304214e-05,1.37,40050,,,,,,,,,
0.0355,0.17051389813423157,1.6305921726658015e-05,1.37,40100,,,,,,,,,
0.0686,0.011212706565856934,1.6288846390273888e-05,1.37,40150,,,,,,,,,
0.0558,10.751128196716309,1.6271771053889764e-05,1.37,40200,,,,,,,,,
0.0346,2.5786163806915283,1.6254695717505633e-05,1.37,40250,,,,,,,,,
0.0512,0.42588838934898376,1.623762038112151e-05,1.38,40300,,,,,,,,,
0.0377,0.0261236522346735,1.622054504473738e-05,1.38,40350,,,,,,,,,
0.0626,2.332468271255493,1.6203469708353254e-05,1.38,40400,,,,,,,,,
0.0386,5.995308876037598,1.6186394371969127e-05,1.38,40450,,,,,,,,,
0.0413,0.01505785621702671,1.6169319035585003e-05,1.38,40500,,,,,,,,,
0.0489,5.950037479400635,1.6152243699200875e-05,1.38,40550,,,,,,,,,
0.0652,0.3224588930606842,1.6135168362816748e-05,1.39,40600,,,,,,,,,
0.0256,0.13692429661750793,1.611809302643262e-05,1.39,40650,,,,,,,,,
0.0675,1.7910445928573608,1.6101017690048496e-05,1.39,40700,,,,,,,,,
0.0612,12.198701858520508,1.6083942353664365e-05,1.39,40750,,,,,,,,,
0.0236,0.05419967696070671,1.606686701728024e-05,1.39,40800,,,,,,,,,
0.044,3.871931552886963,1.6049791680896114e-05,1.4,40850,,,,,,,,,
0.0314,11.46941089630127,1.603271634451199e-05,1.4,40900,,,,,,,,,
0.0447,0.8978912234306335,1.601564100812786e-05,1.4,40950,,,,,,,,,
0.0612,7.692254066467285,1.5998565671743735e-05,1.4,41000,,,,,,,,,
0.0686,11.218644142150879,1.5981490335359607e-05,1.4,41050,,,,,,,,,
0.0358,7.160709857940674,1.5964414998975483e-05,1.4,41100,,,,,,,,,
0.032,0.008360328152775764,1.5947339662591353e-05,1.41,41150,,,,,,,,,
0.0464,0.35179123282432556,1.5930264326207225e-05,1.41,41200,,,,,,,,,
0.039,3.0076708793640137,1.59131889898231e-05,1.41,41250,,,,,,,,,
0.0351,9.78265380859375,1.589611365343897e-05,1.41,41300,,,,,,,,,
0.0327,0.37754151225090027,1.5879038317054846e-05,1.41,41350,,,,,,,,,
0.0518,0.04096974804997444,1.586196298067072e-05,1.41,41400,,,,,,,,,
0.0342,1.8822650909423828,1.5844887644286595e-05,1.42,41450,,,,,,,,,
0.0677,12.733304023742676,1.5827812307902464e-05,1.42,41500,,,,,,,,,
0.051,0.04071739688515663,1.581073697151834e-05,1.42,41550,,,,,,,,,
0.0227,3.7359097003936768,1.5793661635134212e-05,1.42,41600,,,,,,,,,
0.0535,0.13880769908428192,1.5776586298750085e-05,1.42,41650,,,,,,,,,
0.0458,9.277532577514648,1.5759510962365957e-05,1.42,41700,,,,,,,,,
0.0358,0.03511321544647217,1.5742435625981833e-05,1.43,41750,,,,,,,,,
0.0498,0.028818398714065552,1.5725360289597706e-05,1.43,41800,,,,,,,,,
0.0617,0.36141088604927063,1.570828495321358e-05,1.43,41850,,,,,,,,,
0.0546,0.029684530571103096,1.569120961682945e-05,1.43,41900,,,,,,,,,
0.0509,6.507080554962158,1.5674134280445327e-05,1.43,41950,,,,,,,,,
0.0611,4.667026519775391,1.56570589440612e-05,1.43,42000,,,,,,,,,
0.0491,3.642826795578003,1.5639983607677072e-05,1.44,42050,,,,,,,,,
0.0481,22.08719825744629,1.5622908271292945e-05,1.44,42100,,,,,,,,,
0.0209,0.6872521042823792,1.560583293490882e-05,1.44,42150,,,,,,,,,
0.0466,2.331589460372925,1.558875759852469e-05,1.44,42200,,,,,,,,,
0.0559,1.8666480779647827,1.5571682262140566e-05,1.44,42250,,,,,,,,,
0.0291,0.3793070912361145,1.5554606925756438e-05,1.44,42300,,,,,,,,,
0.061,12.833536148071289,1.553753158937231e-05,1.45,42350,,,,,,,,,
0.053,0.13186606764793396,1.5520456252988183e-05,1.45,42400,,,,,,,,,
0.0414,0.015182298608124256,1.5503380916604056e-05,1.45,42450,,,,,,,,,
0.0468,2.970698833465576,1.5486305580219932e-05,1.45,42500,,,,,,,,,
0.0445,0.04355320706963539,1.54692302438358e-05,1.45,42550,,,,,,,,,
0.0312,7.191176891326904,1.5452154907451677e-05,1.45,42600,,,,,,,,,
0.0341,0.7218359112739563,1.543507957106755e-05,1.46,42650,,,,,,,,,
0.0518,1.4748159646987915,1.5418004234683425e-05,1.46,42700,,,,,,,,,
0.0231,0.005711687263101339,1.5400928898299295e-05,1.46,42750,,,,,,,,,
0.0462,33.88637161254883,1.538385356191517e-05,1.46,42800,,,,,,,,,
0.0374,0.12904192507266998,1.5366778225531043e-05,1.46,42850,,,,,,,,,
0.0604,5.725635528564453,1.534970288914692e-05,1.47,42900,,,,,,,,,
0.0329,0.026464339345693588,1.5332627552762788e-05,1.47,42950,,,,,,,,,
0.0523,1.920335054397583,1.5315552216378664e-05,1.47,43000,,,,,,,,,
0.0514,3.398909568786621,1.5298476879994537e-05,1.47,43050,,,,,,,,,
0.0323,0.25461339950561523,1.528140154361041e-05,1.47,43100,,,,,,,,,
0.0365,2.591120958328247,1.5264326207226282e-05,1.47,43150,,,,,,,,,
0.0504,3.288752317428589,1.5247250870842156e-05,1.48,43200,,,,,,,,,
0.0354,8.407695770263672,1.523017553445803e-05,1.48,43250,,,,,,,,,
0.052,0.03760235756635666,1.5213100198073901e-05,1.48,43300,,,,,,,,,
0.0275,0.04781326651573181,1.5196024861689776e-05,1.48,43350,,,,,,,,,
0.0355,0.026723243296146393,1.517894952530565e-05,1.48,43400,,,,,,,,,
0.0399,1.4866020679473877,1.516187418892152e-05,1.48,43450,,,,,,,,,
0.0455,0.05744196102023125,1.5144798852537395e-05,1.49,43500,,,,,,,,,
0.0383,1.6942535638809204,1.5127723516153269e-05,1.49,43550,,,,,,,,,
0.0698,5.156979084014893,1.5110648179769143e-05,1.49,43600,,,,,,,,,
0.0509,1.399914026260376,1.5093572843385014e-05,1.49,43650,,,,,,,,,
0.0398,19.088054656982422,1.5076497507000888e-05,1.49,43700,,,,,,,,,
0.03,6.07484245300293,1.5059422170616763e-05,1.49,43750,,,,,,,,,
0.0476,3.304311513900757,1.5042346834232634e-05,1.5,43800,,,,,,,,,
0.0214,0.13152234256267548,1.5025271497848508e-05,1.5,43850,,,,,,,,,
0.0485,0.20258916914463043,1.5008196161464382e-05,1.5,43900,,,,,,,,,
0.0519,0.07419127970933914,1.4991120825080255e-05,1.5,43950,,,,,,,,,
0.0358,15.385141372680664,1.4974045488696129e-05,1.5,44000,,,,,,,,,
0.0653,10.491413116455078,1.4956970152312e-05,1.5,44050,,,,,,,,,
0.0466,3.160123109817505,1.4939894815927874e-05,1.51,44100,,,,,,,,,
0.0688,0.589024007320404,1.4922819479543747e-05,1.51,44150,,,,,,,,,
0.0664,0.15440961718559265,1.490574414315962e-05,1.51,44200,,,,,,,,,
0.0443,0.22849777340888977,1.4888668806775493e-05,1.51,44250,,,,,,,,,
0.0252,0.003621458075940609,1.4871593470391366e-05,1.51,44300,,,,,,,,,
0.0622,0.2997141182422638,1.485451813400724e-05,1.51,44350,,,,,,,,,
0.0545,19.71326446533203,1.4837442797623113e-05,1.52,44400,,,,,,,,,
0.0275,2.5047826766967773,1.4820367461238987e-05,1.52,44450,,,,,,,,,
0.0617,0.4992191791534424,1.480329212485486e-05,1.52,44500,,,,,,,,,
0.0449,0.14331188797950745,1.4786216788470734e-05,1.52,44550,,,,,,,,,
0.061,0.5150874257087708,1.4769141452086606e-05,1.52,44600,,,,,,,,,
0.0534,0.43036097288131714,1.475206611570248e-05,1.52,44650,,,,,,,,,
0.0535,3.605024814605713,1.4734990779318353e-05,1.53,44700,,,,,,,,,
0.0271,0.11702190339565277,1.4717915442934226e-05,1.53,44750,,,,,,,,,
0.0479,0.04651208221912384,1.47008401065501e-05,1.53,44800,,,,,,,,,
0.0476,55.354759216308594,1.4683764770165973e-05,1.53,44850,,,,,,,,,
0.0504,0.014398235827684402,1.4666689433781847e-05,1.53,44900,,,,,,,,,
0.052,0.521073579788208,1.464961409739772e-05,1.54,44950,,,,,,,,,
0.0492,0.06118498742580414,1.4632538761013594e-05,1.54,45000,,,,,,,,,
,,,1.54,45000,0.08603781461715698,297.4394,395.015,24.691,,,,,
0.0201,0.06637879461050034,1.4615463424629466e-05,1.54,45050,,,,,,,,,
0.0666,0.3156074583530426,1.4598388088245339e-05,1.54,45100,,,,,,,,,
0.0383,2.9812474250793457,1.4581312751861213e-05,1.54,45150,,,,,,,,,
0.0632,4.28956413269043,1.4564237415477084e-05,1.54,45200,,,,,,,,,
0.0477,3.8143372535705566,1.4547162079092958e-05,1.55,45250,,,,,,,,,
0.0682,7.9387431144714355,1.453008674270883e-05,1.55,45300,,,,,,,,,
0.0386,0.40519943833351135,1.4513011406324705e-05,1.55,45350,,,,,,,,,
0.0543,0.03967636823654175,1.4495936069940577e-05,1.55,45400,,,,,,,,,
0.0413,1.1480001211166382,1.4478860733556452e-05,1.55,45450,,,,,,,,,
0.0537,0.038866572082042694,1.4461785397172324e-05,1.55,45500,,,,,,,,,
0.0358,0.4244310259819031,1.4444710060788197e-05,1.56,45550,,,,,,,,,
0.0284,0.026484262198209763,1.4427634724404071e-05,1.56,45600,,,,,,,,,
0.0455,0.07116970419883728,1.4410559388019944e-05,1.56,45650,,,,,,,,,
0.0369,2.109639883041382,1.4393484051635818e-05,1.56,45700,,,,,,,,,
0.0327,14.104496002197266,1.437640871525169e-05,1.56,45750,,,,,,,,,
0.0433,0.534854531288147,1.4359333378867565e-05,1.56,45800,,,,,,,,,
0.051,0.014447573572397232,1.4342258042483437e-05,1.57,45850,,,,,,,,,
0.0376,9.629205703735352,1.4325182706099311e-05,1.57,45900,,,,,,,,,
0.0463,0.26898306608200073,1.4308107369715184e-05,1.57,45950,,,,,,,,,
0.0357,15.63398551940918,1.4291032033331057e-05,1.57,46000,,,,,,,,,
0.0225,0.14194294810295105,1.427395669694693e-05,1.57,46050,,,,,,,,,
0.0274,0.4830065965652466,1.4256881360562803e-05,1.57,46100,,,,,,,,,
0.0579,10.737996101379395,1.4239806024178678e-05,1.58,46150,,,,,,,,,
0.037,0.049337562173604965,1.422273068779455e-05,1.58,46200,,,,,,,,,
0.0437,0.6183040738105774,1.4205655351410424e-05,1.58,46250,,,,,,,,,
0.0632,4.741257667541504,1.4188580015026297e-05,1.58,46300,,,,,,,,,
0.0373,0.1492593139410019,1.417150467864217e-05,1.58,46350,,,,,,,,,
0.0508,4.3690595626831055,1.4154429342258042e-05,1.58,46400,,,,,,,,,
0.0474,0.454364538192749,1.4137354005873915e-05,1.59,46450,,,,,,,,,
0.0652,0.12513330578804016,1.4120278669489789e-05,1.59,46500,,,,,,,,,
0.0493,0.8418315052986145,1.4103203333105661e-05,1.59,46550,,,,,,,,,
0.0464,13.24272632598877,1.4086127996721536e-05,1.59,46600,,,,,,,,,
0.0304,0.3362497091293335,1.4069052660337408e-05,1.59,46650,,,,,,,,,
0.0259,0.10908176749944687,1.4051977323953283e-05,1.59,46700,,,,,,,,,
0.0576,1.5499074459075928,1.4034901987569155e-05,1.6,46750,,,,,,,,,
0.0386,4.525437355041504,1.401782665118503e-05,1.6,46800,,,,,,,,,
0.0496,14.569693565368652,1.4000751314800902e-05,1.6,46850,,,,,,,,,
0.0308,1.5898140668869019,1.3983675978416774e-05,1.6,46900,,,,,,,,,
0.028,21.175018310546875,1.3966600642032649e-05,1.6,46950,,,,,,,,,
0.0429,0.265814870595932,1.3949525305648521e-05,1.61,47000,,,,,,,,,
0.0531,0.10846899449825287,1.3932449969264396e-05,1.61,47050,,,,,,,,,
0.0444,3.706310749053955,1.3915374632880268e-05,1.61,47100,,,,,,,,,
0.0509,0.1069614514708519,1.3898299296496142e-05,1.61,47150,,,,,,,,,
0.0375,5.678163528442383,1.3881223960112015e-05,1.61,47200,,,,,,,,,
0.0728,0.007892129011452198,1.3864148623727889e-05,1.61,47250,,,,,,,,,
0.0453,0.47516101598739624,1.3847073287343762e-05,1.62,47300,,,,,,,,,
0.0473,5.941702365875244,1.3829997950959634e-05,1.62,47350,,,,,,,,,
0.0402,2.181619882583618,1.3812922614575508e-05,1.62,47400,,,,,,,,,
0.0209,0.043122053146362305,1.3795847278191381e-05,1.62,47450,,,,,,,,,
0.043,4.3459672927856445,1.3778771941807254e-05,1.62,47500,,,,,,,,,
0.0667,0.22522681951522827,1.3761696605423126e-05,1.62,47550,,,,,,,,,
0.0388,4.235260486602783,1.3744621269039e-05,1.63,47600,,,,,,,,,
0.0353,1.5286723375320435,1.3727545932654873e-05,1.63,47650,,,,,,,,,
0.0384,3.4986886978149414,1.3710470596270746e-05,1.63,47700,,,,,,,,,
0.0546,1.1461443901062012,1.369339525988662e-05,1.63,47750,,,,,,,,,
0.0443,0.2745378613471985,1.3676319923502492e-05,1.63,47800,,,,,,,,,
0.0332,2.4931480884552,1.3659244587118367e-05,1.63,47850,,,,,,,,,
0.0238,0.12480507045984268,1.3642169250734239e-05,1.64,47900,,,,,,,,,
0.0385,27.456727981567383,1.3625093914350113e-05,1.64,47950,,,,,,,,,
0.0456,0.2451208531856537,1.3608018577965986e-05,1.64,48000,,,,,,,,,
0.0552,0.10788459330797195,1.359094324158186e-05,1.64,48050,,,,,,,,,
0.0311,8.123814582824707,1.3573867905197733e-05,1.64,48100,,,,,,,,,
0.0413,0.17388945817947388,1.3556792568813605e-05,1.64,48150,,,,,,,,,
0.0478,1.4671865701675415,1.353971723242948e-05,1.65,48200,,,,,,,,,
0.0532,0.051020245999097824,1.3522641896045352e-05,1.65,48250,,,,,,,,,
0.0403,0.18016809225082397,1.3505566559661226e-05,1.65,48300,,,,,,,,,
0.0454,0.019279340282082558,1.3488491223277099e-05,1.65,48350,,,,,,,,,
0.0512,10.14685344696045,1.3471415886892973e-05,1.65,48400,,,,,,,,,
0.0395,6.211441993713379,1.3454340550508846e-05,1.65,48450,,,,,,,,,
0.024,0.014290792867541313,1.343726521412472e-05,1.66,48500,,,,,,,,,
0.0268,0.01435667835175991,1.3420189877740593e-05,1.66,48550,,,,,,,,,
0.072,0.5474321842193604,1.3403114541356465e-05,1.66,48600,,,,,,,,,
0.039,0.441719114780426,1.3386039204972338e-05,1.66,48650,,,,,,,,,
0.0413,0.45867103338241577,1.336896386858821e-05,1.66,48700,,,,,,,,,
0.0328,0.046906325966119766,1.3351888532204084e-05,1.66,48750,,,,,,,,,
0.0462,11.63364315032959,1.3334813195819957e-05,1.67,48800,,,,,,,,,
0.0359,1.7584630250930786,1.3317737859435831e-05,1.67,48850,,,,,,,,,
0.0261,0.8938585519790649,1.3300662523051704e-05,1.67,48900,,,,,,,,,
0.0423,0.9916820526123047,1.3283587186667578e-05,1.67,48950,,,,,,,,,
0.0356,0.21577836573123932,1.326651185028345e-05,1.67,49000,,,,,,,,,
0.0367,0.0048451609909534454,1.3249436513899323e-05,1.68,49050,,,,,,,,,
0.045,21.55515480041504,1.3232361177515197e-05,1.68,49100,,,,,,,,,
0.0284,23.691190719604492,1.321528584113107e-05,1.68,49150,,,,,,,,,
0.0416,0.025118310004472733,1.3198210504746944e-05,1.68,49200,,,,,,,,,
0.0595,0.4578089714050293,1.3181135168362817e-05,1.68,49250,,,,,,,,,
0.0379,1.9502660036087036,1.3164059831978691e-05,1.68,49300,,,,,,,,,
0.033,1.8555210828781128,1.3146984495594564e-05,1.69,49350,,,,,,,,,
0.0455,0.3007606267929077,1.3129909159210438e-05,1.69,49400,,,,,,,,,
0.0527,2.6742212772369385,1.311283382282631e-05,1.69,49450,,,,,,,,,
0.0431,0.008978186175227165,1.3095758486442183e-05,1.69,49500,,,,,,,,,
0.0435,0.14111098647117615,1.3078683150058057e-05,1.69,49550,,,,,,,,,
0.0325,0.021828165277838707,1.306160781367393e-05,1.69,49600,,,,,,,,,
0.0731,0.026555024087429047,1.3044532477289804e-05,1.7,49650,,,,,,,,,
0.0247,0.03866630047559738,1.3027457140905677e-05,1.7,49700,,,,,,,,,
0.0302,0.1316949725151062,1.301038180452155e-05,1.7,49750,,,,,,,,,
0.0332,0.12693142890930176,1.2993306468137422e-05,1.7,49800,,,,,,,,,
0.0367,1.2472617626190186,1.2976231131753296e-05,1.7,49850,,,,,,,,,
0.0443,0.018843306228518486,1.2959155795369169e-05,1.7,49900,,,,,,,,,
0.0612,3.2186598777770996,1.2942080458985041e-05,1.71,49950,,,,,,,,,
0.0378,0.818335771560669,1.2925005122600915e-05,1.71,50000,,,,,,,,,
,,,1.71,50000,0.09068626910448074,296.2462,396.606,24.79,,,,,
0.0611,0.3521529734134674,1.2907929786216788e-05,1.71,50050,,,,,,,,,
0.0412,0.13155578076839447,1.2890854449832662e-05,1.71,50100,,,,,,,,,
0.0364,9.610974311828613,1.2873779113448535e-05,1.71,50150,,,,,,,,,
0.0223,0.12222875654697418,1.2856703777064409e-05,1.71,50200,,,,,,,,,
0.0446,10.020256996154785,1.2839628440680281e-05,1.72,50250,,,,,,,,,
0.0515,2.638895273208618,1.2822553104296154e-05,1.72,50300,,,,,,,,,
0.0334,8.89447021484375,1.2805477767912028e-05,1.72,50350,,,,,,,,,
0.0358,0.39670801162719727,1.2788402431527901e-05,1.72,50400,,,,,,,,,
0.0481,0.06016422063112259,1.2771327095143775e-05,1.72,50450,,,,,,,,,
0.0416,0.35131800174713135,1.2754251758759648e-05,1.72,50500,,,,,,,,,
0.0312,0.17066076397895813,1.2737176422375522e-05,1.73,50550,,,,,,,,,
0.0424,8.101344108581543,1.2720101085991394e-05,1.73,50600,,,,,,,,,
0.0609,0.42389824986457825,1.2703025749607269e-05,1.73,50650,,,,,,,,,
0.0362,0.2528833746910095,1.2685950413223141e-05,1.73,50700,,,,,,,,,
0.045,12.033153533935547,1.2668875076839014e-05,1.73,50750,,,,,,,,,
0.0406,11.47917366027832,1.2651799740454888e-05,1.73,50800,,,,,,,,,
0.0354,0.004942199680954218,1.263472440407076e-05,1.74,50850,,,,,,,,,
0.0403,0.07267408818006516,1.2617649067686635e-05,1.74,50900,,,,,,,,,
0.0362,0.07834156602621078,1.2600573731302506e-05,1.74,50950,,,,,,,,,
0.0647,0.2926334738731384,1.258349839491838e-05,1.74,51000,,,,,,,,,
0.0528,2.5571835041046143,1.2566423058534253e-05,1.74,51050,,,,,,,,,
0.0379,25.033870697021484,1.2549347722150127e-05,1.75,51100,,,,,,,,,
0.0392,0.05518760159611702,1.2532272385766e-05,1.75,51150,,,,,,,,,
0.0473,0.008250261656939983,1.2515197049381872e-05,1.75,51200,,,,,,,,,
0.0293,0.2969926595687866,1.2498121712997746e-05,1.75,51250,,,,,,,,,
0.0318,0.28593888878822327,1.2481046376613619e-05,1.75,51300,,,,,,,,,
0.0508,0.017096998170018196,1.2463971040229493e-05,1.75,51350,,,,,,,,,
0.0364,16.84917449951172,1.2446895703845366e-05,1.76,51400,,,,,,,,,
0.0357,0.010182169266045094,1.242982036746124e-05,1.76,51450,,,,,,,,,
0.0668,0.1767411082983017,1.2412745031077112e-05,1.76,51500,,,,,,,,,
0.0352,0.38401859998703003,1.2395669694692987e-05,1.76,51550,,,,,,,,,
0.0614,0.01711604744195938,1.2378594358308859e-05,1.76,51600,,,,,,,,,
0.0335,0.02082950249314308,1.2361519021924732e-05,1.76,51650,,,,,,,,,
0.0483,0.7903444170951843,1.2344443685540606e-05,1.77,51700,,,,,,,,,
0.0549,0.21741916239261627,1.2327368349156479e-05,1.77,51750,,,,,,,,,
0.0355,0.8064727783203125,1.2310293012772353e-05,1.77,51800,,,,,,,,,
0.0542,1.340057373046875,1.2293217676388225e-05,1.77,51850,,,,,,,,,
0.0408,4.362877368927002,1.22761423400041e-05,1.77,51900,,,,,,,,,
0.0397,0.003814451629295945,1.2259067003619972e-05,1.77,51950,,,,,,,,,
0.0211,0.009575771167874336,1.2241991667235846e-05,1.78,52000,,,,,,,,,
0.0423,10.367554664611816,1.2224916330851719e-05,1.78,52050,,,,,,,,,
0.0578,0.03854329138994217,1.220784099446759e-05,1.78,52100,,,,,,,,,
0.0267,1.5476665496826172,1.2190765658083464e-05,1.78,52150,,,,,,,,,
0.0706,0.02970000170171261,1.2173690321699337e-05,1.78,52200,,,,,,,,,
0.042,2.497281551361084,1.2156614985315211e-05,1.78,52250,,,,,,,,,
0.0358,0.008837532252073288,1.2139539648931083e-05,1.79,52300,,,,,,,,,
0.045,0.0899922102689743,1.2122464312546958e-05,1.79,52350,,,,,,,,,
0.0377,6.7874064445495605,1.210538897616283e-05,1.79,52400,,,,,,,,,
0.0557,5.627752304077148,1.2088313639778704e-05,1.79,52450,,,,,,,,,
0.056,14.362282752990723,1.2071238303394577e-05,1.79,52500,,,,,,,,,
0.0364,1.828189492225647,1.205416296701045e-05,1.79,52550,,,,,,,,,
0.0594,12.723978042602539,1.2037087630626324e-05,1.8,52600,,,,,,,,,
0.0412,0.2232394814491272,1.2020012294242196e-05,1.8,52650,,,,,,,,,
0.0307,0.7931249141693115,1.200293695785807e-05,1.8,52700,,,,,,,,,
0.0315,5.902317523956299,1.1985861621473943e-05,1.8,52750,,,,,,,,,
0.0349,6.903106212615967,1.1968786285089817e-05,1.8,52800,,,,,,,,,
0.0459,0.568894624710083,1.195171094870569e-05,1.8,52850,,,,,,,,,
0.0613,0.017153261229395866,1.1934635612321564e-05,1.81,52900,,,,,,,,,
0.0446,0.0739099532365799,1.1917560275937437e-05,1.81,52950,,,,,,,,,
0.0466,3.809562921524048,1.190048493955331e-05,1.81,53000,,,,,,,,,
0.0256,1.5438944101333618,1.1883409603169184e-05,1.81,53050,,,,,,,,,
0.0378,0.12265138328075409,1.1866334266785056e-05,1.81,53100,,,,,,,,,
0.0496,0.3266355097293854,1.184925893040093e-05,1.82,53150,,,,,,,,,
0.0304,10.363150596618652,1.1832183594016803e-05,1.82,53200,,,,,,,,,
0.0665,1.6422240734100342,1.1815108257632676e-05,1.82,53250,,,,,,,,,
0.0315,14.810551643371582,1.1798032921248548e-05,1.82,53300,,,,,,,,,
0.0545,10.605766296386719,1.178095758486442e-05,1.82,53350,,,,,,,,,
0.0408,1.282796025276184,1.1763882248480295e-05,1.82,53400,,,,,,,,,
0.0289,6.610997200012207,1.1746806912096167e-05,1.83,53450,,,,,,,,,
0.0539,3.3379311561584473,1.1729731575712042e-05,1.83,53500,,,,,,,,,
0.0183,0.04969250410795212,1.1712656239327914e-05,1.83,53550,,,,,,,,,
0.0221,0.013505345210433006,1.1695580902943789e-05,1.83,53600,,,,,,,,,
0.0637,0.02508133463561535,1.1678505566559661e-05,1.83,53650,,,,,,,,,
0.0432,2.124953269958496,1.1661430230175535e-05,1.83,53700,,,,,,,,,
0.0224,0.15882103145122528,1.1644354893791408e-05,1.84,53750,,,,,,,,,
0.0397,1.6165307760238647,1.162727955740728e-05,1.84,53800,,,,,,,,,
0.0454,0.013593487441539764,1.1610204221023155e-05,1.84,53850,,,,,,,,,
0.0388,2.4254255294799805,1.1593128884639027e-05,1.84,53900,,,,,,,,,
0.0421,3.041875123977661,1.1576053548254902e-05,1.84,53950,,,,,,,,,
0.0314,0.44292008876800537,1.1558978211870774e-05,1.84,54000,,,,,,,,,
0.0317,0.27046999335289,1.1541902875486648e-05,1.85,54050,,,,,,,,,
0.0204,0.6119465827941895,1.1524827539102521e-05,1.85,54100,,,,,,,,,
0.053,0.04075803607702255,1.1507752202718395e-05,1.85,54150,,,,,,,,,
0.0502,6.788674831390381,1.1490676866334268e-05,1.85,54200,,,,,,,,,
0.0586,12.079830169677734,1.147360152995014e-05,1.85,54250,,,,,,,,,
0.0372,0.2970629632472992,1.1456526193566014e-05,1.85,54300,,,,,,,,,
0.057,2.6768338680267334,1.1439450857181887e-05,1.86,54350,,,,,,,,,
0.0395,0.3494245707988739,1.142237552079776e-05,1.86,54400,,,,,,,,,
0.0591,0.09847956895828247,1.1405300184413632e-05,1.86,54450,,,,,,,,,
0.0585,0.05487707257270813,1.1388224848029506e-05,1.86,54500,,,,,,,,,
0.0366,0.01920458860695362,1.1371149511645379e-05,1.86,54550,,,,,,,,,
0.0247,0.11048702895641327,1.1354074175261253e-05,1.86,54600,,,,,,,,,
0.0544,0.0503840297460556,1.1336998838877126e-05,1.87,54650,,,,,,,,,
0.0416,0.10382808744907379,1.1319923502492998e-05,1.87,54700,,,,,,,,,
0.0288,0.046461157500743866,1.1302848166108873e-05,1.87,54750,,,,,,,,,
0.0552,0.41693341732025146,1.1285772829724745e-05,1.87,54800,,,,,,,,,
0.0434,15.143086433410645,1.126869749334062e-05,1.87,54850,,,,,,,,,
0.0286,0.21106068789958954,1.1251622156956492e-05,1.87,54900,,,,,,,,,
0.0397,0.835954487323761,1.1234546820572366e-05,1.88,54950,,,,,,,,,
0.0637,0.06264930963516235,1.1217471484188239e-05,1.88,55000,,,,,,,,,
,,,1.88,55000,0.09164164960384369,296.2221,396.638,24.792,,,,,
0.0476,0.0601651556789875,1.1200396147804113e-05,1.88,55050,,,,,,,,,
0.0414,0.049461059272289276,1.1183320811419986e-05,1.88,55100,,,,,,,,,
0.0491,6.409800052642822,1.1166245475035858e-05,1.88,55150,,,,,,,,,
0.0409,0.04903735965490341,1.1149170138651732e-05,1.89,55200,,,,,,,,,
0.0392,0.3099610209465027,1.1132094802267605e-05,1.89,55250,,,,,,,,,
0.0423,0.40135976672172546,1.111501946588348e-05,1.89,55300,,,,,,,,,
0.0537,0.01696096360683441,1.1097944129499352e-05,1.89,55350,,,,,,,,,
0.051,0.07555295526981354,1.1080868793115226e-05,1.89,55400,,,,,,,,,
0.0303,5.1354546546936035,1.1063793456731099e-05,1.89,55450,,,,,,,,,
0.0331,4.173879623413086,1.1046718120346971e-05,1.9,55500,,,,,,,,,
0.0493,0.1975870281457901,1.1029642783962844e-05,1.9,55550,,,,,,,,,
0.0537,0.0921081006526947,1.1012567447578716e-05,1.9,55600,,,,,,,,,
0.0412,0.0016511149005964398,1.099549211119459e-05,1.9,55650,,,,,,,,,
0.0383,0.00788775086402893,1.0978416774810463e-05,1.9,55700,,,,,,,,,
0.0463,4.833529949188232,1.0961341438426337e-05,1.9,55750,,,,,,,,,
0.0443,42.27885818481445,1.094426610204221e-05,1.91,55800,,,,,,,,,
0.0351,2.1252284049987793,1.0927190765658084e-05,1.91,55850,,,,,,,,,
0.0331,0.008364357054233551,1.0910115429273957e-05,1.91,55900,,,,,,,,,
0.0541,0.04745396599173546,1.089304009288983e-05,1.91,55950,,,,,,,,,
0.0582,0.013587724417448044,1.0875964756505703e-05,1.91,56000,,,,,,,,,
0.0367,4.768545150756836,1.0858889420121576e-05,1.91,56050,,,,,,,,,
0.048,7.847226142883301,1.084181408373745e-05,1.92,56100,,,,,,,,,
0.0492,9.282735824584961,1.0824738747353323e-05,1.92,56150,,,,,,,,,
0.0558,6.245306968688965,1.0807663410969197e-05,1.92,56200,,,,,,,,,
0.0425,6.619204998016357,1.079058807458507e-05,1.92,56250,,,,,,,,,
0.04,0.22272999584674835,1.0773512738200944e-05,1.92,56300,,,,,,,,,
0.0466,0.10082719475030899,1.0756437401816816e-05,1.92,56350,,,,,,,,,
0.0354,0.04804152622818947,1.0739362065432689e-05,1.93,56400,,,,,,,,,
0.0556,3.47721004486084,1.0722286729048563e-05,1.93,56450,,,,,,,,,
0.0301,0.17443324625492096,1.0705211392664436e-05,1.93,56500,,,,,,,,,
0.0301,0.12112472951412201,1.068813605628031e-05,1.93,56550,,,,,,,,,
0.0375,0.1593240648508072,1.0671060719896183e-05,1.93,56600,,,,,,,,,
0.0417,0.29923468828201294,1.0653985383512055e-05,1.93,56650,,,,,,,,,
0.0375,0.39965662360191345,1.0636910047127928e-05,1.94,56700,,,,,,,,,
0.0432,4.085901260375977,1.0619834710743802e-05,1.94,56750,,,,,,,,,
0.0249,0.02812514640390873,1.0602759374359674e-05,1.94,56800,,,,,,,,,
0.0388,1.0646436214447021,1.0585684037975547e-05,1.94,56850,,,,,,,,,
0.0293,0.18311403691768646,1.0568608701591421e-05,1.94,56900,,,,,,,,,
0.0387,0.007402705494314432,1.0551533365207294e-05,1.94,56950,,,,,,,,,
0.0378,0.6335837244987488,1.0534458028823168e-05,1.95,57000,,,,,,,,,
0.0369,0.0678483098745346,1.051738269243904e-05,1.95,57050,,,,,,,,,
0.0151,0.036515336483716965,1.0500307356054915e-05,1.95,57100,,,,,,,,,
0.0308,0.0970304012298584,1.0483232019670787e-05,1.95,57150,,,,,,,,,
0.0539,14.324806213378906,1.0466156683286662e-05,1.95,57200,,,,,,,,,
0.0472,1.4052506685256958,1.0449081346902534e-05,1.96,57250,,,,,,,,,
0.0308,0.36895984411239624,1.0432006010518407e-05,1.96,57300,,,,,,,,,
0.0244,0.11254581063985825,1.0414930674134281e-05,1.96,57350,,,,,,,,,
0.028,0.1512366086244583,1.0397855337750154e-05,1.96,57400,,,,,,,,,
0.0428,8.24930477142334,1.0380780001366028e-05,1.96,57450,,,,,,,,,
0.0529,0.3017573058605194,1.03637046649819e-05,1.96,57500,,,,,,,,,
0.0439,0.0395725816488266,1.0346629328597775e-05,1.97,57550,,,,,,,,,
0.051,0.0217579398304224,1.0329553992213647e-05,1.97,57600,,,,,,,,,
0.0231,0.4597293436527252,1.0312478655829522e-05,1.97,57650,,,,,,,,,
0.0464,0.12188819795846939,1.0295403319445394e-05,1.97,57700,,,,,,,,,
0.0375,8.11617660522461,1.0278327983061267e-05,1.97,57750,,,,,,,,,
0.0513,5.595248222351074,1.026125264667714e-05,1.97,57800,,,,,,,,,
0.0375,1.5555917024612427,1.0244177310293012e-05,1.98,57850,,,,,,,,,
0.039,0.04335002973675728,1.0227101973908886e-05,1.98,57900,,,,,,,,,
0.0214,2.070159912109375,1.0210026637524759e-05,1.98,57950,,,,,,,,,
0.0422,0.2621373236179352,1.0192951301140633e-05,1.98,58000,,,,,,,,,
0.0368,0.046732790768146515,1.0175875964756505e-05,1.98,58050,,,,,,,,,
0.0377,0.11961912363767624,1.015880062837238e-05,1.98,58100,,,,,,,,,
0.0443,4.7660017013549805,1.0141725291988252e-05,1.99,58150,,,,,,,,,
0.0418,1.550013780593872,1.0124649955604125e-05,1.99,58200,,,,,,,,,
0.0424,2.6555306911468506,1.0107574619219999e-05,1.99,58250,,,,,,,,,
0.0301,1.6419365406036377,1.0090499282835872e-05,1.99,58300,,,,,,,,,
0.0416,13.225257873535156,1.0073423946451746e-05,1.99,58350,,,,,,,,,
0.0472,7.325838565826416,1.0056348610067618e-05,1.99,58400,,,,,,,,,
0.0603,7.220409870147705,1.0039273273683493e-05,2.0,58450,,,,,,,,,
0.0356,5.790080547332764,1.0022197937299365e-05,2.0,58500,,,,,,,,,
0.0269,0.03149832412600517,1.000512260091524e-05,2.0,58550,,,,,,,,,
0.0316,3.6690673828125,9.988047264531112e-06,2.0,58600,,,,,,,,,
0.0165,10.704951286315918,9.970971928146985e-06,2.0,58650,,,,,,,,,
0.0137,0.0783209577202797,9.953896591762859e-06,2.0,58700,,,,,,,,,
0.0238,1.3402520418167114,9.936821255378731e-06,2.01,58750,,,,,,,,,
0.0097,0.2643328607082367,9.919745918994606e-06,2.01,58800,,,,,,,,,
0.0201,0.044289056211709976,9.902670582610478e-06,2.01,58850,,,,,,,,,
0.0246,3.733468770980835,9.885595246226352e-06,2.01,58900,,,,,,,,,
0.0218,0.07006867229938507,9.868519909842223e-06,2.01,58950,,,,,,,,,
0.012,0.07493983954191208,9.851444573458096e-06,2.01,59000,,,,,,,,,
0.0141,2.3913493156433105,9.83436923707397e-06,2.02,59050,,,,,,,,,
0.0179,0.0009604254737496376,9.817293900689843e-06,2.02,59100,,,,,,,,,
0.0285,7.597353935241699,9.800218564305717e-06,2.02,59150,,,,,,,,,
0.0284,0.08273985981941223,9.78314322792159e-06,2.02,59200,,,,,,,,,
0.0168,5.877606391906738,9.766067891537464e-06,2.02,59250,,,,,,,,,
0.0129,0.021988894790410995,9.748992555153336e-06,2.03,59300,,,,,,,,,
0.0116,0.012630689889192581,9.73191721876921e-06,2.03,59350,,,,,,,,,
0.0216,0.016714833676815033,9.714841882385083e-06,2.03,59400,,,,,,,,,
0.034,0.19675157964229584,9.697766546000956e-06,2.03,59450,,,,,,,,,
0.032,0.0580206960439682,9.68069120961683e-06,2.03,59500,,,,,,,,,
0.0312,0.447933554649353,9.663615873232702e-06,2.03,59550,,,,,,,,,
0.0213,0.06410769373178482,9.646540536848577e-06,2.04,59600,,,,,,,,,
0.017,1.768407940864563,9.62946520046445e-06,2.04,59650,,,,,,,,,
0.0115,0.00385675928555429,9.612389864080323e-06,2.04,59700,,,,,,,,,
0.0282,0.038656339049339294,9.595314527696196e-06,2.04,59750,,,,,,,,,
0.0264,3.4131734371185303,9.57823919131207e-06,2.04,59800,,,,,,,,,
0.0417,0.1886255294084549,9.561163854927943e-06,2.04,59850,,,,,,,,,
0.021,4.193615913391113,9.544088518543815e-06,2.05,59900,,,,,,,,,
0.0263,0.03839047998189926,9.52701318215969e-06,2.05,59950,,,,,,,,,
0.0192,0.007923818193376064,9.509937845775562e-06,2.05,60000,,,,,,,,,
,,,2.05,60000,0.10912448167800903,298.2713,393.913,24.622,,,,,
0.0491,0.01773061230778694,9.492862509391436e-06,2.05,60050,,,,,,,,,
0.0248,5.260775089263916,9.475787173007307e-06,2.05,60100,,,,,,,,,
0.0218,0.07191769778728485,9.458711836623182e-06,2.05,60150,,,,,,,,,
0.0217,0.012829030863940716,9.441636500239054e-06,2.06,60200,,,,,,,,,
0.0254,0.14810685813426971,9.424561163854928e-06,2.06,60250,,,,,,,,,
0.0291,1.9738587141036987,9.407485827470801e-06,2.06,60300,,,,,,,,,
0.0184,0.4334273636341095,9.390410491086673e-06,2.06,60350,,,,,,,,,
0.0302,0.12324532121419907,9.373335154702548e-06,2.06,60400,,,,,,,,,
0.0223,4.734069347381592,9.35625981831842e-06,2.06,60450,,,,,,,,,
0.0281,0.020680109038949013,9.339184481934295e-06,2.07,60500,,,,,,,,,
0.0243,0.38320299983024597,9.322109145550167e-06,2.07,60550,,,,,,,,,
0.0145,0.14565999805927277,9.305033809166041e-06,2.07,60600,,,,,,,,,
0.0345,12.587066650390625,9.287958472781914e-06,2.07,60650,,,,,,,,,
0.0143,0.01793619990348816,9.270883136397788e-06,2.07,60700,,,,,,,,,
0.0231,0.0014606594340875745,9.25380780001366e-06,2.07,60750,,,,,,,,,
0.0239,3.7950990200042725,9.236732463629533e-06,2.08,60800,,,,,,,,,
0.0191,0.260291188955307,9.219657127245407e-06,2.08,60850,,,,,,,,,
0.0299,0.006823205854743719,9.20258179086128e-06,2.08,60900,,,,,,,,,
0.0144,0.012456094846129417,9.185506454477154e-06,2.08,60950,,,,,,,,,
0.007,0.0056092883460223675,9.168431118093027e-06,2.08,61000,,,,,,,,,
0.0266,0.240627259016037,9.151355781708901e-06,2.08,61050,,,,,,,,,
0.0239,0.027051616460084915,9.134280445324774e-06,2.09,61100,,,,,,,,,
0.019,0.8768770098686218,9.117205108940648e-06,2.09,61150,,,,,,,,,
0.0086,1.0869277715682983,9.10012977255652e-06,2.09,61200,,,,,,,,,
0.022,0.006029003299772739,9.083054436172391e-06,2.09,61250,,,,,,,,,
0.0199,0.7118059396743774,9.065979099788266e-06,2.09,61300,,,,,,,,,
0.0198,0.02638355828821659,9.048903763404138e-06,2.1,61350,,,,,,,,,
0.0345,0.0009695962653495371,9.031828427020012e-06,2.1,61400,,,,,,,,,
0.0127,0.008323878981173038,9.014753090635885e-06,2.1,61450,,,,,,,,,
0.0279,0.029436511918902397,8.99767775425176e-06,2.1,61500,,,,,,,,,
0.0275,0.0008105534361675382,8.980602417867632e-06,2.1,61550,,,,,,,,,
0.0303,2.315641164779663,8.963527081483504e-06,2.1,61600,,,,,,,,,
0.0316,0.011113067157566547,8.946451745099379e-06,2.11,61650,,,,,,,,,
0.0317,0.07152300328016281,8.929376408715251e-06,2.11,61700,,,,,,,,,
0.027,3.8706281185150146,8.912301072331125e-06,2.11,61750,,,,,,,,,
0.0278,0.013191859237849712,8.895225735946998e-06,2.11,61800,,,,,,,,,
0.0154,0.004962543025612831,8.878150399562872e-06,2.11,61850,,,,,,,,,
0.0223,2.1382193565368652,8.861075063178745e-06,2.11,61900,,,,,,,,,
0.016,0.47828003764152527,8.843999726794619e-06,2.12,61950,,,,,,,,,
0.0181,0.10367373377084732,8.826924390410492e-06,2.12,62000,,,,,,,,,
0.02,0.002028968883678317,8.809849054026364e-06,2.12,62050,,,,,,,,,
0.0278,0.005727026145905256,8.792773717642238e-06,2.12,62100,,,,,,,,,
0.0152,0.05819368362426758,8.775698381258111e-06,2.12,62150,,,,,,,,,
0.0202,0.002715335926041007,8.758623044873985e-06,2.12,62200,,,,,,,,,
0.0232,2.34965181350708,8.741547708489858e-06,2.13,62250,,,,,,,,,
0.0275,2.607783555984497,8.724472372105732e-06,2.13,62300,,,,,,,,,
0.0194,3.612151622772217,8.707397035721605e-06,2.13,62350,,,,,,,,,
0.0388,0.10956177115440369,8.690321699337477e-06,2.13,62400,,,,,,,,,
0.0205,0.015696970745921135,8.67324636295335e-06,2.13,62450,,,,,,,,,
0.0151,0.41677430272102356,8.656171026569222e-06,2.13,62500,,,,,,,,,
0.0147,0.21504877507686615,8.639095690185096e-06,2.14,62550,,,,,,,,,
0.0152,0.008854500949382782,8.622020353800969e-06,2.14,62600,,,,,,,,,
0.0221,0.0015679537318646908,8.604945017416843e-06,2.14,62650,,,,,,,,,
0.035,0.048609454184770584,8.587869681032716e-06,2.14,62700,,,,,,,,,
0.028,0.0036652416456490755,8.57079434464859e-06,2.14,62750,,,,,,,,,
0.0189,0.33639445900917053,8.553719008264463e-06,2.14,62800,,,,,,,,,
0.0214,0.03661171346902847,8.536643671880337e-06,2.15,62850,,,,,,,,,
0.0222,1.6155951023101807,8.51956833549621e-06,2.15,62900,,,,,,,,,
0.0222,6.328629016876221,8.502492999112082e-06,2.15,62950,,,,,,,,,
0.0129,0.006103765685111284,8.485417662727956e-06,2.15,63000,,,,,,,,,
0.0184,3.350529909133911,8.468342326343829e-06,2.15,63050,,,,,,,,,
0.0252,0.00915525946766138,8.451266989959703e-06,2.15,63100,,,,,,,,,
0.0276,0.016884151846170425,8.434191653575576e-06,2.16,63150,,,,,,,,,
0.0261,0.012419168837368488,8.41711631719145e-06,2.16,63200,,,,,,,,,
0.0174,0.00980753917247057,8.400040980807322e-06,2.16,63250,,,,,,,,,
0.0061,0.021407241001725197,8.382965644423197e-06,2.16,63300,,,,,,,,,
0.0069,0.14961975812911987,8.36589030803907e-06,2.16,63350,,,,,,,,,
0.0173,0.004976029507815838,8.348814971654942e-06,2.17,63400,,,,,,,,,
0.0212,0.32020097970962524,8.331739635270816e-06,2.17,63450,,,,,,,,,
0.0135,0.833441436290741,8.314664298886689e-06,2.17,63500,,,,,,,,,
0.0151,0.47447142004966736,8.297588962502561e-06,2.17,63550,,,,,,,,,
0.0185,9.029640197753906,8.280513626118434e-06,2.17,63600,,,,,,,,,
0.0122,0.04982797056436539,8.263438289734308e-06,2.17,63650,,,,,,,,,
0.0211,0.02273673005402088,8.24636295335018e-06,2.18,63700,,,,,,,,,
0.0168,8.491036415100098,8.229287616966055e-06,2.18,63750,,,,,,,,,
0.0279,0.0008594095706939697,8.212212280581927e-06,2.18,63800,,,,,,,,,
0.0156,13.325788497924805,8.1951369441978e-06,2.18,63850,,,,,,,,,
0.0166,0.1528196483850479,8.178061607813674e-06,2.18,63900,,,,,,,,,
0.0365,2.300947666168213,8.160986271429547e-06,2.18,63950,,,,,,,,,
0.0241,0.04843384400010109,8.143910935045421e-06,2.19,64000,,,,,,,,,
0.0147,0.1530301421880722,8.126835598661293e-06,2.19,64050,,,,,,,,,
0.0164,0.02133210562169552,8.109760262277168e-06,2.19,64100,,,,,,,,,
0.0159,0.023608053103089333,8.09268492589304e-06,2.19,64150,,,,,,,,,
0.0278,4.7862067222595215,8.075609589508913e-06,2.19,64200,,,,,,,,,
0.0183,0.02405998483300209,8.058534253124787e-06,2.19,64250,,,,,,,,,
0.0191,0.07939529418945312,8.04145891674066e-06,2.2,64300,,,,,,,,,
0.0133,0.4833141267299652,8.024383580356534e-06,2.2,64350,,,,,,,,,
0.0277,0.4021315276622772,8.007308243972406e-06,2.2,64400,,,,,,,,,
0.0203,0.2366267293691635,7.99023290758828e-06,2.2,64450,,,,,,,,,
0.0198,0.04527130350470543,7.973157571204153e-06,2.2,64500,,,,,,,,,
0.014,3.2094428539276123,7.956082234820027e-06,2.2,64550,,,,,,,,,
0.0135,0.006210398394614458,7.9390068984359e-06,2.21,64600,,,,,,,,,
0.0281,1.3268628120422363,7.921931562051773e-06,2.21,64650,,,,,,,,,
0.0089,0.18047355115413666,7.904856225667645e-06,2.21,64700,,,,,,,,,
0.0099,0.2875621020793915,7.887780889283518e-06,2.21,64750,,,,,,,,,
0.0124,0.027077918872237206,7.870705552899392e-06,2.21,64800,,,,,,,,,
0.0146,0.00441838800907135,7.853630216515265e-06,2.21,64850,,,,,,,,,
0.0161,2.8741257190704346,7.836554880131139e-06,2.22,64900,,,,,,,,,
0.0255,0.08903594315052032,7.819479543747011e-06,2.22,64950,,,,,,,,,
0.0144,2.564957618713379,7.802404207362886e-06,2.22,65000,,,,,,,,,
,,,2.22,65000,0.12368403375148773,297.9141,394.385,24.651,,,,,
0.0324,3.9352307319641113,7.785328870978758e-06,2.22,65050,,,,,,,,,
0.0152,3.186612367630005,7.76825353459463e-06,2.22,65100,,,,,,,,,
0.0254,1.324119210243225,7.751178198210505e-06,2.22,65150,,,,,,,,,
0.021,0.004231030587106943,7.734102861826378e-06,2.23,65200,,,,,,,,,
0.0113,0.4750094413757324,7.717027525442252e-06,2.23,65250,,,,,,,,,
0.0232,0.019811680540442467,7.699952189058124e-06,2.23,65300,,,,,,,,,
0.0252,0.007139765191823244,7.682876852673999e-06,2.23,65350,,,,,,,,,
0.0331,11.80050277709961,7.665801516289871e-06,2.23,65400,,,,,,,,,
0.0231,0.582370936870575,7.648726179905745e-06,2.24,65450,,,,,,,,,
0.0123,0.02898292802274227,7.631650843521618e-06,2.24,65500,,,,,,,,,
0.0267,1.479723334312439,7.6145755071374905e-06,2.24,65550,,,,,,,,,
0.0176,0.02259759046137333,7.597500170753364e-06,2.24,65600,,,,,,,,,
0.0321,0.006850703153759241,7.5804248343692365e-06,2.24,65650,,,,,,,,,
0.019,0.17739731073379517,7.563349497985111e-06,2.24,65700,,,,,,,,,
0.0175,0.0451352521777153,7.546274161600983e-06,2.25,65750,,,,,,,,,
0.016,5.425401210784912,7.5291988252168575e-06,2.25,65800,,,,,,,,,
0.0064,0.0003154335427097976,7.51212348883273e-06,2.25,65850,,,,,,,,,
0.0254,3.2622878551483154,7.4950481524486035e-06,2.25,65900,,,,,,,,,
0.0138,0.047632258385419846,7.477972816064477e-06,2.25,65950,,,,,,,,,
0.0155,0.016091199591755867,7.46089747968035e-06,2.25,66000,,,,,,,,,
0.0156,4.073004245758057,7.443822143296224e-06,2.26,66050,,,,,,,,,
0.0298,0.006557172164320946,7.426746806912097e-06,2.26,66100,,,,,,,,,
0.0225,10.795151710510254,7.40967147052797e-06,2.26,66150,,,,,,,,,
0.0256,0.16243159770965576,7.392596134143842e-06,2.26,66200,,,,,,,,,
0.0266,0.06441321223974228,7.375520797759716e-06,2.26,66250,,,,,,,,,
0.0304,8.485832214355469,7.358445461375589e-06,2.26,66300,,,,,,,,,
0.006,0.0051965974271297455,7.341370124991462e-06,2.27,66350,,,,,,,,,
0.023,0.016680072993040085,7.324294788607336e-06,2.27,66400,,,,,,,,,
0.0294,0.018008653074502945,7.307219452223209e-06,2.27,66450,,,,,,,,,
0.0336,2.2996840476989746,7.290144115839083e-06,2.27,66500,,,,,,,,,
0.0157,2.01297664642334,7.273068779454956e-06,2.27,66550,,,,,,,,,
0.0351,0.0015156915178522468,7.255993443070829e-06,2.27,66600,,,,,,,,,
0.0302,12.073208808898926,7.238918106686702e-06,2.28,66650,,,,,,,,,
0.0144,0.0030069448985159397,7.2218427703025745e-06,2.28,66700,,,,,,,,,
0.0485,5.68296480178833,7.204767433918448e-06,2.28,66750,,,,,,,,,
0.0249,0.040198151022195816,7.187692097534321e-06,2.28,66800,,,,,,,,,
0.0211,0.6018187999725342,7.170616761150195e-06,2.28,66850,,,,,,,,,
0.0292,0.05209212377667427,7.153541424766068e-06,2.28,66900,,,,,,,,,
0.0163,1.6864954233169556,7.1364660883819416e-06,2.29,66950,,,,,,,,,
0.0184,0.21523158252239227,7.119390751997815e-06,2.29,67000,,,,,,,,,
0.0093,0.002097673714160919,7.1023154156136875e-06,2.29,67050,,,,,,,,,
0.0485,55.14680862426758,7.085240079229561e-06,2.29,67100,,,,,,,,,
0.0227,9.124234199523926,7.068164742845434e-06,2.29,67150,,,,,,,,,
0.0197,0.1973179429769516,7.051089406461308e-06,2.29,67200,,,,,,,,,
0.02,0.039413973689079285,7.034014070077181e-06,2.3,67250,,,,,,,,,
0.0189,0.10471081733703613,7.016938733693054e-06,2.3,67300,,,,,,,,,
0.0135,0.06271815299987793,6.999863397308927e-06,2.3,67350,,,,,,,,,
0.0158,0.0803711786866188,6.9827880609248005e-06,2.3,67400,,,,,,,,,
0.0225,2.7459936141967773,6.965712724540674e-06,2.3,67450,,,,,,,,,
0.0343,0.008111061528325081,6.9486373881565465e-06,2.31,67500,,,,,,,,,
0.0102,0.00015627492393832654,6.93156205177242e-06,2.31,67550,,,,,,,,,
0.0139,0.16687141358852386,6.914486715388293e-06,2.31,67600,,,,,,,,,
0.0109,0.027853090316057205,6.897411379004167e-06,2.31,67650,,,,,,,,,
0.0134,0.0027965817134827375,6.88033604262004e-06,2.31,67700,,,,,,,,,
0.0194,0.16137000918388367,6.8632607062359135e-06,2.31,67750,,,,,,,,,
0.0171,5.4518232345581055,6.846185369851787e-06,2.32,67800,,,,,,,,,
0.0169,0.028716839849948883,6.8291100334676594e-06,2.32,67850,,,,,,,,,
0.0277,0.016871962696313858,6.812034697083532e-06,2.32,67900,,,,,,,,,
0.0336,0.17475755512714386,6.794959360699405e-06,2.32,67950,,,,,,,,,
0.0151,0.12259548902511597,6.777884024315279e-06,2.32,68000,,,,,,,,,
0.019,0.19382944703102112,6.760808687931152e-06,2.32,68050,,,,,,,,,
0.0132,9.430006980895996,6.743733351547026e-06,2.33,68100,,,,,,,,,
0.0164,0.1780293583869934,6.726658015162899e-06,2.33,68150,,,,,,,,,
0.0099,0.012497645802795887,6.709582678778772e-06,2.33,68200,,,,,,,,,
0.025,0.4141249358654022,6.692507342394646e-06,2.33,68250,,,,,,,,,
0.0272,7.525328636169434,6.675432006010519e-06,2.33,68300,,,,,,,,,
0.0201,0.008949670940637589,6.658356669626392e-06,2.33,68350,,,,,,,,,
0.018,5.59618616104126,6.641281333242265e-06,2.34,68400,,,,,,,,,
0.0049,0.09244154393672943,6.624205996858138e-06,2.34,68450,,,,,,,,,
0.0167,7.38766622543335,6.607130660474011e-06,2.34,68500,,,,,,,,,
0.007,0.0005627406062558293,6.5900553240898845e-06,2.34,68550,,,,,,,,,
0.0161,14.093823432922363,6.572979987705758e-06,2.34,68600,,,,,,,,,
0.0171,0.6282705068588257,6.555904651321631e-06,2.34,68650,,,,,,,,,
0.0197,0.3476671576499939,6.538829314937505e-06,2.35,68700,,,,,,,,,
0.0187,2.424241065979004,6.521753978553378e-06,2.35,68750,,,,,,,,,
0.0305,4.443808555603027,6.504678642169251e-06,2.35,68800,,,,,,,,,
0.017,0.2294231653213501,6.487603305785124e-06,2.35,68850,,,,,,,,,
0.0315,17.519922256469727,6.4705279694009975e-06,2.35,68900,,,,,,,,,
0.0243,3.680875778198242,6.453452633016871e-06,2.35,68950,,,,,,,,,
0.0144,2.847170829772949,6.4363772966327435e-06,2.36,69000,,,,,,,,,
0.0173,0.13623321056365967,6.419301960248617e-06,2.36,69050,,,,,,,,,
0.033,0.046426840126514435,6.40222662386449e-06,2.36,69100,,,,,,,,,
0.0154,0.016027839854359627,6.385151287480364e-06,2.36,69150,,,,,,,,,
0.0227,0.006641530431807041,6.368075951096236e-06,2.36,69200,,,,,,,,,
0.0176,4.394207000732422,6.35100061471211e-06,2.36,69250,,,,,,,,,
0.0299,0.30406612157821655,6.333925278327983e-06,2.37,69300,,,,,,,,,
0.0397,0.07994503527879715,6.3168499419438565e-06,2.37,69350,,,,,,,,,
0.0194,0.012395842932164669,6.29977460555973e-06,2.37,69400,,,,,,,,,
0.0394,0.009346525184810162,6.282699269175603e-06,2.37,69450,,,,,,,,,
0.0079,3.8962039947509766,6.265623932791477e-06,2.37,69500,,,,,,,,,
0.0293,0.01711173541843891,6.24854859640735e-06,2.38,69550,,,,,,,,,
0.0162,0.01983298920094967,6.231473260023223e-06,2.38,69600,,,,,,,,,
0.0284,0.009785198606550694,6.214397923639095e-06,2.38,69650,,,,,,,,,
0.0226,0.10938248783349991,6.197322587254969e-06,2.38,69700,,,,,,,,,
0.022,1.937899112701416,6.180247250870842e-06,2.38,69750,,,,,,,,,
0.0334,0.12925560772418976,6.163171914486715e-06,2.38,69800,,,,,,,,,
0.0255,0.005510151851922274,6.146096578102589e-06,2.39,69850,,,,,,,,,
0.0201,14.127131462097168,6.129021241718462e-06,2.39,69900,,,,,,,,,
0.0129,0.007716760504990816,6.111945905334336e-06,2.39,69950,,,,,,,,,
0.0098,0.011653569526970387,6.094870568950209e-06,2.39,70000,,,,,,,,,
,,,2.39,70000,0.11894876509904861,296.2089,396.656,24.793,,,,,
0.0328,3.1594576835632324,6.077795232566082e-06,2.39,70050,,,,,,,,,
0.0193,3.5945353507995605,6.060719896181955e-06,2.39,70100,,,,,,,,,
0.0277,0.009777696803212166,6.0436445597978275e-06,2.4,70150,,,,,,,,,
0.0145,2.709545373916626,6.026569223413701e-06,2.4,70200,,,,,,,,,
0.02,0.30844801664352417,6.009493887029574e-06,2.4,70250,,,,,,,,,
0.0166,0.5026280283927917,5.992418550645448e-06,2.4,70300,,,,,,,,,
0.0301,0.0036845593713223934,5.975343214261321e-06,2.4,70350,,,,,,,,,
0.0235,7.264016151428223,5.9582678778771946e-06,2.4,70400,,,,,,,,,
0.0165,0.013721209950745106,5.941192541493068e-06,2.41,70450,,,,,,,,,
0.0144,13.325230598449707,5.9241172051089405e-06,2.41,70500,,,,,,,,,
0.0194,2.3588979244232178,5.907041868724814e-06,2.41,70550,,,,,,,,,
0.02,3.190046548843384,5.889966532340687e-06,2.41,70600,,,,,,,,,
0.0223,0.01841863989830017,5.872891195956561e-06,2.41,70650,,,,,,,,,
0.0253,0.046361759305000305,5.855815859572434e-06,2.41,70700,,,,,,,,,
0.0309,5.14295768737793,5.838740523188307e-06,2.42,70750,,,,,,,,,
0.0148,0.08015504479408264,5.82166518680418e-06,2.42,70800,,,,,,,,,
0.0108,0.06898858398199081,5.8045898504200535e-06,2.42,70850,,,,,,,,,
0.03,0.0013844647910445929,5.787514514035927e-06,2.42,70900,,,,,,,,,
0.0282,0.0018969973316416144,5.7704391776517994e-06,2.42,70950,,,,,,,,,
0.0126,0.05832673981785774,5.753363841267673e-06,2.42,71000,,,,,,,,,
0.0143,0.5155445337295532,5.736288504883546e-06,2.43,71050,,,,,,,,,
0.0209,10.507842063903809,5.71921316849942e-06,2.43,71100,,,,,,,,,
0.0321,0.18422086536884308,5.702137832115293e-06,2.43,71150,,,,,,,,,
0.0219,5.281373500823975,5.6850624957311665e-06,2.43,71200,,,,,,,,,
0.0246,70.82801818847656,5.66798715934704e-06,2.43,71250,,,,,,,,,
0.0208,0.012650614604353905,5.6509118229629124e-06,2.43,71300,,,,,,,,,
0.0183,0.37900927662849426,5.633836486578786e-06,2.44,71350,,,,,,,,,
0.0423,0.009501084685325623,5.616761150194658e-06,2.44,71400,,,,,,,,,
0.0228,3.413860559463501,5.599685813810532e-06,2.44,71450,,,,,,,,,
0.0153,2.614060163497925,5.582610477426405e-06,2.44,71500,,,,,,,,,
0.0129,0.011835656128823757,5.565535141042279e-06,2.44,71550,,,,,,,,,
0.0264,2.1583800315856934,5.548459804658152e-06,2.45,71600,,,,,,,,,
0.0127,0.0013868934474885464,5.531384468274025e-06,2.45,71650,,,,,,,,,
0.0327,1.730567216873169,5.514309131889899e-06,2.45,71700,,,,,,,,,
0.0194,0.030737411230802536,5.497233795505772e-06,2.45,71750,,,,,,,,,
0.0466,0.48646673560142517,5.480158459121645e-06,2.45,71800,,,,,,,,,
0.017,0.13833577930927277,5.463083122737518e-06,2.45,71850,,,,,,,,,
0.0136,0.7726842761039734,5.446007786353391e-06,2.46,71900,,,,,,,,,
0.0286,0.11549825966358185,5.428932449969264e-06,2.46,71950,,,,,,,,,
0.0329,8.47323989868164,5.4118571135851375e-06,2.46,72000,,,,,,,,,
0.0244,0.1655905693769455,5.394781777201011e-06,2.46,72050,,,,,,,,,
0.0095,0.010461664758622646,5.377706440816884e-06,2.46,72100,,,,,,,,,
0.0338,0.00711677735671401,5.360631104432758e-06,2.46,72150,,,,,,,,,
0.0116,0.17453478276729584,5.343555768048631e-06,2.47,72200,,,,,,,,,
0.0123,0.03289872780442238,5.326480431664504e-06,2.47,72250,,,,,,,,,
0.0162,0.003915827255696058,5.309405095280377e-06,2.47,72300,,,,,,,,,
0.0187,1.042893648147583,5.2923297588962505e-06,2.47,72350,,,,,,,,,
0.0289,0.01382847037166357,5.275254422512124e-06,2.47,72400,,,,,,,,,
0.0151,0.002895541489124298,5.2581790861279965e-06,2.47,72450,,,,,,,,,
0.0322,0.010398929007351398,5.24110374974387e-06,2.48,72500,,,,,,,,,
0.0112,0.04367395117878914,5.224028413359743e-06,2.48,72550,,,,,,,,,
0.0127,0.15502376854419708,5.206953076975617e-06,2.48,72600,,,,,,,,,
0.0171,0.018798988312482834,5.18987774059149e-06,2.48,72650,,,,,,,,,
0.013,0.03864751011133194,5.172802404207363e-06,2.48,72700,,,,,,,,,
0.02,14.050497055053711,5.155727067823236e-06,2.48,72750,,,,,,,,,
0.0155,0.08070659637451172,5.1386517314391095e-06,2.49,72800,,,,,,,,,
0.0093,0.05815073847770691,5.121576395054983e-06,2.49,72850,,,,,,,,,
0.013,5.442159175872803,5.104501058670856e-06,2.49,72900,,,,,,,,,
0.0331,6.604824542999268,5.08742572228673e-06,2.49,72950,,,,,,,,,
0.0269,0.004376055672764778,5.070350385902602e-06,2.49,73000,,,,,,,,,
0.0137,2.904236078262329,5.053275049518476e-06,2.49,73050,,,,,,,,,
0.0202,6.820870876312256,5.036199713134348e-06,2.5,73100,,,,,,,,,
0.0072,0.012087180279195309,5.019124376750222e-06,2.5,73150,,,,,,,,,
0.0217,0.001378317829221487,5.002049040366095e-06,2.5,73200,,,,,,,,,
0.0092,21.530946731567383,4.984973703981968e-06,2.5,73250,,,,,,,,,
0.0273,0.0012034628307446837,4.967898367597842e-06,2.5,73300,,,,,,,,,
0.0133,3.582451820373535,4.950823031213715e-06,2.5,73350,,,,,,,,,
0.0087,0.11751674115657806,4.933747694829589e-06,2.51,73400,,,,,,,,,
0.0217,0.016273805871605873,4.916672358445462e-06,2.51,73450,,,,,,,,,
0.0418,0.49348655343055725,4.899597022061335e-06,2.51,73500,,,,,,,,,
0.0169,0.6615270376205444,4.882521685677208e-06,2.51,73550,,,,,,,,,
0.0217,0.05705537647008896,4.8654463492930805e-06,2.51,73600,,,,,,,,,
0.0213,8.180804252624512,4.848371012908954e-06,2.52,73650,,,,,,,,,
0.0168,0.0017634658142924309,4.831295676524827e-06,2.52,73700,,,,,,,,,
0.0374,1.7696126699447632,4.814220340140701e-06,2.52,73750,,,,,,,,,
0.0172,0.014886796474456787,4.797145003756574e-06,2.52,73800,,,,,,,,,
0.0085,0.008617140352725983,4.7800696673724475e-06,2.52,73850,,,,,,,,,
0.0158,0.09491641074419022,4.762994330988321e-06,2.52,73900,,,,,,,,,
0.0113,0.002225251402705908,4.745918994604194e-06,2.53,73950,,,,,,,,,
0.0171,0.06365468353033066,4.728843658220067e-06,2.53,74000,,,,,,,,,
0.0265,0.007046960294246674,4.71176832183594e-06,2.53,74050,,,,,,,,,
0.0308,0.04189397767186165,4.694692985451814e-06,2.53,74100,,,,,,,,,
0.0263,4.098363399505615,4.677617649067686e-06,2.53,74150,,,,,,,,,
0.0196,0.009239708073437214,4.66054231268356e-06,2.53,74200,,,,,,,,,
0.0132,0.015618802048265934,4.643466976299433e-06,2.54,74250,,,,,,,,,
0.0244,0.011003535240888596,4.6263916399153065e-06,2.54,74300,,,,,,,,,
0.0222,0.020808208733797073,4.60931630353118e-06,2.54,74350,,,,,,,,,
0.0178,0.010016444139182568,4.592240967147053e-06,2.54,74400,,,,,,,,,
0.0201,2.0787672996520996,4.575165630762926e-06,2.54,74450,,,,,,,,,
0.0154,0.0347713939845562,4.558090294378799e-06,2.54,74500,,,,,,,,,
0.0247,0.6903713941574097,4.541014957994673e-06,2.55,74550,,,,,,,,,
0.013,18.686412811279297,4.523939621610546e-06,2.55,74600,,,,,,,,,
0.0184,0.48333847522735596,4.5068642852264195e-06,2.55,74650,,,,,,,,,
0.0198,0.010941277258098125,4.489788948842293e-06,2.55,74700,,,,,,,,,
0.0063,0.44827812910079956,4.472713612458165e-06,2.55,74750,,,,,,,,,
0.01,0.0030790658202022314,4.455638276074039e-06,2.55,74800,,,,,,,,,
0.0279,0.0012491443194448948,4.438562939689911e-06,2.56,74850,,,,,,,,,
0.0253,30.439638137817383,4.421487603305785e-06,2.56,74900,,,,,,,,,
0.0147,0.7334288954734802,4.404412266921658e-06,2.56,74950,,,,,,,,,
0.0294,0.0012278740759938955,4.387336930537532e-06,2.56,75000,,,,,,,,,
,,,2.56,75000,0.1180032342672348,296.2578,396.59,24.789,,,,,
0.0123,0.017066216096282005,4.370261594153405e-06,2.56,75050,,,,,,,,,
0.025,0.31215381622314453,4.353186257769278e-06,2.56,75100,,,,,,,,,
0.0356,7.137213706970215,4.336110921385152e-06,2.57,75150,,,,,,,,,
0.0251,0.06482446193695068,4.319035585001025e-06,2.57,75200,,,,,,,,,
0.017,5.632781028747559,4.301960248616899e-06,2.57,75250,,,,,,,,,
0.0198,0.007291105110198259,4.28488491223277e-06,2.57,75300,,,,,,,,,
0.0095,0.01944703981280327,4.267809575848644e-06,2.57,75350,,,,,,,,,
0.0286,13.608495712280273,4.250734239464517e-06,2.57,75400,,,,,,,,,
0.0244,0.0015471767401322722,4.2336589030803905e-06,2.58,75450,,,,,,,,,
0.0103,0.2504326403141022,4.216583566696264e-06,2.58,75500,,,,,,,,,
0.0181,0.005558183882385492,4.199508230312137e-06,2.58,75550,,,,,,,,,
0.0143,0.003024720586836338,4.182432893928011e-06,2.58,75600,,,,,,,,,
0.0175,0.4944697618484497,4.165357557543884e-06,2.58,75650,,,,,,,,,
0.0161,3.0516128540039062,4.1482822211597575e-06,2.59,75700,,,,,,,,,
0.0275,0.04031328856945038,4.13120688477563e-06,2.59,75750,,,,,,,,,
0.0169,0.024141140282154083,4.1141315483915035e-06,2.59,75800,,,,,,,,,
0.0361,85.1898193359375,4.097056212007377e-06,2.59,75850,,,,,,,,,
0.0136,0.0021885172463953495,4.0799808756232495e-06,2.59,75900,,,,,,,,,
0.0198,0.00353256450034678,4.045830202854996e-06,2.6,75950,,,,,,,,,
0.0192,0.0895974338054657,4.02875486647087e-06,2.6,76000,,,,,,,,,
0.0166,0.005311434622853994,4.011679530086743e-06,2.6,76050,,,,,,,,,
0.018,3.2301411628723145,3.994604193702616e-06,2.6,76100,,,,,,,,,
0.014,0.012923416681587696,3.977528857318489e-06,2.6,76150,,,,,,,,,
0.0233,4.147791385650635,3.9604535209343624e-06,2.6,76200,,,,,,,,,
0.0164,0.010777616873383522,3.943378184550236e-06,2.61,76250,,,,,,,,,
0.0136,0.005456207320094109,3.926302848166109e-06,2.61,76300,,,,,,,,,
0.0165,0.05173325166106224,3.909227511781983e-06,2.61,76350,,,,,,,,,
0.0126,2.744715452194214,3.892152175397855e-06,2.61,76400,,,,,,,,,
0.0109,0.004808217752724886,3.875076839013729e-06,2.61,76450,,,,,,,,,
0.0118,50.09172821044922,3.858001502629602e-06,2.61,76500,,,,,,,,,
0.0129,0.46904030442237854,3.840926166245475e-06,2.62,76550,,,,,,,,,
0.0089,0.0071736788377165794,3.823850829861348e-06,2.62,76600,,,,,,,,,
0.0119,0.02080773375928402,3.8067754934772214e-06,2.62,76650,,,,,,,,,
0.0154,0.2002931535243988,3.789700157093095e-06,2.62,76700,,,,,,,,,
0.0255,0.35451796650886536,3.772624820708968e-06,2.62,76750,,,,,,,,,
0.0264,0.08909661322832108,3.7555494843248416e-06,2.62,76800,,,,,,,,,
0.015,0.4502522349357605,3.738474147940714e-06,2.63,76850,,,,,,,,,
0.0139,0.27403947710990906,3.7213988115565876e-06,2.63,76900,,,,,,,,,
0.0154,0.1713964194059372,3.704323475172461e-06,2.63,76950,,,,,,,,,
0.0278,0.320435494184494,3.6872481387883344e-06,2.63,77000,,,,,,,,,
0.0199,0.0019562707748264074,3.6701728024042078e-06,2.63,77050,,,,,,,,,
0.0247,0.067040354013443,3.6530974660200808e-06,2.63,77100,,,,,,,,,
0.0091,1.7757312059402466,3.6360221296359537e-06,2.64,77150,,,,,,,,,
0.0108,0.0023402185179293156,3.618946793251827e-06,2.64,77200,,,,,,,,,
0.0118,0.0029880553483963013,3.6018714568677005e-06,2.64,77250,,,,,,,,,
0.0138,0.017848936840891838,3.5847961204835735e-06,2.64,77300,,,,,,,,,
0.0179,0.010525994934141636,3.567720784099447e-06,2.64,77350,,,,,,,,,
0.0282,18.12867546081543,3.55064544771532e-06,2.64,77400,,,,,,,,,
0.0127,13.784608840942383,3.5335701113311933e-06,2.65,77450,,,,,,,,,
0.0018,0.016890615224838257,3.5164947749470667e-06,2.65,77500,,,,,,,,,
0.0162,3.263338804244995,3.4994194385629397e-06,2.65,77550,,,,,,,,,
0.0114,21.199094772338867,3.482344102178813e-06,2.65,77600,,,,,,,,,
0.0129,0.18678343296051025,3.4652687657946865e-06,2.65,77650,,,,,,,,,
0.015,12.398780822753906,3.4481934294105595e-06,2.66,77700,,,,,,,,,
0.0115,0.013461212627589703,3.4311180930264325e-06,2.66,77750,,,,,,,,,
0.0249,5.092906951904297,3.414042756642306e-06,2.66,77800,,,,,,,,,
0.0223,9.786029815673828,3.3969674202581793e-06,2.66,77850,,,,,,,,,
0.0154,1.5462019443511963,3.3798920838740527e-06,2.66,77900,,,,,,,,,
0.0169,0.003429327392950654,3.3628167474899256e-06,2.66,77950,,,,,,,,,
0.0148,0.06243856996297836,3.3457414111057986e-06,2.67,78000,,,,,,,,,
0.0172,0.03865634649991989,3.328666074721672e-06,2.67,78050,,,,,,,,,
0.022,0.0006461876328103244,3.3115907383375454e-06,2.67,78100,,,,,,,,,
0.0179,0.00379084050655365,3.294515401953419e-06,2.67,78150,,,,,,,,,
0.0155,0.04956335574388504,3.277440065569292e-06,2.67,78200,,,,,,,,,
0.0286,0.067655049264431,3.260364729185165e-06,2.67,78250,,,,,,,,,
0.0128,0.21779653429985046,3.243289392801038e-06,2.68,78300,,,,,,,,,
0.0102,0.013559629209339619,3.2262140564169116e-06,2.68,78350,,,,,,,,,
0.0305,0.04798729717731476,3.2091387200327846e-06,2.68,78400,,,,,,,,,
0.0329,0.03523176535964012,3.192063383648658e-06,2.68,78450,,,,,,,,,
0.0133,0.0026506802532821894,3.1749880472645314e-06,2.68,78500,,,,,,,,,
0.019,0.1888640820980072,3.1579127108804044e-06,2.68,78550,,,,,,,,,
0.0434,0.007710494101047516,3.1408373744962774e-06,2.69,78600,,,,,,,,,
0.0267,6.0293145179748535,3.1237620381121508e-06,2.69,78650,,,,,,,,,
0.0113,0.06656190752983093,3.106686701728024e-06,2.69,78700,,,,,,,,,
0.0277,0.005817479453980923,3.0896113653438976e-06,2.69,78750,,,,,,,,,
0.017,0.03070896491408348,3.072536028959771e-06,2.69,78800,,,,,,,,,
0.0276,0.10268410295248032,3.0554606925756435e-06,2.69,78850,,,,,,,,,
0.0226,0.0774594098329544,3.038385356191517e-06,2.7,78900,,,,,,,,,
0.0128,0.0020615537650883198,3.0213100198073903e-06,2.7,78950,,,,,,,,,
0.026,2.1157846450805664,3.0042346834232637e-06,2.7,79000,,,,,,,,,
0.0109,0.0033557971473783255,2.9871593470391367e-06,2.7,79050,,,,,,,,,
0.0249,4.40493106842041,2.97008401065501e-06,2.7,79100,,,,,,,,,
0.0201,0.03260970488190651,2.953008674270883e-06,2.7,79150,,,,,,,,,
0.013,0.00417292071506381,2.9359333378867565e-06,2.71,79200,,,,,,,,,
0.0203,0.0010800729505717754,2.9188580015026295e-06,2.71,79250,,,,,,,,,
0.0119,7.491232395172119,2.901782665118503e-06,2.71,79300,,,,,,,,,
0.0225,0.8220910429954529,2.8847073287343763e-06,2.71,79350,,,,,,,,,
0.0153,0.22486858069896698,2.8676319923502493e-06,2.71,79400,,,,,,,,,
0.0267,0.015680283308029175,2.8505566559661227e-06,2.71,79450,,,,,,,,,
0.026,13.961544036865234,2.8334813195819957e-06,2.72,79500,,,,,,,,,
0.0231,5.9465436935424805,2.816405983197869e-06,2.72,79550,,,,,,,,,
0.0148,0.06142893433570862,2.7993306468137425e-06,2.72,79600,,,,,,,,,
0.0217,4.796315670013428,2.782255310429616e-06,2.72,79650,,,,,,,,,
0.0281,0.017027493566274643,2.7651799740454884e-06,2.72,79700,,,,,,,,,
0.0213,0.11914726346731186,2.748104637661362e-06,2.73,79750,,,,,,,,,
0.0114,0.6032894253730774,2.7310293012772352e-06,2.73,79800,,,,,,,,,
0.0153,0.0006965865613892674,2.7139539648931086e-06,2.73,79850,,,,,,,,,
0.0192,0.0025934060104191303,2.6968786285089816e-06,2.73,79900,,,,,,,,,
0.0152,26.6317081451416,2.679803292124855e-06,2.73,79950,,,,,,,,,
,,,2.73,79950,0.10946853458881378,296.2947,396.541,24.786,,,,,
0.03,0.0338926836848259,2.662727955740728e-06,2.73,80000,,,,,,,,,
0.0141,0.07745987921953201,2.6456526193566014e-06,2.74,80050,,,,,,,,,
0.0111,0.3097732365131378,2.628577282972475e-06,2.74,80100,,,,,,,,,
0.0235,0.014137361198663712,2.6115019465883478e-06,2.74,80150,,,,,,,,,
0.0121,0.07308614999055862,2.594426610204221e-06,2.74,80200,,,,,,,,,
0.0198,0.04916916415095329,2.5773512738200946e-06,2.74,80250,,,,,,,,,
0.018,4.509928226470947,2.5602759374359676e-06,2.74,80300,,,,,,,,,
0.0265,0.019721079617738724,2.5432006010518406e-06,2.75,80350,,,,,,,,,
0.0062,1.3413891792297363,2.526125264667714e-06,2.75,80400,,,,,,,,,
0.0066,0.02324574440717697,2.5090499282835874e-06,2.75,80450,,,,,,,,,
0.0228,0.6258718371391296,2.4919745918994608e-06,2.75,80500,,,,,,,,,
0.0175,0.005350124556571245,2.4748992555153333e-06,2.75,80550,,,,,,,,,
0.0084,0.0006641313666477799,2.4578239191312067e-06,2.75,80600,,,,,,,,,
0.0249,0.06643359363079071,2.44074858274708e-06,2.76,80650,,,,,,,,,
0.0144,0.010395215824246407,2.4236732463629535e-06,2.76,80700,,,,,,,,,
0.017,0.0055276635102927685,2.406597909978827e-06,2.76,80750,,,,,,,,,
0.0348,3.5181286334991455,2.3895225735947e-06,2.76,80800,,,,,,,,,
0.012,0.10284233093261719,2.372447237210573e-06,2.76,80850,,,,,,,,,
0.0132,0.013190161436796188,2.3553719008264463e-06,2.76,80900,,,,,,,,,
0.0178,0.8135227560997009,2.3382965644423197e-06,2.77,80950,,,,,,,,,
0.0102,0.08648473769426346,2.3212212280581927e-06,2.77,81000,,,,,,,,,
0.0248,0.006246717181056738,2.304145891674066e-06,2.77,81050,,,,,,,,,
0.0248,0.03060917742550373,2.2870705552899395e-06,2.77,81100,,,,,,,,,
0.0234,0.007731099613010883,2.2699952189058125e-06,2.77,81150,,,,,,,,,
0.0249,10.447858810424805,2.2529198825216855e-06,2.77,81200,,,,,,,,,
0.0094,0.13567115366458893,2.235844546137559e-06,2.78,81250,,,,,,,,,
0.0173,0.017193345353007317,2.2187692097534323e-06,2.78,81300,,,,,,,,,
0.0104,0.04033457115292549,2.2016938733693057e-06,2.78,81350,,,,,,,,,
0.0207,1.6818385124206543,2.184618536985179e-06,2.78,81400,,,,,,,,,
0.0152,0.5302010774612427,2.1675432006010516e-06,2.78,81450,,,,,,,,,
0.0202,0.05228174105286598,2.150467864216925e-06,2.78,81500,,,,,,,,,
0.0353,0.03533041477203369,2.1333925278327984e-06,2.79,81550,,,,,,,,,
0.0057,0.0069422232918441296,2.116317191448672e-06,2.79,81600,,,,,,,,,
0.0286,0.0016456645680591464,2.099241855064545e-06,2.79,81650,,,,,,,,,
0.0123,2.849515676498413,2.082166518680418e-06,2.79,81700,,,,,,,,,
0.0125,0.02403390035033226,2.065091182296291e-06,2.79,81750,,,,,,,,,
0.0219,8.696118354797363,2.0480158459121646e-06,2.8,81800,,,,,,,,,
0.03,4.140390396118164,2.0309405095280376e-06,2.8,81850,,,,,,,,,
0.0217,0.051135797053575516,2.013865173143911e-06,2.8,81900,,,,,,,,,
0.0101,0.0032053696922957897,1.9967898367597844e-06,2.8,81950,,,,,,,,,
0.013,0.022846786305308342,1.9797145003756574e-06,2.8,82000,,,,,,,,,
0.0075,0.0007358447765000165,1.9626391639915308e-06,2.8,82050,,,,,,,,,
0.0118,1.7984813451766968,1.9455638276074038e-06,2.81,82100,,,,,,,,,
0.0097,0.008112415671348572,1.928488491223277e-06,2.81,82150,,,,,,,,,
0.0153,0.14641058444976807,1.9114131548391506e-06,2.81,82200,,,,,,,,,
0.0154,3.195460796356201,1.8943378184550238e-06,2.81,82250,,,,,,,,,
0.0207,0.10416501015424728,1.8772624820708967e-06,2.81,82300,,,,,,,,,
0.007,0.030892038717865944,1.86018714568677e-06,2.81,82350,,,,,,,,,
0.0085,0.15926572680473328,1.8431118093026433e-06,2.82,82400,,,,,,,,,
0.0336,0.13384424149990082,1.8260364729185165e-06,2.82,82450,,,,,,,,,
0.0229,4.3349738121032715,1.8089611365343897e-06,2.82,82500,,,,,,,,,
0.013,0.004510378930717707,1.791885800150263e-06,2.82,82550,,,,,,,,,
0.008,7.050401210784912,1.7748104637661363e-06,2.82,82600,,,,,,,,,
0.0093,0.00023821723880246282,1.7577351273820095e-06,2.82,82650,,,,,,,,,
0.012,0.07506530731916428,1.7406597909978827e-06,2.83,82700,,,,,,,,,
0.0177,0.09297136217355728,1.723584454613756e-06,2.83,82750,,,,,,,,,
0.0281,18.361013412475586,1.706509118229629e-06,2.83,82800,,,,,,,,,
0.0105,19.56972312927246,1.6894337818455025e-06,2.83,82850,,,,,,,,,
0.015,13.81468391418457,1.6723584454613757e-06,2.83,82900,,,,,,,,,
0.011,4.226071357727051,1.6552831090772489e-06,2.83,82950,,,,,,,,,
0.0237,2.8928182125091553,1.638207772693122e-06,2.84,83000,,,,,,,,,
0.0179,0.00038518261862918735,1.6211324363089955e-06,2.84,83050,,,,,,,,,
0.0235,0.009561166167259216,1.6040570999248684e-06,2.84,83100,,,,,,,,,
0.0193,0.01592632569372654,1.5869817635407418e-06,2.84,83150,,,,,,,,,
0.0233,0.020873473957180977,1.569906427156615e-06,2.84,83200,,,,,,,,,
0.0251,0.020260408520698547,1.5528310907724882e-06,2.84,83250,,,,,,,,,
0.0361,0.0017750459956005216,1.5357557543883616e-06,2.85,83300,,,,,,,,,
0.011,0.22131846845149994,1.5186804180042346e-06,2.85,83350,,,,,,,,,
0.0222,0.2525116801261902,1.501605081620108e-06,2.85,83400,,,,,,,,,
0.0135,0.00534121273085475,1.4845297452359812e-06,2.85,83450,,,,,,,,,
0.0232,3.03254771232605,1.4674544088518544e-06,2.85,83500,,,,,,,,,
0.0107,0.15448838472366333,1.4503790724677276e-06,2.85,83550,,,,,,,,,
0.0106,0.015223291702568531,1.433303736083601e-06,2.86,83600,,,,,,,,,
0.0091,0.7773347496986389,1.416228399699474e-06,2.86,83650,,,,,,,,,
0.0019,0.0009194124140776694,1.3991530633153474e-06,2.86,83700,,,,,,,,,
0.0312,0.15858478844165802,1.3820777269312206e-06,2.86,83750,,,,,,,,,
0.0115,0.02126227878034115,1.3650023905470938e-06,2.86,83800,,,,,,,,,
0.0104,0.0629848763346672,1.3479270541629672e-06,2.87,83850,,,,,,,,,
0.0115,0.00512013491243124,1.3308517177788404e-06,2.87,83900,,,,,,,,,
0.0153,0.010075943544507027,1.3137763813947135e-06,2.87,83950,,,,,,,,,
0.0163,0.07994521409273148,1.2967010450105867e-06,2.87,84000,,,,,,,,,
0.0095,4.7107648849487305,1.2796257086264601e-06,2.87,84050,,,,,,,,,
0.0277,0.025003032758831978,1.2625503722423331e-06,2.87,84100,,,,,,,,,
0.0279,0.24590960144996643,1.2454750358582065e-06,2.88,84150,,,,,,,,,
0.0139,0.0066338879987597466,1.2283996994740795e-06,2.88,84200,,,,,,,,,
0.0109,0.06735209375619888,1.211324363089953e-06,2.88,84250,,,,,,,,,
0.0165,0.021752241998910904,1.194249026705826e-06,2.88,84300,,,,,,,,,
0.0148,0.012624494731426239,1.1771736903216993e-06,2.88,84350,,,,,,,,,
0.0188,0.1581457555294037,1.1600983539375725e-06,2.88,84400,,,,,,,,,
0.0152,0.061453185975551605,1.1430230175534459e-06,2.89,84450,,,,,,,,,
0.0153,4.8516693115234375,1.125947681169319e-06,2.89,84500,,,,,,,,,
0.014,0.01512976735830307,1.1088723447851923e-06,2.89,84550,,,,,,,,,
0.023,0.0010248728794977069,1.0917970084010657e-06,2.89,84600,,,,,,,,,
0.0263,7.496946811676025,1.0747216720169387e-06,2.89,84650,,,,,,,,,
0.0053,0.004174234811216593,1.057646335632812e-06,2.89,84700,,,,,,,,,
0.007,0.02458486519753933,1.0405709992486853e-06,2.9,84750,,,,,,,,,
0.0183,5.215885639190674,1.0234956628645584e-06,2.9,84800,,,,,,,,,
0.008,0.009694566018879414,1.0064203264804316e-06,2.9,84850,,,,,,,,,
0.0097,0.04137565568089485,9.89344990096305e-07,2.9,84900,,,,,,,,,
0.0148,3.3679733276367188,9.72269653712178e-07,2.9,84950,,,,,,,,,
,,,2.9,84950,0.11657354235649109,296.3741,396.435,24.779,,,,,
0.03,0.10031862556934357,9.551943173280514e-07,2.9,85000,,,,,,,,,
0.0147,0.3305051028728485,9.381189809439245e-07,2.91,85050,,,,,,,,,
0.0194,0.0031629593577235937,9.210436445597978e-07,2.91,85100,,,,,,,,,
0.0232,0.02713395282626152,9.039683081756711e-07,2.91,85150,,,,,,,,,
0.0117,0.030199922621250153,8.868929717915443e-07,2.91,85200,,,,,,,,,
0.0137,0.011759530752897263,8.698176354074175e-07,2.91,85250,,,,,,,,,
0.0152,0.04766194522380829,8.527422990232908e-07,2.91,85300,,,,,,,,,
0.0169,0.016109324991703033,8.35666962639164e-07,2.92,85350,,,,,,,,,
0.009,3.311408519744873,8.185916262550372e-07,2.92,85400,,,,,,,,,
0.0199,0.08273179084062576,8.015162898709106e-07,2.92,85450,,,,,,,,,
0.0309,0.013937307521700859,7.844409534867838e-07,2.92,85500,,,,,,,,,
0.0265,0.011128499172627926,7.67365617102657e-07,2.92,85550,,,,,,,,,
0.0088,0.007974464446306229,7.502902807185301e-07,2.93,85600,,,,,,,,,
0.0177,0.09464956820011139,7.332149443344034e-07,2.93,85650,,,,,,,,,
0.023,6.680674076080322,7.161396079502766e-07,2.93,85700,,,,,,,,,
0.0057,0.03706972673535347,6.990642715661498e-07,2.93,85750,,,,,,,,,
0.0166,0.010691056028008461,6.819889351820231e-07,2.93,85800,,,,,,,,,
0.0217,17.507722854614258,6.649135987978963e-07,2.93,85850,,,,,,,,,
0.023,0.00031045908690430224,6.478382624137695e-07,2.94,85900,,,,,,,,,
0.0216,0.002618432277813554,6.307629260296428e-07,2.94,85950,,,,,,,,,
0.0228,8.124784469604492,6.13687589645516e-07,2.94,86000,,,,,,,,,
0.014,0.005670368671417236,5.966122532613893e-07,2.94,86050,,,,,,,,,
0.0113,0.18914124369621277,5.795369168772625e-07,2.94,86100,,,,,,,,,
0.0087,0.009403079748153687,5.624615804931358e-07,2.94,86150,,,,,,,,,
0.0362,0.003358160611242056,5.45386244109009e-07,2.95,86200,,,,,,,,,
0.0124,0.022730836644768715,5.283109077248822e-07,2.95,86250,,,,,,,,,
0.022,0.0018402021378278732,5.112355713407555e-07,2.95,86300,,,,,,,,,
0.0209,0.032706987112760544,4.941602349566287e-07,2.95,86350,,,,,,,,,
0.0179,0.0008499904652126133,4.770848985725019e-07,2.95,86400,,,,,,,,,
0.0109,0.09756742417812347,4.600095621883751e-07,2.95,86450,,,,,,,,,
0.0058,0.011283517815172672,4.4293422580424834e-07,2.96,86500,,,,,,,,,
0.0148,11.810389518737793,4.258588894201216e-07,2.96,86550,,,,,,,,,
0.0247,0.025310613214969635,4.0878355303599483e-07,2.96,86600,,,,,,,,,
0.0188,18.408906936645508,3.917082166518681e-07,2.96,86650,,,,,,,,,
0.0156,0.026060180738568306,3.7463288026774127e-07,2.96,86700,,,,,,,,,
0.0195,0.01522055920213461,3.575575438836145e-07,2.96,86750,,,,,,,,,
0.0187,0.006586779840290546,3.404822074994877e-07,2.97,86800,,,,,,,,,
0.0154,0.3583693206310272,3.23406871115361e-07,2.97,86850,,,,,,,,,
0.0046,0.024656271561980247,3.0633153473123425e-07,2.97,86900,,,,,,,,,
0.0118,0.02096595987677574,2.8925619834710744e-07,2.97,86950,,,,,,,,,
0.0141,0.011709748767316341,2.721808619629807e-07,2.97,87000,,,,,,,,,
0.0178,0.6806734204292297,2.551055255788539e-07,2.97,87050,,,,,,,,,
0.0173,0.01544398907572031,2.3803018919472712e-07,2.98,87100,,,,,,,,,
0.0115,0.5216410160064697,2.2095485281060037e-07,2.98,87150,,,,,,,,,
0.0183,0.056608833372592926,2.038795164264736e-07,2.98,87200,,,,,,,,,
0.0114,0.059960391372442245,1.8680418004234686e-07,2.98,87250,,,,,,,,,
0.0159,0.02408234402537346,1.6972884365822008e-07,2.98,87300,,,,,,,,,
0.0167,1.2756587266921997,1.526535072740933e-07,2.98,87350,,,,,,,,,
0.0151,0.13919605314731598,1.3557817088996654e-07,2.99,87400,,,,,,,,,
0.0186,0.0002621943422127515,1.1850283450583977e-07,2.99,87450,,,,,,,,,
0.0211,5.6679511070251465,1.01427498121713e-07,2.99,87500,,,,,,,,,
0.0368,0.028161417692899704,8.435216173758623e-08,2.99,87550,,,,,,,,,
0.026,0.001754256896674633,6.727682535345947e-08,2.99,87600,,,,,,,,,
0.0037,0.015573425218462944,5.02014889693327e-08,3.0,87650,,,,,,,,,
0.0107,0.721565306186676,3.312615258520593e-08,3.0,87700,,,,,,,,,
0.011,0.0011363914236426353,1.6050816201079163e-08,3.0,87750,,,,,,,,,
,,,3.0,87750,,,,,19270.7474,72.934,4.559,,0.05528516127496956
